rp_id,x,y,floor,ap0,ap1,ap2,ap3,ap4,ap5,ap6,ap7,ap8
192,7.38346,3.41353,1.5,-53.49277842167753,-54.57069218883221,-44.04308542051816,-110.0,-39.63934809417661,-18.33017963679059,-110,-32.18521019764281,-36.45079467115754
162,-6.61654,2.41353,1.5,-36.149123666701655,-33.24000132243059,-33.65389282870329,-110.0,-41.9565643763905,-44.751294423214176,-110,-36.59794253428437,-48.79858881421973
145,-7.61654,1.41353,1.5,-29.5097813834745,-29.285737063513785,-40.95734710190674,-110.0,-55.853537759245306,-39.1846855560763,-110,-41.57167083139108,-44.704590115930394
68,-4.61654,-3.58647,1.5,-41.384729885410856,-36.09729046516274,-33.44940507946611,-110.0,-37.20293707167576,-42.78104378489341,-110,-37.20451716432684,-56.95776797978285
236,3.38346,6.41353,1.5,-59.62586563671536,-39.15218320405363,-54.1400792166151,-110.0,-42.39140224233246,-38.63334566292771,-110,-45.376243826860275,-47.89731205351774
8,-0.616541,-7.58647,1.5,-32.21206918105134,-30.962853424590826,-55.4289427784449,-110.0,-47.387065280794,-43.69377177714286,-110,-40.94996650255429,-48.52098735481836
30,5.38346,-6.58647,1.5,-49.67499930839255,-46.7918247003759,-40.41590681385869,-81.40379897122324,-38.354591661503456,-45.299570905030215,-110,-41.009490712517355,-24.929386848209298
149,-3.61654,1.41353,1.5,-35.92251735408226,-42.65148141037208,-43.62789890542758,-110.0,-49.64252951071634,-39.14080615626294,-110,-43.51167429789292,-40.37641494268224
190,5.38346,3.41353,1.5,-55.46509096672597,-49.61152202478212,-40.00287208880741,-110.0,-38.5662419459431,-31.83917456370603,-110,-33.02558818980943,-36.351844501250326
204,3.38346,4.41353,1.5,-46.11431302962159,-29.238507200060027,-54.4497986287807,-110.0,-40.226228386616725,-39.25985856909718,-110,-50.0348523260957,-36.17084936458498
125,4.38346,-0.586466,1.5,-38.47169883770936,-53.54810144095694,-43.76635851385937,-110.0,-28.051297624605574,-32.81543786912299,-110,-44.803960090622745,-39.02803509592545
54,-2.61654,-4.58647,1.5,-40.77556440493977,-35.49021547706442,-36.097727958532886,-110.0,-33.650931483599884,-52.165935871386424,-110,-49.864245829454376,-44.22177309274924
87,-1.61654,-2.58647,1.5,-34.37528371490575,-40.71528373028471,-53.070915455830246,-110.0,-45.31901907619972,-50.40865537382239,-110,-32.803144001498204,-34.843283454586455
218,1.38346,5.41353,1.5,-35.09209509750017,-39.52558278577245,-51.18472026639799,-110.0,-37.075218699743544,-54.496458404734504,-110,-38.43862582250474,-52.844157871086715
167,-1.61654,2.41353,1.5,-33.617224425035644,-29.361451303923815,-43.00892356992713,-110.0,-45.35884642972541,-43.522592873316626,-110,-32.494374168103754,-41.7630772941635
180,-4.61654,3.41353,1.5,-27.219526791462805,-35.42597791393058,-41.38875806138481,-110.0,-40.97390495914212,-66.00849678283556,-110,-27.78976355293677,-39.30170639426489
28,3.38346,-6.58647,1.5,-42.000506083437784,-39.13218366725513,-36.002776061959956,-80.59409813258402,-38.13563263088105,-35.06135482122729,-110,-37.69455330848522,-37.965345177269135
100,-4.61654,-1.58647,1.5,-45.041579454391034,-35.28068102511634,-29.24408466484968,-110.0,-35.538829304796316,-44.398658208408975,-110,-33.582734825722774,-48.632320229004634
53,-3.61654,-4.58647,1.5,-38.77207000977964,-41.7607965551264,-31.479723676704342,-110.0,-43.02514508348876,-44.7403252859522,-110,-42.58127886754212,-66.36556786176232
164,-4.61654,2.41353,1.5,-32.952506573863396,-45.02446324046323,-34.70997670103367,-110.0,-48.24638318494073,-37.16869036273454,-110,-32.07067155785828,-53.69860085564186
46,5.38346,-5.58647,1.5,-41.67683227730094,-41.397773303044566,-46.890621546728234,-92.86933405857783,-37.42592927504056,-38.70125282028884,-110,-37.98691332116555,-31.239146944982263
6,-2.61654,-7.58647,1.5,-36.16453847997232,-40.328793503216815,-23.61207020632248,-110.0,-39.66169205231658,-61.141849757282,-110,-37.5103652977028,-41.455322995583344
131,-5.61654,0.413534,1.5,-40.34114773004095,-32.82978597835337,-46.647429216547486,-110.0,-40.5144772183476,-41.24982265964588,-110,-47.4199099806324,-42.53088400579058
169,0.383459,2.41353,1.5,-37.355341698154824,-49.4798758830141,-57.10382607063371,-110.0,-34.25812929158616,-30.387697375891285,-110,-23.121756752869068,-75.53527654667258
85,-3.61654,-2.58647,1.5,-45.26122560048549,-42.15271718081721,-42.675236240102215,-110.0,-37.819685827096315,-42.13515858299961,-110,-38.03685683209942,-60.42565235377157
121,0.383459,-0.586466,1.5,-41.29203104828468,-51.26930880156828,-53.49462030099497,-110.0,-33.98059810516465,-32.507759530866856,-110,-35.748107096930475,-40.05177640505104
227,-5.61654,6.41353,1.5,-27.861055534167416,-34.11311914924122,-37.88903000075841,-110.0,-59.53214789894351,-53.22548341553474,-110,-47.72822603426861,-73.70015174626624
57,0.383459,-4.58647,1.5,-52.87598613673934,-51.722350079897986,-51.34276192116471,-110.0,-27.693661008262744,-44.22563097531071,-110,-32.7097445854684,-44.88729326178008
205,4.38346,4.41353,1.5,-44.08783048081355,-33.87382773606198,-52.174463171238,-110.0,-42.45865275897014,-49.49977332147408,-110,-41.73056794489204,-38.43918384922029
52,-4.61654,-4.58647,1.5,-45.756371011386555,-34.5961081866746,-33.36511745174402,-110.0,-37.83265839521469,-40.63275622299688,-110,-42.38198677427718,-54.64932785333786
186,1.38346,3.41353,1.5,-51.324578584864575,-45.11438888061555,-48.44613218808512,-110.0,-34.241401964165995,-34.855629160258495,-110,-25.91150418516918,-34.595676779384306
220,3.38346,5.41353,1.5,-35.53332469587555,-33.652482427173126,-52.415554470669285,-110.0,-39.02888344928045,-39.764143757445325,-110,-43.92182018301745,-39.97438089427365
3,-5.61654,-7.58647,1.5,-35.79207169670171,-53.38486402924303,-34.59866711225731,-110.0,-28.675689724915276,-33.08053719231391,-110,-42.88911501030801,-43.39272306657764
56,-0.616541,-4.58647,1.5,-44.763119936490654,-43.01090149167656,-25.876595757937757,-110.0,-52.192290578021016,-45.90131664563633,-110,-37.361241280057214,-39.00345958755631
63,6.38346,-4.58647,1.5,-46.07385414908345,-53.263355794441,-41.40232268485288,-98.09632951288606,-32.17517227048912,-38.52337667868075,-110,-26.859288163583244,-33.596294505264716
83,-5.61654,-2.58647,1.5,-37.375095848007945,-38.142050518295456,-34.92285399725634,-110.0,-41.07511707533059,-40.38242327036468,-110,-36.971903803129585,-40.24616246610109
178,-6.61654,3.41353,1.5,-27.251140488600655,-37.50116357598012,-34.84302581571782,-110.0,-95.82820882930672,-42.49718791942956,-110,-44.959375083533295,-47.35122290730358
136,-0.616541,0.413534,1.5,-38.76583277985571,-37.37468138817158,-36.01995478836951,-110.0,-61.840621575079055,-45.91045794482598,-110,-35.83442811060123,-43.76545018709006
23,-1.61654,-6.58647,1.5,-42.38192412996957,-36.68409135095305,-23.028797660749134,-98.45990293018646,-35.06824163452852,-50.594947459653696,-110,-33.38852924143294,-39.7222757413299
87,-1.61654,-2.58647,1.5,-33.73929343453047,-45.00016708168961,-47.909314243302525,-110.0,-45.907311396225154,-46.14292933788536,-110,-40.33284341453965,-33.64105461264008
99,-5.61654,-1.58647,1.5,-40.14503314155318,-41.64485595708355,-38.93667367541375,-110.0,-45.161223750654,-54.2594106996101,-110,-44.407048210351334,-41.72457381111908
69,-3.61654,-3.58647,1.5,-42.56779835658123,-47.70054459792729,-36.62837277606753,-110.0,-40.877531184311486,-43.22538372815587,-110,-43.64646941595658,-47.844682039408575
209,-7.61654,5.41353,1.5,-26.954092940432545,-33.24024922614177,-37.27771813320732,-110.0,-50.65183445230856,-54.02127497983021,-110,-35.96560649159862,-61.53270307077101
131,-5.61654,0.413534,1.5,-35.38891023728321,-33.339314300443114,-46.999167191604535,-110.0,-40.95058734341808,-36.86043850729961,-110,-48.08134786977059,-44.28609700223068
139,2.38346,0.413534,1.5,-46.76627428425802,-47.22945972144777,-50.62280038420393,-110.0,-36.41897658391914,-33.48077278311357,-110,-39.659954622666,-37.501090061226726
164,-4.61654,2.41353,1.5,-32.894483966088615,-49.31183519108754,-38.939966628661416,-110.0,-48.454831582528655,-37.01542420164331,-110,-34.7980061833245,-60.4347791767615
137,0.383459,0.413534,1.5,-56.06782522958918,-49.418004609839535,-45.321600406840425,-110.0,-40.90644116877346,-37.3914448191314,-110,-30.618253693395733,-36.03089821731827
82,-6.61654,-2.58647,1.5,-48.2655717552532,-54.454308315285935,-41.51981913725233,-110.0,-53.50418778387503,-65.2544464006255,-110,-53.52521482493218,-34.00695275371387
44,3.38346,-5.58647,1.5,-45.25590601186847,-51.98469198746576,-32.65834892026749,-94.38112803801764,-46.350631426231494,-39.3735037166208,-110,-45.41486434715083,-35.31679214766862
212,-4.61654,5.41353,1.5,-28.504935693992177,-40.74368504462172,-47.188305669767374,-110.0,-53.91247158915654,-47.82544228561679,-110,-33.21830740017147,-52.754357332288706
7,-1.61654,-7.58647,1.5,-39.59937633067785,-41.75856424093895,-42.14954948461874,-110.0,-29.162951103564748,-43.45088515814554,-110,-40.31870031659495,-54.068888349096994
215,-1.61654,5.41353,1.5,-49.55030597943065,-37.5425544927164,-48.53588417164296,-110.0,-49.88694266455976,-46.42629119860876,-110,-32.23509862215312,-41.741541047343866
99,-5.61654,-1.58647,1.5,-32.7508028137801,-40.350833492433345,-35.591242641944675,-110.0,-44.085290781361095,-44.35589549904128,-110,-46.663397386770505,-40.39096216570825
235,2.38346,6.41353,1.5,-40.0180322682228,-24.93906531552314,-48.467678578860166,-110.0,-45.463391879689325,-50.036018289020525,-110,-38.12584702030536,-50.20069207623249
153,0.383459,1.41353,1.5,-43.702728125562615,-56.07149409765779,-36.47193226120875,-110.0,-31.271281572026016,-35.43015423463974,-110,-24.764882831514356,-36.805895955608904
7,-1.61654,-7.58647,1.5,-32.2032521835093,-43.929422908567226,-38.75084471364163,-110.0,-23.649046616993267,-42.64663908851968,-110,-46.86243785996805,-51.30676129784275
209,-7.61654,5.41353,1.5,-24.12074647175003,-31.24234483676234,-37.269789476863394,-110.0,-49.982186939840595,-53.28649993805514,-110,-37.857147527161544,-59.37815200213423
138,1.38346,0.413534,1.5,-40.939240409985224,-51.72482324879577,-34.93019492298974,-110.0,-34.31208792796296,-61.63347891066452,-110,-32.80241341165921,-36.0128425742199
107,2.38346,-1.58647,1.5,-51.23889046348459,-45.77222044046693,-43.28372312026612,-110.0,-37.643606068937665,-46.92956525977776,-110,-34.103916897559444,-39.04365520024067
166,-2.61654,2.41353,1.5,-41.289753511375515,-31.994859804857175,-39.616010898286575,-110.0,-45.85760130374722,-48.982453326769416,-110,-38.325079013661394,-56.479876241041275
76,3.38346,-3.58647,1.5,-41.29416967127032,-45.944877145396674,-42.5116677265153,-110.0,-34.737315815902164,-37.859965529988784,-110,-37.668453605640096,-32.340512387266436
26,1.38346,-6.58647,1.5,-44.39443951218805,-48.82001651086403,-39.83369303696948,-100.3095298033419,-21.637539072528146,-31.761496880456043,-110,-53.78603522931106,-30.72559866168492
195,-5.61654,4.41353,1.5,-24.59686106395617,-36.15714649251053,-40.70163402852424,-110.0,-36.97686239632855,-44.49786944978815,-110,-32.97190686988729,-48.25121630996946
147,-5.61654,1.41353,1.5,-56.79765746837469,-46.391381461361675,-38.235839943379446,-110.0,-48.48801093082726,-39.586192193660835,-110,-36.9712464791685,-47.27157150831671
125,4.38346,-0.586466,1.5,-33.45266777506467,-48.57258624059192,-41.21740959369033,-110.0,-34.14420428847763,-28.98100659993227,-110,-45.08613262528814,-42.62478672911095
173,4.38346,2.41353,1.5,-46.476213695817634,-43.92189161178113,-38.18421562357711,-110.0,-39.27766983132807,-28.935225217867167,-110,-32.878534286163806,-39.87972389383882
13,4.38346,-7.58647,1.5,-46.192235526215605,-49.075208247459685,-43.18200343169423,-110.0,-45.41982596825757,-40.79173772714991,-110,-42.40174254655601,-36.98633076170111
157,4.38346,1.41353,1.5,-42.817542761657336,-35.04065446059638,-43.827385801658,-110.0,-43.350185603342545,-43.24265608647597,-110,-29.81541375684458,-35.953047157150536
191,6.38346,3.41353,1.5,-58.14740455094355,-55.78702426910341,-56.76322366294722,-110.0,-52.974145093172986,-38.68536419566894,-110,-30.15239519764584,-45.82363407748843
7,-1.61654,-7.58647,1.5,-42.0074747242882,-38.77374787337961,-37.06899695833836,-110.0,-20.469218245389772,-42.91811484793053,-110,-37.418194051954345,-50.82142305423734
128,7.38346,-0.586466,1.5,-55.43543016659134,-51.21194217814267,-41.64048477144074,-110.0,-34.57828512507869,-51.35842167740673,-110,-32.23499115611302,-45.35046604113411
230,-2.61654,6.41353,1.5,-35.17894413286896,-29.43545558917554,-30.82199025455892,-110.0,-53.32596950597449,-62.98658795669155,-110,-45.26065838630183,-48.70279026992118
72,-0.616541,-3.58647,1.5,-36.90961378481876,-45.94124768881636,-51.1194577873555,-110.0,-44.665924252077005,-41.79979997814264,-110,-39.038357048428736,-42.941705340143265
149,-3.61654,1.41353,1.5,-33.63752079852531,-41.95755524656898,-44.25095076940647,-110.0,-48.97598316223835,-40.0986726835586,-110,-34.82514986849039,-39.94887257314711
162,-6.61654,2.41353,1.5,-33.899182474350724,-33.681512670125244,-36.657091037711965,-110.0,-45.21839942243324,-43.01839357011957,-110,-37.75025082117953,-46.26648383834248
231,-1.61654,6.41353,1.5,-30.584092390805814,-24.97041921270891,-32.737877867098895,-110.0,-43.496428117237535,-49.37504881769109,-110,-42.17786160701311,-62.85717002998548
230,-2.61654,6.41353,1.5,-36.16608208853034,-24.214923955795484,-41.424383730988026,-110.0,-55.17724259016962,-58.86389780481737,-110,-46.548155625272656,-44.90717638259759
78,5.38346,-3.58647,1.5,-45.14872952374753,-66.17891961344306,-48.038044226678174,-110.0,-27.42642870552626,-33.257200615015485,-110,-26.117327184614354,-32.134580355054794
203,2.38346,4.41353,1.5,-36.40640156722261,-38.78035456715826,-62.36705572466122,-110.0,-43.66548684984618,-37.87708466375556,-110,-44.068736670197715,-32.84699522516318
127,6.38346,-0.586466,1.5,-35.685193755855124,-36.79338983044819,-38.26839890279641,-110.0,-39.58287861260664,-25.843031122375727,-110,-37.239144754751585,-31.97032323626869
47,6.38346,-5.58647,1.5,-37.73022209421551,-51.41851611295052,-37.46524357337498,-102.00989631303176,-29.22091090104845,-39.36709570268735,-110,-36.25344272153938,-40.58562157043382
182,-2.61654,3.41353,1.5,-35.33074010789222,-35.479853721292024,-44.07860591239213,-110.0,-37.20693549950929,-33.510617643761776,-110,-39.645015570150456,-47.33218550743037
84,-4.61654,-2.58647,1.5,-38.27115549213492,-34.842274693637165,-50.982106255225986,-110.0,-37.9087519048548,-42.16210380731119,-110,-39.7840946024911,-43.1770146094657
16,7.38346,-7.58647,1.5,-43.894092010571285,-46.35790099197442,-54.78413334896678,-85.31430364585569,-46.69116125256416,-36.28924426279323,-110,-27.709194268216905,-31.3821237584249
128,7.38346,-0.586466,1.5,-51.10064069235379,-54.29812727287252,-39.736308485710595,-110.0,-42.15965783669254,-53.85466358140199,-110,-31.694190637891456,-34.07061923600979
220,3.38346,5.41353,1.5,-44.7471108632477,-33.02010897063181,-48.318575267743306,-110.0,-36.52055401966386,-38.42971203889283,-110,-44.41422214476192,-43.37471175648009
14,5.38346,-7.58647,1.5,-53.682904120361115,-51.99057075314515,-45.172451856037306,-110.0,-37.34489723725061,-43.11460503921289,-110,-42.5797630205423,-34.557360804408695
179,-5.61654,3.41353,1.5,-32.26125521353705,-51.96744546161366,-38.96881229275349,-110.0,-37.33525703228224,-43.11857920050093,-110,-41.125537350269745,-44.09238140497254
120,-0.616541,-0.586466,1.5,-51.29757795150428,-33.92806172588975,-33.69953603244367,-110.0,-47.74125101105347,-37.8967501831882,-110,-32.92025068099107,-40.44360621266
198,-2.61654,4.41353,1.5,-39.80674055912623,-35.9968460863837,-40.97664414060484,-110.0,-51.40853652243699,-43.53060341480536,-110,-28.102332412305547,-45.66988032103373
143,6.38346,0.413534,1.5,-45.121788767753266,-51.31798829299112,-49.36375757663663,-110.0,-37.04582471177567,-27.06971435189671,-110,-31.794186707562545,-33.5056810695085
192,7.38346,3.41353,1.5,-51.8031333482312,-56.24900731906978,-40.78249713750926,-110.0,-41.928199902882525,-21.81913794284514,-110,-28.451533186486692,-33.95396310168116
43,2.38346,-5.58647,1.5,-56.50060949607123,-51.78685215067565,-41.26815673250015,-85.17872039702843,-35.26948410417435,-35.36521653752348,-110,-34.15914860885572,-45.001167724808056
116,-4.61654,-0.586466,1.5,-41.77512610535507,-42.41362405884264,-33.448589769831024,-110.0,-49.79220437942459,-38.59658000091408,-110,-43.26736846212155,-39.6929562265084
229,-3.61654,6.41353,1.5,-61.35542002979019,-32.42150826545434,-54.28228186091842,-110.0,-55.0926802204776,-48.15229068204627,-110,-43.06922510147404,-43.38302863471782
188,3.38346,3.41353,1.5,-44.122648919354525,-42.68090233342299,-52.13041346976834,-110.0,-53.16278728320272,-48.37989347874716,-110,-34.908666747015005,-46.32315666734952
176,7.38346,2.41353,1.5,-53.24605285723768,-48.40276342351541,-53.40815656351624,-110.0,-41.67156439601312,-27.246183172988808,-110,-30.31566087903815,-41.272443640482
235,2.38346,6.41353,1.5,-33.84460314805304,-26.09655813972268,-41.10475088151691,-110.0,-54.439246075791765,-51.487771772767466,-110,-42.193089680212175,-45.84762067796068
110,5.38346,-1.58647,1.5,-42.83992427054893,-49.5157146596144,-33.47041815865616,-110.0,-39.2305353969298,-30.72762815334385,-110,-49.423307876561424,-31.381625867884
15,6.38346,-7.58647,1.5,-57.27228168771268,-49.32136430617029,-42.40090284197732,-85.91434869193364,-38.81562247456743,-44.41606222084809,-110,-50.57820324930386,-28.39594787080717
37,-3.61654,-5.58647,1.5,-37.63499706327505,-35.78454535227607,-26.224886673739785,-110.0,-34.275401738654246,-48.35943602550665,-110,-47.20445225939826,-38.90894350440411
107,2.38346,-1.58647,1.5,-54.80147101029748,-48.84765687519473,-46.03617550574282,-110.0,-37.077634636780154,-48.5398638738075,-110,-40.020495254777465,-32.301423260022375
182,-2.61654,3.41353,1.5,-37.72408606366872,-31.9468800028968,-28.567253872040475,-110.0,-38.23431846947402,-34.418451638601475,-110,-30.067964387428827,-48.43556177086776
43,2.38346,-5.58647,1.5,-47.24842597053612,-50.98417756875688,-37.57779770487554,-92.58640285139305,-26.90454974657181,-41.53311115638935,-110,-35.114234613688005,-42.19184629459207
146,-6.61654,1.41353,1.5,-37.601204591071394,-45.94650381959129,-36.54690781554021,-110.0,-43.911332182634226,-31.81361003357129,-110,-35.40538399463903,-41.81411642831284
42,1.38346,-5.58647,1.5,-43.538565451355,-56.022691096585255,-38.10341785752199,-90.04313754787488,-29.280381537915463,-39.18163120750971,-110,-37.188510877500136,-31.08192281005542
42,1.38346,-5.58647,1.5,-41.59320633728595,-54.94215140847013,-31.772829225962685,-92.05347334191826,-25.400887140410564,-36.805028962235376,-110,-35.60491317074101,-29.53118945683206
187,2.38346,3.41353,1.5,-51.715268956604696,-44.475094264238706,-58.59770628680476,-110.0,-45.0738414807667,-37.40368659157361,-110,-26.557692561312884,-41.61875236151762
84,-4.61654,-2.58647,1.5,-40.290668171845226,-36.63433344303547,-40.53235166689282,-110.0,-34.447661239462576,-39.894117953127626,-110,-39.110605420506296,-48.61520903449644
116,-4.61654,-0.586466,1.5,-37.34903305034565,-40.09746944120856,-34.479499969635924,-110.0,-45.65763046800337,-32.95825092899666,-110,-42.64392518495584,-39.14182725925285
112,7.38346,-1.58647,1.5,-39.3249754427174,-41.81066432022571,-36.64393362742768,-110.0,-35.52425858545752,-42.42088230030392,-110,-34.570324650611276,-29.509385102309444
168,-0.616541,2.41353,1.5,-35.52852403945865,-40.697877332432896,-32.8506138831745,-110.0,-46.88428392690071,-31.931781530504427,-110,-27.0065184104223,-39.138010688922144
124,3.38346,-0.586466,1.5,-43.81817316802846,-55.32960052716801,-54.60885035013136,-110.0,-35.07398169978656,-35.512768731967,-110,-27.06382945116302,-44.72455059163695
172,3.38346,2.41353,1.5,-44.599015767980504,-39.106535683751325,-50.10979087219054,-110.0,-38.73021082515666,-27.669642711905414,-110,-33.092819850118175,-42.39809673609819
19,-5.61654,-6.58647,1.5,-33.60144001217954,-46.151266701865595,-52.51802142756893,-110.0,-43.27246518990096,-48.18137894749236,-110,-46.22259714482329,-50.0209558274385
174,5.38346,2.41353,1.5,-40.91581785602105,-59.658429615358855,-43.067989913264185,-110.0,-34.08221182648708,-19.418035979685055,-110,-37.52089647698698,-39.41624986549751
32,7.38346,-6.58647,1.5,-44.023752858710914,-68.01835684526849,-41.45313449407547,-78.76199442653663,-34.70197861679907,-32.638331251140755,-110,-41.233534039725,-24.954694320762258
59,2.38346,-4.58647,1.5,-35.96597094130295,-48.836536972108185,-36.17055486956776,-110.0,-33.001527518098726,-35.61566457331047,-110,-36.26136471593061,-37.54472361058824
50,-6.61654,-4.58647,1.5,-48.49452096193574,-36.540366911309334,-28.61610459579814,-110.0,-41.47861738050835,-48.16686672252683,-110,-42.3248117742475,-47.130005302567945
47,6.38346,-5.58647,1.5,-40.4043006490243,-51.770327809684765,-33.43339685932085,-100.22842026404932,-30.882014015154688,-31.250159230946924,-110,-39.533924361392245,-37.712216947013275
206,5.38346,4.41353,1.5,-36.46488394340503,-33.92996028986151,-55.63408609725276,-110.0,-55.88394486409042,-42.10045140747826,-110,-31.549788471511192,-38.2271012675898
59,2.38346,-4.58647,1.5,-40.71442390703357,-51.74170190460981,-38.162946242825406,-110.0,-32.020919419179954,-35.858666421581596,-110,-42.52477927717297,-35.17124501517431
142,5.38346,0.413534,1.5,-40.53441050750176,-46.68160727470563,-50.13430118133738,-110.0,-43.61295297154682,-29.061978426978143,-110,-33.328614183316596,-41.69356871151143
125,4.38346,-0.586466,1.5,-33.7457110756265,-54.17413230724751,-44.238431767563235,-110.0,-30.110051567418953,-31.959403899642226,-110,-39.982080219554106,-38.394722847110955
155,2.38346,1.41353,1.5,-46.14664910619762,-56.215868803651674,-40.64919550102252,-110.0,-42.610043601139,-29.96526843673985,-110,-35.89965807529121,-42.4777646046621
39,-1.61654,-5.58647,1.5,-33.00356147870495,-40.87372508302029,-30.49517133733896,-110.0,-28.00411620541467,-47.656624156091546,-110,-40.47138848311355,-47.29898429184085
87,-1.61654,-2.58647,1.5,-43.07770948966952,-45.603238319448224,-48.07302539988353,-110.0,-47.84659658195754,-49.778848879124936,-110,-38.494830355369686,-38.230069666944914
118,-2.61654,-0.586466,1.5,-36.151583532313325,-39.54239193623096,-37.36606328989273,-110.0,-43.2320046378879,-37.29582415528042,-110,-41.57490920438592,-42.41608255364273
72,-0.616541,-3.58647,1.5,-37.83021737773503,-39.10657405033312,-47.35076265575096,-110.0,-54.25905580869712,-42.68456517029469,-110,-32.2578156469391,-37.79695083200307
9,0.383459,-7.58647,1.5,-63.88025995257325,-47.500680201953784,-27.189354901877564,-110.0,-25.68806945596046,-30.03652958641147,-110,-31.56368695421543,-38.53521225161687
234,1.38346,6.41353,1.5,-29.60961213103036,-22.757933805501196,-54.2820119090973,-110.0,-41.196721690193534,-41.636512968411715,-110,-35.080651889392406,-43.84317690559212
3,-5.61654,-7.58647,1.5,-40.69193384995097,-54.2911276215868,-34.47463714562885,-110.0,-34.32631953268339,-37.61023111688269,-110,-37.8289719063673,-43.63150727624435
181,-3.61654,3.41353,1.5,-42.32641875001418,-41.86756846519887,-43.53362160786288,-110.0,-32.305582226519284,-35.91476504463475,-110,-28.10838613388547,-45.496564771355814
130,-6.61654,0.413534,1.5,-34.20330278475272,-52.839096841351015,-40.08005862577902,-110.0,-39.92598461857005,-37.346800309688525,-110,-52.615400984818784,-53.74198889206163
210,-6.61654,5.41353,1.5,-24.418723313858788,-31.19205081180948,-45.193760006041956,-110.0,-53.308837985427026,-57.04128024384292,-110,-42.867108594132624,-55.5393567199064
210,-6.61654,5.41353,1.5,-20.97056408365464,-39.73008469820514,-41.45348559091101,-110.0,-52.42262528547292,-51.354363357721965,-110,-48.900933233036,-55.62386410262784
172,3.38346,2.41353,1.5,-47.0318072222455,-36.97495373281984,-44.22176599872656,-110.0,-39.89667403802473,-30.915050673423032,-110,-32.7395158405326,-45.85315599893319
94,5.38346,-2.58647,1.5,-45.84095067325585,-54.51177280233261,-40.97768136093384,-110.0,-42.721605989291035,-46.77495336498323,-110,-31.41316271782408,-39.82881326062589
161,-7.61654,2.41353,1.5,-26.77827007658736,-50.12680032168927,-42.79281641932848,-110.0,-42.28694759758239,-41.13706651894532,-110,-45.09852549690914,-47.99718183014435
75,2.38346,-3.58647,1.5,-51.08830964880191,-41.849193994778624,-39.89068764593175,-110.0,-32.75773188478412,-34.61355792788101,-110,-31.626710853870716,-43.470974613141976
145,-7.61654,1.41353,1.5,-28.120095242160392,-30.04450962677518,-44.36750687907123,-110.0,-49.45197272429161,-39.36354917556898,-110,-39.205796577551894,-39.69924998324647
114,-6.61654,-0.586466,1.5,-33.539858734017066,-42.38681618640717,-43.20273016119202,-110.0,-54.27125692932819,-33.92626827168655,-110,-50.54647770469218,-48.52491772717642
92,3.38346,-2.58647,1.5,-64.56342302931307,-58.43064523112755,-36.45252662320029,-110.0,-42.69990622074483,-32.30433889549487,-110,-39.33109107555839,-37.426940280809376
214,-2.61654,5.41353,1.5,-46.78419339803237,-50.264829562943945,-35.178849279101364,-110.0,-38.76881736873808,-56.34258465150534,-110,-31.58873570733455,-47.382839610433415
193,-7.61654,4.41353,1.5,-29.03700863925876,-45.578431580424635,-34.20777413417865,-110.0,-41.23589340307595,-55.19855361292299,-110,-43.96656030653408,-48.64729621613068
57,0.383459,-4.58647,1.5,-59.624709249116094,-45.91380746623892,-57.272804765389075,-110.0,-35.23365226878518,-49.56635778715689,-110,-34.88767855341936,-43.540991779343074
73,0.383459,-3.58647,1.5,-37.65353428887773,-42.9435027444679,-75.27384555055502,-110.0,-26.79577532003926,-41.263457392328334,-110,-32.03598862579562,-35.313740816759015
33,-7.61654,-5.58647,1.5,-59.016960008136586,-41.04058481693687,-36.91253036417847,-110.0,-36.67536012774833,-50.8634676692874,-110,-40.80892369400303,-41.475549082054116
119,-1.61654,-0.586466,1.5,-31.568590544282618,-42.75324122275453,-32.820845397181806,-110.0,-51.146580382513946,-41.72522331128648,-110,-30.13506177638827,-48.73460198845906
120,-0.616541,-0.586466,1.5,-56.49680699717532,-31.364936983678906,-25.861320392878195,-110.0,-44.73835765493005,-40.715470353375224,-110,-33.15618866408619,-47.58548687808661
108,3.38346,-1.58647,1.5,-47.66066624581573,-56.44677702960293,-46.68864374527196,-110.0,-38.674802779213564,-33.951452136552746,-110,-53.652505574833505,-38.64600028234713
112,7.38346,-1.58647,1.5,-42.75640044683965,-40.88207975391062,-39.49856434206858,-110.0,-34.231712735840645,-38.673846718320306,-110,-33.90548974957433,-31.96402742186077
184,-0.616541,3.41353,1.5,-37.81255400641737,-34.8392392455792,-27.737329249737805,-110.0,-40.94469472239716,-35.734044675426915,-110,-30.812439887066738,-41.02642951019937
225,-7.61654,6.41353,1.5,-26.001186254278323,-31.346655592411476,-43.08645323480869,-110.0,-44.76901924692357,-55.80360247235492,-110,-33.13133026203127,-42.72579820117654
49,-7.61654,-4.58647,1.5,-39.82649802752876,-39.98553375399482,-41.16782028327316,-110.0,-47.969103092466234,-60.4150902128882,-110,-38.874926159295185,-41.85951492960923
220,3.38346,5.41353,1.5,-38.779423488807154,-31.085050059728108,-51.38468167814584,-110.0,-41.88231514481792,-41.50017217691301,-110,-39.75885614790787,-43.96412235301216
126,5.38346,-0.586466,1.5,-38.50509623604314,-49.54161147296656,-48.78543214843962,-110.0,-37.74980864525914,-35.67246319661841,-110,-32.945065698183335,-41.63268923504169
206,5.38346,4.41353,1.5,-37.926327289428386,-33.46902055121439,-59.580901490599935,-110.0,-49.20039031896055,-39.634522777030334,-110,-43.9981447089998,-40.04004562752963
36,-4.61654,-5.58647,1.5,-41.3628984576848,-48.5001768117231,-27.129154053061708,-110.0,-36.581337238845805,-44.26685571332287,-110,-42.022383437149415,-38.649927629737256
149,-3.61654,1.41353,1.5,-38.19798020384094,-40.93814690826102,-45.03223143310683,-110.0,-53.40863973580868,-38.491068085700654,-110,-41.88115755810921,-50.952272055130415
221,4.38346,5.41353,1.5,-43.34541198449602,-38.69452791251454,-47.40991410453033,-110.0,-31.28882694178857,-40.66266162878434,-110,-37.52609836281091,-51.06863438421178
45,4.38346,-5.58647,1.5,-38.542675948742485,-44.455220040150586,-31.03440573299326,-96.06329831718816,-23.407949508575612,-40.06565670277688,-110,-42.180918913468176,-37.38366435937295
42,1.38346,-5.58647,1.5,-48.392728286471915,-52.934379533275774,-33.94621884731868,-91.37346945026408,-22.645586932908053,-29.64678199314732,-110,-41.93529370280603,-30.275283327610516
18,-6.61654,-6.58647,1.5,-35.33335045904691,-35.25903592823248,-36.88848162847086,-89.60770624106033,-34.35953234256861,-47.183187169284025,-110,-40.26409208091336,-43.2143201698523
128,7.38346,-0.586466,1.5,-53.513629112684285,-54.76694138837717,-41.019333109239,-110.0,-41.644927279953606,-49.32602997596034,-110,-32.67208214020103,-33.49999297935017
67,-5.61654,-3.58647,1.5,-40.51311367661728,-30.789845177415213,-34.15224634283397,-110.0,-33.99061116947697,-48.73669057233111,-110,-49.02660720025237,-56.37832737821653
105,0.383459,-1.58647,1.5,-47.080077894491474,-46.37871105585376,-50.023312991927966,-110.0,-38.885642753962465,-35.468121026773446,-110,-30.93843246622352,-39.357015823866206
127,6.38346,-0.586466,1.5,-40.06839229354213,-47.09144304463601,-41.35250084434546,-110.0,-47.710277585209475,-35.89012687878119,-110,-35.69087514328858,-26.844126847574223
16,7.38346,-7.58647,1.5,-44.35596130707787,-47.8331285355392,-49.152887549380274,-85.10333754363573,-42.71630672872824,-38.458442314900104,-110,-27.405154787502056,-31.31650819711971
67,-5.61654,-3.58647,1.5,-30.714327751087374,-31.949953865942422,-41.33352824940312,-110.0,-40.38865242992751,-50.79630324824847,-110,-51.06239578468497,-49.91876089830916
114,-6.61654,-0.586466,1.5,-35.592976553825594,-44.658853229830456,-35.21293004306727,-110.0,-52.855286400740475,-30.05698679364647,-110,-43.92062207658102,-48.95746055050892
212,-4.61654,5.41353,1.5,-32.17579758826965,-35.88326125830494,-45.290771160182544,-110.0,-51.10027765409267,-45.58573680143368,-110,-32.83340550199311,-56.654432895142655
108,3.38346,-1.58647,1.5,-43.97517119789326,-58.20485649800556,-35.91104168540522,-110.0,-38.43702541473205,-41.88898450980256,-110,-48.93758303306343,-36.01194671677157
218,1.38346,5.41353,1.5,-37.51027985224954,-42.48544689845088,-50.93783380609128,-110.0,-35.91885256748638,-44.82963634090485,-110,-40.577628500678806,-37.407335007245266
175,6.38346,2.41353,1.5,-58.16829417249587,-47.81331536629738,-38.79549314976427,-110.0,-40.4830888823866,-37.99594746923603,-110,-32.32555078603534,-47.271254876058094
119,-1.61654,-0.586466,1.5,-37.617895677484995,-40.06506645113626,-28.10336441934293,-110.0,-43.552510177703184,-48.81972567636177,-110,-35.802696039302255,-41.9634225640005
222,5.38346,5.41353,1.5,-42.97194133425298,-42.5302779363535,-50.690022735215045,-110.0,-43.457796197773945,-30.879775106217668,-110,-43.48431698195418,-39.05011671600558
1,-7.61654,-7.58647,1.5,-110.0,-110.0,-110.0,-75.1877508254873,-83.15285361491482,-110.0,-110,-110.0,-110.0
187,2.38346,3.41353,1.5,-53.38814676158425,-42.4207406097344,-55.68925134916951,-110.0,-49.95675716755179,-38.814094220121206,-110,-29.893143430439057,-42.89508180249646
228,-4.61654,6.41353,1.5,-23.20426173149736,-26.26606909629912,-40.223450260039726,-110.0,-51.48730410642201,-60.13532785774569,-110,-52.61152921320111,-55.691672889691624
130,-6.61654,0.413534,1.5,-36.22527804102731,-52.52403913519774,-41.722594520923806,-110.0,-37.38569991168715,-36.80077844980828,-110,-52.96841446939446,-56.599971097954565
210,-6.61654,5.41353,1.5,-22.320815842222316,-35.798948832871716,-43.05757202600902,-110.0,-48.04363351178545,-51.656893468398934,-110,-42.8745565892708,-56.621103126287025
22,-2.61654,-6.58647,1.5,-38.95708131582072,-46.8062474542626,-28.529872470318097,-80.1154377960479,-37.42340739658636,-32.77169345740778,-110,-37.55597984874702,-50.62488298448548
217,0.383459,5.41353,1.5,-39.325548682483515,-25.71096032835997,-41.460183768511065,-110.0,-41.153298077704264,-32.82356206544989,-110,-28.59442450509393,-34.19285476660145
58,1.38346,-4.58647,1.5,-41.277971269103816,-51.14296099839988,-41.52050300414133,-110.0,-28.888913979935836,-33.45703374950091,-110,-46.10155083764045,-38.61280188589679
154,1.38346,1.41353,1.5,-36.286304471253736,-50.22092047588244,-43.68442380107015,-110.0,-41.440243151618546,-41.803149945412486,-110,-34.343818575072206,-40.30423712685645
160,7.38346,1.41353,1.5,-51.06687707069942,-54.57344446059331,-52.53461110345709,-110.0,-48.12067613786208,-29.55881658104749,-110,-38.496777850933505,-56.35574506039044
224,7.38346,5.41353,1.5,-34.72733675424804,-35.59546069058574,-47.13866684855429,-110.0,-32.772142683658956,-40.01103317762967,-110,-40.20360781113957,-43.259701145860554
38,-2.61654,-5.58647,1.5,-37.51171702300367,-32.87666283372051,-32.72279837246944,-110.0,-38.70693271875751,-53.09767547802144,-110,-41.47995443139167,-41.793659745996074
162,-6.61654,2.41353,1.5,-40.98291041014942,-31.402019234905815,-32.56913229838164,-110.0,-42.90981568833463,-38.741836489053505,-110,-37.60999028824499,-39.87389946297306
140,3.38346,0.413534,1.5,-35.03266875630995,-54.6927683422724,-42.73535669457424,-110.0,-40.66767787961991,-47.668055544341875,-110,-31.447009064123822,-51.14656572907586
163,-5.61654,2.41353,1.5,-24.396952093054963,-34.712718839529884,-43.3305777662751,-110.0,-46.50195485088203,-63.174544455480415,-110,-35.6646456195902,-43.30143452091528
59,2.38346,-4.58647,1.5,-36.420668950901195,-51.552945792381,-37.80528829112016,-110.0,-33.59042308187359,-40.50891726365094,-110,-46.72230072835612,-35.092253244463514
30,5.38346,-6.58647,1.5,-52.579440095224605,-45.55977314828671,-46.67708570509194,-77.40595901205155,-36.99322197874359,-45.86332954801201,-110,-36.3028172244995,-22.193646117336858
11,2.38346,-7.58647,1.5,-46.46663578747248,-56.821791859145605,-28.948848505920346,-78.52099708211205,-28.658678518632527,-38.86088213640572,-110,-37.95780011177664,-37.77931967352756
106,1.38346,-1.58647,1.5,-37.54208192305179,-51.90072093395257,-50.52663835312523,-110.0,-50.489338339508485,-40.77052683394388,-110,-35.83596208152815,-32.669337426112264
202,1.38346,4.41353,1.5,-52.427043137920606,-36.94929643961384,-51.71742687686669,-110.0,-46.55336971967979,-30.83296823504785,-110,-43.05123689159728,-55.43763874237208
77,4.38346,-3.58647,1.5,-43.69267702705135,-55.258447050004584,-41.955276582771766,-110.0,-35.5223102208019,-39.587895553333354,-110,-39.57536895735061,-38.06943004646703
225,-7.61654,6.41353,1.5,-31.082274726429834,-34.63320204811635,-41.0059111879794,-110.0,-44.84595891000481,-58.68183010056153,-110,-38.98583548106694,-41.52716862347891
232,-0.616541,6.41353,1.5,-26.89661804044195,-18.70798102696764,-34.45569023913807,-110.0,-49.49518394290463,-52.52335507810557,-110,-77.81463563891035,-57.2164534796416
57,0.383459,-4.58647,1.5,-54.26863905860402,-46.56587573042948,-57.15967002475374,-110.0,-37.196972946746776,-48.32234820933972,-110,-32.35677800344975,-48.42884607685991
64,7.38346,-4.58647,1.5,-34.4369419853332,-40.77757542660696,-40.73303024486646,-96.92807336221412,-43.87299981475773,-37.37647344832117,-110,-47.75359180997605,-28.868094450522037
157,4.38346,1.41353,1.5,-45.92963945753101,-33.06111846439154,-44.90109038830606,-110.0,-43.10041598571776,-39.377623076652085,-110,-25.775777628570367,-41.36822830426044
26,1.38346,-6.58647,1.5,-43.83553800160113,-47.012982764809905,-41.230861947013175,-98.78212707210264,-21.39256321270719,-32.127733198178674,-110,-48.8606854379529,-28.93020663562158
65,-7.61654,-3.58647,1.5,-33.77431530548012,-43.334173834643686,-36.84564704751433,-110.0,-36.11591984867461,-37.875681565574254,-110,-42.32679015843158,-46.71069451516211
218,1.38346,5.41353,1.5,-38.914852253588705,-39.53718681996477,-45.53926821607083,-110.0,-39.17630459298727,-53.685811758144375,-110,-35.35667305557781,-44.775279465364086
114,-6.61654,-0.586466,1.5,-29.27924761580858,-41.91854956535921,-41.19415143720352,-110.0,-51.17008275994458,-33.94693400977735,-110,-46.2852109780101,-51.10206600498919
34,-6.61654,-5.58647,1.5,-45.94195739386503,-37.03522177759381,-36.876791095879,-110.0,-37.31481124981431,-50.83097883082522,-110,-37.32353947783189,-42.030113282732
80,7.38346,-3.58647,1.5,-42.2977376145524,-49.60201059188426,-47.68875836378679,-110.0,-40.910012932581594,-31.97477366074014,-110,-33.67679877334273,-47.5730556950945
122,1.38346,-0.586466,1.5,-42.49194659377466,-52.4691838085495,-46.973734094773555,-110.0,-44.38634602377221,-50.61594135725633,-110,-35.21181328041065,-39.7163970209454
236,3.38346,6.41353,1.5,-61.555421837497896,-37.24618203442048,-52.53433311210343,-110.0,-41.69985714944905,-41.359266588949474,-110,-51.304618175278655,-50.93789353121759
37,-3.61654,-5.58647,1.5,-39.432764380687345,-42.5115550883357,-32.21931200180654,-110.0,-32.27660810821358,-51.143636663307035,-110,-47.78724456258393,-39.86229390591084
55,-1.61654,-4.58647,1.5,-32.50414417322289,-49.17793623376276,-31.470249933403217,-110.0,-50.69053897241459,-45.82708518783733,-110,-36.17385870475971,-44.07802466432582
101,-3.61654,-1.58647,1.5,-29.191717766863924,-45.5581581177144,-39.48801198365008,-110.0,-54.470601800341,-57.53999738707209,-110,-51.91510488892372,-47.37707040656668
158,5.38346,1.41353,1.5,-54.51053949771696,-63.2785827491762,-40.45027966768647,-110.0,-32.08587665034692,-49.48314758354329,-110,-44.34560487707565,-43.99447125263361
113,-7.61654,-0.586466,1.5,-32.38121257859873,-47.339557582934034,-35.57990283195738,-110.0,-40.89743847879645,-36.6869185234286,-110,-43.601057720546365,-41.085266507288665
41,0.383459,-5.58647,1.5,-47.53243707419421,-64.46379028927953,-60.882967923609286,-110.0,-28.351471449638503,-41.69919834929504,-110,-27.342619841525224,-47.43384397189429
113,-7.61654,-0.586466,1.5,-33.0844453062375,-51.40896283980722,-41.01374643305028,-110.0,-43.9844461118181,-35.37942136295272,-110,-45.73796695953637,-42.33735443341818
106,1.38346,-1.58647,1.5,-38.5685395533424,-53.194151602768315,-49.209463619760534,-110.0,-47.75581754975051,-39.546028924158584,-110,-31.95553262798953,-39.89442695235953
157,4.38346,1.41353,1.5,-32.19219687980114,-34.15463594461398,-43.17406257883271,-110.0,-47.44569480514744,-45.846780343229675,-110,-29.56091659747229,-36.17564005042942
172,3.38346,2.41353,1.5,-49.31674353405625,-37.45149253857901,-51.285556058369345,-110.0,-39.32268120219882,-30.242431097304955,-110,-33.13733751088715,-37.39438796061824
11,2.38346,-7.58647,1.5,-43.68622792718451,-55.73929849372847,-29.32748524439528,-82.38903703521798,-28.541244558551735,-34.079327908113825,-110,-37.373805247377824,-38.85926428621461
156,3.38346,1.41353,1.5,-44.113383904176466,-47.45966672559508,-59.867494493136064,-110.0,-34.05816676498776,-40.49013975318786,-110,-32.44033556401521,-48.07385331498666
235,2.38346,6.41353,1.5,-42.10592527517841,-23.15040826508601,-49.68102208039296,-110.0,-48.5676996775781,-51.72601973292065,-110,-45.272801456718526,-53.501449301712455
35,-5.61654,-5.58647,1.5,-32.08580954523503,-42.21009569107989,-38.90220053423447,-110.0,-24.035204136237276,-46.20984608060631,-110,-41.743122081183586,-34.535445148395986
186,1.38346,3.41353,1.5,-52.00348390584308,-50.11548661055796,-48.35017091910304,-110.0,-24.293132609003067,-34.71554865121714,-110,-21.969928204377076,-37.14676462165059
41,0.383459,-5.58647,1.5,-47.46566545912707,-53.908827961931806,-53.854744179452275,-110.0,-29.95930582871015,-36.78408193200799,-110,-33.81716165237105,-45.58743322465753
238,5.38346,6.41353,1.5,-63.13975983141725,-42.01992673421484,-45.20111312307489,-110.0,-49.45540246419933,-22.92310918876474,-110,-37.293936549142465,-42.33643312177816
150,-2.61654,1.41353,1.5,-33.95652876000756,-43.34301842793535,-46.82393919178388,-110.0,-44.8431876331448,-50.940966503801675,-110,-33.561146675490576,-33.98831567101038
202,1.38346,4.41353,1.5,-60.47468453905529,-33.44845321417055,-50.06859386673809,-110.0,-45.25361415716378,-30.560756530333144,-110,-32.64538882819481,-61.09172687847405
56,-0.616541,-4.58647,1.5,-44.943400112992194,-38.25092425590476,-33.93268088178129,-110.0,-45.55122992495461,-44.82290222045344,-110,-51.32338456117131,-38.23875641150824
53,-3.61654,-4.58647,1.5,-37.324138133971026,-35.409045899202425,-26.72844880939551,-110.0,-34.42265750351173,-46.236433073694315,-110,-42.95825738954995,-68.06271304677361
10,1.38346,-7.58647,1.5,-50.31807227357547,-45.68767276002877,-27.784211964024657,-110.0,-21.788448795292062,-43.65938308335383,-110,-37.46905126171592,-35.64493861651006
234,1.38346,6.41353,1.5,-29.54604955447489,-26.26053499497774,-51.47496071440078,-110.0,-37.747545518328536,-40.555599916708665,-110,-25.111303077049424,-39.87521198505405
60,3.38346,-4.58647,1.5,-50.811754369358916,-47.39547893333705,-40.611125040246975,-110.0,-33.33866531108955,-43.83559315297432,-110,-38.09548845658469,-35.13081731232077
54,-2.61654,-4.58647,1.5,-48.50037348860792,-34.641443676493495,-39.81575385740928,-110.0,-29.71900953196139,-51.64611564969304,-110,-49.310151923632986,-49.610752565004944
120,-0.616541,-0.586466,1.5,-51.29211949441647,-31.645954282079387,-40.76351003441242,-110.0,-50.4489719287021,-36.86907242994965,-110,-39.72784604663634,-46.85624800508339
116,-4.61654,-0.586466,1.5,-38.41740909940745,-40.21493999574868,-31.750730831878588,-110.0,-47.77508586783406,-28.0946649695818,-110,-44.93772777068347,-38.36025006857894
75,2.38346,-3.58647,1.5,-55.53786535592567,-40.731925929568035,-45.49761273832223,-110.0,-35.88460251159562,-32.50384374199144,-110,-29.679147312808336,-40.429013314526905
211,-5.61654,5.41353,1.5,-22.496342607722404,-42.91707906304566,-34.31917074056891,-110.0,-51.66511427117345,-50.76536622935828,-110,-42.35842486112657,-42.37948137776957
4,-4.61654,-7.58647,1.5,-37.54253284677464,-40.63066210537381,-34.14641361719948,-110.0,-30.48592590674302,-34.05572997637562,-110,-48.984928794767946,-36.0548954650178
29,4.38346,-6.58647,1.5,-45.578921690653566,-55.55090209701855,-41.800306516718535,-73.67770149434841,-31.6633737780073,-31.13796974876036,-110,-38.14778994656987,-31.618845977047577
223,6.38346,5.41353,1.5,-37.99246021968503,-47.36776879604932,-51.56689298582855,-110.0,-52.22041374893591,-48.338298915209094,-110,-36.999574133085744,-41.85451740583735
5,-3.61654,-7.58647,1.5,-38.887364419993474,-40.254806914410665,-36.24000194654462,-110.0,-37.40683879562886,-59.09589549803314,-110,-55.08871570464278,-39.483014566529874
72,-0.616541,-3.58647,1.5,-38.11969906309139,-35.59908628423717,-49.459122171642946,-110.0,-50.61460103115808,-40.112730567800135,-110,-33.25432061049531,-42.6647685011172
7,-1.61654,-7.58647,1.5,-40.62556774844954,-45.046191443477895,-31.466071020126748,-110.0,-22.438419145236654,-40.944564820669555,-110,-40.730987579212105,-50.51762888525904
39,-1.61654,-5.58647,1.5,-32.51632238529969,-39.02400158475763,-30.11880913484245,-110.0,-29.51804226790958,-54.37265794044048,-110,-38.8074029038241,-43.18387376804895
75,2.38346,-3.58647,1.5,-48.79163063724867,-47.827339545864504,-45.37553414416216,-110.0,-31.01625962821972,-41.51377952747234,-110,-35.81907582327016,-35.08379362825079
195,-5.61654,4.41353,1.5,-25.552501457764333,-37.04710180758967,-46.42010695007602,-110.0,-39.3985659469888,-43.52289213227169,-110,-32.06966259193235,-47.61405686415498
190,5.38346,3.41353,1.5,-58.70042633644798,-46.74081704856728,-49.588851629081034,-110.0,-35.817211155941145,-29.973622401646303,-110,-39.717064297573785,-31.49517420106729
170,1.38346,2.41353,1.5,-40.456179415387936,-44.11313886160425,-51.12364096055911,-110.0,-40.65665377157574,-42.5194011285564,-110,-27.07197551222919,-44.128875618131275
69,-3.61654,-3.58647,1.5,-38.301217888368875,-51.21576664823884,-38.32972633975086,-110.0,-38.569659321559485,-42.99621453192032,-110,-44.75222308986774,-47.05309431353103
75,2.38346,-3.58647,1.5,-51.5600772528525,-46.01845589375743,-39.304265638357165,-110.0,-31.872126177278663,-33.69869436026132,-110,-37.221153618870765,-37.34505442618631
24,-0.616541,-6.58647,1.5,-36.520883292266966,-35.09929838648639,-36.448901257862744,-104.0606365689631,-33.82445185760817,-62.97345956946205,-110,-41.22369029922715,-56.072730112651094
115,-5.61654,-0.586466,1.5,-36.96169166750917,-36.78410600537356,-43.39945302383612,-110.0,-41.07715124387676,-37.4208640745123,-110,-40.29432347440781,-43.156737331312925
55,-1.61654,-4.58647,1.5,-34.47649571035518,-52.12202151195952,-34.83449270416201,-110.0,-38.18517798196947,-50.90760530866583,-110,-38.24681887311957,-43.698538399769845
87,-1.61654,-2.58647,1.5,-34.94354040016782,-43.190638640716,-53.179397849079734,-110.0,-45.097067742678206,-37.76001497478332,-110,-37.509118374830926,-31.855294636143174
30,5.38346,-6.58647,1.5,-41.29816550566159,-46.02494253688781,-44.60357890037389,-79.24585119531147,-40.85884511306406,-42.45835366815634,-110,-35.977387993354235,-27.036901698516477
32,7.38346,-6.58647,1.5,-40.83873658594017,-65.74942023888258,-50.227907737331286,-81.38231897699112,-39.165477245329264,-27.597206776003645,-110,-42.35336637397975,-21.88402708263034
23,-1.61654,-6.58647,1.5,-39.874326463281534,-35.675360329927614,-29.18984021618126,-99.60861257603476,-39.310967702775145,-43.82767896806301,-110,-32.22843693023369,-37.757454752777
146,-6.61654,1.41353,1.5,-43.32521009679769,-42.440797685808384,-37.12716117135815,-110.0,-42.91721319764028,-35.64642820550684,-110,-32.24558211107894,-42.623013308291746
195,-5.61654,4.41353,1.5,-22.808412822186504,-39.86821892625257,-44.62791083479766,-110.0,-42.28294549991066,-46.84867178866985,-110,-33.95632718455223,-52.32261660372912
130,-6.61654,0.413534,1.5,-27.681646566205742,-53.49953383445432,-43.96063197923434,-110.0,-38.643179253266226,-37.56072087411071,-110,-47.76982815437436,-51.11282965711838
41,0.383459,-5.58647,1.5,-48.545932456684554,-59.56533394427353,-56.48367360399057,-110.0,-28.777635755693343,-39.274584428297224,-110,-28.510657087698007,-46.38679622673859
80,7.38346,-3.58647,1.5,-42.52419412362019,-51.01447601162154,-51.23698961636452,-110.0,-42.86917583887658,-32.251433376318204,-110,-31.66412810540628,-55.15186652725587
169,0.383459,2.41353,1.5,-39.484663431699545,-53.40053293437866,-57.63263335522703,-110.0,-29.050006344067523,-30.461255084442545,-110,-28.283810665953688,-76.29396166282046
121,0.383459,-0.586466,1.5,-41.77323996929333,-53.56754855049705,-51.00754000099548,-110.0,-31.61777816873896,-35.32784473461786,-110,-29.00171506642457,-34.54749688827913
8,-0.616541,-7.58647,1.5,-27.16746366690596,-31.76908661786475,-53.75998732064431,-110.0,-45.299194627504946,-41.709723883636386,-110,-50.399903721222216,-45.36818620645588
63,6.38346,-4.58647,1.5,-37.260491623236874,-56.80997145389045,-41.70602051285798,-97.26284858598092,-31.264070011315702,-35.81711964330704,-110,-35.7357712173813,-39.888818800136775
205,4.38346,4.41353,1.5,-42.63233240218921,-33.97133997081969,-51.11063556597416,-110.0,-34.76258287154619,-46.45310633367966,-110,-46.43722397005384,-45.0889293899572
126,5.38346,-0.586466,1.5,-37.04155916143996,-48.215620322584265,-46.052227056738296,-110.0,-32.376230143802225,-39.203113925671786,-110,-36.7724703223608,-43.60070937243633
65,-7.61654,-3.58647,1.5,-43.17226006777298,-47.21283595609348,-33.975637953612825,-110.0,-39.77100590725961,-42.96174221454774,-110,-38.993551988016115,-45.28181318872415
91,2.38346,-2.58647,1.5,-40.35611910609685,-56.308993207049184,-49.54742943496494,-110.0,-29.758008374087527,-36.590212074602015,-110,-38.51159149058598,-39.10810171510642
23,-1.61654,-6.58647,1.5,-44.55949220075983,-38.20409469424605,-23.31269674852926,-100.09115597163314,-36.934961918297304,-49.283249856154974,-110,-28.674988293549923,-40.64065193009366
58,1.38346,-4.58647,1.5,-41.93170328209914,-55.7716992320392,-42.03499429878507,-110.0,-30.242015076415896,-34.071583990543736,-110,-39.47407726414447,-36.265517083168255
153,0.383459,1.41353,1.5,-54.88004659322067,-58.65921874273452,-48.63704120124806,-110.0,-33.72937106723005,-33.65610610852565,-110,-26.81010737927259,-40.00035151523188
151,-1.61654,1.41353,1.5,-34.77111605362143,-33.75549680291242,-33.74261639456376,-110.0,-53.41238948914941,-41.50774520184141,-110,-35.13036273764002,-56.02026672542512
119,-1.61654,-0.586466,1.5,-35.08216714117666,-35.784980340155634,-29.932560013669264,-110.0,-41.421986644225974,-41.621055044875106,-110,-35.8217865095715,-46.99004939729294
76,3.38346,-3.58647,1.5,-42.84334556181528,-46.66913092187864,-40.80467270912999,-110.0,-35.36405272341388,-33.00858011003328,-110,-41.50874209682992,-29.36511659702053
12,3.38346,-7.58647,1.5,-41.49530273885404,-50.46771134167912,-49.99884093999465,-80.7295417011455,-40.37000171673591,-44.735844140397546,-110,-39.27940239562627,-39.30281466423659
225,-7.61654,6.41353,1.5,-27.58971646180595,-29.94471421653356,-36.95762101490841,-110.0,-45.713093560836136,-58.62123415044873,-110,-35.20146871213857,-35.02364669240244
240,7.38346,6.41353,1.5,-47.72344289921184,-33.51249921260604,-49.75453428998053,-110.0,-51.95973297311537,-36.14506122394428,-110,-32.330505177332306,-34.84826539131964
169,0.383459,2.41353,1.5,-37.658510701731515,-51.93017327292711,-59.30661658186078,-110.0,-37.75244089831021,-33.953305001720885,-110,-30.06286746017521,-76.54366441246363
110,5.38346,-1.58647,1.5,-47.514097038910464,-48.25967582445483,-35.76477238901835,-110.0,-30.02070431212064,-39.78623934669383,-110,-40.817589417498446,-34.543389942760356
238,5.38346,6.41353,1.5,-62.51381680741845,-37.60466071192444,-43.91138610330064,-110.0,-45.68491745995848,-28.768626197969564,-110,-35.089287975305474,-38.793028731058605
49,-7.61654,-4.58647,1.5,-38.42704779160519,-37.24230944673961,-37.93692239062844,-110.0,-41.32890318709523,-53.141922000042854,-110,-39.084783056574864,-35.27328913699378
175,6.38346,2.41353,1.5,-57.957416028787925,-53.1925739319699,-42.720588373107816,-110.0,-41.56446193273348,-28.570184800381043,-110,-36.61183974069172,-45.95965845406952
179,-5.61654,3.41353,1.5,-31.343982155512936,-51.914285522662794,-42.528955818020485,-110.0,-37.35882061030224,-44.51766543959124,-110,-36.93477567624023,-46.89425493136562
134,-2.61654,0.413534,1.5,-38.17928363541049,-32.12081025498427,-41.05264218402354,-110.0,-44.371053439023335,-38.06998513666488,-110,-28.544078927080225,-55.8804813634285
91,2.38346,-2.58647,1.5,-39.34905668001503,-51.86525032476747,-47.849186200275895,-110.0,-32.494600413672984,-39.17509046002194,-110,-42.25715074451927,-32.559393288062545
188,3.38346,3.41353,1.5,-48.409345368941096,-41.25606776192344,-42.50906196700521,-110.0,-49.68223597837492,-50.644325452614304,-110,-22.898304049862617,-47.75677027754433
230,-2.61654,6.41353,1.5,-29.25762147275195,-29.865560972150742,-36.201854993720495,-110.0,-52.60652475468576,-61.397268269591144,-110,-38.058829121040446,-49.08989548160744
217,0.383459,5.41353,1.5,-31.68812514455542,-28.623749238406624,-45.7093333570507,-110.0,-44.21306410955322,-36.359459598560846,-110,-26.564644224118823,-38.5893331475228
221,4.38346,5.41353,1.5,-43.20894056657762,-43.45163125237657,-53.36946181604471,-110.0,-35.025077392759414,-43.92384805435098,-110,-41.99334869210955,-52.83869363063069
220,3.38346,5.41353,1.5,-45.8653463198188,-35.313474691245,-53.33528768800028,-110.0,-40.56437149705934,-37.789596486517816,-110,-40.80007489142972,-44.58471274581523
162,-6.61654,2.41353,1.5,-40.013901919389106,-33.196219180170424,-44.32919576651118,-110.0,-48.84775281645943,-48.80180632450838,-110,-35.58025787767839,-47.80224596086586
80,7.38346,-3.58647,1.5,-49.014062074896415,-52.48039989853133,-51.23945853430189,-110.0,-38.96834053460999,-38.606589395531515,-110,-37.11072980146779,-52.96243514347643
125,4.38346,-0.586466,1.5,-31.517878223573213,-56.508488791497584,-44.34557967166367,-110.0,-33.229571833731114,-33.14893987420903,-110,-46.31001390479675,-45.99193658627627
75,2.38346,-3.58647,1.5,-52.85392415205087,-43.68009070462607,-42.82946038658417,-110.0,-35.17119912314771,-35.692486638794094,-110,-31.189203344025323,-39.19748266037713
184,-0.616541,3.41353,1.5,-43.28832111225107,-35.01126799675164,-26.328691798848325,-110.0,-45.88158804686605,-36.67570088183636,-110,-28.640301478569423,-44.54664910099073
128,7.38346,-0.586466,1.5,-54.69987707753177,-51.6083990210429,-39.81833937958845,-110.0,-43.50887463176487,-49.066626760603384,-110,-34.88732376755237,-35.771997038634616
65,-7.61654,-3.58647,1.5,-37.87523579590133,-42.56753483818842,-34.530213621100074,-110.0,-38.10405748503822,-44.98674176505749,-110,-38.02783263787831,-50.74429179676827
5,-3.61654,-7.58647,1.5,-43.77164458226244,-33.19246842407485,-43.8163833453612,-110.0,-36.7226723735926,-56.205412949002074,-110,-54.185422294849054,-38.28582600630255
83,-5.61654,-2.58647,1.5,-38.545028897418355,-40.0794524064017,-33.87563642157339,-110.0,-41.10334016611847,-38.64369307418435,-110,-28.15854172344921,-39.90036487159019
159,6.38346,1.41353,1.5,-49.13768390802893,-54.46770423686106,-37.05560862947908,-110.0,-37.121986662630384,-31.019321549398644,-110,-45.66915036641829,-50.64787318588829
237,4.38346,6.41353,1.5,-85.4987695591846,-44.55872155094119,-46.94079103971206,-110.0,-39.393267364233445,-34.848580226404906,-110,-36.254260865419965,-38.194467927332234
10,1.38346,-7.58647,1.5,-47.78887952873426,-48.06961813936901,-30.05031318581712,-110.0,-21.942311669924596,-44.94035660268884,-110,-41.4240825289949,-39.41335622967083
171,2.38346,2.41353,1.5,-41.853702754034096,-57.78150864319901,-44.72123382594496,-110.0,-48.7075215349426,-42.603888462274185,-110,-27.06055862353512,-46.089686529062696
206,5.38346,4.41353,1.5,-40.45851952947606,-33.69093351996822,-54.899136233305214,-110.0,-50.105631530738854,-39.25160782607094,-110,-34.4771902782888,-32.97670804629184
171,2.38346,2.41353,1.5,-39.4567603450628,-51.23215919696541,-41.68999543457329,-110.0,-50.58819738191081,-37.70949428830319,-110,-25.1993216835647,-43.230152800196855
135,-1.61654,0.413534,1.5,-45.76285711231535,-40.723091006088794,-30.574413460557416,-110.0,-60.58258319039535,-39.989753637565045,-110,-34.31948833558668,-38.87277427931551
127,6.38346,-0.586466,1.5,-44.86101008098531,-37.60235570232499,-40.89531234541961,-110.0,-42.811479377678936,-30.912665727474863,-110,-38.21790540114102,-31.87894733887656
235,2.38346,6.41353,1.5,-39.92964206663842,-24.70438556900655,-49.694794088810866,-110.0,-49.01358607721576,-52.80512817534643,-110,-46.961031216056355,-52.73974255328251
92,3.38346,-2.58647,1.5,-61.33929129015769,-47.05291841359866,-35.774030224496144,-110.0,-42.139526752671365,-28.180565184916773,-110,-41.454487004458706,-33.247690342469554
217,0.383459,5.41353,1.5,-35.48496332277791,-21.96031189799809,-47.090240076850066,-110.0,-46.75272086252066,-32.92822834799762,-110,-21.328550449671067,-37.032490149896496
192,7.38346,3.41353,1.5,-55.54127835585235,-62.823119477608294,-37.4779954206105,-110.0,-42.61019621835482,-21.288231679024943,-110,-30.84723281666933,-37.37409935141347
151,-1.61654,1.41353,1.5,-35.71898298084501,-41.853952045444274,-32.937051396703744,-110.0,-52.44698185958471,-43.85453882459669,-110,-29.009330045275988,-53.66270746762353
170,1.38346,2.41353,1.5,-39.93942205113272,-50.7816712506942,-49.52474760695285,-110.0,-35.966479102366044,-46.98848598372002,-110,-29.606307313769552,-52.020140937596096
152,-0.616541,1.41353,1.5,-42.83790486520395,-37.18624132795403,-31.76340984133419,-110.0,-38.13012579425493,-42.72142825047206,-110,-32.28370475694524,-49.69939178109888
229,-3.61654,6.41353,1.5,-52.930132562774226,-35.66615956189475,-52.880146023423066,-110.0,-52.278132057860745,-49.66526153072926,-110,-49.00380031921115,-41.35967193293335
183,-1.61654,3.41353,1.5,-29.84848479356165,-31.52607650945548,-45.351228102526605,-110.0,-45.996659434200666,-36.591269701752985,-110,-34.128945875682966,-39.10597563171541
151,-1.61654,1.41353,1.5,-33.14939960444239,-34.702108064095434,-36.18956033049309,-110.0,-49.24613537438967,-39.817307970114065,-110,-32.70276380008609,-52.729700289414936
90,1.38346,-2.58647,1.5,-55.58959351312919,-46.715593598520904,-44.03410546033882,-110.0,-35.37678621422622,-36.24953491384105,-110,-34.43370104431441,-37.90976688635093
195,-5.61654,4.41353,1.5,-23.772219227672267,-41.07163114197921,-42.13665949176401,-110.0,-44.84527200583789,-45.16465820925204,-110,-33.23098596296516,-49.34873236825445
113,-7.61654,-0.586466,1.5,-33.073944121443155,-50.00016480980158,-39.79495590481064,-110.0,-43.62541982662662,-33.73796024329783,-110,-42.67491315584392,-43.0985535191494
190,5.38346,3.41353,1.5,-57.8313469391595,-46.65100963778506,-45.14539476977234,-110.0,-35.36825615669842,-23.200208093568477,-110,-37.453003850619595,-34.89363242562171
53,-3.61654,-4.58647,1.5,-38.17743955583258,-33.03459121117885,-28.882220413262573,-110.0,-34.41541867319705,-43.90016196444067,-110,-42.579776026535555,-61.32645624497848
185,0.383459,3.41353,1.5,-36.57889634924464,-52.74053753910684,-47.57291424287728,-110.0,-33.27065460093607,-31.696765283320037,-110,-30.40393357035683,-32.52675757303451
115,-5.61654,-0.586466,1.5,-40.04844540552256,-33.70192301947748,-48.99013539041536,-110.0,-41.54452944149072,-29.28360036012563,-110,-31.44635198318603,-41.28710627570634
61,4.38346,-4.58647,1.5,-36.80675076916594,-43.49604565105601,-36.87978427931243,-110.0,-28.112215287320588,-46.23284228460037,-110,-38.72278759156342,-40.89072997691822
9,0.383459,-7.58647,1.5,-54.39248084615897,-47.68774501367359,-30.094421225001913,-110.0,-28.63003085334052,-31.890064409113577,-110,-40.25205995114872,-35.93954875750663
118,-2.61654,-0.586466,1.5,-32.297446821941946,-36.021281791488576,-43.15929679285865,-110.0,-45.983731721532465,-35.97853603006742,-110,-36.19099381654489,-40.78229705828822
182,-2.61654,3.41353,1.5,-37.06304890484885,-38.568236214240905,-33.88590042476521,-110.0,-39.44532216490455,-34.159639486054,-110,-35.97019201579228,-44.84815145902655
186,1.38346,3.41353,1.5,-54.15821700561517,-45.940762566593754,-51.16168695129393,-110.0,-28.13739480633929,-39.14964870830616,-110,-26.419786548026806,-38.216230215405034
144,7.38346,0.413534,1.5,-44.90272189710299,-61.29255764835229,-36.17931547148114,-110.0,-33.65130325016213,-26.37632008996998,-110,-31.559344389579124,-40.811897370547186
22,-2.61654,-6.58647,1.5,-31.604101168562135,-46.362211947928735,-30.192099508293904,-74.73500114597655,-45.27063978741956,-31.46749836010166,-110,-40.73522755259904,-44.60216579400563
5,-3.61654,-7.58647,1.5,-42.35840276678004,-36.24258564253121,-38.90338231424213,-110.0,-35.934692891867485,-62.504610149605824,-110,-50.33263847192525,-41.900330910261005
228,-4.61654,6.41353,1.5,-29.679728589291923,-32.84705295625247,-43.89142611926039,-110.0,-47.61385559255978,-57.822813589587824,-110,-51.70043741200863,-56.38036843031365
64,7.38346,-4.58647,1.5,-45.28572623968488,-44.27172909851665,-39.07212985141656,-96.9063625013778,-39.60317124189668,-40.5899152606183,-110,-44.18422032690569,-32.66927152354978
226,-6.61654,6.41353,1.5,-36.87280864169184,-37.02892940823115,-42.38228395126213,-110.0,-53.35831621042902,-51.70133230397885,-110,-49.396921186285695,-50.54869367460313
115,-5.61654,-0.586466,1.5,-37.3304220355693,-30.57651146599108,-43.06205603945851,-110.0,-38.95097568421289,-33.05852974393222,-110,-38.97339340498785,-39.13894499323481
112,7.38346,-1.58647,1.5,-41.95574469093479,-42.319524674699046,-39.85393705256189,-110.0,-35.43350946879426,-42.38106336774972,-110,-35.58133374689508,-35.35920511241064
5,-3.61654,-7.58647,1.5,-42.537220316270734,-33.37093530896239,-38.012361067002566,-110.0,-33.331599355956016,-58.12989457401318,-110,-54.87729295063388,-38.28576783733504
41,0.383459,-5.58647,1.5,-47.46606620571048,-56.337008696439966,-61.12330589467402,-110.0,-29.011455806769803,-41.792112931705454,-110,-29.043859031854648,-42.21096734103161
81,-7.61654,-2.58647,1.5,-38.343916015385666,-49.953920418274286,-36.2880670037996,-110.0,-39.73190583479477,-46.348928925601186,-110,-47.12334188827409,-54.99297622603994
214,-2.61654,5.41353,1.5,-40.01776566228282,-55.97519445515768,-29.585593890338117,-110.0,-41.9585022541081,-49.74764168345371,-110,-40.52459089006427,-41.824791631268866
214,-2.61654,5.41353,1.5,-41.28662151372682,-54.16527663648028,-28.86513801730095,-110.0,-44.327936526358506,-62.696474162660266,-110,-37.61628870650824,-45.262674325690895
171,2.38346,2.41353,1.5,-42.687062124233485,-57.5751952848091,-40.95876702903035,-110.0,-46.78292569633477,-35.867322160771344,-110,-28.229444498596585,-42.84816071386851
187,2.38346,3.41353,1.5,-55.260891408462726,-44.84322554123185,-61.755137541750344,-110.0,-47.45016176191171,-35.55133430594622,-110,-30.850707120527687,-39.8413681218302
151,-1.61654,1.41353,1.5,-38.80769653225339,-37.52841499385717,-35.47873337470192,-110.0,-48.263502558173585,-40.76107014777739,-110,-30.395102914801065,-51.39770572685441
8,-0.616541,-7.58647,1.5,-31.71996785588958,-32.08786419594581,-51.29083320030418,-110.0,-45.99011613921911,-45.52018643519418,-110,-40.928342610953294,-48.88791024966638
59,2.38346,-4.58647,1.5,-37.42245514768757,-47.0580896668329,-37.60974483649959,-110.0,-27.075700111529997,-41.03849791785807,-110,-42.31133977584952,-31.427580736271487
119,-1.61654,-0.586466,1.5,-32.37225272692882,-31.926355130376592,-35.948266652369966,-110.0,-45.65136358823971,-43.7596826643774,-110,-34.29374262026073,-50.36135742472564
96,7.38346,-2.58647,1.5,-46.05278663499181,-45.98869783797999,-38.51685572218833,-110.0,-40.63775991018562,-34.60452783357321,-110,-45.09930390527429,-31.03004017205171
226,-6.61654,6.41353,1.5,-32.183949066244274,-32.410905339608526,-34.43513581653661,-110.0,-54.928537713339594,-51.72974941459204,-110,-46.70224891475841,-48.2757761946466
210,-6.61654,5.41353,1.5,-25.10688153286707,-40.09095837334064,-37.7150402604742,-110.0,-49.15175777776589,-54.73641436152364,-110,-44.95547238003663,-57.030704741454514
206,5.38346,4.41353,1.5,-41.86024567064151,-35.47660354868822,-52.714096681226856,-110.0,-48.040670835923514,-41.64045006635025,-110,-38.895110831258854,-37.15280746392201
144,7.38346,0.413534,1.5,-46.31965214159085,-63.067660117988865,-33.762922589388225,-110.0,-39.04948713807468,-29.50545819466779,-110,-38.25166274776043,-42.61140421366782
69,-3.61654,-3.58647,1.5,-34.38438038860319,-46.964287989203925,-34.479300832775905,-110.0,-42.75708382712936,-45.57409370201421,-110,-34.91757451495925,-47.570154227468635
98,-6.61654,-1.58647,1.5,-38.70316955234344,-28.534458623005936,-40.157530378496176,-110.0,-41.77552023574552,-40.68285970716645,-110,-50.131115401109994,-61.58194824435866
134,-2.61654,0.413534,1.5,-30.83089757054186,-32.33496228231406,-38.69701338389239,-110.0,-49.1534061749423,-33.93997567720269,-110,-31.08836397802524,-59.049029255238025
220,3.38346,5.41353,1.5,-39.43992481546521,-37.00150252901584,-49.22910496627877,-110.0,-38.999334083164186,-40.506644506402736,-110,-38.06895551179896,-51.145568776743154
232,-0.616541,6.41353,1.5,-29.08349610861123,-20.08151963764555,-31.16052809631669,-110.0,-47.20329728369418,-52.25848395089922,-110,-72.35207537523675,-50.561545578798814
189,4.38346,3.41353,1.5,-46.016129073017005,-52.343672640391326,-53.49142031569769,-110.0,-37.74923037377424,-23.522408519135464,-110,-30.880821545235506,-55.73711686631312
134,-2.61654,0.413534,1.5,-38.8127516671993,-31.83051301629007,-37.20336830838201,-110.0,-42.88461618227464,-29.370416519843477,-110,-33.37908294672917,-59.59802312338133
2,-6.61654,-7.58647,1.5,-40.44596947713212,-55.470898400835466,-33.34944781205363,-110.0,-32.33398648578654,-46.68549551469588,-110,-42.23590288444041,-40.307507026583366
81,-7.61654,-2.58647,1.5,-41.37720870539792,-48.4097535822054,-34.6271824080937,-110.0,-39.03729896236463,-43.56644075686188,-110,-38.78804445929654,-47.596680954462904
40,-0.616541,-5.58647,1.5,-55.93358811111085,-41.95481480005984,-30.27943614014623,-110.0,-42.61528097689441,-44.86383062090104,-110,-44.491843270057274,-47.13272164290332
192,7.38346,3.41353,1.5,-55.7367750289917,-55.83575496276352,-43.056847752599325,-110.0,-39.76302795267568,-18.723197104493497,-110,-22.94472916310735,-36.490005223040114
84,-4.61654,-2.58647,1.5,-40.51373573397176,-36.81047864327295,-45.60074701548599,-110.0,-47.68984880192493,-47.65699324941038,-110,-42.9368493456183,-48.4589487785133
60,3.38346,-4.58647,1.5,-49.47656565614922,-48.30363887733752,-39.55905283710871,-110.0,-36.0609855693015,-33.748654543778876,-110,-34.12400918735326,-38.69598253111701
49,-7.61654,-4.58647,1.5,-43.37775330955221,-38.55813197358659,-36.75174719597969,-110.0,-43.51924390118773,-58.41982272854809,-110,-43.36698821517988,-42.165073746030515
16,7.38346,-7.58647,1.5,-42.83563195367459,-47.69621585070285,-43.61798641355466,-85.72825244853477,-49.784623430742776,-31.918786950072818,-110,-28.46696657069288,-27.465690518964458
174,5.38346,2.41353,1.5,-43.8631659564043,-53.37650881860153,-45.770378964046735,-110.0,-36.77587730133295,-21.69860477938265,-110,-36.89904758688595,-47.85780043673686
197,-3.61654,4.41353,1.5,-24.02892123367452,-30.95906495003408,-50.75002796970927,-110.0,-38.99287630215176,-50.94651048072029,-110,-34.90277552224297,-51.05216307918747
236,3.38346,6.41353,1.5,-60.531089780687886,-34.175726736586206,-63.841732280175,-110.0,-49.650761513580065,-34.402502362224645,-110,-46.0688707150437,-51.92872381233532
27,2.38346,-6.58647,1.5,-47.101227434442144,-40.43962795478341,-25.915002368508283,-75.09784070156637,-35.064644756317925,-39.474477831697456,-110,-36.93456661702153,-34.270126019032205
94,5.38346,-2.58647,1.5,-46.51775710759247,-56.1306146916517,-44.78508463922683,-110.0,-52.26591443552688,-45.2082146196169,-110,-39.89124163816611,-39.001001678978824
52,-4.61654,-4.58647,1.5,-46.47823656140577,-30.979992507759512,-26.171057390932596,-110.0,-36.260385505613534,-44.2695513205625,-110,-34.95069418477203,-62.24724430361704
219,2.38346,5.41353,1.5,-41.10301195537432,-32.652940323399356,-46.9709336664329,-110.0,-42.85972589547937,-34.990435342105144,-110,-33.49195042478653,-37.153867618259504
19,-5.61654,-6.58647,1.5,-37.144446098935674,-51.2252416167957,-43.096086426538655,-110.0,-44.924163284866474,-45.06754126970372,-110,-45.56236861246769,-47.06569179900129
25,0.383459,-6.58647,1.5,-54.73127785418693,-50.008136127251184,-35.911724698409394,-99.49065034814348,-32.672676299093474,-33.083270038837256,-110,-47.50772950777515,-29.230646648289024
129,-7.61654,0.413534,1.5,-33.49692830982572,-46.83069813205038,-30.77163063641283,-110.0,-44.93967401433843,-43.32964590810481,-110,-40.16870623661419,-40.71357336364945
10,1.38346,-7.58647,1.5,-48.51022926188476,-47.642945678488786,-30.073764564375807,-110.0,-23.68444993665853,-39.49060193200013,-110,-33.07477607168619,-40.06746474010029
11,2.38346,-7.58647,1.5,-40.434481108249905,-52.72049196642112,-34.06464123758075,-80.62459896141792,-27.448178988832737,-38.93954258950892,-110,-33.950043260355216,-43.450912925148614
21,-3.61654,-6.58647,1.5,-43.18201521783805,-37.98042723626743,-37.20995734074938,-79.49329416006348,-25.626146116893995,-47.479967997031,-110,-38.71620668714078,-44.6757155992723
180,-4.61654,3.41353,1.5,-30.334018534987607,-36.03394305583373,-40.0622646055723,-110.0,-43.03304463051832,-62.379957852702674,-110,-34.5691781156191,-45.672920819320304
125,4.38346,-0.586466,1.5,-32.67702143894979,-56.30532575705102,-46.120586318957635,-110.0,-36.444250575046865,-30.21495769219182,-110,-41.02082998555553,-39.50450603397727
217,0.383459,5.41353,1.5,-39.38046218224501,-29.921926010518863,-48.60214621987716,-110.0,-42.68177796629785,-37.00658795531994,-110,-21.944882859388574,-26.269962349926907
210,-6.61654,5.41353,1.5,-29.374926279129493,-41.78741130756549,-41.75592673129231,-110.0,-48.94538225215547,-50.9782820560861,-110,-41.96900279828856,-50.27200794987935
16,7.38346,-7.58647,1.5,-41.649499689638304,-49.1400567907134,-53.33092116920349,-82.35338992916054,-49.50955169697623,-35.82870378706095,-110,-37.50376058720938,-27.174281049777576
195,-5.61654,4.41353,1.5,-21.707078953411177,-39.64978149814125,-45.51784236554319,-110.0,-41.5877647568068,-45.63726111269375,-110,-32.6343632337638,-50.26578767994781
79,6.38346,-3.58647,1.5,-38.53620265625932,-54.66548876145044,-39.32397525025824,-110.0,-36.24793625435476,-35.55697207124005,-110,-50.633611003550115,-30.228277507116633
9,0.383459,-7.58647,1.5,-59.09329316219005,-45.33308761316657,-30.843470482323426,-110.0,-30.07756113377107,-28.184708022226815,-110,-33.841055810819576,-27.61445819659187
216,-0.616541,5.41353,1.5,-27.20006064904801,-25.077415574933564,-33.746820364496145,-110.0,-52.95493123190193,-50.549052760809666,-110,-43.997337666366136,-59.56786116985384
81,-7.61654,-2.58647,1.5,-36.05964960681386,-43.56093532200388,-37.029443511402675,-110.0,-51.3008357391255,-51.766117629498936,-110,-55.470164940194536,-54.80231281744512
99,-5.61654,-1.58647,1.5,-43.90011574677514,-48.38533788062449,-34.40862525757663,-110.0,-43.45952980005854,-49.76728127420859,-110,-41.93986454088043,-35.11440914523149
190,5.38346,3.41353,1.5,-54.97220956487397,-50.31607562927706,-46.620327064088805,-110.0,-39.02884744543181,-23.317655328159404,-110,-34.97325973375511,-30.57579138809515
43,2.38346,-5.58647,1.5,-51.853714518482704,-52.31155079168715,-37.91656023649892,-95.97976372712236,-29.846210266820496,-38.538385098571034,-110,-34.89470230747877,-40.0219904873106
194,-6.61654,4.41353,1.5,-34.027310682673985,-41.8197449529804,-35.21434724272993,-110.0,-50.700103641045246,-51.62134344611954,-110,-37.8990585959482,-42.095214334604535
127,6.38346,-0.586466,1.5,-43.37899698763248,-34.62501516480379,-40.79465420000978,-110.0,-42.788263425920675,-38.57741495227985,-110,-32.47802922370327,-27.45532393893323
63,6.38346,-4.58647,1.5,-36.60754553678409,-48.980458615037385,-42.92676324303754,-97.62031689353292,-31.69981410243336,-35.814052208307636,-110,-37.78266780218462,-27.297977700127333
168,-0.616541,2.41353,1.5,-33.37260795163473,-37.496252789114735,-27.557849001689583,-110.0,-35.32523432618144,-38.84128074032566,-110,-25.037315563246658,-39.24224840164427
195,-5.61654,4.41353,1.5,-24.581813184663993,-38.379803044843584,-44.91126847547581,-110.0,-35.87494081591429,-41.24137714772201,-110,-35.575442982734025,-53.12333161965655
11,2.38346,-7.58647,1.5,-40.30088866816417,-55.5763417787363,-24.115931041808544,-80.32688776997165,-24.972894285424587,-37.66275620750071,-110,-41.41000749071124,-43.95484612669558
151,-1.61654,1.41353,1.5,-33.971115422343814,-39.215865980477545,-33.759976320760295,-110.0,-49.694689151635174,-37.21627581193648,-110,-24.08947280725338,-56.833884752206146
5,-3.61654,-7.58647,1.5,-41.43062669447288,-30.728989279609316,-33.20123765842442,-110.0,-32.461015727664204,-52.31967629440824,-110,-55.667602472554975,-34.35116163236061
173,4.38346,2.41353,1.5,-51.81400791315358,-39.45907501955594,-42.56123541122059,-110.0,-36.132546687801515,-30.990190752487713,-110,-28.91032595628983,-45.03249143085357
173,4.38346,2.41353,1.5,-48.44802165170501,-41.19066523573922,-41.0945205475941,-110.0,-36.36897603533386,-22.395262151323365,-110,-32.32289034608995,-44.28700109897551
34,-6.61654,-5.58647,1.5,-53.42183774172528,-33.68998640177023,-37.77829853260807,-110.0,-38.21523063021566,-43.20334989933895,-110,-39.85606506398777,-38.99686224249931
133,-3.61654,0.413534,1.5,-40.48133682593958,-29.84856827695882,-48.26334410962075,-110.0,-44.453425001065355,-43.30651184831272,-110,-32.516604235563335,-39.539110418426176
134,-2.61654,0.413534,1.5,-32.17994073194953,-36.778061066558905,-41.95554266620015,-110.0,-51.05029879338479,-34.486904849153795,-110,-27.99641299186353,-57.944845031315374
221,4.38346,5.41353,1.5,-46.65669391602617,-37.95678795315252,-52.705819819116094,-110.0,-37.786418420828745,-43.58196923755859,-110,-43.971122838351825,-53.729099032541455
60,3.38346,-4.58647,1.5,-51.59520490711077,-56.24169966340872,-39.90773225367228,-110.0,-34.82533981968772,-45.06413704205835,-110,-41.39462568000038,-35.624178007734386
29,4.38346,-6.58647,1.5,-46.55629410862835,-59.005948090059185,-45.13742856788546,-68.71270047855658,-29.10917853782646,-33.00995014877968,-110,-36.4430787988207,-31.91013952901396
227,-5.61654,6.41353,1.5,-30.80617578506944,-30.29108736292986,-46.77420993598129,-110.0,-52.88588312608496,-41.98451980133245,-110,-46.45836132768661,-66.91129520131823
99,-5.61654,-1.58647,1.5,-42.08709097083495,-44.90103610924552,-38.562823303688994,-110.0,-39.08223008174139,-48.65125111759748,-110,-43.65721530813066,-38.451617141421664
240,7.38346,6.41353,1.5,-49.70334932649283,-37.03591552252748,-48.1933653533204,-110.0,-58.26099311902529,-36.65312190641422,-110,-36.969871674438465,-31.734135953414743
167,-1.61654,2.41353,1.5,-41.5656668731912,-31.28118926446596,-39.55771539530612,-110.0,-43.86954349555225,-37.422301052306665,-110,-32.465954589712084,-48.040072432816906
35,-5.61654,-5.58647,1.5,-30.25558754920899,-41.01732509074112,-34.340655748735294,-110.0,-31.238699587738772,-43.97608415973728,-110,-40.2185914744613,-38.653410516357965
42,1.38346,-5.58647,1.5,-42.03547566208542,-54.59338559565429,-34.45534870017852,-88.77849853433233,-27.38784242944081,-34.88331813801686,-110,-43.87408031367339,-33.39215061037706
153,0.383459,1.41353,1.5,-51.442341095596994,-54.17407051458361,-37.40825167447007,-110.0,-26.62107175448469,-35.597047458682795,-110,-34.06374128422039,-41.39890004012584
125,4.38346,-0.586466,1.5,-35.27717304226944,-47.893804523609305,-44.55042644732138,-110.0,-41.4033031417352,-30.74501160256139,-110,-45.340226045442506,-42.77784151185353
54,-2.61654,-4.58647,1.5,-45.06045306269181,-31.682056858713715,-33.30151482793066,-110.0,-34.98539281905325,-46.312676030015346,-110,-46.88445868765217,-47.66796241436823
109,4.38346,-1.58647,1.5,-46.09887556502871,-45.9072709146544,-38.43600938754077,-110.0,-33.50423017724453,-33.65300857685805,-110,-34.93087672883506,-37.10773084721133
157,4.38346,1.41353,1.5,-43.489512760166456,-39.281534047160015,-47.29768678165144,-110.0,-42.370652769904616,-43.73518522813463,-110,-31.649652553391824,-43.047018782829554
97,-7.61654,-1.58647,1.5,-40.51165844787744,-49.43554663665031,-43.6920604090461,-110.0,-45.83558243896897,-48.18153870472965,-110,-45.525575400508224,-49.46010967390851
123,2.38346,-0.586466,1.5,-46.2222308531739,-45.47607685576053,-59.67851365753795,-110.0,-40.75285999599767,-46.49536151635743,-110,-43.83843225908005,-40.38355924224497
156,3.38346,1.41353,1.5,-42.66030831633239,-44.19541525942908,-61.29174573220856,-110.0,-39.05431857350027,-37.85927550972726,-110,-34.170364115260405,-51.02074089821722
10,1.38346,-7.58647,1.5,-45.07994087881158,-46.69122691603419,-33.40660176192401,-110.0,-18.586635532392435,-43.85981237099282,-110,-34.53761339806995,-42.980832233190846
57,0.383459,-4.58647,1.5,-50.70272774188939,-42.45948519240355,-55.21601375427673,-110.0,-39.576098940365654,-48.65234479175415,-110,-31.71159341891906,-43.75582566304486
22,-2.61654,-6.58647,1.5,-38.55066218630706,-47.936713378339995,-30.38515118068845,-82.94196829938723,-40.80158491730795,-33.261862531779585,-110,-37.68620917712309,-55.91736264923141
15,6.38346,-7.58647,1.5,-56.28224521403224,-46.745712198812384,-42.94941922443044,-85.67298464472674,-38.47848762519388,-42.45571329595353,-110,-53.013701846562434,-30.07922886341982
213,-3.61654,5.41353,1.5,-46.79664032423078,-34.51137621562468,-41.340531514374426,-110.0,-50.51556282505263,-53.86049265283578,-110,-34.280592035717234,-39.24506193100908
204,3.38346,4.41353,1.5,-46.965383946782545,-29.640922973062075,-53.82395767563985,-110.0,-42.00296680812472,-41.487167496499175,-110,-40.48628075277654,-41.878986919468886
232,-0.616541,6.41353,1.5,-35.16292026590636,-22.24076282765848,-39.187714500254394,-110.0,-54.77762082797641,-56.23504767775791,-110,-75.69411489657554,-51.45653721861997
27,2.38346,-6.58647,1.5,-49.214014999908734,-43.22975584953369,-31.197281094677276,-70.80906750219951,-34.52387207221118,-42.43584687533557,-110,-38.05330500793985,-32.683723385987385
72,-0.616541,-3.58647,1.5,-35.21657243459568,-33.364065965769235,-46.7503345624212,-110.0,-51.9725507250746,-46.24108293389047,-110,-39.196436058563926,-41.72134838917857
10,1.38346,-7.58647,1.5,-46.344783377765175,-46.292356688302306,-18.041757224027855,-110.0,-18.487198207859695,-35.38122759808046,-110,-36.20641475027423,-41.55631107608067
236,3.38346,6.41353,1.5,-64.19254674453546,-33.810480033174464,-58.04715122905974,-110.0,-46.801478961667925,-33.59349215901319,-110,-46.42447079000054,-48.73936031026897
151,-1.61654,1.41353,1.5,-27.10693541873605,-37.33983940379266,-29.856325706413372,-110.0,-54.25691729797856,-39.07315030491754,-110,-30.19946808410196,-48.78585438155676
14,5.38346,-7.58647,1.5,-54.79896361335752,-53.47244864024581,-45.76247728314769,-110.0,-38.05478246415458,-37.06293824152704,-110,-41.60788819346802,-28.903571813329343
19,-5.61654,-6.58647,1.5,-32.54281046104151,-46.28865002335379,-47.89327743039954,-110.0,-44.08611600666323,-45.12448594970485,-110,-42.30494395746711,-52.657600242586334
214,-2.61654,5.41353,1.5,-41.54186914965979,-54.41205009206941,-33.426203836873285,-110.0,-44.302543889064005,-56.14307376450667,-110,-35.941224012481044,-45.473832849201614
45,4.38346,-5.58647,1.5,-37.7454315324459,-45.612905275050274,-36.027176464990326,-91.63060484590628,-27.93728198665188,-33.17844964421453,-110,-41.71078299967165,-38.76929934761518
52,-4.61654,-4.58647,1.5,-41.91701111261416,-40.985952592602445,-36.282445001595995,-110.0,-33.009365500318,-40.79727333949455,-110,-40.565437942543454,-57.75399255330934
14,5.38346,-7.58647,1.5,-55.6365156624326,-53.122415092231314,-45.572857385798024,-110.0,-38.298304476634144,-35.874357629331364,-110,-36.82554441023384,-29.738099231015088
126,5.38346,-0.586466,1.5,-31.595372094325036,-47.02668632595961,-51.05954534328982,-110.0,-32.592825108358305,-37.76424890057028,-110,-34.35028335113529,-42.36815146100293
173,4.38346,2.41353,1.5,-50.90476116538426,-43.03528840566679,-44.74015325882091,-110.0,-41.39713836916749,-35.33309187353281,-110,-32.74368744481823,-42.820821905325865
190,5.38346,3.41353,1.5,-54.043071656889715,-48.36192926533945,-38.23849972250902,-110.0,-36.48884335896744,-30.397381661601315,-110,-38.67718138791078,-36.009972340312935
88,-0.616541,-2.58647,1.5,-49.354316085196494,-32.713350903659084,-33.62249480140307,-110.0,-66.9279667697216,-43.31597660927997,-110,-32.73857931852958,-45.07826982327491
89,0.383459,-2.58647,1.5,-47.38885336875409,-45.47985678637467,-50.81670106869736,-110.0,-34.13261484188208,-38.67771228920641,-110,-33.400941929550186,-40.435704650522375
213,-3.61654,5.41353,1.5,-49.67617819867366,-40.57968288471342,-44.77116398687704,-110.0,-49.268501441710505,-56.17190460734554,-110,-32.26745138064659,-44.9525101451541
60,3.38346,-4.58647,1.5,-44.8833854047861,-62.68272826222881,-41.490157797071575,-110.0,-33.77254015218381,-32.93716740379455,-110,-41.74568168322298,-31.13241992339129
172,3.38346,2.41353,1.5,-43.95141935479899,-37.10279648887717,-50.46970981917832,-110.0,-40.96718961985775,-27.290384023579676,-110,-36.354059756126915,-32.4990612013617
6,-2.61654,-7.58647,1.5,-35.63646513376962,-42.399696464962574,-26.40958271065133,-110.0,-44.06332144590793,-56.28542711066502,-110,-42.42008099749404,-45.23816636901305
117,-3.61654,-0.586466,1.5,-38.81775200593137,-46.643373246984936,-40.08859528553786,-110.0,-35.14900286862561,-39.94247897696849,-110,-32.556963266905015,-38.12295241427186
19,-5.61654,-6.58647,1.5,-35.301640020235425,-55.72080043957579,-39.69613651292461,-110.0,-41.86050960258628,-44.8203655034572,-110,-45.29253713996238,-58.90306329480924
96,7.38346,-2.58647,1.5,-38.84864170391049,-38.65424122781323,-39.29881367115039,-110.0,-46.090801188165635,-23.20234674803931,-110,-38.896158754799096,-30.747755589304894
139,2.38346,0.413534,1.5,-44.22746063037053,-49.846653574213235,-57.33510282622725,-110.0,-35.55384655995233,-30.974812024755806,-110,-40.35141155209753,-41.62269622457059
12,3.38346,-7.58647,1.5,-38.065372823078704,-47.12473040008267,-46.40742954323183,-78.99995445166603,-44.68867045511741,-44.00170511168952,-110,-37.53893710234004,-41.635519262429895
81,-7.61654,-2.58647,1.5,-41.00482662146655,-47.22935767780053,-38.05058080988213,-110.0,-42.85139893206849,-51.15386532898507,-110,-45.83773668497588,-52.41996195389246
140,3.38346,0.413534,1.5,-45.348333403068466,-52.26007295085077,-49.180743490539776,-110.0,-38.209806946149115,-46.58792319344031,-110,-35.38593013519199,-47.65141593822918
174,5.38346,2.41353,1.5,-50.4231339503723,-56.92258319083804,-43.23820007309914,-110.0,-34.62639807463842,-24.485998230353452,-110,-35.76549025957747,-43.89079224588557
128,7.38346,-0.586466,1.5,-56.00294357554799,-55.95353845068683,-47.4007076298338,-110.0,-35.36390738284523,-49.91613079627203,-110,-29.998755559522497,-41.72484344078684
157,4.38346,1.41353,1.5,-44.98508933976882,-31.26629256276264,-48.181920122136894,-110.0,-48.68045458251956,-43.91873769139466,-110,-28.986575062771248,-39.325728527320024
114,-6.61654,-0.586466,1.5,-31.77923512414184,-43.225235449384165,-37.95202815838083,-110.0,-49.24435829842888,-39.91350921928667,-110,-39.02712522764144,-48.61664819707141
40,-0.616541,-5.58647,1.5,-60.47887702406901,-36.675106873096,-30.829821485669513,-110.0,-48.203055226028034,-51.24799599659643,-110,-45.901229185767136,-43.669609117704056
149,-3.61654,1.41353,1.5,-35.53990177465076,-40.37480239308252,-39.51783995947664,-110.0,-49.54869158048797,-39.295750947716165,-110,-34.520661013661275,-46.832239338409785
24,-0.616541,-6.58647,1.5,-38.88529664589291,-35.08842083527651,-31.12182478570685,-107.59430150875625,-29.822440694339456,-63.57815044270773,-110,-36.78105843153228,-62.13288688247124
212,-4.61654,5.41353,1.5,-32.05189081510216,-44.206154763336706,-46.63410753627517,-110.0,-50.791931521545614,-41.49423856295595,-110,-30.114036322480317,-48.75503223361376
99,-5.61654,-1.58647,1.5,-42.246457327779375,-47.502516135885614,-40.70065411911873,-110.0,-47.24775186709515,-46.331703710750865,-110,-39.28236005678745,-36.3336994169107
28,3.38346,-6.58647,1.5,-45.547191614246906,-39.732859673354675,-31.41048638592652,-78.17056449721211,-40.61314291500614,-34.608020495676506,-110,-35.90343690317156,-39.72556562507709
105,0.383459,-1.58647,1.5,-53.43887941250981,-47.241785263897754,-48.02679326702996,-110.0,-31.558126350323604,-36.670913927696105,-110,-32.754473979533245,-38.379434677158685
204,3.38346,4.41353,1.5,-48.29312904919196,-37.67487797718531,-50.8591769272082,-110.0,-44.34838875358172,-44.317561463595744,-110,-44.41859618943445,-33.69050938484616
149,-3.61654,1.41353,1.5,-33.27713745996277,-36.69994971407888,-40.88630780532672,-110.0,-51.956607337209434,-38.47662094642782,-110,-41.74746815799017,-42.118572735745424
10,1.38346,-7.58647,1.5,-48.75385144323478,-44.737889650979064,-28.74274981599362,-110.0,-16.04279682507556,-39.608629925649616,-110,-33.417924237079546,-42.40974220085788
122,1.38346,-0.586466,1.5,-48.20932486832801,-49.41750895966979,-50.35910780855683,-110.0,-43.9400799479214,-46.69870539747505,-110,-36.00753637710264,-38.15834252647483
75,2.38346,-3.58647,1.5,-53.860309760738566,-44.78249392693623,-46.32573055524581,-110.0,-36.91315357159817,-35.72905520913528,-110,-38.35685683692741,-39.400416508095326
21,-3.61654,-6.58647,1.5,-36.91162753988831,-39.6286447491927,-40.14454480448765,-92.62384723573376,-26.445070738279377,-48.18785474982525,-110,-38.243972413288745,-47.10091471487627
138,1.38346,0.413534,1.5,-40.910723710348954,-59.43768461941377,-36.26724917995409,-110.0,-37.21250765064771,-52.82310623780005,-110,-28.68488575225518,-40.47640830650296
143,6.38346,0.413534,1.5,-44.92114937035319,-53.57564813044431,-55.98063860142736,-110.0,-35.8178905960032,-27.242016630819226,-110,-36.47221832640382,-35.263128857663986
223,6.38346,5.41353,1.5,-38.53845602429475,-56.649589403076334,-53.376512171666526,-110.0,-44.62855851108756,-44.459126912136306,-110,-39.018820780220075,-37.62149904445669
229,-3.61654,6.41353,1.5,-62.65982324680661,-35.919107089375224,-51.663178385700824,-110.0,-57.009281884266734,-47.465399743410664,-110,-53.8303781573777,-45.4457136802561
89,0.383459,-2.58647,1.5,-48.2675197204866,-44.97772918902325,-46.89407833687142,-110.0,-31.91749259688199,-37.34538998942622,-110,-36.205078122979955,-42.602394584438365
98,-6.61654,-1.58647,1.5,-37.92542975478989,-31.79670380418925,-36.03130079555047,-110.0,-48.795093342115955,-44.72976793610365,-110,-45.33843750841188,-58.464221184855376
215,-1.61654,5.41353,1.5,-52.06387210335254,-36.1404993262623,-45.165452353424605,-110.0,-52.42748744450745,-47.956479877345,-110,-35.254499972363185,-51.82174810223988
33,-7.61654,-5.58647,1.5,-62.80812431443616,-45.037246557395406,-32.29992044465745,-110.0,-39.174739982318144,-52.336976148311145,-110,-38.94092815403036,-46.78333788880301
167,-1.61654,2.41353,1.5,-36.91741117653373,-31.226250965870864,-40.82068318418317,-110.0,-43.04052577297541,-42.770713813063544,-110,-30.239503633022387,-43.96174229120541
36,-4.61654,-5.58647,1.5,-42.27750064302344,-43.62404693378843,-30.296503903019165,-110.0,-37.6947935213435,-38.876737826733496,-110,-42.39657298402014,-41.55201145116132
214,-2.61654,5.41353,1.5,-50.422218659329786,-52.886555646275305,-33.38920297057456,-110.0,-43.57360685948676,-53.86730288536349,-110,-35.83198398808203,-43.73301102952571
183,-1.61654,3.41353,1.5,-31.249364477688943,-30.765377189602432,-48.32207690355324,-110.0,-50.67613690503652,-35.64354369390695,-110,-28.977448189070017,-44.100013026602774
167,-1.61654,2.41353,1.5,-40.40108123256893,-35.909701477694654,-36.52889486660604,-110.0,-48.606070078821176,-35.429631477356274,-110,-28.270567045162224,-40.98290837674259
97,-7.61654,-1.58647,1.5,-40.98939455746899,-45.96465249544261,-45.00618959214181,-110.0,-45.40510406834677,-37.27382620067511,-110,-49.363914198842,-46.80688913205413
94,5.38346,-2.58647,1.5,-48.46406963118049,-62.85100660648182,-37.66923369115407,-110.0,-43.840985530055946,-40.53203424244914,-110,-31.99500585195736,-37.57673235762539
201,0.383459,4.41353,1.5,-44.349492242602146,-30.511890352554435,-49.2274046629968,-110.0,-42.65790555270696,-41.49751493780302,-110,-30.922330643591767,-42.80359175278505
147,-5.61654,1.41353,1.5,-53.86847303857515,-45.9486251348567,-28.681226251864,-110.0,-50.64958965767274,-36.385709447577845,-110,-33.927541102096114,-49.976815023919904
10,1.38346,-7.58647,1.5,-48.704929218453294,-46.67157489063976,-30.31678494744219,-110.0,-17.55794949140141,-38.77597496398881,-110,-35.38099986252928,-40.21383088308488
45,4.38346,-5.58647,1.5,-42.46468838155715,-45.22709020412576,-28.24524876780341,-94.1311417106508,-28.011856413442047,-35.58155501839267,-110,-42.840811720991994,-36.57503465735853
156,3.38346,1.41353,1.5,-49.44457873726285,-43.66036909852125,-60.67234484204294,-110.0,-34.60852569351206,-41.197641177106874,-110,-35.81319517515338,-51.633223361143095
81,-7.61654,-2.58647,1.5,-42.68815772561008,-47.31765694857713,-39.32526232283695,-110.0,-44.55268613671542,-48.576745615784176,-110,-50.2073484511859,-49.44112030969275
81,-7.61654,-2.58647,1.5,-41.62513053224892,-47.538323614257514,-34.350608012496515,-110.0,-40.78034655929037,-50.68776427674864,-110,-47.36946452609721,-56.03339079931094
71,-1.61654,-3.58647,1.5,-41.49266872914247,-56.70942878935854,-27.343321739466013,-110.0,-47.93031158692406,-53.23476534618209,-110,-38.25444572093193,-52.42256596806971
16,7.38346,-7.58647,1.5,-45.026890157803855,-45.72084177385677,-49.21553819136223,-83.52600699524093,-45.87023733722951,-33.163934730811505,-110,-29.97166641333864,-30.601958234474623
126,5.38346,-0.586466,1.5,-32.40565758234733,-48.468195246704,-39.07323197136073,-110.0,-39.851927062997774,-35.977886223120066,-110,-37.45122019903552,-40.9896241805328
95,6.38346,-2.58647,1.5,-51.428761498812655,-54.74016493700377,-42.149967357406574,-110.0,-38.37834682818163,-47.17367243849564,-110,-33.60680383286425,-40.27572295435088
32,7.38346,-6.58647,1.5,-44.90656096852854,-58.11432290565932,-41.43848883375369,-81.54860738027833,-41.69619258421639,-36.346747864921085,-110,-36.10573435460327,-27.47852578092651
205,4.38346,4.41353,1.5,-41.07004982308308,-34.28087353465875,-50.8084313752118,-110.0,-44.40156352400923,-50.93823252839209,-110,-45.1769367070964,-39.347263439738846
204,3.38346,4.41353,1.5,-47.03369129291334,-37.851803440850254,-58.1441020178484,-110.0,-45.05120398883802,-35.80693387528622,-110,-48.02356760187955,-43.700362693476976
227,-5.61654,6.41353,1.5,-28.5570342458453,-33.7018248527541,-38.167238759157655,-110.0,-53.976913962463925,-44.103568053606416,-110,-43.92976810882224,-67.25761106749665
130,-6.61654,0.413534,1.5,-25.930479343137513,-57.30448605730493,-40.247261089019325,-110.0,-39.04537386651548,-40.970443161174614,-110,-45.90714733295341,-44.96947050297153
187,2.38346,3.41353,1.5,-56.16639709909419,-45.23331048635824,-59.89996550243208,-110.0,-46.03091780597835,-40.2019805794234,-110,-26.037164406050593,-47.004582168308474
6,-2.61654,-7.58647,1.5,-27.7228401913032,-42.50859275778459,-22.7774381013988,-110.0,-46.824177125303585,-58.52311303740946,-110,-39.83199319442531,-46.67646174003832
49,-7.61654,-4.58647,1.5,-33.12512550123859,-36.612502613070944,-36.534200023572254,-110.0,-47.87012948817438,-53.774332625582154,-110,-41.326858912592456,-37.006226104150926
141,4.38346,0.413534,1.5,-39.61347168882494,-50.35763260662117,-46.888000943127096,-110.0,-38.391225129416426,-39.40918061327603,-110,-42.09694184206596,-37.61932317835282
135,-1.61654,0.413534,1.5,-45.5265536075382,-36.18530530180984,-37.04850836620969,-110.0,-54.69806488480747,-42.190259561708885,-110,-33.603226752077305,-43.473475533252326
5,-3.61654,-7.58647,1.5,-38.53087607116636,-38.81358504645792,-37.93667354411184,-110.0,-34.23810168092472,-57.33425493064497,-110,-54.32646864131907,-35.093954546161896
203,2.38346,4.41353,1.5,-40.35566927747533,-32.95010374282644,-56.12421471882193,-110.0,-40.37438586937874,-35.77256724768761,-110,-49.70658384193152,-32.997296197530325
102,-2.61654,-1.58647,1.5,-36.976745987308455,-40.615722297627926,-37.39262517161217,-110.0,-44.75546576738623,-40.88336520034536,-110,-37.59624701700172,-42.758986618304625
240,7.38346,6.41353,1.5,-52.48597808961062,-34.34841374654317,-44.889564962137705,-110.0,-57.64594532488224,-35.310976458740555,-110,-35.640214566743985,-42.18095561785358
70,-2.61654,-3.58647,1.5,-32.902598429072825,-32.04987740339707,-24.47216235774287,-110.0,-50.27216226561584,-45.39429097915309,-110,-40.075389871394535,-33.642230471899815
149,-3.61654,1.41353,1.5,-37.67210848050857,-42.49954303356737,-45.63059194581354,-110.0,-51.36589594819762,-37.41455680931892,-110,-40.01854448363749,-46.52353273373683
199,-1.61654,4.41353,1.5,-50.18074414716167,-37.632494876121406,-35.77482806298624,-110.0,-62.394240455526194,-46.02962903134167,-110,-29.40882762606689,-42.497641921314354
205,4.38346,4.41353,1.5,-44.43713790082886,-33.909378837968696,-47.86205463098622,-110.0,-36.387477399391386,-48.25800551469132,-110,-43.211389573570315,-46.36974388233048
218,1.38346,5.41353,1.5,-41.23536623583797,-33.382550459043706,-46.6843585878976,-110.0,-33.58570816694498,-51.34437692981751,-110,-37.57479304719363,-45.803864352324254
225,-7.61654,6.41353,1.5,-25.72595165067419,-27.087554365867632,-36.80238542455015,-110.0,-41.43542217657576,-55.52647811502146,-110,-41.44086840575989,-38.85560866500679
31,6.38346,-6.58647,1.5,-46.99512765872487,-43.90034800860058,-28.30865119021163,-83.6089712754606,-36.61066469262621,-34.114623841061125,-110,-46.650034959499614,-35.118804349593304
153,0.383459,1.41353,1.5,-53.71503240410098,-52.823368554283505,-41.62728945814544,-110.0,-29.71093559189906,-30.33897913642892,-110,-29.222525495626265,-34.99442751003546
32,7.38346,-6.58647,1.5,-44.7363471833245,-53.44300171877081,-50.16869048927895,-72.60473067601711,-36.83024833640818,-32.93691723392985,-110,-39.60270322714926,-22.92537367000728
92,3.38346,-2.58647,1.5,-63.08069959553025,-56.03331570786568,-33.787158245809486,-110.0,-47.071612163094315,-28.73743297291715,-110,-36.38712447479298,-34.44466523890299
176,7.38346,2.41353,1.5,-56.575169865461106,-59.724632636985895,-55.980775032467854,-110.0,-41.848230042244104,-30.549527867137407,-110,-37.43924662213157,-41.50460972247471
31,6.38346,-6.58647,1.5,-52.73625050757811,-43.10749930916921,-34.19708572903872,-75.00144324620976,-33.10071342463084,-37.856725025044625,-110,-44.75802154429632,-32.68127779998374
81,-7.61654,-2.58647,1.5,-39.35471270626707,-47.51595937368253,-34.56484803078894,-110.0,-41.36311147685584,-47.797608958002165,-110,-45.11172339645998,-51.27812798234393
86,-2.61654,-2.58647,1.5,-49.35709616396508,-43.36328039382938,-36.72507817585171,-110.0,-46.736876572207194,-44.067236171419935,-110,-41.81193406036622,-46.59005405220315
216,-0.616541,5.41353,1.5,-41.791757619230054,-28.354194617655352,-36.66702937191731,-110.0,-50.81102971096037,-56.72509094531264,-110,-41.78774454161703,-58.84300759793327
137,0.383459,0.413534,1.5,-50.10952693800332,-52.9077976662778,-47.67869268155324,-110.0,-39.10867761232885,-40.45365052979416,-110,-28.35912445030495,-39.13210461933924
105,0.383459,-1.58647,1.5,-47.42904104836166,-48.79365005108376,-44.943426006099024,-110.0,-29.5506887612782,-33.29674935429974,-110,-33.60017043662954,-37.78919779261976
188,3.38346,3.41353,1.5,-41.76575497774276,-44.08805003053611,-45.59157824960215,-110.0,-45.74822606696763,-48.534301733283286,-110,-31.00177961999794,-40.94374745880555
88,-0.616541,-2.58647,1.5,-55.41819261055666,-35.18014565509058,-31.891405457377793,-110.0,-67.81388413953498,-49.97032569670944,-110,-35.86065448143051,-35.60873377040318
199,-1.61654,4.41353,1.5,-49.02692351234624,-42.651758126301985,-40.97544778553106,-110.0,-64.80801940605775,-44.57018559340675,-110,-34.707926847574626,-39.66436416016166
182,-2.61654,3.41353,1.5,-35.51703397389456,-34.611052617942875,-36.54503295432537,-110.0,-35.12331307782156,-36.79050261382382,-110,-32.29806764439937,-41.01405686692716
141,4.38346,0.413534,1.5,-37.29398752457353,-52.71259368302186,-44.02056109929288,-110.0,-41.89376249777535,-38.690820002492494,-110,-32.63029676980468,-31.76082912940059
113,-7.61654,-0.586466,1.5,-33.266270995619294,-52.55169718346881,-41.34199916995826,-110.0,-41.67533159274829,-37.53409915996046,-110,-50.00796657118826,-44.02181425404137
145,-7.61654,1.41353,1.5,-37.47646268754991,-27.424941823276956,-46.35946098721091,-110.0,-53.85820792604096,-40.638727191739854,-110,-38.84903749725584,-39.255719563158955
229,-3.61654,6.41353,1.5,-62.70618135273024,-32.388212927454695,-57.37976403089819,-110.0,-53.676203733275294,-48.050266827798005,-110,-50.94749604179295,-44.42802640704912
218,1.38346,5.41353,1.5,-35.51908156298122,-37.950892071747575,-48.71953727422713,-110.0,-37.765436048395166,-50.052672653979215,-110,-32.74036725523204,-40.685798723142184
237,4.38346,6.41353,1.5,-86.96705668316717,-38.786759902870635,-51.679373660793274,-110.0,-38.3240480419054,-28.295337805924294,-110,-36.738410655778765,-39.498133066928105
192,7.38346,3.41353,1.5,-60.99716830312906,-57.45687876693115,-42.72899564976486,-110.0,-43.671169572625885,-23.88855222723293,-110,-18.856213037929848,-34.81955393716774
180,-4.61654,3.41353,1.5,-29.64665015529881,-38.54821063636941,-36.828046279996826,-110.0,-45.66071520266099,-66.81035723464417,-110,-35.68156585218416,-39.68735625642838
72,-0.616541,-3.58647,1.5,-39.30975371515304,-38.20717121953602,-47.69633786031609,-110.0,-49.247552317875765,-44.7815004721384,-110,-37.802442520771486,-40.874482126329994
40,-0.616541,-5.58647,1.5,-53.27547269573622,-38.2434287120399,-33.54764985324685,-110.0,-37.83168032004473,-44.79790094849142,-110,-43.33582658746989,-44.883676927807066
107,2.38346,-1.58647,1.5,-58.11897175266617,-49.766750740500065,-42.11681599760389,-110.0,-41.69315295032527,-48.99835856627846,-110,-36.37111769669626,-31.892689711314347
201,0.383459,4.41353,1.5,-39.09926309652435,-31.35886948954935,-53.095823341001825,-110.0,-37.11856273891099,-34.2547089009728,-110,-25.21702618552162,-44.01382434101984
67,-5.61654,-3.58647,1.5,-36.369383751022845,-30.474713608910474,-35.31638950622667,-110.0,-36.817215289147015,-54.60206759908539,-110,-51.69921087987009,-53.76732728416881
44,3.38346,-5.58647,1.5,-49.93058592331091,-55.650644445321085,-35.3493239345658,-99.65734987389656,-41.42494327724465,-39.11883445769782,-110,-40.429142609605925,-28.71779759463159
77,4.38346,-3.58647,1.5,-40.08732165897917,-52.58091205461787,-38.351081148809165,-110.0,-36.71133778085349,-38.38256070385991,-110,-37.68731890972669,-32.153267125690235
111,6.38346,-1.58647,1.5,-44.00462272070795,-54.19099357021192,-38.38325400916192,-110.0,-35.097085763689215,-36.467396538805126,-110,-33.365759144743954,-33.72334418042547
4,-4.61654,-7.58647,1.5,-35.488824522496195,-41.6673646028247,-35.58607741495922,-110.0,-27.116525456403735,-39.20321094526804,-110,-47.9759097935655,-42.41366957003423
133,-3.61654,0.413534,1.5,-36.75381965432483,-35.95633841936076,-38.888301992666705,-110.0,-47.06267293372532,-38.55952624187101,-110,-34.15792228306206,-44.32419064141767
157,4.38346,1.41353,1.5,-41.572744617022906,-33.722341216376876,-48.09213164414871,-110.0,-45.48507247562844,-41.952912597688,-110,-31.8850838808083,-31.608411303754227
185,0.383459,3.41353,1.5,-41.98262524466599,-47.48768513390188,-52.66126754857952,-110.0,-34.61994212333951,-32.797502688792164,-110,-22.112124878913043,-35.9465922723738
144,7.38346,0.413534,1.5,-40.40251794599027,-67.41586238826747,-37.88271515342359,-110.0,-33.814613032096126,-24.51362814120297,-110,-38.24463405039376,-41.456333280482845
220,3.38346,5.41353,1.5,-40.2250746416768,-36.23676190315927,-47.30118537944187,-110.0,-39.60064624477259,-32.44898985715763,-110,-44.28312186259731,-45.422403336430406
177,-7.61654,3.41353,1.5,-25.0708412310098,-41.29484598222472,-50.72941250540712,-110.0,-40.88504039728898,-35.094311616042305,-110,-46.396252834501794,-43.407020129138054
106,1.38346,-1.58647,1.5,-42.23899057320069,-50.51321378287142,-59.09022951711246,-110.0,-53.89253414656945,-36.48562180168388,-110,-37.65598501483029,-41.39751301357917
77,4.38346,-3.58647,1.5,-43.63810866863891,-53.968812178207855,-41.76326282368373,-110.0,-37.239214312558985,-36.83396129919578,-110,-38.102513730021705,-35.917162373826166
25,0.383459,-6.58647,1.5,-56.77936523432179,-50.70755775284316,-44.248382672673834,-94.5800603331843,-28.163973929756608,-39.55835387542602,-110,-40.13201490420102,-37.064010077884184
194,-6.61654,4.41353,1.5,-27.6513010064677,-36.93996197395174,-35.44914955818911,-110.0,-50.276413145574914,-51.34106707041733,-110,-36.44845580985635,-42.44662212291158
199,-1.61654,4.41353,1.5,-43.24799778825228,-40.69402847152395,-36.15509686230014,-110.0,-54.02788943874661,-46.74039912805266,-110,-31.33966915036052,-40.52858660985749
56,-0.616541,-4.58647,1.5,-51.964558572234026,-41.12920618043827,-24.469721658876697,-110.0,-51.651972957087885,-49.380985371026824,-110,-38.63554056342585,-40.38560980979273
124,3.38346,-0.586466,1.5,-51.94106617182469,-52.59465515276524,-51.00401336371955,-110.0,-38.35822601511529,-32.3565077768367,-110,-24.182766190431607,-39.2901061252807
77,4.38346,-3.58647,1.5,-41.08262433798869,-55.89774255560373,-36.76404572171253,-110.0,-36.04586426561129,-35.544056819621815,-110,-39.55896007972328,-34.13089654093056
169,0.383459,2.41353,1.5,-36.05190440962567,-47.20590053160469,-64.38271100379056,-110.0,-33.79842328824725,-34.95330671690236,-110,-30.64179822364783,-75.77140870905511
102,-2.61654,-1.58647,1.5,-42.35660749994328,-31.340146437383055,-39.38430547221412,-110.0,-45.06553038146239,-38.21597395461174,-110,-33.38082551394498,-41.96538068034057
76,3.38346,-3.58647,1.5,-42.65911238694033,-37.59589400724763,-39.249329334370024,-110.0,-29.625606465821512,-36.22158924771992,-110,-42.08719166626639,-33.17561271975081
31,6.38346,-6.58647,1.5,-51.29191970526405,-46.442701843495904,-33.13905239899349,-80.59857939325993,-39.5410246880708,-34.76216822793147,-110,-46.61328298259227,-30.11016331918612
208,7.38346,4.41353,1.5,-39.771796935616635,-42.17576198231245,-52.35552062116681,-110.0,-45.2973418972684,-26.655746088118157,-110,-30.65480971314614,-38.615755723947835
164,-4.61654,2.41353,1.5,-41.841527564567976,-42.69194924691873,-36.8254146980904,-110.0,-53.48170883533167,-39.150095502825835,-110,-31.38652817031841,-57.42911462247034
158,5.38346,1.41353,1.5,-57.00341603890275,-61.536283963326774,-39.664053243503616,-110.0,-33.77401656429302,-55.381944727906486,-110,-48.8238525839108,-41.711931402935384
211,-5.61654,5.41353,1.5,-21.2102451599624,-45.46201062171271,-37.90978929399883,-110.0,-50.50329042625111,-57.71540830264014,-110,-40.51378159582827,-43.23140494250709
93,4.38346,-2.58647,1.5,-42.91617128291368,-52.14914615123395,-40.09020814151787,-110.0,-34.382423124703635,-38.31485996036848,-110,-33.55377903915907,-46.73926641948069
226,-6.61654,6.41353,1.5,-35.480960476820435,-31.187026450331732,-38.503084622273306,-110.0,-62.086441171158846,-45.476136574179286,-110,-47.301626375720865,-47.019525976992114
44,3.38346,-5.58647,1.5,-47.67942760968371,-50.294242684460265,-28.45604852729742,-92.4537485354947,-42.98844280331899,-36.13490282264744,-110,-43.47471505278707,-32.08016530869415
136,-0.616541,0.413534,1.5,-35.082143977224696,-35.783207478527174,-39.602454108372825,-110.0,-63.17502241358438,-40.020164634716515,-110,-35.76616127450018,-44.25371697862491
53,-3.61654,-4.58647,1.5,-35.67301726509514,-29.496428988627535,-32.26079522196213,-110.0,-41.43124697038368,-47.45326501060529,-110,-37.22417750015537,-61.740407547279304
61,4.38346,-4.58647,1.5,-41.17717844451032,-41.05248999929832,-35.9391297593381,-110.0,-28.875132938035172,-45.65046664088567,-110,-42.26887322274043,-36.02556225535716
18,-6.61654,-6.58647,1.5,-34.287857484565436,-37.7034791229304,-34.04056630979859,-84.58839281344348,-35.945311637327904,-48.171667966161536,-110,-37.522300824372735,-43.46288666917949
130,-6.61654,0.413534,1.5,-38.88893916923453,-50.01040858977018,-48.47680154628859,-110.0,-34.43404185052338,-40.21434449665598,-110,-45.57058129416345,-56.202639435435785
177,-7.61654,3.41353,1.5,-30.329823821069656,-39.79333498687723,-54.6387322641192,-110.0,-43.706268581116106,-33.6761761378978,-110,-37.060573793212214,-45.503034919783616
116,-4.61654,-0.586466,1.5,-33.639073091459785,-44.770622988686014,-34.206675025537876,-110.0,-39.32799306238046,-35.89322587396325,-110,-45.7466188207745,-39.391268240323654
100,-4.61654,-1.58647,1.5,-45.29822918737224,-38.16002008054825,-29.69747873517739,-110.0,-31.278251997061727,-41.98599819081891,-110,-35.21003979141957,-51.17180575594604
166,-2.61654,2.41353,1.5,-41.97078493705531,-33.328390970549044,-41.62345668234116,-110.0,-38.12452929509516,-46.5950936652167,-110,-34.800689299981315,-54.07985441079741
122,1.38346,-0.586466,1.5,-44.18880172508645,-52.051301136873896,-48.64909825913097,-110.0,-42.354783559648695,-45.97152538826771,-110,-37.389582883936264,-35.113662443867504
198,-2.61654,4.41353,1.5,-46.39920009362625,-33.103962750822504,-40.987979900026154,-110.0,-50.85768041554799,-44.46231305397884,-110,-32.161546567021695,-45.11837034242893
133,-3.61654,0.413534,1.5,-44.68152266466827,-37.45643340210841,-43.519726724676126,-110.0,-55.172939095143526,-46.881371203342965,-110,-29.428102709421573,-49.64728047633629
17,-7.61654,-6.58647,1.5,-44.33561541771805,-40.23123361373643,-34.18865016303637,-96.89590259256944,-49.57049946082056,-48.99089020345727,-110,-52.08050175134428,-50.49294490814776
78,5.38346,-3.58647,1.5,-41.98023952046255,-58.42206795985903,-50.15857364387968,-110.0,-32.538045101795355,-36.758733674164766,-110,-33.458591730708385,-36.53446419922315
215,-1.61654,5.41353,1.5,-55.60910017481676,-36.454747104588506,-48.929690433188014,-110.0,-46.951796076872945,-46.78088537419073,-110,-34.204492428217755,-42.387670300054424
171,2.38346,2.41353,1.5,-39.62378298474839,-57.877151790480745,-39.460321297337266,-110.0,-47.083273580118835,-39.49170006218183,-110,-30.405872925256553,-42.39923983078731
147,-5.61654,1.41353,1.5,-52.92872320208159,-41.822047846097576,-37.12656691227096,-110.0,-47.29140481695323,-36.76123417911446,-110,-40.202640418293235,-49.81263495227101
205,4.38346,4.41353,1.5,-49.286253667267616,-23.202999612689773,-55.9439756366845,-110.0,-38.34227061951314,-41.63866163496723,-110,-38.13347126186383,-37.18268542118472
166,-2.61654,2.41353,1.5,-37.71563402664301,-35.16767124252876,-37.504986353682305,-110.0,-35.937904031553586,-43.03821090170729,-110,-28.76940928805257,-47.96031610762888
116,-4.61654,-0.586466,1.5,-40.98635169672596,-47.29281895080484,-38.83609369416993,-110.0,-49.473074039556245,-36.897495611255266,-110,-41.84043297812734,-44.0226266371903
172,3.38346,2.41353,1.5,-50.736398989553216,-31.226969915046247,-51.399527681540434,-110.0,-37.860445278686,-30.37956559855079,-110,-38.24838095896923,-36.98918078603502
61,4.38346,-4.58647,1.5,-42.61962191706785,-47.278272470032306,-36.50995755368201,-110.0,-33.72539214747966,-38.643897415823446,-110,-35.25736404816737,-32.38003543913947
23,-1.61654,-6.58647,1.5,-37.3250276931743,-33.81516952647455,-20.717799384367577,-97.91661638857488,-37.02577126171509,-47.92506917874949,-110,-31.516215930683213,-42.25862583398823
106,1.38346,-1.58647,1.5,-42.0875954293282,-55.61998867669115,-50.99127258874804,-110.0,-47.37685296600402,-37.23242424231834,-110,-35.36447049390837,-37.37518086021275
23,-1.61654,-6.58647,1.5,-36.79150049701589,-39.262160723650105,-25.536479999351876,-100.56782560728304,-37.83299239194256,-46.86238393270158,-110,-33.78593846662248,-39.230043366504574
69,-3.61654,-3.58647,1.5,-37.95151474764292,-39.99334117609285,-36.22792121658986,-110.0,-37.72789082114949,-44.015780119460715,-110,-38.33710141162429,-41.55329890053947
138,1.38346,0.413534,1.5,-42.07777193510977,-56.79551560584003,-36.27848956874835,-110.0,-35.926842363022814,-58.48260502472561,-110,-35.995663618350584,-36.318173268384335
1,-7.61654,-7.58647,1.5,-110.0,-110.0,-110.0,-69.63352265341653,-88.48897245423612,-110.0,-110,-110.0,-110.0
123,2.38346,-0.586466,1.5,-43.01549804213855,-48.544923192944246,-51.23343676320369,-110.0,-40.753535247834634,-48.23810865737996,-110,-38.15457131287633,-33.4282431373496
48,7.38346,-5.58647,1.5,-44.833528274918585,-44.651967654326135,-38.4795201371426,-100.44836531871758,-40.09158294942823,-32.68389961288719,-110,-38.84713955927152,-18.68148820390343
96,7.38346,-2.58647,1.5,-39.07867946916823,-46.35393274320998,-40.02409164003619,-110.0,-40.378260418275104,-38.4106619747303,-110,-51.15883410583409,-32.66568544091608
150,-2.61654,1.41353,1.5,-34.25166680665898,-40.34119922628532,-49.219772940256554,-110.0,-46.6982941513977,-45.65778038878976,-110,-36.8412914142375,-46.91378826352712
19,-5.61654,-6.58647,1.5,-35.7945624137841,-52.700050578878376,-48.90732497756613,-110.0,-42.4902683836052,-47.57467929112489,-110,-41.80710768431054,-53.957263025249055
236,3.38346,6.41353,1.5,-62.03746464313137,-36.13207686281068,-61.34503783612588,-110.0,-47.79007380141406,-36.26297346017734,-110,-49.72031555979436,-46.16223352254253
69,-3.61654,-3.58647,1.5,-33.93977617604229,-50.1495462770927,-38.90593949429809,-110.0,-38.63036428714481,-44.199711520722545,-110,-36.241263910461896,-49.60603094520096
206,5.38346,4.41353,1.5,-43.304370567015496,-30.78289753457322,-61.29989667297351,-110.0,-53.85796100196233,-33.868804638744564,-110,-32.0650404439707,-40.19376993493188
171,2.38346,2.41353,1.5,-42.5995489534818,-62.45484678139584,-41.92035767705263,-110.0,-44.46807205025893,-37.456299108910365,-110,-27.384485803164615,-41.77031447112258
148,-4.61654,1.41353,1.5,-35.28728352204715,-32.45976463719401,-48.93537443559214,-110.0,-59.10306613591225,-37.90393278497652,-110,-38.58402607713011,-46.37756934265268
219,2.38346,5.41353,1.5,-40.893419436518535,-36.49639802369224,-59.15940654972529,-110.0,-45.078850159632665,-36.48398990636576,-110,-38.98116019085115,-35.82817314305206
240,7.38346,6.41353,1.5,-49.36242683174352,-36.90448182941299,-49.14529709569619,-110.0,-58.85886139654328,-38.14697495171051,-110,-33.579436842631544,-42.70089460208524
235,2.38346,6.41353,1.5,-35.76697177801137,-26.757631389942716,-43.56731249288915,-110.0,-48.22343836090567,-54.65100259273101,-110,-38.87394024042987,-51.187267652561864
134,-2.61654,0.413534,1.5,-37.29986046286099,-38.92717826293665,-44.855120337369605,-110.0,-46.17432260882194,-36.26215415050977,-110,-23.07611716395649,-52.034355310816224
25,0.383459,-6.58647,1.5,-54.827637842513234,-51.59354081479529,-39.4420444362576,-98.29036588684008,-31.96504377984129,-37.69176949631616,-110,-36.02109019764102,-33.990580319007556
44,3.38346,-5.58647,1.5,-40.64904872454767,-53.20255567244821,-37.61385070087387,-99.48412710488188,-41.72645959837518,-39.50481119897428,-110,-39.239909752573325,-31.87009030471649
77,4.38346,-3.58647,1.5,-41.69594865176147,-56.90361251333756,-35.472829748453044,-110.0,-37.15194627363472,-43.54286312329073,-110,-41.95737579287598,-31.56024317362081
104,-0.616541,-1.58647,1.5,-38.4972035731612,-33.14258904721974,-29.708701398125346,-110.0,-44.46607435395934,-48.16205260825022,-110,-33.44216051078887,-44.74587135486193
222,5.38346,5.41353,1.5,-41.151418839941904,-46.40162854197581,-54.63254502183569,-110.0,-43.005796136546195,-34.422663211582034,-110,-39.90693385849909,-29.132391981061147
197,-3.61654,4.41353,1.5,-34.22170962029229,-33.23965395246221,-47.790354292202295,-110.0,-41.93973683942422,-57.19005406965035,-110,-37.69010915800657,-50.9219662357679
72,-0.616541,-3.58647,1.5,-40.17485426933649,-38.001742053118214,-47.58545953202336,-110.0,-53.313764206624725,-43.14568273020585,-110,-36.861558380060984,-41.225948157139406
26,1.38346,-6.58647,1.5,-42.44014706515622,-50.20425871502098,-37.96685396756408,-93.2558510548821,-25.161761983363785,-29.7110622721406,-110,-50.03605999921583,-30.342569592800174
155,2.38346,1.41353,1.5,-38.30283188279347,-51.93539456304404,-45.89091678927287,-110.0,-40.3865466292212,-35.200936265373976,-110,-35.59756891985908,-44.65648007284143
88,-0.616541,-2.58647,1.5,-46.46341645262917,-41.66172661960704,-31.080031604887033,-110.0,-70.30875620362923,-41.27868467470083,-110,-28.07385985714519,-42.81871392773105
152,-0.616541,1.41353,1.5,-38.27999860807737,-39.28147913929716,-31.66616960102329,-110.0,-33.76204140002007,-46.92787007497513,-110,-29.00693710188651,-42.9098168836243
56,-0.616541,-4.58647,1.5,-48.009737713974744,-39.71990310587266,-31.066579701434527,-110.0,-45.29554738741361,-43.28080953539705,-110,-39.62435749420936,-42.05394833538212
191,6.38346,3.41353,1.5,-57.25104216063091,-60.02323117257744,-54.38190552613596,-110.0,-57.8134948764214,-38.84634324928356,-110,-33.39028906981073,-50.70402962242124
160,7.38346,1.41353,1.5,-50.55769832403446,-49.50691475408824,-52.77596097341499,-110.0,-43.87695445538974,-26.87536293868004,-110,-48.9180357704451,-50.00023031556002
172,3.38346,2.41353,1.5,-43.884793284049344,-33.09900073481409,-49.78603310488799,-110.0,-38.7237635124996,-27.894004754482953,-110,-34.851262144207034,-35.79939064659502
22,-2.61654,-6.58647,1.5,-29.36323198155769,-42.14272245804326,-31.697496643986256,-73.67135082894056,-42.3064873583691,-38.86674383841139,-110,-39.330362003479614,-42.04170817710584
194,-6.61654,4.41353,1.5,-32.84044265002663,-40.357952137411615,-31.49808596360252,-110.0,-51.33203036672783,-53.87105397216028,-110,-36.4769968204178,-40.69081356732451
171,2.38346,2.41353,1.5,-39.619065033793255,-57.22899073958242,-37.216326627440246,-110.0,-49.51172095070106,-33.86306044847245,-110,-24.26939696634889,-45.065276923247325
133,-3.61654,0.413534,1.5,-35.31178157483237,-37.81116396935604,-45.49765452500744,-110.0,-49.57096456441045,-41.02053465368573,-110,-29.1125214868131,-43.171998181295656
94,5.38346,-2.58647,1.5,-47.449522141132945,-54.35163047968921,-45.380207128381926,-110.0,-44.19381769747302,-40.17347138920259,-110,-38.06290483327787,-33.49215049294981
95,6.38346,-2.58647,1.5,-43.70662293929157,-50.48759810591307,-43.05981856882044,-110.0,-34.713646032791225,-50.53710766768229,-110,-34.652512913874546,-41.16263048796449
63,6.38346,-4.58647,1.5,-45.042255555944536,-47.239025046983386,-48.45430473301197,-99.6826922393204,-31.14596936556191,-30.598093633961728,-110,-29.53254183884785,-30.011213069178233
56,-0.616541,-4.58647,1.5,-45.10221750976322,-46.607908800853075,-29.778269556771733,-110.0,-52.483323020074685,-52.12903756140869,-110,-35.27259167207566,-42.79413145122905
127,6.38346,-0.586466,1.5,-42.40110164898602,-36.49048414445333,-43.26294223982696,-110.0,-41.481784256397546,-29.066231373143328,-110,-35.812577446528486,-38.50035163371763
179,-5.61654,3.41353,1.5,-32.969354471455404,-49.52190924642633,-42.93352609761488,-110.0,-36.56393265801349,-42.46503759475009,-110,-37.99438490142744,-52.82886657204679
8,-0.616541,-7.58647,1.5,-32.61124527940386,-34.74088631676951,-55.57695914180974,-110.0,-49.64418771049169,-42.75176750913914,-110,-50.230522513531454,-46.750168797755734
232,-0.616541,6.41353,1.5,-32.33073416873265,-18.9137270063189,-37.83140479944734,-110.0,-50.30899876008684,-50.302417017530026,-110,-81.97098696628163,-51.55619137676495
233,0.383459,6.41353,1.5,-40.52435431703861,-19.229612360475866,-38.658506157523114,-110.0,-40.83100401323666,-47.22475343200778,-110,-41.04890670385266,-46.52325130896023
198,-2.61654,4.41353,1.5,-40.00629623754434,-38.613037186515186,-43.42975924295731,-110.0,-46.7671300249613,-40.66354415615052,-110,-37.29252976029696,-43.98191761840903
33,-7.61654,-5.58647,1.5,-65.72476937451395,-45.05228844855149,-31.21355337889367,-110.0,-31.618915562235458,-50.98844033337389,-110,-39.8563321778041,-44.95980495137296
90,1.38346,-2.58647,1.5,-56.06252064185837,-44.94449051038036,-39.22305288694,-110.0,-34.147185502388794,-34.40899727193638,-110,-35.8666795986513,-42.040375697220725
54,-2.61654,-4.58647,1.5,-45.24471083266748,-36.00613731019812,-36.003335998310234,-110.0,-36.67118484669032,-50.78965773420129,-110,-42.68779863405202,-49.353735912377715
234,1.38346,6.41353,1.5,-28.184665721428672,-24.641824513538783,-52.17156217711596,-110.0,-39.60035724523169,-42.626597434958114,-110,-25.269166397898168,-39.32131970615627
124,3.38346,-0.586466,1.5,-46.305435724512925,-53.54916615941846,-53.47382059719677,-110.0,-36.20773808576854,-37.99474507386633,-110,-27.936980660987096,-40.95308352728955
203,2.38346,4.41353,1.5,-38.21841471068217,-41.44403564727259,-57.53782558545363,-110.0,-41.347840031173064,-41.355225353766265,-110,-49.31985654587045,-36.81602350527451
173,4.38346,2.41353,1.5,-47.296512898726974,-45.05949270682973,-41.07566055880121,-110.0,-34.54898338015186,-32.492837411273904,-110,-31.71903329045495,-42.60465293469916
17,-7.61654,-6.58647,1.5,-38.92276974270936,-46.35526079182596,-33.248398762034036,-96.59655960729016,-47.557184961874405,-49.60353075765186,-110,-53.71740793888298,-46.92599429319081
102,-2.61654,-1.58647,1.5,-40.83325252586164,-35.996243945801986,-34.438763893248606,-110.0,-37.625346722106215,-41.72244192438903,-110,-30.41433201356334,-41.14376025001327
125,4.38346,-0.586466,1.5,-37.21123003285938,-55.96660254918088,-49.55275561446216,-110.0,-33.91212289816485,-30.670569633124916,-110,-44.55999798088598,-40.12119627543276
195,-5.61654,4.41353,1.5,-21.214901708904367,-33.1403679109901,-41.21704485914555,-110.0,-41.04846404350431,-43.22303974615597,-110,-36.709454480047825,-47.61984072507519
32,7.38346,-6.58647,1.5,-45.33605803315033,-56.99224086012648,-40.14408405015255,-73.7844479619994,-40.17026861807663,-33.31192709625439,-110,-34.523382784343994,-25.245038267175858
109,4.38346,-1.58647,1.5,-53.5523028306763,-47.7970183519818,-36.19092253364404,-110.0,-40.20853733693803,-36.10583886591439,-110,-30.441043752645005,-35.443047063946416
229,-3.61654,6.41353,1.5,-63.18484052650387,-27.244431575608896,-51.75350916184619,-110.0,-53.75234878415134,-52.06766787416611,-110,-50.86036021877673,-44.52772793713907
136,-0.616541,0.413534,1.5,-35.5020364949449,-33.755766750252086,-28.720684283623346,-110.0,-59.23718241021126,-40.164617809325875,-110,-34.040182704378346,-50.38774258013067
108,3.38346,-1.58647,1.5,-46.21032373624734,-60.0943206877817,-40.79649232612736,-110.0,-38.84086857993387,-44.929556823551025,-110,-54.41799942485353,-42.52890442076039
80,7.38346,-3.58647,1.5,-45.663310290358574,-46.89752697460201,-53.20561436101021,-110.0,-41.120231037698616,-36.408309389795065,-110,-34.519901694972376,-50.27014605822393
199,-1.61654,4.41353,1.5,-49.562552901062304,-41.809222929872256,-38.71715281474974,-110.0,-55.130226337422826,-46.3285361655168,-110,-30.601951039022342,-42.62883375160888
38,-2.61654,-5.58647,1.5,-42.59059009385578,-41.08060848047208,-27.618892214214032,-110.0,-31.009735660686825,-46.328261293997166,-110,-37.38508680509197,-36.93176488984756
26,1.38346,-6.58647,1.5,-38.383932849116704,-52.74378465323752,-40.258317078058965,-95.3517793139453,-24.09645595085045,-31.6528484026119,-110,-45.227880142545594,-31.419613388178767
193,-7.61654,4.41353,1.5,-32.360342830125255,-45.40485607477158,-36.49041403255371,-110.0,-40.428049271111725,-63.414771691956695,-110,-37.589505330018525,-49.62122047505151
2,-6.61654,-7.58647,1.5,-32.42154705410447,-49.698580773300264,-43.32795902576244,-110.0,-34.17223389019757,-45.837720499685815,-110,-46.18669016644367,-40.19748703169212
138,1.38346,0.413534,1.5,-40.29767850683432,-53.990600163456946,-42.30479841003239,-110.0,-31.80063224998743,-58.60818420634478,-110,-31.6223078782408,-36.30957859282152
58,1.38346,-4.58647,1.5,-44.14087376566027,-52.14799678235397,-43.31566621465196,-110.0,-30.8216460920789,-33.85499590801922,-110,-44.34113835194098,-38.52374984093372
38,-2.61654,-5.58647,1.5,-36.338603060475464,-33.760468201650255,-28.252152293704867,-110.0,-33.68293899250599,-39.97289059012385,-110,-44.9949314238485,-43.269530003994674
121,0.383459,-0.586466,1.5,-39.41663385819132,-44.86974871098363,-51.10076863558868,-110.0,-37.66397784922625,-27.58294236168338,-110,-34.31111972582994,-35.82009712364316
187,2.38346,3.41353,1.5,-54.67157196390905,-42.14518292539795,-56.87533131044491,-110.0,-47.29033264006827,-37.66299751266959,-110,-27.377623512834056,-42.60454738518127
86,-2.61654,-2.58647,1.5,-51.25549221474042,-47.24836650889275,-33.893414445341776,-110.0,-42.70201534729059,-38.08095241246125,-110,-41.19454507201648,-40.659282124165635
103,-1.61654,-1.58647,1.5,-29.519843083003092,-39.124760661827054,-36.84077257486383,-110.0,-42.971658249323355,-42.07133763211533,-110,-41.587294577779936,-64.4335035678759
40,-0.616541,-5.58647,1.5,-54.591583086568875,-47.7412071766217,-28.73280419502374,-110.0,-40.02501163574101,-46.20744286489815,-110,-49.39891049756982,-41.29968803109557
157,4.38346,1.41353,1.5,-40.89445168719765,-36.24352740954556,-49.90997780409455,-110.0,-45.63834877372915,-41.444640989964434,-110,-27.536217556532502,-40.40582333650759
12,3.38346,-7.58647,1.5,-42.558405054493136,-50.778038182718994,-36.15877343610903,-84.26304915888217,-37.4362684785489,-43.54858392192541,-110,-44.27548684788391,-41.7772863987242
43,2.38346,-5.58647,1.5,-56.0356139573269,-52.29783860502646,-46.6021429530094,-94.6837914819363,-24.29580160719112,-40.579760435949346,-110,-33.22220138527816,-36.13399370875556
111,6.38346,-1.58647,1.5,-44.35481043731512,-63.61012228264158,-44.39499503236437,-110.0,-36.23986201470373,-42.28874536041013,-110,-38.26350962618845,-33.570182667696066
21,-3.61654,-6.58647,1.5,-33.70377978818796,-39.15154603227888,-35.70846296530114,-79.20559900342585,-27.24767678801392,-49.00356808307493,-110,-38.168637435132595,-37.42276360824572
9,0.383459,-7.58647,1.5,-57.457261617783665,-47.11859287569206,-30.9139912967088,-110.0,-29.1571920662341,-34.78933493703336,-110,-48.09913694539958,-28.97184094223786
28,3.38346,-6.58647,1.5,-39.56921054184378,-40.96797374151453,-32.72500743939007,-75.92171892062203,-31.391634707087785,-33.585439300513656,-110,-31.40829616641283,-39.591694343905495
194,-6.61654,4.41353,1.5,-29.56019784195903,-38.443070040799846,-32.05244137284976,-110.0,-54.356413204385866,-53.77852702733392,-110,-40.07477909111462,-41.05124639423122
162,-6.61654,2.41353,1.5,-33.028919381628974,-32.40345186253787,-43.00925830558306,-110.0,-49.62784512030461,-42.02017405050139,-110,-35.369754524473926,-45.28133136438232
182,-2.61654,3.41353,1.5,-33.573872814362396,-26.57272394847289,-40.82968917967968,-110.0,-37.819963993471205,-32.85674012305188,-110,-30.065478053705867,-47.69113471374568
79,6.38346,-3.58647,1.5,-35.52935753580482,-45.9372511962856,-40.508403607264945,-110.0,-38.98506206713226,-38.55688685353616,-110,-51.829630225377315,-30.963527193212123
80,7.38346,-3.58647,1.5,-40.84236450377006,-41.325169502552555,-47.22809284806221,-110.0,-46.258494211071046,-33.151267167121894,-110,-29.990239443133408,-54.400177792914185
239,6.38346,6.41353,1.5,-53.55759029691127,-31.38791146662556,-55.22936496105448,-110.0,-45.606014631800214,-40.312937763666845,-110,-43.60237273238056,-35.29302065212965
59,2.38346,-4.58647,1.5,-35.07727625344088,-50.70666396690782,-39.022287559455506,-110.0,-36.4568583836432,-32.98557031213264,-110,-40.77661868398235,-29.99903211266185
92,3.38346,-2.58647,1.5,-68.46030885293003,-51.65709729729457,-37.62417746108083,-110.0,-42.18120905006392,-31.866717927244924,-110,-38.123071655983935,-34.06459229121818
111,6.38346,-1.58647,1.5,-43.931061881488915,-56.19859526591389,-39.66727433688477,-110.0,-37.01189761079992,-39.84419036785939,-110,-35.303852252541006,-30.23732018476013
175,6.38346,2.41353,1.5,-57.69598650244324,-52.765114034185736,-41.65982948113809,-110.0,-36.38332152003966,-33.61548515305252,-110,-34.09544099568554,-49.53772128911039
189,4.38346,3.41353,1.5,-44.09470902512197,-53.02386502571025,-50.34630760096183,-110.0,-43.55364437811506,-25.563452683732812,-110,-35.48540088495847,-53.03714585519236
234,1.38346,6.41353,1.5,-29.895743005772957,-28.1191321872961,-51.0745093722072,-110.0,-40.896112847867435,-38.96979535162278,-110,-31.08606645652972,-41.92591636602067
238,5.38346,6.41353,1.5,-66.51562323003618,-38.717033269040584,-41.36681699192236,-110.0,-46.196836198039954,-33.78201731808571,-110,-42.55668746803206,-38.360295133916786
29,4.38346,-6.58647,1.5,-40.236831734985635,-56.22188489843153,-44.46594223114192,-73.30349403267502,-27.618318065217956,-36.112089260892056,-110,-40.16738712555946,-29.529133716489287
167,-1.61654,2.41353,1.5,-36.530497987248374,-36.19560550395631,-38.32509601956025,-110.0,-48.29196186729145,-40.546201449837845,-110,-33.04774459643877,-40.797311029279385
223,6.38346,5.41353,1.5,-42.76144726373517,-56.13641673749835,-51.40298063474496,-110.0,-47.86224190483803,-38.71300601570163,-110,-44.3625446773029,-45.66754681115641
167,-1.61654,2.41353,1.5,-42.436481502831,-38.55120698089561,-39.31322039022876,-110.0,-47.08165194375007,-39.01374023807896,-110,-35.86530740098134,-44.675726318720926
101,-3.61654,-1.58647,1.5,-28.03176899072885,-35.14663493603838,-37.43633855159432,-110.0,-53.2675690895959,-61.68569557770463,-110,-44.76414735698528,-43.26806919724921
119,-1.61654,-0.586466,1.5,-35.40776848447518,-33.61400551778378,-31.210883989710645,-110.0,-48.540106587075535,-47.17141799355505,-110,-34.91640326309073,-44.69825319704077
162,-6.61654,2.41353,1.5,-38.18755310024184,-27.28790684437392,-40.378764805964266,-110.0,-46.03331832747005,-43.09989264619432,-110,-30.58560587127971,-46.02664495128164
83,-5.61654,-2.58647,1.5,-33.74997230953871,-40.786292290008944,-34.90959342634833,-110.0,-44.02238268583615,-40.179110772522726,-110,-33.4418073077963,-35.2203749290117
196,-4.61654,4.41353,1.5,-29.55022558127464,-31.84054264571464,-32.7340044616504,-110.0,-43.46931288643287,-44.8994186542421,-110,-39.07042401111824,-47.07791762123174
117,-3.61654,-0.586466,1.5,-40.6092886403734,-48.71132206879197,-39.517470825264816,-110.0,-36.59434391189391,-40.03787257521176,-110,-27.70821999338997,-38.69443840721663
62,5.38346,-4.58647,1.5,-39.54311881366075,-46.25041767034563,-43.65222126193616,-110.0,-32.62307507598173,-42.66089635952836,-110,-37.02035403051194,-36.49665117245955
59,2.38346,-4.58647,1.5,-39.49902758972247,-48.42772560638416,-35.79489835567625,-110.0,-35.65110284422299,-38.39575855361732,-110,-47.10662173087167,-34.147364516559925
64,7.38346,-4.58647,1.5,-39.212473417407985,-42.17884732639173,-41.43345876811571,-94.2429779839081,-37.871451663214,-36.82251567523173,-110,-39.90990598348645,-30.182488265458957
17,-7.61654,-6.58647,1.5,-41.786440452612695,-34.586616606873584,-35.80307443636988,-97.4776755257267,-48.709065606241346,-48.219015369667254,-110,-40.518938378284446,-47.598654339931315
53,-3.61654,-4.58647,1.5,-34.932895830397435,-40.249759808147914,-30.291842760694244,-110.0,-37.01663399490855,-47.25673026603094,-110,-36.994958134944,-66.41812972927464
138,1.38346,0.413534,1.5,-37.49795474703944,-54.78886215500242,-45.49996798858892,-110.0,-35.166485615655105,-60.122581245068666,-110,-33.9454511750665,-32.0378568103966
182,-2.61654,3.41353,1.5,-35.73509534205284,-38.76116815185516,-35.58810872789008,-110.0,-40.76303635879106,-31.444977034511016,-110,-34.2567734320919,-41.29588952492424
104,-0.616541,-1.58647,1.5,-41.49685641893847,-32.63588070869669,-30.95567059188129,-110.0,-46.15070335381952,-45.56512786323043,-110,-33.3727298883233,-42.18561333862711
67,-5.61654,-3.58647,1.5,-31.69934009947602,-27.943537778275207,-35.44193472829085,-110.0,-38.44062433613223,-52.13806701255013,-110,-52.297098103702545,-57.41094660796577
60,3.38346,-4.58647,1.5,-48.10569807137329,-49.210246486869565,-38.85074417479198,-110.0,-38.80777115198182,-32.921798159925245,-110,-39.86840389586144,-30.683156229068405
32,7.38346,-6.58647,1.5,-41.529984197563394,-58.50108346658084,-41.969882785066176,-84.37168748198258,-33.400130827443206,-38.871443103381345,-110,-39.29358892372764,-28.832931816626168
61,4.38346,-4.58647,1.5,-41.67494657617782,-40.545518765432625,-36.55771051206265,-110.0,-29.61886669302293,-43.35883863660878,-110,-41.05993489625626,-33.599574137081234
190,5.38346,3.41353,1.5,-50.37096830114696,-49.320327254596414,-41.415780061166274,-110.0,-36.28121769254855,-26.846302373084665,-110,-39.0484733195015,-34.441289450258544
60,3.38346,-4.58647,1.5,-49.68996514868296,-50.834762566037945,-42.95467768594374,-110.0,-35.50954131423081,-42.62485496190017,-110,-41.209509413967496,-37.68185208416744
17,-7.61654,-6.58647,1.5,-48.1202232496025,-38.978571896605985,-29.24041954348052,-100.471642914338,-46.40443252610249,-46.14094611224746,-110,-44.35861453018228,-50.02442337107009
158,5.38346,1.41353,1.5,-53.34044529234212,-60.01824177778385,-40.45350519645563,-110.0,-34.909236021923455,-53.383666144199914,-110,-46.37549776013456,-41.40549389868247
45,4.38346,-5.58647,1.5,-48.06829485184296,-50.64463322171282,-31.582644062552323,-93.34460599955764,-30.81427576979413,-36.649607349589274,-110,-42.797848487728785,-36.56900740661427
170,1.38346,2.41353,1.5,-42.48753714398568,-47.94154379903389,-52.61798380211766,-110.0,-43.225299448934,-41.71724121208283,-110,-31.33375795163878,-50.43896526299194
57,0.383459,-4.58647,1.5,-50.28808181146282,-43.75269334803767,-56.37901611397841,-110.0,-37.41588618041814,-41.48763292812683,-110,-30.184403180968143,-47.42484647261582
84,-4.61654,-2.58647,1.5,-35.54688131246031,-41.43395084026171,-41.330347255286995,-110.0,-46.4434437816334,-42.43153527885773,-110,-42.9926017832551,-49.62844277839575
224,7.38346,5.41353,1.5,-29.78701505860416,-35.154229466021604,-45.46397652598944,-110.0,-37.32709653606083,-39.61296717473316,-110,-40.01719510083219,-46.03320507323545
88,-0.616541,-2.58647,1.5,-43.95603745380053,-35.562092219090765,-31.303113526712135,-110.0,-65.15440512931747,-43.8080560054371,-110,-29.608932524297256,-40.765834765612674
103,-1.61654,-1.58647,1.5,-26.53659141496672,-48.01901638507445,-35.40325708496984,-110.0,-49.81298861767194,-45.60461954818501,-110,-37.05258499508212,-60.84930496614686
202,1.38346,4.41353,1.5,-60.32667807514076,-33.190255529313326,-52.550727036196385,-110.0,-42.75899314615305,-33.60093212610518,-110,-35.836240316260266,-57.67079384926421
64,7.38346,-4.58647,1.5,-43.55939353392134,-43.25238007359361,-40.00982508693869,-99.66951070455454,-43.81420028892076,-36.84440734302943,-110,-44.01823646572624,-28.39843311796187
95,6.38346,-2.58647,1.5,-48.338457229506034,-56.76905910094422,-42.38551968027127,-110.0,-26.690399100264457,-49.708054780036775,-110,-38.99768641892904,-33.52833832650887
204,3.38346,4.41353,1.5,-48.4691660760265,-32.89034703614918,-51.876111120599525,-110.0,-46.87490869165532,-41.10944908979701,-110,-42.2591149535794,-34.35592991264751
231,-1.61654,6.41353,1.5,-30.13034955305099,-27.274720874687777,-33.35592412337268,-110.0,-47.637981901420375,-49.72324025696128,-110,-46.39804887922235,-57.10892067616904
171,2.38346,2.41353,1.5,-36.51360424355375,-57.20121954368402,-42.30032482355129,-110.0,-56.354263185622806,-39.320011277490664,-110,-29.596211604433027,-42.17412265600392
130,-6.61654,0.413534,1.5,-30.868758568961987,-54.49946234042277,-41.716175206815954,-110.0,-36.93681325911847,-36.0081228119868,-110,-48.30054333674114,-52.72823526605093
66,-6.61654,-3.58647,1.5,-47.47256712300016,-43.59503294375628,-37.70791486891751,-110.0,-44.857388682323325,-49.90897749640767,-110,-44.182108902660495,-62.21223132944603
41,0.383459,-5.58647,1.5,-51.67775372386131,-58.52014325350221,-59.98519282601012,-110.0,-30.12397690707192,-42.62524306137244,-110,-38.68534654870894,-50.125761076283595
49,-7.61654,-4.58647,1.5,-43.24887490003807,-35.22779514640665,-38.83850222345225,-110.0,-44.05565434409372,-55.773097190475134,-110,-39.77854681081954,-44.730967574567934
184,-0.616541,3.41353,1.5,-45.12815314199386,-36.64591430187255,-31.344773289360496,-110.0,-41.57986388828477,-36.82234104836071,-110,-34.788579064730754,-37.38919001012562
160,7.38346,1.41353,1.5,-49.7039176848422,-54.472321954345155,-50.73018028647456,-110.0,-42.71375416507987,-23.10716660440915,-110,-43.54666504360811,-49.80478903363094
75,2.38346,-3.58647,1.5,-52.41059345013216,-44.023231028423496,-45.757574818007726,-110.0,-35.94083915207575,-43.539676360269894,-110,-37.12386190202236,-42.37500579402956
196,-4.61654,4.41353,1.5,-35.322967443619795,-34.344543865095375,-36.03464468045908,-110.0,-42.08849473533134,-50.26441582116936,-110,-37.67504280694628,-46.56908477846493
223,6.38346,5.41353,1.5,-42.41319903850443,-47.77901485027027,-58.34833354500601,-110.0,-47.790051434866555,-40.0891028637488,-110,-39.53620704558666,-48.43155062769074
113,-7.61654,-0.586466,1.5,-37.667703188125536,-49.53720972749216,-40.95603803618295,-110.0,-47.609047596591715,-33.53897934053226,-110,-48.73549595749557,-42.17858403180221
178,-6.61654,3.41353,1.5,-30.738913674151704,-32.75457326851719,-38.89640446108992,-110.0,-96.6245934963688,-40.32265055165079,-110,-44.22409600652227,-47.57200177318833
163,-5.61654,2.41353,1.5,-30.528971593118495,-34.072097168930085,-46.96914841125938,-110.0,-47.096561996946264,-59.982903744979765,-110,-35.35916783844115,-43.5452509813752
155,2.38346,1.41353,1.5,-40.31953028653537,-61.78213150140742,-42.04612754075945,-110.0,-43.51690043518856,-29.64259862597016,-110,-30.656271939726764,-42.58228335561819
9,0.383459,-7.58647,1.5,-61.8211784651595,-45.54878950551299,-27.691351980283446,-110.0,-30.190256669357822,-30.904014263726776,-110,-38.1990774703556,-33.48597612807685
69,-3.61654,-3.58647,1.5,-41.14432160383066,-42.545802185011475,-27.398965838350456,-110.0,-35.08693249555852,-47.566595451349365,-110,-42.30817472128857,-45.62759956325576
115,-5.61654,-0.586466,1.5,-34.00839791037559,-38.15590582715798,-47.35898017345872,-110.0,-44.024191298206006,-34.68751998063175,-110,-34.9136782395376,-43.25418284342764
140,3.38346,0.413534,1.5,-30.691271681815444,-52.89415225551039,-49.063692360961426,-110.0,-45.22518174128753,-48.85790043752658,-110,-35.520969507796444,-55.21666501361533
102,-2.61654,-1.58647,1.5,-39.34013134565653,-37.44167049380822,-39.88260121465927,-110.0,-48.81481997482694,-41.38525872206739,-110,-35.855250653269856,-44.439592564621734
11,2.38346,-7.58647,1.5,-45.469203105022125,-57.54805321656636,-30.837094682630905,-79.19033574797405,-24.18171191622792,-36.91071901357809,-110,-38.49789559511472,-39.49439003227877
212,-4.61654,5.41353,1.5,-30.70024638933488,-38.36116639580049,-46.69619946694372,-110.0,-47.79742567004275,-42.593547323962234,-110,-36.48108021941168,-57.78930723617975
174,5.38346,2.41353,1.5,-36.28486405684855,-58.700621906495904,-44.28952773798863,-110.0,-38.03071139962088,-29.587300862899387,-110,-38.24435791652864,-49.127416015126954
35,-5.61654,-5.58647,1.5,-35.90924458584519,-46.59830815070798,-37.50678426822366,-110.0,-32.576389620244285,-43.61284654399393,-110,-37.51499971584811,-44.793156898263874
161,-7.61654,2.41353,1.5,-29.266020475279543,-47.23322504659176,-45.475420958604595,-110.0,-38.939569712663825,-39.75168942921019,-110,-34.093221123005755,-48.207538901935344
105,0.383459,-1.58647,1.5,-49.731131769979086,-50.72906538404277,-46.27426076551345,-110.0,-32.1182701929313,-43.30542283344189,-110,-35.76035686694337,-41.00503079893341
144,7.38346,0.413534,1.5,-43.302088695630374,-62.66617295228155,-37.155070706352646,-110.0,-34.46850932625727,-28.66824953492881,-110,-41.42308710256657,-37.28953198639847
56,-0.616541,-4.58647,1.5,-50.001304485230435,-39.09489180809656,-27.33751967639136,-110.0,-51.815694856559325,-46.149562205961765,-110,-40.5853605637402,-36.93443713286216
142,5.38346,0.413534,1.5,-39.31344937197436,-38.95183755716945,-47.297461935565394,-110.0,-51.0055317076148,-25.774157526039204,-110,-40.12416690495811,-33.48724185566208
148,-4.61654,1.41353,1.5,-34.80371455112786,-36.745127917603384,-44.50193847275791,-110.0,-56.749627963022,-38.23434810303564,-110,-34.987887724807344,-44.1887638681785
68,-4.61654,-3.58647,1.5,-30.32828220466986,-27.724007352630537,-34.67235461913449,-110.0,-41.919010116156066,-51.956754936873295,-110,-37.40904546409997,-59.15453854331112
93,4.38346,-2.58647,1.5,-46.9569264400249,-51.989287555121685,-37.778768679552925,-110.0,-39.929100781959754,-36.44066795785454,-110,-33.9900467297655,-52.11359985323881
152,-0.616541,1.41353,1.5,-42.98630467764722,-38.56856073511313,-30.125564630006373,-110.0,-40.88753615402455,-47.21227701604671,-110,-27.010657674318857,-49.63787721852945
183,-1.61654,3.41353,1.5,-30.009999407976593,-33.21232210095706,-43.12088239145091,-110.0,-47.25004916288373,-37.87930239871079,-110,-25.441658514184127,-36.584332209451624
29,4.38346,-6.58647,1.5,-42.29059719086969,-48.61291085199142,-41.487753591964264,-75.08342973648317,-25.493887616922617,-32.5169242195362,-110,-34.0818328547561,-33.329702796337585
177,-7.61654,3.41353,1.5,-24.69486511552485,-43.42543340159649,-54.40073854325663,-110.0,-39.18303109093499,-39.858096118005975,-110,-37.14439054805457,-44.03748300847675
214,-2.61654,5.41353,1.5,-44.39863008716588,-48.11203804477196,-34.663330913936775,-110.0,-40.087236387723216,-63.46609341059624,-110,-33.58395705014989,-44.88816232798763
60,3.38346,-4.58647,1.5,-46.2510839139353,-53.61358051821259,-45.081964881597536,-110.0,-38.206481012771185,-36.365928168470425,-110,-34.963764032301086,-34.912461201806224
45,4.38346,-5.58647,1.5,-43.95940612274504,-44.22042178168979,-31.81044059370082,-96.57260302566704,-35.1030531361009,-33.390897384895574,-110,-45.536112451281895,-39.74445889481865
146,-6.61654,1.41353,1.5,-37.706743207006504,-43.09422603115161,-37.17981869367114,-110.0,-50.51458154407736,-27.55170195533423,-110,-39.528830062116434,-45.464298363984355
211,-5.61654,5.41353,1.5,-26.685289418225945,-43.16319229294704,-25.93325684932331,-110.0,-54.40680847186747,-51.9853012306735,-110,-38.87018228029062,-40.378097920943475
185,0.383459,3.41353,1.5,-38.39417362554891,-52.38504243546596,-47.60527370973237,-110.0,-31.858797744283095,-25.756018786376632,-110,-29.93387534775076,-38.630452670509186
41,0.383459,-5.58647,1.5,-47.51481551960417,-60.17822563735808,-56.10475936084265,-110.0,-32.43054409446321,-43.69247235051253,-110,-33.44482794483742,-45.25658691519981
153,0.383459,1.41353,1.5,-53.78191399029889,-59.442308896415426,-42.22453497960338,-110.0,-27.53383645830567,-39.34993539289409,-110,-24.079346659967772,-33.88927587893905
11,2.38346,-7.58647,1.5,-46.91430878373818,-55.518863604047,-24.729616167375244,-79.04668170920064,-25.25343607487075,-33.451978987030266,-110,-37.75387390551524,-42.581066999239056
15,6.38346,-7.58647,1.5,-54.08709241567142,-48.44813953701809,-41.38810064945783,-79.97386302635083,-37.269310749109295,-42.95067870824781,-110,-48.81770101644133,-31.98567717200931
56,-0.616541,-4.58647,1.5,-49.05076504782558,-40.28861544088582,-27.675903941430064,-110.0,-55.100562104814585,-43.83786996770374,-110,-43.80589543499415,-38.431576778339334
104,-0.616541,-1.58647,1.5,-40.021233469072946,-36.429149073203455,-29.86062277311883,-110.0,-45.796908860556314,-50.255516341745135,-110,-28.791403957082867,-41.80488448620113
129,-7.61654,0.413534,1.5,-35.76860855273043,-46.05475573884329,-39.161757835332565,-110.0,-39.15159025984973,-43.7586859564188,-110,-42.80906444048598,-42.92882210535113
64,7.38346,-4.58647,1.5,-45.80737092345868,-43.17094887589786,-46.41201108483447,-92.57720516232712,-42.02177198760712,-33.74063503695437,-110,-46.11613695623988,-28.84352939741961
50,-6.61654,-4.58647,1.5,-47.884227802962386,-37.07360689024453,-28.394407638124225,-110.0,-45.60346624119344,-38.16728532490237,-110,-36.65410080296231,-43.745490640126285
200,-0.616541,4.41353,1.5,-44.81237058698844,-27.101180593303063,-37.45951376455451,-110.0,-49.35846421780917,-44.46479652864633,-110,-28.593185823993373,-43.66234139884688
80,7.38346,-3.58647,1.5,-38.37594463783197,-50.47478790408737,-55.12372447080445,-110.0,-38.17938377281483,-30.762609740162645,-110,-41.42920322542767,-51.73017434229171
18,-6.61654,-6.58647,1.5,-42.04291883430948,-35.867830224596574,-38.55257720855573,-84.56846241816814,-35.78659523440492,-39.88660850647598,-110,-39.605845560257066,-44.32611532852685
82,-6.61654,-2.58647,1.5,-45.77444049126361,-43.66902061137859,-44.37853450336149,-110.0,-53.52542661917788,-59.32878112824163,-110,-45.791994881641656,-37.57169870487558
221,4.38346,5.41353,1.5,-46.01395733793656,-36.60098285563323,-55.472111451206395,-110.0,-37.81319293685994,-49.640264763184405,-110,-32.49997313817113,-47.6313164999787
240,7.38346,6.41353,1.5,-51.77854161903532,-31.93978868519022,-45.11055172558079,-110.0,-55.35000353098761,-37.29655028218253,-110,-35.43861556716915,-37.68089793998089
222,5.38346,5.41353,1.5,-39.67014178214036,-45.21020385114296,-55.07429272736363,-110.0,-43.77613040688519,-28.946665415506985,-110,-47.89907909698455,-32.59231698368485
62,5.38346,-4.58647,1.5,-42.33401028539457,-44.06292101883465,-43.11562586214125,-110.0,-33.26246977597467,-40.7419975489285,-110,-37.433511347605254,-37.286967796851734
220,3.38346,5.41353,1.5,-43.905480701825624,-40.80106264138426,-52.08774070682383,-110.0,-42.85228269616615,-41.20769964067673,-110,-44.168774817043,-46.4978627623686
155,2.38346,1.41353,1.5,-40.741429966005896,-60.024010892179646,-40.50576383389595,-110.0,-39.642775601475414,-33.88737507721311,-110,-31.509221416715476,-45.527122899919334
79,6.38346,-3.58647,1.5,-34.254121368949015,-48.24804284406977,-37.65836051206771,-110.0,-46.87436491752663,-34.10870759329641,-110,-49.9135250122392,-26.39136501512012
228,-4.61654,6.41353,1.5,-28.931438537650028,-30.8404485715683,-36.18715031399352,-110.0,-48.03690537627263,-61.09558629623133,-110,-44.60885878898554,-54.76363410363642
157,4.38346,1.41353,1.5,-37.32033178472931,-33.82680678270828,-44.567890838257966,-110.0,-47.74456260163193,-41.554186879262915,-110,-29.30952356040404,-39.81870386789388
120,-0.616541,-0.586466,1.5,-53.003739867010445,-30.610071149477513,-23.60959652774252,-110.0,-49.15745733387413,-41.45141137538582,-110,-28.47191930674862,-44.232012049030914
3,-5.61654,-7.58647,1.5,-36.218441499499235,-53.49038053036003,-40.278512318965106,-110.0,-33.38622960135166,-41.11063106350791,-110,-40.34885790329717,-39.17188984356045
98,-6.61654,-1.58647,1.5,-34.203941501764966,-25.64273689725836,-42.21383586976224,-110.0,-48.1736989006568,-46.24146473406111,-110,-50.79695974680661,-60.83234164880815
109,4.38346,-1.58647,1.5,-42.86670044399066,-54.920523096471605,-43.31455023020372,-110.0,-41.36401175868367,-34.4313387872199,-110,-27.003528432933564,-40.41460782978756
151,-1.61654,1.41353,1.5,-35.92065694359664,-30.90055182686921,-36.57938431578642,-110.0,-48.05582305901558,-40.109060894863234,-110,-34.99071895787393,-52.843584456305905
113,-7.61654,-0.586466,1.5,-32.64681986804869,-47.80459555254293,-34.808050733416096,-110.0,-38.71652735925645,-29.908848937427106,-110,-48.8480121830416,-41.16906057871032
163,-5.61654,2.41353,1.5,-30.99900667509606,-35.62674809606346,-51.36426097925269,-110.0,-46.30783222212295,-61.960926860187456,-110,-38.62482869200467,-42.81899548159237
110,5.38346,-1.58647,1.5,-43.96988375328871,-50.87343408114642,-40.13607145449877,-110.0,-35.499907608175235,-36.07457428473302,-110,-40.67256216833791,-36.44057579584776
52,-4.61654,-4.58647,1.5,-44.95200929644257,-31.81156930431071,-28.74974372765174,-110.0,-35.94723703484262,-38.25008700494207,-110,-35.46933653002629,-54.94411286833811
55,-1.61654,-4.58647,1.5,-34.52999621485251,-57.832591114411045,-33.56003388946863,-110.0,-40.03305407943274,-50.09358577766119,-110,-40.55515816969803,-46.25490457120197
185,0.383459,3.41353,1.5,-38.6195184954951,-50.04007299994945,-46.319480922754536,-110.0,-37.53322404244986,-34.80641116508814,-110,-34.27546807398741,-40.68974170243474
198,-2.61654,4.41353,1.5,-42.337715536590686,-30.432320153306662,-45.205507056747905,-110.0,-56.58998041637491,-45.661139572522885,-110,-22.938962352594075,-40.809823477807655
197,-3.61654,4.41353,1.5,-28.52878482472609,-32.635216013432505,-47.537398656336535,-110.0,-38.67257869459613,-55.17801635555642,-110,-34.27660323850654,-48.35180108398287
70,-2.61654,-3.58647,1.5,-27.209355605703152,-36.2016074682301,-33.42174910153072,-110.0,-44.67099344568251,-44.8782610600882,-110,-33.32684582729568,-36.89733715533194
2,-6.61654,-7.58647,1.5,-31.104978087256015,-50.521575878457995,-35.22487738209737,-110.0,-30.93992410535805,-48.42585511020674,-110,-46.61081803368826,-41.38560551916858
37,-3.61654,-5.58647,1.5,-37.159382168258595,-38.65446903240662,-28.960580137432206,-110.0,-34.88452621028975,-53.85311088756564,-110,-47.69371981478549,-35.33377440654127
182,-2.61654,3.41353,1.5,-37.64619712483402,-39.96210222665245,-40.008870997671806,-110.0,-36.140818569673954,-37.229221173135656,-110,-34.96737396471465,-44.90999285269163
118,-2.61654,-0.586466,1.5,-38.80385246641025,-37.151425504839146,-36.852100596370434,-110.0,-44.02634539002949,-36.19669095454088,-110,-37.939145154293115,-43.09777761849274
22,-2.61654,-6.58647,1.5,-32.80434780024784,-42.52943810666827,-28.382144346613075,-79.7280802950591,-42.822291733955325,-35.75800353974439,-110,-37.89926761660122,-51.04796864060128
116,-4.61654,-0.586466,1.5,-46.97335993835809,-38.82146910630187,-36.92446896595717,-110.0,-46.01295514623958,-33.157061807669734,-110,-44.646096032388755,-37.23289146106356
46,5.38346,-5.58647,1.5,-35.50383501971386,-44.90151040878939,-55.23997996987326,-97.89895774396147,-35.115417760022716,-38.610148157881746,-110,-37.95884074883679,-31.658863881072264
201,0.383459,4.41353,1.5,-43.699284115995425,-33.75922910813089,-49.52521801619571,-110.0,-41.72852467399602,-44.353187950505216,-110,-26.071234454895944,-41.870171621646605
197,-3.61654,4.41353,1.5,-25.75014954495312,-33.26496622593668,-49.18977876354154,-110.0,-39.24726989545955,-55.062771454180776,-110,-30.816126156593015,-48.26697920555421
217,0.383459,5.41353,1.5,-40.94891558801197,-29.559349581857735,-42.89517743204777,-110.0,-44.84167498901909,-36.96869329154398,-110,-28.215268128591692,-35.5805817219622
156,3.38346,1.41353,1.5,-39.084755678236675,-45.96130966949871,-61.541168946389824,-110.0,-40.63754735279213,-41.694762045445664,-110,-31.093866966151005,-54.36486450490701
108,3.38346,-1.58647,1.5,-45.68319348223862,-61.131721911231736,-37.40325034448115,-110.0,-37.674601887145094,-43.14725867558788,-110,-49.45003625440899,-41.95719447752059
78,5.38346,-3.58647,1.5,-43.921266167993565,-63.77312268942145,-52.18963316994781,-110.0,-30.87452685787077,-38.8566453492478,-110,-29.6525890497485,-36.50224135538259
62,5.38346,-4.58647,1.5,-36.26262957707696,-42.0994057679691,-47.72370220732998,-110.0,-35.809391714169934,-38.461648077914546,-110,-43.61929274502565,-38.7502219559704
46,5.38346,-5.58647,1.5,-42.60977793065109,-48.38368559684121,-49.66274308375846,-95.16213866870106,-33.448606571347845,-41.73176175929257,-110,-33.22326636807054,-30.56519108740712
147,-5.61654,1.41353,1.5,-53.23104969430503,-45.63558631945443,-35.643445205740015,-110.0,-47.795686877004066,-33.563858715498206,-110,-27.20026913667291,-47.84742044246243
235,2.38346,6.41353,1.5,-37.7853135451263,-23.15153478822193,-40.83073168114003,-110.0,-42.35691886101328,-50.79778474872972,-110,-42.90452612898942,-46.05697667784408
26,1.38346,-6.58647,1.5,-42.692843461577795,-44.715225711353185,-39.33719531169879,-95.99483144886382,-21.384749313128047,-36.2335964121521,-110,-50.30345755432827,-32.326699109254506
151,-1.61654,1.41353,1.5,-35.49336498917221,-41.071754851310274,-33.971027473988364,-110.0,-50.472065225196296,-36.22006985137343,-110,-33.23270204155577,-55.770618912741526
10,1.38346,-7.58647,1.5,-42.319488966279515,-55.00793468753224,-26.31033606819133,-110.0,-20.19785789092726,-42.7529216295639,-110,-34.58358388485402,-34.511490783053524
188,3.38346,3.41353,1.5,-45.52903178692824,-42.38224072057802,-44.79098335317081,-110.0,-49.75380597621803,-51.87605247179083,-110,-33.12607092819137,-37.31743598185987
81,-7.61654,-2.58647,1.5,-41.88616734049014,-46.40543883594876,-36.208308729265084,-110.0,-42.78461516007451,-46.83668203641237,-110,-45.68148559830601,-56.90750624525465
17,-7.61654,-6.58647,1.5,-44.15392068110424,-37.95613756484755,-32.064658746736534,-95.12901640450303,-48.58288619068646,-48.79157316553392,-110,-50.127833583773466,-49.86812133196586
221,4.38346,5.41353,1.5,-43.18110741050801,-44.83475872214412,-56.60531208228469,-110.0,-42.4118696463741,-43.69203950716972,-110,-38.398525411357,-53.94617168988424
112,7.38346,-1.58647,1.5,-46.6284737435548,-37.09773594009017,-39.71813972055584,-110.0,-34.08984386016712,-35.19518171178281,-110,-33.183449298452295,-39.0818095315452
183,-1.61654,3.41353,1.5,-33.77372258648266,-34.93326406042428,-47.15884522163095,-110.0,-48.95473286910044,-34.03199353513121,-110,-23.131092186214584,-39.31048268760932
139,2.38346,0.413534,1.5,-44.24445073343164,-50.95561661722429,-49.61835645221355,-110.0,-37.549079607203,-30.79879394581936,-110,-34.623476149133836,-42.707278947188584
122,1.38346,-0.586466,1.5,-43.23048959050319,-49.69603014729737,-41.90317208995666,-110.0,-42.80062468174896,-44.77415693305245,-110,-34.552971876216574,-38.01828370135632
214,-2.61654,5.41353,1.5,-47.68102408884252,-57.2902885269351,-33.84576847839879,-110.0,-43.71287593666844,-58.40623900656897,-110,-33.34240970118795,-50.333243972628736
58,1.38346,-4.58647,1.5,-42.028571731421735,-51.84003651914158,-46.18449567015267,-110.0,-34.29511639476556,-32.87437546749443,-110,-45.68571518912197,-34.89780810511836
93,4.38346,-2.58647,1.5,-45.146756125939426,-57.48284410065222,-42.15133215283982,-110.0,-29.258221571481133,-31.752025730286555,-110,-31.32640553477701,-45.21815343211697
3,-5.61654,-7.58647,1.5,-42.30601599650234,-57.36004216766853,-36.98709287703704,-110.0,-27.478988854153513,-42.23217068252798,-110,-49.16747387752303,-45.64716995205105
78,5.38346,-3.58647,1.5,-42.61459973653311,-66.00208609152287,-50.47441445659032,-110.0,-31.21821571793383,-30.22117407138916,-110,-29.844170543589613,-34.577598950019
89,0.383459,-2.58647,1.5,-49.906091508502456,-49.187599256462256,-47.746273859635046,-110.0,-34.25105419100366,-37.41393046417938,-110,-27.37079124941247,-34.79598630083178
81,-7.61654,-2.58647,1.5,-34.44866544262839,-50.07030326682449,-32.603421394203906,-110.0,-44.940589525871594,-46.556625519465,-110,-48.83794142569681,-48.15505145148067
78,5.38346,-3.58647,1.5,-42.76549208551194,-69.06156809185745,-45.316828501159115,-110.0,-29.417747100868276,-38.340727478071294,-110,-32.27992068188429,-32.348242513822015
21,-3.61654,-6.58647,1.5,-33.87679655367988,-46.209680036422114,-35.597954080485074,-80.64340422658717,-26.03282422775045,-49.05026087994404,-110,-43.546263771552674,-40.257926593251455
239,6.38346,6.41353,1.5,-53.71352123131165,-35.53811172818592,-52.60150577047585,-110.0,-40.5617039087544,-41.60641953586797,-110,-45.72319800712121,-34.79013231106697
220,3.38346,5.41353,1.5,-46.074704049070114,-36.29401814483785,-51.83224787803182,-110.0,-40.46103648884883,-44.12099184603882,-110,-45.66739320252229,-44.80274337855521
41,0.383459,-5.58647,1.5,-53.93853169608072,-62.05803583279842,-56.82056417134757,-110.0,-27.609779587505603,-42.958614548601055,-110,-29.167126837244112,-48.493693414837765
65,-7.61654,-3.58647,1.5,-35.61474312431146,-43.815777054166986,-33.30793863921213,-110.0,-36.91404956653835,-42.11466672059431,-110,-35.33512677076612,-48.82393384092279
152,-0.616541,1.41353,1.5,-38.23721513545718,-36.39505939840129,-31.346744886594227,-110.0,-38.28993531175371,-47.108036067935345,-110,-25.919076966521295,-57.325304703679905
133,-3.61654,0.413534,1.5,-41.66114503300527,-31.66720594279581,-41.45344976677665,-110.0,-48.15501984441643,-39.999687926480775,-110,-36.4524605408297,-41.1389321691003
224,7.38346,5.41353,1.5,-30.071456262702036,-29.178707716964887,-47.32822216908633,-110.0,-33.94729657155425,-36.75479191180196,-110,-39.73257000989325,-47.142287218803766
109,4.38346,-1.58647,1.5,-47.822392398891076,-51.35114050842268,-46.9235291094323,-110.0,-40.28264301809908,-37.08412555936279,-110,-35.50677576964377,-38.440784754407176
13,4.38346,-7.58647,1.5,-45.00356000619182,-48.1918141721511,-44.01651166781614,-110.0,-42.82004720131401,-43.37811819004533,-110,-31.711311012406828,-46.587764111069234
133,-3.61654,0.413534,1.5,-35.57103898311889,-34.986442891862914,-46.8812890086018,-110.0,-49.01678111696942,-40.76444842826223,-110,-40.730110703889856,-46.00023586812463
179,-5.61654,3.41353,1.5,-37.33882503849659,-55.862679100440374,-37.95556702215269,-110.0,-35.14555390995317,-42.57656821273743,-110,-38.72338154172925,-45.97290428448202
58,1.38346,-4.58647,1.5,-38.95622943727874,-44.231808749786154,-41.72945895301938,-110.0,-33.17594141337591,-37.97209529095484,-110,-44.27126657544157,-29.407046715498627
206,5.38346,4.41353,1.5,-48.46655377253893,-30.69105457927279,-61.614284289701544,-110.0,-50.45136780860034,-40.774170872405875,-110,-38.45949350385135,-35.32521923385506
33,-7.61654,-5.58647,1.5,-60.84646601607181,-43.61609293358807,-36.273269774719424,-110.0,-34.94777302077616,-55.200107437314415,-110,-39.06649290806491,-44.83148521497327
136,-0.616541,0.413534,1.5,-40.849349407067535,-32.37568969818059,-31.07133876398023,-110.0,-66.79097790549551,-43.90172693523775,-110,-30.872046997596488,-44.851595124674965
76,3.38346,-3.58647,1.5,-40.40313251324703,-44.821094022720224,-43.86146614445911,-110.0,-30.698117194150107,-36.469914373251015,-110,-33.65034655187396,-35.22656082588083
196,-4.61654,4.41353,1.5,-31.580665610948067,-39.621910635336214,-37.85759686382677,-110.0,-47.13396704594338,-48.15260525766996,-110,-33.774670659061606,-43.01047009235331
176,7.38346,2.41353,1.5,-50.9563820776655,-59.68254655767335,-50.31446610694849,-110.0,-40.67733030992856,-31.720138945990715,-110,-38.026950372481515,-42.468772499027445
66,-6.61654,-3.58647,1.5,-54.3115638896536,-40.64306671349291,-36.66471773127598,-110.0,-34.83724459519179,-48.30514657715246,-110,-42.80544453421931,-53.62414535426166
94,5.38346,-2.58647,1.5,-50.01407739729579,-61.421335146237915,-45.85409311658074,-110.0,-52.71540616512724,-42.625216365325954,-110,-32.370649568119816,-33.647813172320056
87,-1.61654,-2.58647,1.5,-40.63278592981952,-45.92949933124541,-55.00509208715237,-110.0,-38.96005436971843,-46.01747819166626,-110,-34.89092694207355,-32.34891664229138
116,-4.61654,-0.586466,1.5,-42.20439408487284,-46.562906950012305,-34.13165485592547,-110.0,-40.59963456637653,-30.661576399642662,-110,-42.243392731373945,-34.83974561834663
147,-5.61654,1.41353,1.5,-50.9674235950692,-39.2722156112685,-29.58027616909635,-110.0,-54.14101651249331,-38.12713553681236,-110,-37.0094829235592,-48.24898395848104
92,3.38346,-2.58647,1.5,-67.75558148739135,-52.686759982214575,-46.26088131877678,-110.0,-42.94903133135113,-31.80643748016527,-110,-35.98380758884404,-29.541709976619057
222,5.38346,5.41353,1.5,-40.05182165767942,-43.58080567374934,-49.08253282564051,-110.0,-48.15201008133405,-37.310903529968925,-110,-44.9552307256396,-35.020612548427145
147,-5.61654,1.41353,1.5,-61.23735426265671,-43.816032066131655,-30.364959880832167,-110.0,-44.58408115914153,-33.625052247318344,-110,-35.4772173292955,-55.49979836902627
14,5.38346,-7.58647,1.5,-53.560714213804594,-50.6949009793065,-43.37578943691026,-110.0,-38.15108664288144,-40.32773376829465,-110,-41.274983328677834,-24.486942652478547
191,6.38346,3.41353,1.5,-57.541459219199744,-59.94489592307394,-54.52286394956637,-110.0,-51.79384354043712,-37.36963601013268,-110,-28.45458405581815,-46.925399024838626
60,3.38346,-4.58647,1.5,-47.40544105944459,-50.147967094466544,-38.04222127757743,-110.0,-31.66348354846675,-37.540193033554296,-110,-33.164497261052816,-36.22757166292885
228,-4.61654,6.41353,1.5,-22.545999352265664,-32.372000613942696,-41.15010877584458,-110.0,-44.97808459082379,-59.395703939730765,-110,-48.10876545721543,-59.18376170283594
3,-5.61654,-7.58647,1.5,-37.51371581390976,-53.88665858373338,-39.534991420840335,-110.0,-35.02437535562078,-46.57994025302245,-110,-39.590049844724305,-44.90984611810931
66,-6.61654,-3.58647,1.5,-47.347515007101606,-43.83669889543109,-32.1141513331432,-110.0,-45.88750281694781,-47.5172707230093,-110,-43.95617317627893,-56.250152223645
35,-5.61654,-5.58647,1.5,-31.628053442670673,-41.41142421878328,-40.64118856725519,-110.0,-29.079016829154156,-50.1807402194642,-110,-35.865815053049786,-46.06875200772824
104,-0.616541,-1.58647,1.5,-38.1317361623893,-35.37184331447058,-30.13440290388355,-110.0,-49.3224469126997,-45.80611812903854,-110,-29.687595691003413,-44.77777476415685
196,-4.61654,4.41353,1.5,-32.252166209563185,-32.916345705889235,-31.740991277230215,-110.0,-41.80026445740068,-53.52663319718096,-110,-39.37707525407403,-42.82753535966592
201,0.383459,4.41353,1.5,-44.881381130052944,-26.06309740920939,-45.20998599913376,-110.0,-40.211480898475315,-39.84363828302417,-110,-28.27640651934885,-44.17343471857215
77,4.38346,-3.58647,1.5,-50.893554972309886,-55.50013598744872,-34.380552035118065,-110.0,-41.04459665879403,-42.592173741151825,-110,-36.22812012071121,-38.39944615571479
126,5.38346,-0.586466,1.5,-43.440089149585376,-50.19182770995872,-46.88127878262733,-110.0,-34.45513036665732,-38.20528810980627,-110,-38.17171755584296,-41.024895385650744
222,5.38346,5.41353,1.5,-46.39500222170359,-45.80197879591309,-46.38701694259718,-110.0,-43.53772337127995,-33.41928406437651,-110,-42.01320629879218,-31.187789793376556
35,-5.61654,-5.58647,1.5,-37.859451800660075,-41.287590134777346,-31.06354583488091,-110.0,-29.398641211392565,-44.36660415803847,-110,-40.224504293672375,-41.36744850059928
117,-3.61654,-0.586466,1.5,-45.78926128217998,-39.97764010665264,-36.172431819538915,-110.0,-35.9775171815163,-40.28641394107793,-110,-32.077235071152906,-39.34521626254898
158,5.38346,1.41353,1.5,-55.193811292373915,-60.56454864681995,-43.663177197639946,-110.0,-31.74065692309968,-53.99422016173958,-110,-48.782916313098994,-48.315222852324354
206,5.38346,4.41353,1.5,-45.99733393833757,-33.1143687380621,-56.49989275369991,-110.0,-48.092751094206776,-46.49797280162653,-110,-31.04461076434076,-35.052873056069956
164,-4.61654,2.41353,1.5,-33.42682751810064,-49.71905945581257,-41.60860444918878,-110.0,-52.37589682653694,-41.64900087800597,-110,-30.0767273071285,-60.198332821397614
134,-2.61654,0.413534,1.5,-35.667342656453556,-39.41231778086896,-41.174152806335655,-110.0,-44.88890643274257,-35.11831248846825,-110,-23.640136758261015,-53.25525533574545
15,6.38346,-7.58647,1.5,-62.73634503851872,-50.07158074603146,-39.82897591002161,-81.15518246677532,-36.98263270963678,-44.40261648749253,-110,-50.07824547280768,-35.76928399021692
92,3.38346,-2.58647,1.5,-58.27686759256546,-54.73933192630149,-42.07547670406641,-110.0,-47.1220095741624,-33.99594662455794,-110,-39.70594566681509,-35.41846757090494
114,-6.61654,-0.586466,1.5,-29.190501468185715,-41.852044684431355,-36.22269193636882,-110.0,-50.48023900160973,-32.452998926407666,-110,-42.67789485816285,-47.68416994177386
141,4.38346,0.413534,1.5,-39.829988449709774,-51.6368048343493,-41.943012904626855,-110.0,-35.431632621996926,-36.36512412972425,-110,-33.79367845133201,-33.93333233659549
76,3.38346,-3.58647,1.5,-46.41138265026754,-43.81275308826294,-45.8247083749724,-110.0,-30.72542455487299,-36.05403788580814,-110,-32.46910620811366,-31.633667971068625
164,-4.61654,2.41353,1.5,-38.5463276144297,-44.592695805412205,-42.980267889728246,-110.0,-47.96784161281998,-42.60083991769328,-110,-36.61373417438779,-55.12895112692912
72,-0.616541,-3.58647,1.5,-37.834809128522245,-36.1762580305804,-41.7984729854687,-110.0,-53.44317364128039,-46.340496587628586,-110,-35.53384627734938,-41.60599212416989
196,-4.61654,4.41353,1.5,-34.21688961252871,-33.55533321748612,-43.0197602642475,-110.0,-44.80275176534282,-44.31416061595576,-110,-38.10822235141867,-41.24321751431856
37,-3.61654,-5.58647,1.5,-34.98549445180613,-31.78794441888205,-27.69917280253634,-110.0,-34.84752824410647,-51.70562177910567,-110,-46.18079680933547,-36.50810883560816
232,-0.616541,6.41353,1.5,-37.19778470196052,-21.132141288576225,-36.46838399239079,-110.0,-48.34937069361902,-58.160826896942666,-110,-83.68866502351267,-47.46328172964427
17,-7.61654,-6.58647,1.5,-40.14211007474275,-36.91340154184336,-29.56091889257619,-100.56893570507587,-50.786572119958855,-45.04116864401628,-110,-50.81447220536892,-43.46372830224274
112,7.38346,-1.58647,1.5,-43.20000782133947,-37.41268653759763,-45.16964647585347,-110.0,-40.49371067733428,-37.81415145746617,-110,-34.272359818279625,-37.07607405359483
205,4.38346,4.41353,1.5,-42.85323174494848,-32.60070015293979,-51.20186225958936,-110.0,-41.450141815300746,-46.07878555707381,-110,-41.24663347368539,-44.55287888943072
162,-6.61654,2.41353,1.5,-38.10674325437835,-31.488260775450033,-36.77847355196228,-110.0,-48.007331092177694,-49.21915443350017,-110,-38.59868172234237,-41.75433373809746
212,-4.61654,5.41353,1.5,-33.26181755790844,-41.09954078844583,-48.17111628248032,-110.0,-52.73846299837466,-45.91404796166146,-110,-38.45170097266329,-54.38038272615261
54,-2.61654,-4.58647,1.5,-43.8871634609764,-30.871257304295316,-35.2621294606467,-110.0,-34.84749009069295,-50.053882573793345,-110,-46.38210886471743,-43.004623479481424
108,3.38346,-1.58647,1.5,-44.717768989241755,-57.75454550092117,-41.10444825794684,-110.0,-38.28789227740048,-44.66268636177557,-110,-45.96178958249573,-36.71476771463548
201,0.383459,4.41353,1.5,-38.67640939580694,-34.07034780855204,-50.33132316697584,-110.0,-38.30496891445707,-37.89622093451404,-110,-24.48431433261875,-40.172703718839095
108,3.38346,-1.58647,1.5,-47.2848862585416,-62.27893114052399,-40.93370809738819,-110.0,-35.96546401145116,-38.896030675031355,-110,-48.88507897430627,-34.86687979294473
198,-2.61654,4.41353,1.5,-41.290156109873536,-31.757729972982776,-48.96369186173533,-110.0,-50.214325330377385,-48.184774303652,-110,-27.34610473972095,-41.55578603824601
192,7.38346,3.41353,1.5,-57.98097467986591,-60.75618727005334,-39.53290724875358,-110.0,-43.34355091518869,-20.107733206784033,-110,-30.07135319958227,-35.568598112470184
183,-1.61654,3.41353,1.5,-32.14740484286306,-37.09635202239632,-45.29510758647193,-110.0,-43.32799779838022,-37.18119806961706,-110,-25.416325921684756,-46.57252451956549
157,4.38346,1.41353,1.5,-41.6724803486543,-30.85735906139102,-44.93185498248463,-110.0,-45.98543293554055,-41.04448330615195,-110,-35.52434661377457,-39.38391334382744
25,0.383459,-6.58647,1.5,-57.51335580779438,-48.46649256720068,-38.99642034120815,-91.4338054418516,-32.5270343490394,-32.14725080827714,-110,-38.93286899312571,-36.26026948581905
209,-7.61654,5.41353,1.5,-33.11877177350171,-34.03575937347966,-35.026230184322294,-110.0,-50.130311266695806,-51.855204319113646,-110,-41.539243464498576,-60.6466101996605
96,7.38346,-2.58647,1.5,-36.179706283167505,-45.71635469234767,-42.22253437031869,-110.0,-49.7657654396986,-30.632971171902295,-110,-46.26857538506293,-39.90101361402499
212,-4.61654,5.41353,1.5,-33.848847372749184,-42.33462317021456,-39.73773183152474,-110.0,-47.62673353799468,-45.257942319019286,-110,-29.552154002533772,-57.031411900034975
212,-4.61654,5.41353,1.5,-31.647138331986476,-41.89127637446899,-44.61598053464271,-110.0,-56.73670290999612,-43.3318562058013,-110,-28.53358719363245,-49.951992225664895
94,5.38346,-2.58647,1.5,-48.30151840010173,-58.57750168971682,-41.03985049269399,-110.0,-45.61804074386644,-48.6394109321419,-110,-36.302413981534485,-36.38896884755266
142,5.38346,0.413534,1.5,-48.85188674505527,-39.452122342833306,-53.56914837883632,-110.0,-52.70031806085992,-25.74572353649954,-110,-37.487341821928645,-40.42109765570448
170,1.38346,2.41353,1.5,-36.25526052561197,-45.34997357915615,-49.72996633689644,-110.0,-41.28714580858594,-39.88986152113774,-110,-31.02525005866239,-48.916153693047335
107,2.38346,-1.58647,1.5,-55.141217423856034,-44.1686768984028,-46.592452183394634,-110.0,-40.0733210460081,-44.962415209907995,-110,-36.06893576670268,-36.8608724289907
90,1.38346,-2.58647,1.5,-53.97990586121557,-40.51283883135552,-44.68942433521772,-110.0,-33.25454150523451,-40.55151578773657,-110,-41.29952400989957,-31.89025823670584
52,-4.61654,-4.58647,1.5,-43.07099565875075,-40.235838293545534,-33.974667093561024,-110.0,-37.474260249412545,-41.79743577323084,-110,-40.82490647753064,-55.483574320542424
236,3.38346,6.41353,1.5,-59.91033889502933,-38.41198808309298,-61.63083369260823,-110.0,-45.571872204331896,-43.99067604240403,-110,-47.36471419190886,-47.253940276444595
235,2.38346,6.41353,1.5,-38.57744584355268,-22.59447002225672,-51.02891132764575,-110.0,-45.70652880792228,-55.09615784264179,-110,-43.394737152380294,-51.95089442593265
88,-0.616541,-2.58647,1.5,-47.3563109684053,-35.19522416478706,-26.310660660475516,-110.0,-70.35676276232846,-44.37285953004778,-110,-35.692160095472,-39.891434493529744
236,3.38346,6.41353,1.5,-58.61538579923678,-42.141026407562705,-56.97127772984286,-110.0,-37.06486341077498,-34.14613702512352,-110,-43.88531052000675,-51.05976590046579
163,-5.61654,2.41353,1.5,-34.2885228665164,-33.76363572483603,-47.86561542064681,-110.0,-50.02392600413372,-56.23002652543025,-110,-35.158889328063474,-37.39671250017001
34,-6.61654,-5.58647,1.5,-56.015271558916325,-40.466503012489504,-31.137244677730376,-110.0,-42.85919208051808,-44.09192800542776,-110,-40.46028945031785,-43.138669445533786
183,-1.61654,3.41353,1.5,-33.83084566127174,-34.37593112522929,-45.67577921711306,-110.0,-45.47695078740944,-33.744676242028135,-110,-30.32622350823539,-42.29591920763353
196,-4.61654,4.41353,1.5,-31.535383915657725,-31.81947555019741,-39.40311110603288,-110.0,-44.39198741771399,-50.36620849500596,-110,-41.5761531884802,-42.56798546773889
51,-5.61654,-4.58647,1.5,-34.74369059552543,-38.44931679650958,-38.842871041742455,-110.0,-37.11183320884494,-45.64115727125285,-110,-50.650172933857974,-50.56339342714915
94,5.38346,-2.58647,1.5,-48.74158818029347,-58.02980735433176,-42.71136982645238,-110.0,-49.04270620007802,-44.88249019379747,-110,-34.4789683332958,-37.06162942365344
113,-7.61654,-0.586466,1.5,-35.50507384167829,-49.25500209377267,-40.58260595976436,-110.0,-39.19203827533155,-37.00979440673015,-110,-46.98179023934314,-39.99979976655795
61,4.38346,-4.58647,1.5,-43.01577712056544,-42.72040504679398,-40.025614281652835,-110.0,-32.06981860118243,-43.837822326238864,-110,-31.914577670161982,-37.255110478673544
139,2.38346,0.413534,1.5,-41.23596177353477,-45.9608265524088,-50.69670501456982,-110.0,-36.82311301012177,-36.80466649475616,-110,-37.25692341502576,-39.40865240132496
98,-6.61654,-1.58647,1.5,-35.79212809613778,-32.09307640508049,-33.028667616101316,-110.0,-45.37566395944434,-47.21661040508935,-110,-46.212314706517226,-61.71754749128654
77,4.38346,-3.58647,1.5,-46.52831312025384,-57.83586202493414,-35.75274842693785,-110.0,-39.94970303881652,-41.05483824315881,-110,-40.598428111627555,-31.5548090014722
13,4.38346,-7.58647,1.5,-43.31645755632734,-46.610766305329896,-50.35750551446509,-110.0,-45.20291832242436,-43.22213648311588,-110,-41.72825013628355,-43.525182016072215
59,2.38346,-4.58647,1.5,-38.227512091283955,-45.41409383819117,-38.378751118026216,-110.0,-33.956517162203944,-37.151942130151305,-110,-45.54850315707458,-33.28224135385975
14,5.38346,-7.58647,1.5,-55.284475404796176,-54.595022873642584,-44.67723252987739,-110.0,-42.53850270712876,-37.91494913019472,-110,-42.997411363158555,-24.533882813019854
202,1.38346,4.41353,1.5,-58.47317381145558,-28.92873117691576,-58.810208359148994,-110.0,-43.07612096421763,-32.826952336513266,-110,-37.97915478979991,-62.19745032792204
56,-0.616541,-4.58647,1.5,-51.83788757039569,-45.322372269878905,-31.363013317000306,-110.0,-43.32935397883327,-48.26484916421183,-110,-37.54216561061422,-36.38200422424565
4,-4.61654,-7.58647,1.5,-38.53355905534704,-42.19660849189709,-40.67722940211588,-110.0,-39.47087530599436,-38.055532969763675,-110,-40.76105191158746,-43.3485835424278
134,-2.61654,0.413534,1.5,-30.06289164552114,-40.33068464126161,-42.09637796067872,-110.0,-44.9098687263008,-31.625842906792833,-110,-27.455830901633185,-55.20733008546821
149,-3.61654,1.41353,1.5,-34.333017006647175,-40.549058312219614,-36.752884893978504,-110.0,-55.10797864758284,-40.64197375237549,-110,-35.6717677930272,-44.7778490845534
180,-4.61654,3.41353,1.5,-29.15951977771155,-37.90127225644064,-35.107752103017226,-110.0,-44.988217083610905,-56.64635818244065,-110,-36.09359159934689,-41.078361399372554
181,-3.61654,3.41353,1.5,-36.96702360735897,-43.083042698224546,-48.992116220802416,-110.0,-36.09069656344848,-36.36596818263519,-110,-29.753420050538576,-54.2986237828856
191,6.38346,3.41353,1.5,-58.77383590051106,-62.59174365585204,-56.488189345526486,-110.0,-51.78092624842208,-41.66450978849437,-110,-32.02055971439487,-49.26937176408448
118,-2.61654,-0.586466,1.5,-30.884136743297688,-38.70289607018339,-36.34348886867525,-110.0,-40.49800235498683,-35.462292968217675,-110,-37.76054150182043,-41.027524223099505
132,-4.61654,0.413534,1.5,-33.091684925134196,-23.920884055893996,-33.82706114275504,-110.0,-45.79432048989475,-40.17233755352273,-110,-54.77591057332322,-49.03237911690683
106,1.38346,-1.58647,1.5,-40.1923450301508,-53.3911334709963,-52.35688581864684,-110.0,-50.49808059529738,-35.048580041244854,-110,-37.297041029609666,-41.1496441275671
157,4.38346,1.41353,1.5,-46.603629805844726,-39.20673907939582,-50.57160626774512,-110.0,-49.93045548106944,-42.29206308080981,-110,-30.31139474562524,-38.92533595269877
89,0.383459,-2.58647,1.5,-42.90026762796054,-53.7408044316536,-47.48985354137272,-110.0,-31.158804507280568,-44.690469875990445,-110,-38.65285215537145,-40.35507999446912
62,5.38346,-4.58647,1.5,-38.87983709895936,-41.67269741630088,-49.435234044411615,-110.0,-38.23097382344583,-43.41582044730848,-110,-34.24561277848216,-35.30390057591043
6,-2.61654,-7.58647,1.5,-31.29744724352794,-38.44717414019029,-21.949010244914888,-110.0,-39.892937085265906,-57.407906691513325,-110,-35.98676146904022,-44.626328624375816
124,3.38346,-0.586466,1.5,-46.6176270157474,-51.57689721757517,-55.59350882898432,-110.0,-34.84102722819743,-37.20799205859924,-110,-29.407505891104336,-35.28135377115633
131,-5.61654,0.413534,1.5,-38.0748496747559,-37.47339549709264,-49.605290986582325,-110.0,-46.76189868183196,-38.03237824201921,-110,-47.75122682416952,-40.35425105158297
26,1.38346,-6.58647,1.5,-42.05451685657762,-51.03846918538879,-40.83308621357345,-91.4514187513596,-25.363062292303912,-36.69559284440152,-110,-54.84071524334526,-32.74605544388863
113,-7.61654,-0.586466,1.5,-36.796884808600744,-45.62556950835297,-38.729834417796766,-110.0,-39.45193801338069,-39.43865810685695,-110,-45.437095450260614,-40.3614765241852
237,4.38346,6.41353,1.5,-85.07635074863937,-30.852630092595845,-49.01757292450584,-110.0,-36.089914372788016,-26.719835902011106,-110,-34.97531692220765,-36.689017681103635
133,-3.61654,0.413534,1.5,-36.346847277708584,-30.09620151165468,-41.88009980465618,-110.0,-52.7524421592627,-37.93871867124157,-110,-34.79449477332677,-45.69126067767192
44,3.38346,-5.58647,1.5,-43.88850974748915,-53.22485843293327,-34.183272356708656,-94.18667866595209,-44.70622416568933,-34.45315376870364,-110,-41.11046452916525,-33.69858277868697
115,-5.61654,-0.586466,1.5,-44.31161709421693,-38.18403118644027,-39.40646969978042,-110.0,-34.933931458034735,-36.90329745365844,-110,-36.782495184211434,-39.81324624687371
46,5.38346,-5.58647,1.5,-37.1277889523941,-41.38429639280252,-49.73588719814633,-94.29504330089118,-38.04321875901115,-35.977871981282135,-110,-36.984784252636,-32.52472006848396
96,7.38346,-2.58647,1.5,-40.196279931098395,-40.52979524622776,-40.60436072480076,-110.0,-40.08559425296264,-32.30043852986058,-110,-45.95853673316283,-34.954941532225064
181,-3.61654,3.41353,1.5,-36.250456422111306,-42.18684377542735,-41.63472425023017,-110.0,-30.74006760108383,-39.377597166028906,-110,-31.61056958619445,-54.890366830876154
178,-6.61654,3.41353,1.5,-29.262658933958377,-32.89107842973735,-34.28567297467124,-110.0,-92.60051031556117,-41.674302233719075,-110,-42.88222207301726,-45.58640219149335
42,1.38346,-5.58647,1.5,-43.50894791246117,-52.90933189786029,-35.18840326758579,-88.90877709215178,-26.191821443495115,-31.9538780950452,-110,-39.18909960669587,-26.846442701874096
18,-6.61654,-6.58647,1.5,-34.600840946579446,-37.10362580544077,-37.526622724560006,-82.38973733974127,-36.73303805109707,-45.78675909355534,-110,-43.42246764181402,-46.257676130808115
202,1.38346,4.41353,1.5,-50.72233984525436,-32.59532029495248,-54.18582782712504,-110.0,-44.730859008732885,-34.73816585406583,-110,-41.51382954523353,-55.305924981424326
15,6.38346,-7.58647,1.5,-53.057358176797344,-50.534561988411944,-38.63659287840965,-86.74213939987413,-33.3600543575017,-42.76814941554792,-110,-52.557565888787565,-35.153988548061605
51,-5.61654,-4.58647,1.5,-34.37847627189533,-38.06141413883657,-37.0264290990089,-110.0,-34.81551774987994,-48.17115793785609,-110,-47.0104778889907,-44.70081448366698
20,-4.61654,-6.58647,1.5,-34.8888344400597,-39.60371649737573,-33.843253699846734,-87.28183473131388,-40.44402747505616,-53.327268092470376,-110,-38.84516388801925,-41.97782965071924
48,7.38346,-5.58647,1.5,-46.64168592991573,-42.23217604019169,-42.587606088672345,-95.73732829856256,-36.888038017548745,-40.75082540012104,-110,-43.0092077862988,-26.942700003309504
85,-3.61654,-2.58647,1.5,-43.81537631975628,-46.420066578901576,-40.186604943890224,-110.0,-38.55324660352791,-47.98935917040238,-110,-35.59075590242844,-68.36571721848044
39,-1.61654,-5.58647,1.5,-32.452128467528446,-40.76306325398255,-26.368679039980407,-110.0,-36.24465646059571,-53.23238973127512,-110,-42.12535852203311,-45.330117428500465
83,-5.61654,-2.58647,1.5,-37.10413650553012,-40.96580290053143,-37.59406588015671,-110.0,-44.80865812211097,-46.52048927586541,-110,-35.80659862057453,-40.90699081315771
120,-0.616541,-0.586466,1.5,-53.42607884148394,-31.510251491561892,-30.661415331792735,-110.0,-42.30316128121547,-35.698048659398864,-110,-33.761697182138086,-46.83641321382182
94,5.38346,-2.58647,1.5,-44.64963802934772,-59.667029891421365,-41.679368312123835,-110.0,-42.94054404555982,-44.465670875947495,-110,-38.85001478260942,-35.69579882736216
92,3.38346,-2.58647,1.5,-59.50713984639669,-56.49183288881147,-37.91428272861322,-110.0,-45.61181993621205,-31.469767226916456,-110,-40.80394506967156,-36.73284005556555
93,4.38346,-2.58647,1.5,-44.61761027130459,-55.20674492821364,-41.77352725652637,-110.0,-37.60201279922873,-39.59507548386953,-110,-33.90005910892401,-41.96671151353876
182,-2.61654,3.41353,1.5,-42.210657571642294,-36.57459459129376,-31.39516774248343,-110.0,-37.60475141665124,-39.68709269497825,-110,-31.41610763878712,-46.179082486721775
71,-1.61654,-3.58647,1.5,-47.23373261796165,-52.46274605484168,-23.102969958351956,-110.0,-43.955753074699246,-50.19356308559828,-110,-37.89234886344424,-45.223900612000214
234,1.38346,6.41353,1.5,-27.76395288230069,-32.01505662699286,-51.251290456354006,-110.0,-38.21518821471644,-42.014698902905664,-110,-26.83907072945968,-36.88298522613988
205,4.38346,4.41353,1.5,-38.47296300178928,-31.928197491715512,-52.43503962701445,-110.0,-37.308472921322235,-42.00169637127342,-110,-42.69144445377166,-39.19225818259051
211,-5.61654,5.41353,1.5,-19.890726849425644,-40.97542511551,-38.31910988455655,-110.0,-56.225245331848186,-58.870176235859574,-110,-45.309999555141395,-41.90606444735272
200,-0.616541,4.41353,1.5,-44.852179362562914,-29.734468765181617,-34.48754947135505,-110.0,-48.45172043436284,-43.60098088727348,-110,-33.41930854159425,-49.22727409524932
60,3.38346,-4.58647,1.5,-45.55738767039631,-47.54130244023411,-41.73298244577529,-110.0,-38.046238445449426,-39.16996351674915,-110,-43.321055139375694,-40.79024712919317
140,3.38346,0.413534,1.5,-34.336422979139954,-49.414336038240016,-48.555598916155,-110.0,-46.28428384435449,-43.0867999508381,-110,-35.941832234941124,-59.01553952038468
215,-1.61654,5.41353,1.5,-52.17958127737969,-42.23977304797761,-52.34474239243231,-110.0,-43.08802824904968,-47.72760844671898,-110,-35.07295499942906,-50.85249201579666
180,-4.61654,3.41353,1.5,-29.485816687224485,-32.70353558834907,-36.746697938170385,-110.0,-43.628366509315654,-60.51733869159981,-110,-27.22272216334896,-43.611694939536406
161,-7.61654,2.41353,1.5,-26.341015648836972,-47.04254956552598,-41.4144418598046,-110.0,-37.060745529253914,-45.53543572164703,-110,-37.72913805694644,-44.01519606135536
6,-2.61654,-7.58647,1.5,-34.22069073519886,-42.49592892491946,-32.766571665789186,-110.0,-47.3783210246426,-56.75066743239101,-110,-37.15034605544104,-39.92058649200673
210,-6.61654,5.41353,1.5,-31.16765725525331,-35.846322203429125,-42.868662540158304,-110.0,-55.03057146847952,-54.043417134091456,-110,-40.94641260997735,-58.194166856099464
82,-6.61654,-2.58647,1.5,-48.02042539065357,-44.312149351809445,-47.86758068947299,-110.0,-53.147793506881634,-64.53859730328908,-110,-53.73730057441302,-35.99644732223263
3,-5.61654,-7.58647,1.5,-35.81251075839451,-56.982402113655965,-32.497144792177735,-110.0,-34.61789161094812,-36.96036231957467,-110,-44.80440075528469,-47.35123684573177
4,-4.61654,-7.58647,1.5,-32.034836943970724,-37.57714919886852,-44.50045798106125,-110.0,-36.04274449902116,-37.98360903617176,-110,-44.544479214095375,-39.02952901534106
40,-0.616541,-5.58647,1.5,-55.086770914380345,-43.88341529976506,-31.27129243937552,-110.0,-42.85043198222262,-45.17480216840809,-110,-51.89750584870821,-43.30334672854526
19,-5.61654,-6.58647,1.5,-41.407084012687555,-53.28807027754677,-41.70236373881779,-110.0,-43.87105127322123,-48.2189557155858,-110,-40.92523854246531,-56.40655958567566
105,0.383459,-1.58647,1.5,-51.64515038925312,-46.5363952577456,-43.2737041375379,-110.0,-38.09810859459336,-41.64896720162971,-110,-39.51754374896422,-37.195078947222946
40,-0.616541,-5.58647,1.5,-56.79370239241836,-42.84888198907113,-33.232858312327686,-110.0,-40.49119438636582,-45.52459574927562,-110,-46.7552891985585,-47.15798128302277
204,3.38346,4.41353,1.5,-46.809312633079706,-32.336484299438666,-51.28948713962981,-110.0,-43.0907704828807,-40.26623724664926,-110,-42.13890405255632,-41.17687458132467
87,-1.61654,-2.58647,1.5,-33.12696785493211,-44.45450011749148,-49.58030928860462,-110.0,-46.70970082442369,-48.888571469874904,-110,-35.23952841812133,-38.54601358710395
89,0.383459,-2.58647,1.5,-43.552798321173746,-44.35313983619776,-43.1747338882637,-110.0,-30.7292631555959,-34.442744472369824,-110,-31.67327697602568,-31.52575465154734
148,-4.61654,1.41353,1.5,-39.765347872425544,-33.22883384754375,-45.807153015731245,-110.0,-54.246255351706225,-33.12098287138444,-110,-37.733884447557294,-39.41380265550042
165,-3.61654,2.41353,1.5,-33.16213298474535,-33.968247713226184,-34.64405601153324,-110.0,-40.53018532804752,-69.34069544666514,-110,-32.49462796200564,-46.369937536221975
76,3.38346,-3.58647,1.5,-42.123153758617406,-43.006306877441254,-41.45702130610058,-110.0,-38.57080832438866,-32.826951838210576,-110,-40.30339404901892,-35.975738594565044
7,-1.61654,-7.58647,1.5,-34.98657433558261,-37.03219233573458,-35.9081122962058,-110.0,-21.98748191588217,-45.70805051960585,-110,-36.46474427622157,-55.64558689326191
194,-6.61654,4.41353,1.5,-31.271478785410835,-40.77336872192408,-30.743362519563327,-110.0,-49.27412209903837,-51.94073500728938,-110,-39.75455804043647,-40.55073965948649
112,7.38346,-1.58647,1.5,-38.35835837387823,-40.400386740840275,-36.624153533361266,-110.0,-34.32445209751877,-39.612423654577945,-110,-33.78787938334378,-32.08537405759648
170,1.38346,2.41353,1.5,-45.2006450696551,-47.81911774328354,-48.21768639850372,-110.0,-40.505003420166375,-42.26371167192169,-110,-28.221684397447785,-44.218572565035814
46,5.38346,-5.58647,1.5,-36.28215266120435,-44.842570728408354,-49.84953562785257,-95.17124106801111,-36.59263185505509,-38.79553234384301,-110,-37.35825185340056,-26.348529627216244
7,-1.61654,-7.58647,1.5,-36.18842666086648,-40.4433794212969,-35.580080131251535,-110.0,-24.245005219936655,-40.01793848856191,-110,-36.830020298704966,-50.20507831364726
97,-7.61654,-1.58647,1.5,-36.82558617619373,-49.43376502929621,-42.46472191909563,-110.0,-43.50323094835247,-42.72419885652271,-110,-39.56211834016435,-51.434853008702966
63,6.38346,-4.58647,1.5,-43.71958344195101,-49.68763706658473,-44.48038548749241,-92.60848550148788,-27.421090403741243,-37.46965884857126,-110,-29.97728302723631,-36.973715238887465
194,-6.61654,4.41353,1.5,-21.83204054956651,-39.17846466130907,-39.10647823908001,-110.0,-54.13711456770157,-49.9316138779748,-110,-41.46598667563086,-41.66560812064313
171,2.38346,2.41353,1.5,-39.944010849502995,-57.018457915868694,-39.91518945158054,-110.0,-44.46895678074248,-37.51307605445231,-110,-27.359988009996457,-42.71402909965642
158,5.38346,1.41353,1.5,-49.765055845653,-61.74898376735447,-41.4452442437957,-110.0,-33.48368109414987,-57.42803171368006,-110,-40.2611421509782,-48.21876580942894
59,2.38346,-4.58647,1.5,-41.6893811221849,-54.08195365666479,-36.67067672399206,-110.0,-37.17980339596977,-38.44673215589808,-110,-40.10880334573056,-32.979153109794204
162,-6.61654,2.41353,1.5,-37.65151604827928,-28.46512305519402,-36.001639988056134,-110.0,-46.59535787896466,-40.63905084397784,-110,-35.98144419988404,-42.60143312809686
234,1.38346,6.41353,1.5,-26.904122524300085,-24.26809695322038,-48.94816642631824,-110.0,-37.29852219435397,-49.4899418168533,-110,-25.97154410786211,-37.93652923140903
23,-1.61654,-6.58647,1.5,-36.42582816912925,-35.54488742613617,-23.83301958853656,-104.13733719013736,-36.85246752481278,-49.429887957895914,-110,-34.138504808894545,-40.7496281983729
202,1.38346,4.41353,1.5,-58.93444974318159,-33.099021146335325,-56.51944556365995,-110.0,-46.2356182746252,-30.833170990089165,-110,-37.67091229925304,-53.833811225876566
156,3.38346,1.41353,1.5,-41.27759875775901,-50.60286724265155,-61.643972734052355,-110.0,-34.712083742205245,-40.16701875034728,-110,-30.57201555738487,-52.43745079920406
47,6.38346,-5.58647,1.5,-41.44788380473279,-51.91447047244353,-40.15622344581287,-95.11328723907752,-33.82693601539342,-41.0273311932889,-110,-41.77471991596019,-40.2358425061135
97,-7.61654,-1.58647,1.5,-35.60934019250151,-44.652791310184426,-42.43115724194925,-110.0,-46.16850792600443,-41.43702809071112,-110,-43.99282984404304,-50.91384007837414
138,1.38346,0.413534,1.5,-38.761861448212606,-55.87931396732728,-42.95644909159181,-110.0,-36.085034664811246,-50.295960096654966,-110,-35.85755341468567,-34.555410404251106
71,-1.61654,-3.58647,1.5,-42.69085274305219,-51.73058949272184,-28.07665777463615,-110.0,-41.79419501265971,-56.206690542569056,-110,-43.70927258913421,-46.568143673160776
195,-5.61654,4.41353,1.5,-25.860551248080032,-37.519789126222214,-41.17248217793681,-110.0,-34.81908363210361,-44.093272226227256,-110,-34.877005392919685,-48.584222278852515
78,5.38346,-3.58647,1.5,-38.57212622281626,-63.92705233548926,-46.800552869751,-110.0,-28.17264268704576,-34.383212780653395,-110,-34.89249181338822,-35.58003193927125
99,-5.61654,-1.58647,1.5,-40.03726207014006,-39.399839118085,-37.6587521145912,-110.0,-48.75727288151505,-43.69588821922456,-110,-44.04834279222595,-33.72362437183472
62,5.38346,-4.58647,1.5,-34.23726207568754,-42.01691483267707,-40.850621631279985,-110.0,-37.543760046442685,-38.69951722871225,-110,-40.81294805627133,-34.33616991132324
168,-0.616541,2.41353,1.5,-33.476226352305964,-45.989541211379155,-34.43922284593597,-110.0,-39.14775318236201,-38.43492696315433,-110,-28.214999069412983,-37.35154617021952
206,5.38346,4.41353,1.5,-44.31921854621259,-33.45964634713792,-54.59955106390716,-110.0,-52.1528756933288,-39.464591077290535,-110,-34.66488092772806,-41.16730708926759
156,3.38346,1.41353,1.5,-47.51955048899861,-44.85444078192187,-59.51779542764445,-110.0,-33.57140642705268,-37.984105536890475,-110,-30.726905349695137,-47.489955827487066
17,-7.61654,-6.58647,1.5,-38.9271220486576,-38.16935948084345,-32.68118085301541,-92.78437394504044,-45.09155421719744,-50.26841308738624,-110,-44.08051061117519,-50.5404584755431
144,7.38346,0.413534,1.5,-43.84053688948892,-64.59790851941581,-39.520663622144184,-110.0,-40.2504035984698,-27.747723194129797,-110,-37.37675935752904,-43.23840685844144
87,-1.61654,-2.58647,1.5,-36.57401726025568,-44.401335143859,-52.88223910788592,-110.0,-46.99024426787821,-43.53627821859536,-110,-35.14044791978306,-29.23109934345772
84,-4.61654,-2.58647,1.5,-38.898676167638314,-38.820147894380774,-42.8022600363107,-110.0,-45.485934147008344,-43.075799500347394,-110,-34.84096984567042,-45.379369574627674
154,1.38346,1.41353,1.5,-31.160151804623705,-55.01533816359935,-45.54903642665238,-110.0,-38.844868937122705,-39.39986286725886,-110,-33.07278174477994,-36.273642489466255
201,0.383459,4.41353,1.5,-42.48736549838587,-30.922406906967947,-52.9411064125152,-110.0,-35.678642916363074,-42.3298039040891,-110,-27.42757804452387,-37.19554218058673
75,2.38346,-3.58647,1.5,-46.95982890295569,-43.48189988450958,-44.32527786038973,-110.0,-30.65675758821657,-32.586847676204364,-110,-36.01792019682997,-42.46661398699172
76,3.38346,-3.58647,1.5,-39.77028880512875,-45.2083996682888,-36.96510627475864,-110.0,-32.479439305059365,-34.234533655355634,-110,-35.75491823645314,-38.612196696098025
51,-5.61654,-4.58647,1.5,-31.9650393347747,-36.44590184760988,-38.61391179545962,-110.0,-33.78510147523002,-48.56281376604082,-110,-45.1302189439514,-43.37362131062272
208,7.38346,4.41353,1.5,-37.33400680276589,-39.66029052821361,-54.61668469221844,-110.0,-50.32814302067098,-23.635420062815207,-110,-36.251891268369704,-39.21170947372321
156,3.38346,1.41353,1.5,-50.95422017139147,-39.32488502509907,-62.60414351171458,-110.0,-37.83568246165599,-35.4967651650398,-110,-30.21694117914147,-52.335833358342384
164,-4.61654,2.41353,1.5,-34.99551802433278,-48.1491802802721,-37.400561810382015,-110.0,-47.82885086451828,-43.27946129121985,-110,-33.713430217113036,-50.11692984366731
74,1.38346,-3.58647,1.5,-48.231118187338986,-43.14585960655362,-40.50242762670882,-110.0,-27.0858064749496,-41.540951734065445,-110,-39.26908318030781,-45.793124122553344
62,5.38346,-4.58647,1.5,-36.37932689274728,-47.349983936626856,-43.53174142886815,-110.0,-31.74052509900259,-34.540797204408406,-110,-44.989504762532675,-32.230421885385965
107,2.38346,-1.58647,1.5,-54.17455722692994,-46.539250329947166,-50.56691279634579,-110.0,-42.44880215996209,-46.50699903017869,-110,-36.479743061043806,-34.84972670675847
93,4.38346,-2.58647,1.5,-48.28026878028523,-51.3344279445571,-34.76442115464404,-110.0,-28.55040302673867,-37.11704937683772,-110,-34.74292553739006,-44.80074678835134
61,4.38346,-4.58647,1.5,-41.573723512647895,-46.241453996397205,-40.48603756242052,-110.0,-32.82213090669057,-43.62150199321464,-110,-37.708306710239185,-36.96123930268615
193,-7.61654,4.41353,1.5,-30.065227331637832,-45.64536252489515,-39.97509620844029,-110.0,-38.89571928742157,-57.54384370205138,-110,-47.836732410014086,-54.913132711807975
22,-2.61654,-6.58647,1.5,-38.06605914973055,-41.70403426066525,-32.79024817578423,-80.13283497683176,-34.08257219415549,-37.88601958662004,-110,-37.224534055459976,-49.75290306303763
181,-3.61654,3.41353,1.5,-36.4247275112455,-38.68801833535495,-41.26725864988374,-110.0,-35.58454881517589,-34.612043489549954,-110,-31.83838073535166,-54.25238666642021
1,-7.61654,-7.58647,1.5,-110.0,-110.0,-110.0,-72.31742592966651,-84.9160202845618,-110.0,-110,-110.0,-110.0
47,6.38346,-5.58647,1.5,-39.062622440860736,-54.59653334475368,-41.72203425005281,-95.67171305214303,-29.014487252351874,-36.94981763216373,-110,-36.81727357915012,-38.98117505152633
22,-2.61654,-6.58647,1.5,-37.25925965368634,-37.17093172215131,-30.510671940143467,-81.26063050987881,-38.10832520471643,-39.461976046303896,-110,-40.68915835662512,-54.270004204411606
66,-6.61654,-3.58647,1.5,-49.12021281953017,-45.37615974581018,-36.614392295299915,-110.0,-37.38917466052201,-50.41217349946827,-110,-39.93351149279003,-60.66244276825256
34,-6.61654,-5.58647,1.5,-51.861497043738254,-35.95423994950933,-33.59500778997875,-110.0,-39.89714449804725,-38.66526980641778,-110,-35.59472974090022,-44.14641756082048
157,4.38346,1.41353,1.5,-46.7815052837662,-33.65843890702295,-43.45092166124633,-110.0,-42.49418565903396,-44.29181945609836,-110,-29.77696526495682,-39.16908583278168
81,-7.61654,-2.58647,1.5,-35.912845343124246,-44.24933976376069,-32.6825416622197,-110.0,-45.52154830969138,-45.987360960169966,-110,-37.52887167103746,-53.559798533053296
107,2.38346,-1.58647,1.5,-55.88572396800252,-46.40782951115965,-50.79083478601617,-110.0,-38.426899500567416,-46.58593918488201,-110,-37.418271569996,-37.025680716036874
223,6.38346,5.41353,1.5,-35.34439013957409,-48.23538618152555,-54.77736071625862,-110.0,-50.6344249542747,-46.40711588396552,-110,-38.10898916711408,-42.17660544393869
192,7.38346,3.41353,1.5,-55.36445324425424,-63.42400955838997,-40.05948616468895,-110.0,-35.33104703315475,-22.792893624418355,-110,-31.72677344856335,-42.45423639296597
236,3.38346,6.41353,1.5,-56.677460019414134,-37.98675112876422,-61.00381660404528,-110.0,-45.64248711548177,-39.96015343975195,-110,-46.67040451592991,-41.27171963263619
208,7.38346,4.41353,1.5,-38.83478868552398,-43.39817397203917,-59.36360891606706,-110.0,-52.95128244536749,-27.00491204541833,-110,-29.753683682616092,-41.14981048945966
115,-5.61654,-0.586466,1.5,-41.61745513066041,-38.3719086475727,-39.87894987110079,-110.0,-40.37554844776682,-33.60910875454828,-110,-36.490989162862384,-49.67514092615946
119,-1.61654,-0.586466,1.5,-37.206850311855966,-38.764995197557994,-30.153973246332193,-110.0,-40.66258385059221,-47.16230707996585,-110,-38.953134552449555,-46.6459978095109
231,-1.61654,6.41353,1.5,-31.25588230413297,-20.954540150048885,-30.581011219287927,-110.0,-46.29399901933919,-51.69454028359943,-110,-44.34778871046852,-52.28118542277615
205,4.38346,4.41353,1.5,-43.94457718016139,-29.98843775236887,-48.88643358178197,-110.0,-39.79739858034321,-44.23541690686401,-110,-41.363467842931406,-31.90988076662223
124,3.38346,-0.586466,1.5,-37.296761171691585,-56.88582605907537,-56.20007717579591,-110.0,-37.73522303260936,-37.48080605684227,-110,-28.54178745190747,-43.84381604778867
10,1.38346,-7.58647,1.5,-45.53968304705656,-42.02399473804102,-23.51538451052583,-110.0,-18.01418596638981,-42.69463930306323,-110,-36.67772126969646,-36.701975736298095
74,1.38346,-3.58647,1.5,-43.78597942816143,-43.63006558240514,-36.60520368593894,-110.0,-30.176257692077485,-36.43080646331479,-110,-32.27187728239956,-44.38447458688186
194,-6.61654,4.41353,1.5,-32.02705108647899,-45.83998903464272,-31.66249452530593,-110.0,-51.11975929026138,-52.623378384701766,-110,-40.25767436946234,-44.46168678393888
61,4.38346,-4.58647,1.5,-36.59535824949925,-41.81262871497356,-38.78393078486413,-110.0,-26.266939203654953,-51.272639129212365,-110,-39.5443773533582,-34.37943188478794
116,-4.61654,-0.586466,1.5,-39.03172372534602,-43.1322680183568,-33.29834178534556,-110.0,-48.908864394442126,-35.489501595985786,-110,-49.2743723627614,-40.71566245628697
188,3.38346,3.41353,1.5,-47.515075115431806,-45.841160579861544,-48.1198753869842,-110.0,-44.317062194681384,-49.60645048140819,-110,-23.995255574990864,-42.41551783288042
222,5.38346,5.41353,1.5,-40.161209731175774,-45.32015306631848,-47.55769372948386,-110.0,-44.19657299218776,-37.46004173365144,-110,-45.916667622777254,-32.73653778367712
127,6.38346,-0.586466,1.5,-43.854166106593816,-49.52258268016516,-42.23032455631749,-110.0,-44.44255952855292,-27.30498510529569,-110,-38.87124341013359,-32.29288826628183
104,-0.616541,-1.58647,1.5,-42.00877921969289,-34.619955212683024,-30.08295402064105,-110.0,-50.14543472784277,-50.17670055057557,-110,-33.8668549596063,-43.112508581233605
203,2.38346,4.41353,1.5,-41.38892557937491,-39.65325414137535,-61.47458616827873,-110.0,-37.76762202319639,-40.337093400281326,-110,-47.16373202555335,-38.542639981415235
57,0.383459,-4.58647,1.5,-53.655975451795626,-44.23199920532133,-55.65710318729105,-110.0,-39.65045912726609,-46.58809628970982,-110,-29.958322744304077,-43.88986323060173
74,1.38346,-3.58647,1.5,-39.81674413284521,-42.608394145730976,-37.13293433716256,-110.0,-31.44188862779118,-38.95825323634963,-110,-31.13299455839287,-44.93334406598542
14,5.38346,-7.58647,1.5,-50.63776887870568,-53.069725863035295,-41.90497408886621,-110.0,-43.62354925318397,-40.65880023269048,-110,-36.00297307540222,-32.465950659106845
233,0.383459,6.41353,1.5,-42.52104820569933,-21.848176683752985,-36.83127201749982,-110.0,-47.28512134614092,-36.743040385414616,-110,-45.806698282596706,-46.73223883309182
203,2.38346,4.41353,1.5,-40.71760418432311,-38.94382340472128,-57.04091471862022,-110.0,-39.74978405053718,-37.5251440682933,-110,-43.448394133108984,-37.794178102991374
197,-3.61654,4.41353,1.5,-22.58358169186659,-35.74043479140283,-44.888448553240586,-110.0,-38.52002522687963,-61.61703011951229,-110,-34.7912618199685,-49.29012606403207
66,-6.61654,-3.58647,1.5,-56.24824221226807,-42.69218352805242,-36.501530445343974,-110.0,-41.75801914548045,-50.13806395462991,-110,-40.64451620235524,-57.7080483708768
141,4.38346,0.413534,1.5,-30.623866632462175,-48.4057336459068,-48.627191231924975,-110.0,-39.53089908169154,-36.85623983735101,-110,-33.566116395840595,-33.45984409604971
12,3.38346,-7.58647,1.5,-45.264410756403635,-48.693149931826184,-44.230979581638415,-83.42629517766997,-46.965322954604666,-45.01783565245003,-110,-41.57545239174712,-37.68262830337824
224,7.38346,5.41353,1.5,-32.04257717541959,-36.86216820977566,-49.58229626633093,-110.0,-36.71576412175857,-40.053183425644896,-110,-34.91715953515863,-42.886874453647664
85,-3.61654,-2.58647,1.5,-37.81050492347575,-49.11290837811684,-45.427278688876626,-110.0,-40.81297965863393,-37.980580146951326,-110,-36.15859480169971,-61.32255321723028
29,4.38346,-6.58647,1.5,-44.1078108163113,-62.13818572722419,-42.219964993418536,-77.4288104682836,-36.58965766685338,-34.89433921218568,-110,-35.573603698066485,-31.249975110565696
62,5.38346,-4.58647,1.5,-31.96353094138057,-48.57216987702278,-45.38604103159851,-110.0,-39.84487038260837,-40.09813651253173,-110,-40.55590337264203,-36.47958563908106
217,0.383459,5.41353,1.5,-35.01471608342295,-26.420167219617532,-47.08961169861564,-110.0,-51.7720201752124,-32.97063518344092,-110,-21.40431858646606,-34.05850772491396
213,-3.61654,5.41353,1.5,-44.160497676689666,-41.461593020503805,-35.63278773321919,-110.0,-51.71691815781737,-52.02681624404752,-110,-30.992710672131153,-40.512543194563165
67,-5.61654,-3.58647,1.5,-35.40370220104164,-40.37337339905541,-41.84397042014021,-110.0,-33.201138366268,-45.667551646177586,-110,-45.61622184864693,-48.46356031023621
116,-4.61654,-0.586466,1.5,-39.97232148413167,-43.89996899001674,-34.33560523760563,-110.0,-49.993314820824054,-40.01699463639806,-110,-48.08072602798374,-37.55730069650895
21,-3.61654,-6.58647,1.5,-32.575452640058145,-40.52005730493555,-33.15826377392088,-81.92220132585761,-30.19807198592665,-48.71681346674782,-110,-40.5757091634557,-44.309974741324645
142,5.38346,0.413534,1.5,-51.84960867414359,-33.82928173479065,-53.785775663499784,-110.0,-45.129199204063255,-29.390248285373215,-110,-36.27399265564646,-40.121974467208155
56,-0.616541,-4.58647,1.5,-47.36544450214424,-38.995939445270395,-27.371264628000223,-110.0,-50.940991088174286,-49.19743556265446,-110,-36.75119535521372,-34.67858978103918
13,4.38346,-7.58647,1.5,-43.206811718037386,-40.11540483294869,-43.32664580963365,-110.0,-43.10823343982996,-43.89038197437788,-110,-46.147303536775674,-37.30783683588952
15,6.38346,-7.58647,1.5,-65.39129655530945,-53.94191903677378,-44.54036271134735,-83.62796540185686,-31.66031088951688,-41.33161255526625,-110,-52.08966300155263,-26.489669985565587
216,-0.616541,5.41353,1.5,-34.73834073764619,-25.381428842031287,-27.179723206513778,-110.0,-51.82669022705392,-52.9019928856952,-110,-45.98309379564602,-58.107123692566766
141,4.38346,0.413534,1.5,-37.99818883427984,-48.71283141715752,-42.475956675056565,-110.0,-34.397464246754666,-30.7140409827252,-110,-38.17862329452617,-31.3093408606278
105,0.383459,-1.58647,1.5,-46.53345531526446,-44.39070989596064,-44.737809738566725,-110.0,-37.772604356496295,-38.16087526457882,-110,-37.42860381152038,-40.98106897972691
181,-3.61654,3.41353,1.5,-30.730671696620423,-42.45624975923161,-43.24797349829083,-110.0,-37.46633532087787,-34.60509539666257,-110,-32.67430704426299,-49.704890291106366
209,-7.61654,5.41353,1.5,-26.010389160208774,-29.82704034817692,-36.18797967445477,-110.0,-53.483291591795506,-55.12613911699737,-110,-40.00929430297339,-60.22493072139464
96,7.38346,-2.58647,1.5,-35.6400357588879,-38.2348187459535,-38.51477745301715,-110.0,-42.19449506421699,-35.26159258383945,-110,-48.1873242403256,-37.868830518612725
82,-6.61654,-2.58647,1.5,-51.185479419605755,-45.049344372138975,-44.19262710766925,-110.0,-44.89225944699315,-59.469706891899335,-110,-48.8986605197346,-36.86688334863793
211,-5.61654,5.41353,1.5,-29.756407850848017,-42.71207709083828,-29.96251200659429,-110.0,-57.223896218421295,-61.16573132303144,-110,-41.51674609408513,-49.16868722788804
79,6.38346,-3.58647,1.5,-38.244566574838885,-54.83675296963269,-33.83431731930406,-110.0,-36.198156465876615,-35.55281159289033,-110,-50.256133984558254,-31.145999595952592
220,3.38346,5.41353,1.5,-42.113239728059426,-33.80924340959802,-54.69768959302388,-110.0,-44.65463866880448,-37.33607039162742,-110,-39.25104916809736,-47.32242714720158
231,-1.61654,6.41353,1.5,-28.22030672192218,-21.527550412018854,-32.504848747945005,-110.0,-44.48613968307296,-50.22386655704938,-110,-40.54063309216173,-52.81660266967993
36,-4.61654,-5.58647,1.5,-39.722536161320555,-47.12135003306301,-25.740130311892077,-110.0,-38.66832609310234,-41.3962263913399,-110,-46.20889093645436,-32.52747294566815
123,2.38346,-0.586466,1.5,-49.01741092604881,-50.78524433033123,-61.98623975220033,-110.0,-41.082443886575334,-46.77383697355735,-110,-37.047221106530856,-36.18723884395014
129,-7.61654,0.413534,1.5,-30.489907069501925,-47.196627217898794,-29.90393435214395,-110.0,-44.84211201861814,-40.20073419896647,-110,-36.217876747884034,-36.2924267012624
94,5.38346,-2.58647,1.5,-50.742249497889695,-51.32933929005458,-39.74445603296593,-110.0,-47.36344744537664,-47.29710132308623,-110,-38.240381464707895,-34.774942364934866
184,-0.616541,3.41353,1.5,-38.30667731876507,-34.66648428660629,-35.13004113507337,-110.0,-44.99024941444227,-32.262743757988396,-110,-30.335337210515323,-41.12233040617786
65,-7.61654,-3.58647,1.5,-34.35293798770374,-42.74662107699147,-37.35216991918695,-110.0,-35.15880186417527,-42.30961486802715,-110,-34.900491835448555,-45.84881916154386
23,-1.61654,-6.58647,1.5,-36.12381733184319,-36.10998337589549,-23.02384896842357,-102.73093810103026,-34.67493532970525,-48.781398387616434,-110,-33.901295313846155,-39.80660646506636
191,6.38346,3.41353,1.5,-55.24268433954998,-61.6020187186009,-60.36106146058563,-110.0,-51.948299686088,-41.58859030063474,-110,-32.81972887274023,-45.66154357538362
121,0.383459,-0.586466,1.5,-44.92336656553517,-43.26562721171512,-53.26241768036907,-110.0,-36.28774705404812,-34.07757982696267,-110,-31.27274697767792,-29.56396765086884
48,7.38346,-5.58647,1.5,-47.79603179857698,-48.50866470056245,-42.088747846994366,-99.8474168700775,-26.58523374564072,-37.975463182874,-110,-43.72766809610992,-23.94157669055251
214,-2.61654,5.41353,1.5,-45.33352504510643,-48.84280730274549,-35.01283819454556,-110.0,-49.4652358639756,-57.031784451237826,-110,-32.51513080788299,-42.58694629850591
33,-7.61654,-5.58647,1.5,-63.884975832074566,-42.34665713242561,-37.36341882827302,-110.0,-34.470265672306,-52.13773739791829,-110,-37.84866423409892,-47.17197902330144
179,-5.61654,3.41353,1.5,-31.08534199642287,-51.7581288603894,-35.04086266619797,-110.0,-35.93457082775011,-39.59467585428101,-110,-41.25620778069523,-52.12034797351145
114,-6.61654,-0.586466,1.5,-29.84371545332491,-45.36537131983667,-37.04250324496691,-110.0,-52.38818425688184,-36.07799867369432,-110,-50.57656973362374,-46.382225735253826
117,-3.61654,-0.586466,1.5,-38.55868019661731,-41.65165684388525,-38.68276471213677,-110.0,-38.26561776536617,-39.809822566745375,-110,-31.8112860708305,-42.05889001116765
233,0.383459,6.41353,1.5,-39.48872050345845,-24.49604402862701,-39.62367983264464,-110.0,-51.851243799511934,-42.15545602131043,-110,-45.03885786088397,-45.58994790001251
91,2.38346,-2.58647,1.5,-44.63340091585552,-56.69270237225646,-48.05549957549437,-110.0,-22.80624272038104,-33.56075310937947,-110,-41.02034358696973,-38.0396512730239
21,-3.61654,-6.58647,1.5,-35.28529879312177,-37.850832523432544,-40.22011845617603,-79.34064632073773,-28.218013091194276,-48.820322120805315,-110,-44.197466974387304,-36.40773622704968
230,-2.61654,6.41353,1.5,-29.900522548571015,-25.132515285973657,-33.367564400144765,-110.0,-54.052802481317165,-58.09788069039973,-110,-45.900892212610344,-47.490321166776305
112,7.38346,-1.58647,1.5,-36.425082560867935,-41.45847325524335,-40.04559738013752,-110.0,-33.625879745507156,-36.00699912009262,-110,-38.84632056543048,-34.51993511856911
236,3.38346,6.41353,1.5,-60.226093167801366,-37.68993914268635,-60.96820660227083,-110.0,-44.34485625852386,-39.98697750157968,-110,-47.25249634215442,-47.34683895956345
208,7.38346,4.41353,1.5,-37.9470463364681,-43.17942996422691,-55.90074280211672,-110.0,-48.66508712984984,-23.221706478383503,-110,-38.44114271637862,-36.84418968773043
177,-7.61654,3.41353,1.5,-29.030265354333043,-40.7491731170331,-54.632596553315885,-110.0,-40.701035105105014,-35.95510365503512,-110,-40.36854599633693,-47.99337276666712
144,7.38346,0.413534,1.5,-47.68695982327914,-61.75419744229116,-38.13966617697605,-110.0,-40.60761166740852,-29.7486171143125,-110,-39.282652775030314,-38.78913093303432
176,7.38346,2.41353,1.5,-52.40307795962715,-55.387454852136784,-56.27462901134738,-110.0,-41.14193037748079,-29.515921300388747,-110,-31.93023866144523,-43.669003532959984
167,-1.61654,2.41353,1.5,-39.676332855651935,-32.030599435749174,-43.875100145155365,-110.0,-40.92669393754424,-41.066116580753594,-110,-28.6527255294212,-39.381453128751374
22,-2.61654,-6.58647,1.5,-34.00774279089122,-42.76777671673714,-32.084564825237806,-74.46703176656467,-37.584035129491056,-39.31913183328861,-110,-35.90865852740406,-47.33477311795426
137,0.383459,0.413534,1.5,-48.28203306931976,-47.06845371560507,-48.643147515828176,-110.0,-34.59005484811422,-35.07434722323043,-110,-27.857039747363466,-43.43150559556182
69,-3.61654,-3.58647,1.5,-35.95218242473384,-45.42560956998744,-35.07652890226615,-110.0,-37.33888297531384,-42.58042318270043,-110,-39.144334328921005,-44.17824221153441
210,-6.61654,5.41353,1.5,-25.387420999098165,-41.90293462295379,-45.42551233394077,-110.0,-53.286813277456304,-52.28196517240659,-110,-45.267119147137315,-56.42043228395448
134,-2.61654,0.413534,1.5,-34.769240902608736,-36.94370164308686,-41.469684735066025,-110.0,-41.64954039124397,-30.380684243324115,-110,-25.92843261236895,-62.38199184378245
59,2.38346,-4.58647,1.5,-42.73961413455449,-54.846470987041585,-36.03531138787163,-110.0,-33.40147159925735,-38.94646972130939,-110,-38.87834061439148,-36.34491124845016
156,3.38346,1.41353,1.5,-46.16196108748466,-46.07324689424705,-56.544958104788535,-110.0,-36.21883201300639,-38.02084517009672,-110,-36.03956401892212,-52.479210822472695
74,1.38346,-3.58647,1.5,-42.11902800491631,-45.83366267047245,-43.043446069973115,-110.0,-33.31287238815338,-42.6753419942861,-110,-36.42375011217388,-53.64596785878857
147,-5.61654,1.41353,1.5,-47.48173979516293,-45.281684454968826,-37.50025868342567,-110.0,-46.844392478178875,-40.466836253463256,-110,-36.420269446457375,-49.580031340667816
167,-1.61654,2.41353,1.5,-37.237663499855465,-36.864256275518706,-38.792606043944694,-110.0,-48.31092452024332,-41.55185598312955,-110,-33.216654948273515,-41.163360721329134
6,-2.61654,-7.58647,1.5,-34.40006750526636,-39.91960776566064,-25.08104109461108,-110.0,-46.023920500286216,-58.387356257454904,-110,-36.56114452088149,-42.006880097203776
219,2.38346,5.41353,1.5,-44.3324894309,-36.50727227591209,-52.0773363617547,-110.0,-46.485806061101826,-37.39821486130132,-110,-28.661513298864488,-36.51088481956175
140,3.38346,0.413534,1.5,-36.36056578378023,-49.03349921499765,-48.28780337639126,-110.0,-43.26021781498688,-39.1288219422238,-110,-33.85575644878339,-54.50278205100702
64,7.38346,-4.58647,1.5,-45.608669210647165,-47.517184138922914,-42.23495333435978,-97.4001352180628,-43.3174004719663,-31.30761307145876,-110,-44.409354550964075,-25.99171937567942
135,-1.61654,0.413534,1.5,-42.31802470807751,-38.83364447496368,-33.27374879787822,-110.0,-50.536759019173886,-38.34329429914778,-110,-34.79438069028027,-45.98286692040021
150,-2.61654,1.41353,1.5,-31.37433768035312,-31.179298480745476,-41.78476982623324,-110.0,-45.161991433080274,-41.2480511613245,-110,-32.23175956496159,-37.84111460042733
169,0.383459,2.41353,1.5,-40.029511877841536,-49.72806710502476,-57.55064175559479,-110.0,-28.761825473515977,-28.47799063748352,-110,-26.711659338748472,-76.20961921339695
143,6.38346,0.413534,1.5,-52.4671446885108,-49.74491158344938,-49.4674847459907,-110.0,-33.36949592869012,-27.65086304933003,-110,-35.197971585939946,-37.18713381177672
129,-7.61654,0.413534,1.5,-28.366998009990567,-49.79074464637879,-33.167040521170605,-110.0,-45.91692837351503,-40.53540690561396,-110,-42.73384354722278,-42.43968691218195
154,1.38346,1.41353,1.5,-28.995109490051203,-52.46176824568805,-47.50824662717916,-110.0,-35.83118429172592,-38.34067622383624,-110,-30.829226431664544,-40.47755869168876
148,-4.61654,1.41353,1.5,-42.31468460091596,-36.45075446331608,-48.0016894113314,-110.0,-56.311074546557634,-27.71767948700954,-110,-35.65596208359191,-47.17662706347207
139,2.38346,0.413534,1.5,-46.12807137747757,-41.83762725866927,-48.98768415504372,-110.0,-33.717758558552795,-35.06666980014239,-110,-33.989162849825725,-36.869090053973146
83,-5.61654,-2.58647,1.5,-37.48014996763938,-33.20717509381046,-36.02133889182025,-110.0,-45.295755773453784,-44.429615861995664,-110,-28.683198026151963,-38.79493231929368
201,0.383459,4.41353,1.5,-43.202252000447935,-31.90205946818337,-50.303395768690066,-110.0,-43.919968981132776,-44.548566043963376,-110,-27.261345564362216,-40.868972464868065
109,4.38346,-1.58647,1.5,-51.58756579334358,-45.0161922179958,-38.26378337608553,-110.0,-35.37469422563522,-31.485182941092265,-110,-30.82411297261468,-33.181302818886266
80,7.38346,-3.58647,1.5,-40.82173010910809,-51.32205687495738,-50.60791121766292,-110.0,-48.40822162990542,-33.766391829679314,-110,-30.814067933591836,-54.43840580313955
213,-3.61654,5.41353,1.5,-46.3992197315516,-40.56465743976741,-43.63974363877146,-110.0,-49.79124317387091,-54.97460903032839,-110,-37.38707853053565,-49.47494693374493
192,7.38346,3.41353,1.5,-60.7258866622579,-59.4816085820608,-40.06231576316822,-110.0,-38.41709162308041,-24.642694199815523,-110,-29.12579900530221,-39.44248967534831
68,-4.61654,-3.58647,1.5,-33.10908000487187,-34.594381646649545,-35.45922847682761,-110.0,-35.529169374267234,-45.351870204919635,-110,-30.47181431804579,-52.51333431061552
158,5.38346,1.41353,1.5,-54.01529356405766,-60.30676624422552,-39.86811008969719,-110.0,-32.44088612175943,-53.26160406402765,-110,-52.57562643069259,-43.53546867637613
105,0.383459,-1.58647,1.5,-48.15691374909187,-49.14641197916181,-44.02768326339311,-110.0,-35.86796866419692,-36.33011430095895,-110,-27.952999119702746,-41.71930075138092
89,0.383459,-2.58647,1.5,-45.978210728149534,-47.30664520402457,-48.17620793756856,-110.0,-32.706737675064154,-37.59164428626659,-110,-32.82499876232093,-38.93086528389959
20,-4.61654,-6.58647,1.5,-35.559929315593244,-46.04351031710046,-39.06618724016126,-83.03764040112542,-41.73188671116811,-52.22246232468419,-110,-40.090983725594384,-42.36487213011666
172,3.38346,2.41353,1.5,-47.376507681049645,-38.85873646556523,-50.959819511523555,-110.0,-38.87614913320089,-27.72165334429442,-110,-33.836339142613944,-33.24049457184246
54,-2.61654,-4.58647,1.5,-43.79590536730625,-34.60913287147854,-39.184883793215626,-110.0,-34.98752173587689,-38.39567671606113,-110,-47.547491695906714,-46.695265762496206
111,6.38346,-1.58647,1.5,-45.55702572026494,-61.318423038913146,-44.2798381863991,-110.0,-32.03569428950445,-40.74886346870361,-110,-35.29023929421568,-33.22930537729462
191,6.38346,3.41353,1.5,-54.12030102236716,-58.37599575756634,-56.5815358291761,-110.0,-49.50703860219673,-38.068847630432934,-110,-28.7650683662538,-49.18458771851064
41,0.383459,-5.58647,1.5,-57.9953192204052,-54.69709231822259,-57.00328426053816,-110.0,-37.48782448450174,-44.43962592359398,-110,-30.545325099172384,-47.612064392340834
211,-5.61654,5.41353,1.5,-27.742303835705247,-41.23578281465732,-37.85827498786934,-110.0,-53.13546163293746,-59.84056539286789,-110,-35.05744220516302,-42.72898340292079
78,5.38346,-3.58647,1.5,-45.40657867197302,-63.55876013321938,-47.73734950174268,-110.0,-33.68978227791361,-31.38803780900232,-110,-33.886420060504626,-30.12812617673188
146,-6.61654,1.41353,1.5,-43.65080081873229,-41.258401293550875,-33.546216538300044,-110.0,-43.61906675662116,-35.78561530194801,-110,-34.82217568792917,-45.33818696317206
41,0.383459,-5.58647,1.5,-50.241941728579505,-62.22183963601772,-53.2032005104544,-110.0,-37.172218441694625,-42.80490210424274,-110,-37.70244279038012,-48.916765480336416
79,6.38346,-3.58647,1.5,-39.30668805522424,-54.16127919277823,-39.480183859843656,-110.0,-38.19337660966271,-37.95937052233339,-110,-50.01874473961511,-27.558423372495703
208,7.38346,4.41353,1.5,-40.49833312525717,-36.34331858968309,-54.7526285528227,-110.0,-49.86979265655578,-25.902134483403955,-110,-35.564382113122406,-37.785838701264154
206,5.38346,4.41353,1.5,-43.32928107047652,-34.83498040139086,-58.23186725498069,-110.0,-55.97058865312188,-43.775648456130355,-110,-34.9374160024602,-32.94157012642543
20,-4.61654,-6.58647,1.5,-40.62720273600376,-45.24437603692317,-36.4024895074524,-84.25231255249575,-43.86203668082978,-50.12366680954736,-110,-34.349276000181064,-38.04713164766817
178,-6.61654,3.41353,1.5,-38.078602389608974,-37.49675513582599,-35.106636738912115,-110.0,-95.57798247298092,-42.420124309638354,-110,-44.352950342939174,-49.28650102845219
159,6.38346,1.41353,1.5,-53.10974699136119,-49.075338424879746,-46.18798677334446,-110.0,-42.12833105365527,-33.58203632943338,-110,-49.91471486511229,-49.437055953445174
164,-4.61654,2.41353,1.5,-36.416914767281256,-46.087166501235195,-41.405034295060496,-110.0,-56.74817275165023,-42.54815474551234,-110,-38.70309633036773,-57.40303978867816
211,-5.61654,5.41353,1.5,-28.28176223102859,-39.84229087205898,-32.02902711063645,-110.0,-53.63456450201141,-52.796804236742126,-110,-39.64602772585545,-42.86430106124471
187,2.38346,3.41353,1.5,-54.53184831754445,-49.89091306470399,-56.34017696784129,-110.0,-42.458790357025,-33.806985360026445,-110,-22.800030710937015,-47.05638530746921
110,5.38346,-1.58647,1.5,-46.14437326367056,-50.56944841899466,-36.92797409677819,-110.0,-31.580217122643944,-30.759736346521237,-110,-44.58117510177379,-29.27827254831085
44,3.38346,-5.58647,1.5,-45.79519673125508,-54.5008925130696,-31.062401363413453,-92.94094458117526,-42.02937765517771,-40.267089924718015,-110,-41.857149781666806,-31.36884848121503
141,4.38346,0.413534,1.5,-34.902759573912505,-47.75778034724196,-45.83099543672747,-110.0,-38.52375734015964,-38.49323367518485,-110,-40.121283028929405,-36.558181122173266
225,-7.61654,6.41353,1.5,-25.959573490302937,-32.177136649276825,-35.72783538171032,-110.0,-41.51724352858682,-57.11366732788944,-110,-36.808883242183846,-43.45883483546922
28,3.38346,-6.58647,1.5,-40.70385152548106,-43.59752752394813,-34.83042900095341,-76.5415316218712,-36.90752938997589,-29.619364347529668,-110,-33.22648926188537,-40.80979912157961
58,1.38346,-4.58647,1.5,-37.10660930588942,-49.76168064690114,-44.154203808325704,-110.0,-36.73980341264452,-28.633373176926064,-110,-44.04466048555127,-29.74863216321441
61,4.38346,-4.58647,1.5,-42.02302647649075,-43.85235408892003,-38.6272146950757,-110.0,-32.28608244007812,-43.909517243999865,-110,-38.587557882348165,-33.829483980540445
90,1.38346,-2.58647,1.5,-54.490991910920336,-48.367153042456,-41.965610772065126,-110.0,-35.62544188734073,-36.64265525008827,-110,-32.21461382567928,-33.322471402978536
206,5.38346,4.41353,1.5,-41.937920063441055,-37.06839672345808,-58.43544872697704,-110.0,-53.204275106207746,-37.720136086711655,-110,-41.50412250297427,-38.61225687651176
3,-5.61654,-7.58647,1.5,-43.83055620973299,-56.08349547089009,-39.30782514252234,-110.0,-35.75178760522289,-40.31341453799208,-110,-46.68428755701275,-44.38902517084402
203,2.38346,4.41353,1.5,-38.2391410576467,-43.94810716664918,-60.130718694822576,-110.0,-34.71587440224078,-36.35054737885899,-110,-48.96761633898445,-35.81501451686063
141,4.38346,0.413534,1.5,-39.06088425826972,-48.12944366099375,-43.33163741995422,-110.0,-37.25953338700346,-39.384887866935735,-110,-38.396510038104765,-33.48534647154916
33,-7.61654,-5.58647,1.5,-58.345324274889464,-47.31354099765696,-37.54216199326781,-110.0,-32.971591265631986,-47.794680897339234,-110,-39.04802349314287,-45.14915463154957
38,-2.61654,-5.58647,1.5,-43.55190304454539,-36.39025344950392,-22.49802147797397,-110.0,-37.45286456828018,-42.74000297601911,-110,-47.55036305534548,-45.846272052581966
73,0.383459,-3.58647,1.5,-30.190998213648065,-39.80793717026535,-70.58695715509863,-110.0,-26.523060340305666,-29.097780814458396,-110,-34.039785448214744,-33.11860841217656
199,-1.61654,4.41353,1.5,-45.521943893723915,-36.34798569675456,-33.7754662471353,-110.0,-55.2769920322878,-45.257735945797464,-110,-27.19100647983057,-42.78446862645379
186,1.38346,3.41353,1.5,-49.48726783804983,-51.55784008675528,-47.00536600359588,-110.0,-32.55827393476997,-33.72954921439535,-110,-25.227060009951153,-33.13412699842013
204,3.38346,4.41353,1.5,-49.03734963260682,-34.77929095386817,-57.039181201314214,-110.0,-36.40619421950405,-37.894192313175445,-110,-44.83296187823254,-37.1439633235873
44,3.38346,-5.58647,1.5,-44.666883557756414,-54.926219415545454,-31.677487496230615,-95.7680991492432,-42.266621793279384,-37.86808362509245,-110,-41.75045920130303,-34.008451670471885
38,-2.61654,-5.58647,1.5,-40.6457469370564,-38.09027660315849,-29.91985041869119,-110.0,-31.118713035372917,-43.61441853324528,-110,-40.20690026015816,-45.528372678891074
83,-5.61654,-2.58647,1.5,-40.18447854683084,-42.051073524613514,-41.938179521791746,-110.0,-45.99987736241715,-39.502680280810424,-110,-35.69830588175151,-37.627503060145784
5,-3.61654,-7.58647,1.5,-37.03700297383942,-42.19741274174008,-35.7642832678129,-110.0,-39.62256138551521,-56.5415105705878,-110,-52.325317421849114,-29.47140822682993
133,-3.61654,0.413534,1.5,-35.252792450311446,-34.8728598644354,-40.489581504042675,-110.0,-48.33912663354423,-41.98786291301658,-110,-32.41126030348913,-38.96986552040684
202,1.38346,4.41353,1.5,-59.67344757577177,-36.29969254772621,-50.09954065338261,-110.0,-47.11365164760121,-31.44594483460743,-110,-40.050625619821155,-53.64832622308143
120,-0.616541,-0.586466,1.5,-55.63186044032293,-30.874611517058625,-29.291124755627948,-110.0,-44.43285318781925,-39.52773335623047,-110,-28.80888700800554,-46.69502949530697
123,2.38346,-0.586466,1.5,-46.639825881537895,-50.83272731589076,-61.20002579132913,-110.0,-45.3317503187018,-43.722435900073435,-110,-41.79614775021043,-38.58929024073249
75,2.38346,-3.58647,1.5,-52.59310169708962,-42.72547317297564,-45.92593624699676,-110.0,-29.298520497673955,-36.00727716395923,-110,-42.4159499218764,-35.36773230785248
136,-0.616541,0.413534,1.5,-38.520756104428685,-31.011386247480644,-35.807134566058664,-110.0,-65.16918075311612,-39.760574213464366,-110,-32.197956956429515,-47.32088975152053
180,-4.61654,3.41353,1.5,-26.661503922189524,-36.37440530251174,-40.693844002899326,-110.0,-43.73431562865755,-60.57121798641004,-110,-33.51757413989107,-44.48996850609407
37,-3.61654,-5.58647,1.5,-43.08998049359535,-35.543978528378624,-30.02924563160321,-110.0,-33.5363663693057,-51.24970976418913,-110,-47.86842308953193,-35.597239976692926
128,7.38346,-0.586466,1.5,-52.84614216818528,-54.28305371762,-46.85142828315347,-110.0,-39.623744790047304,-49.12378920296794,-110,-36.53988996404968,-29.55377777061389
199,-1.61654,4.41353,1.5,-51.29714132083101,-32.764445068204246,-37.15434652711483,-110.0,-56.89042563466407,-46.34591512710677,-110,-30.203799002508365,-43.57831501292436
106,1.38346,-1.58647,1.5,-44.35604411237585,-55.17669481146159,-54.81166020744271,-110.0,-49.424180334736505,-38.69755987713821,-110,-38.1120638396842,-39.006151485361784
117,-3.61654,-0.586466,1.5,-32.714939392189535,-41.84617321223193,-40.25394412979664,-110.0,-34.41752075499179,-38.68190671387832,-110,-33.054574259792304,-37.382231816536574
184,-0.616541,3.41353,1.5,-42.65619179919535,-32.98714995857494,-21.17957047830393,-110.0,-45.607874996569016,-31.341679346811752,-110,-28.682129190128386,-45.22745809327496
163,-5.61654,2.41353,1.5,-27.211996005706883,-32.945882824364574,-45.004953261152274,-110.0,-46.01192036489224,-61.11891868775257,-110,-35.22482756458368,-43.15110345063206
56,-0.616541,-4.58647,1.5,-46.37399310818805,-43.92338514142913,-24.332332767687085,-110.0,-49.43445741358307,-42.94382082325566,-110,-39.51570737371688,-37.40526325756043
156,3.38346,1.41353,1.5,-41.099725515339024,-48.09385602982292,-59.6975262512115,-110.0,-32.158905434259076,-45.86441278982474,-110,-35.094898471632995,-50.170481027785925
215,-1.61654,5.41353,1.5,-51.67489638873493,-33.46367544426048,-49.50638942383425,-110.0,-47.04978494416616,-46.333493104453765,-110,-39.80211631984562,-46.37299840833656
200,-0.616541,4.41353,1.5,-44.76561998034917,-27.52577435825483,-36.2473278360324,-110.0,-47.96354343696764,-44.5106517062547,-110,-38.67161923013854,-47.91344965131696
18,-6.61654,-6.58647,1.5,-36.31516086566494,-33.453714842577256,-36.347197675310845,-84.28250471770062,-39.11866701157002,-49.51262320962779,-110,-39.516309797461275,-45.49885845012405
100,-4.61654,-1.58647,1.5,-46.84568387471266,-46.58457193000935,-30.256493294816433,-110.0,-34.45220179970418,-40.093984752674125,-110,-33.392846108468746,-49.12224446303351
187,2.38346,3.41353,1.5,-54.16182195027847,-47.11441159976785,-60.94842780084181,-110.0,-44.5165812540424,-39.19813528076122,-110,-28.508908896320747,-45.60259257001077
76,3.38346,-3.58647,1.5,-37.13861316759916,-42.43450975403223,-36.58393528530773,-110.0,-26.85083229651331,-34.66932375363827,-110,-41.80563173023479,-31.57613750248153
225,-7.61654,6.41353,1.5,-22.240321786289343,-31.6887892554081,-35.28041345257137,-110.0,-42.336414199189505,-59.10490483365119,-110,-38.77779578547729,-36.537705555532305
29,4.38346,-6.58647,1.5,-43.3586532603202,-56.31738444715975,-38.62257078695595,-70.65917535355199,-36.163881377569126,-32.99960352122679,-110,-40.36858974121358,-29.98978128171482
4,-4.61654,-7.58647,1.5,-39.224936712598755,-38.27579865413929,-42.56437058195615,-110.0,-36.01194028395825,-38.67832628246702,-110,-51.0997199726216,-39.17593892103595
72,-0.616541,-3.58647,1.5,-42.73639147855026,-35.66075245134775,-50.83175922486226,-110.0,-50.910182980253055,-46.46272081599277,-110,-36.27649724138619,-43.67145052312222
219,2.38346,5.41353,1.5,-44.624329820196856,-27.363191482747656,-58.559734423210415,-110.0,-36.006597911643354,-34.81827397348215,-110,-31.95520889409122,-34.26409299141729
213,-3.61654,5.41353,1.5,-42.474710045347045,-32.30652514393502,-36.80232759055473,-110.0,-51.28083629761934,-51.87495312379253,-110,-33.754172616539705,-46.68177765879016
129,-7.61654,0.413534,1.5,-33.6314916397351,-50.84895373442888,-30.514540544282973,-110.0,-47.180806775514,-37.06235446326891,-110,-41.32880210530169,-43.19008722637314
238,5.38346,6.41353,1.5,-64.8692076919133,-40.36537888395675,-40.821090893528435,-110.0,-44.32610930850994,-32.172609964463085,-110,-37.46505276960533,-34.85352559997382
199,-1.61654,4.41353,1.5,-45.064987392010515,-38.44868988150613,-41.94578811095824,-110.0,-56.81160556140871,-46.714229206884,-110,-28.398047370238025,-38.42741708148559
9,0.383459,-7.58647,1.5,-55.23154108439784,-46.242659561788685,-32.28431745414828,-110.0,-27.874257348366335,-27.04077215833785,-110,-39.19765724408513,-29.43392129513846
136,-0.616541,0.413534,1.5,-36.14894431141376,-39.13826272489866,-32.468063111996145,-110.0,-66.07391404373898,-44.76509126951991,-110,-32.974260119842846,-49.45363282312774
215,-1.61654,5.41353,1.5,-48.65553700901225,-34.328795031947465,-46.510348265453416,-110.0,-42.58644865120192,-46.99284327778807,-110,-34.93382681177094,-48.23956425700979
221,4.38346,5.41353,1.5,-45.014367852789285,-38.3392783479599,-52.58885079689975,-110.0,-32.670637149416216,-44.08600612039728,-110,-35.62941475278987,-53.178232730169555
160,7.38346,1.41353,1.5,-50.350565176944535,-52.44665897863533,-53.54435641270309,-110.0,-43.37088282836846,-32.99760514606743,-110,-44.298553321721535,-51.21160824094103
233,0.383459,6.41353,1.5,-37.443141137345926,-25.024660159182993,-38.960422150955466,-110.0,-42.41365110137298,-36.22181795309345,-110,-43.919424679413765,-42.994338166502594
112,7.38346,-1.58647,1.5,-41.976834215053074,-38.550468510992346,-36.73577041187685,-110.0,-33.42254845026472,-37.92823407481307,-110,-40.66750889504392,-35.8568628441639
31,6.38346,-6.58647,1.5,-47.92229197721758,-43.20348558850706,-36.23479986770955,-78.78695597181863,-30.3849688323643,-40.665118501258014,-110,-47.96955497274982,-37.22935606315029
91,2.38346,-2.58647,1.5,-36.80933219413862,-54.80945296922118,-53.64642754969495,-110.0,-33.10394446389278,-30.749227134838662,-110,-37.53315158309226,-34.796517761571145
2,-6.61654,-7.58647,1.5,-32.88448663876667,-43.86177942538289,-36.58186990731551,-110.0,-34.46453963247168,-44.12816963516775,-110,-46.27637574060805,-41.58288762128251
33,-7.61654,-5.58647,1.5,-62.121099877252036,-40.525726014291166,-35.263522769988434,-110.0,-36.69263354827711,-48.574439302445775,-110,-38.64651459943533,-45.65543716005247
240,7.38346,6.41353,1.5,-45.69056077399001,-33.0964916330837,-48.20089698490362,-110.0,-60.34839678287661,-40.07277072314668,-110,-33.99581590332145,-33.88482004366493
239,6.38346,6.41353,1.5,-55.56636651408585,-35.657061754751815,-59.521473067157864,-110.0,-37.26264432286899,-34.70169861935226,-110,-43.32130039156319,-32.02388979695718
9,0.383459,-7.58647,1.5,-54.29814761053367,-39.73139947732388,-27.51720695440991,-110.0,-34.58133190319346,-26.998764398570135,-110,-34.77238474856727,-34.259526762822695
81,-7.61654,-2.58647,1.5,-40.70765566674401,-46.05467529048809,-37.88931520494323,-110.0,-41.072979653854304,-42.87828430667407,-110,-43.21856037213689,-52.675582431773506
22,-2.61654,-6.58647,1.5,-36.21901249988382,-46.166135905220216,-28.874006909843327,-80.38361021856501,-41.132481049643346,-33.72186504986251,-110,-44.29239364696939,-48.624535915708826
17,-7.61654,-6.58647,1.5,-39.05559312364523,-42.58295797181796,-34.05887834212212,-94.86357602577694,-54.41268714280967,-51.83082731239707,-110,-49.544037837883344,-46.07208685907886
195,-5.61654,4.41353,1.5,-24.529564149811065,-36.81090697974591,-42.216615957524205,-110.0,-41.148850149491224,-44.74972214752074,-110,-37.554130701969505,-54.41540169042086
73,0.383459,-3.58647,1.5,-38.87577927326272,-44.89312067064678,-69.72983526116865,-110.0,-32.07890358312926,-36.234042595540586,-110,-33.12477118683631,-34.098672249766324
18,-6.61654,-6.58647,1.5,-41.25324186820649,-36.3385173436933,-38.68884029930537,-87.49954637707914,-33.55259455399349,-45.46910984848763,-110,-38.678901495803736,-39.44749033959255
172,3.38346,2.41353,1.5,-40.76135772354704,-38.46390840245789,-52.86438644113086,-110.0,-38.5429195108198,-31.576168130610483,-110,-35.43427248200989,-36.19766331211703
120,-0.616541,-0.586466,1.5,-46.63564198417428,-29.90605718396329,-33.35163048310012,-110.0,-49.39686498591748,-41.21606338832991,-110,-33.17260289857566,-46.211625437568294
55,-1.61654,-4.58647,1.5,-34.290056655676985,-54.36274865291536,-36.866511842013345,-110.0,-44.64359736246238,-53.441493913262846,-110,-41.59805411882293,-44.207276918756854
24,-0.616541,-6.58647,1.5,-33.6931498713139,-34.15108024874678,-42.80255709349754,-99.1307695404604,-29.84364068347296,-62.755201590977606,-110,-41.953094737020656,-54.01748387876851
37,-3.61654,-5.58647,1.5,-38.37544139480875,-40.44713287465897,-27.693324620746953,-110.0,-29.822591704148167,-49.538672493089095,-110,-49.38544864771576,-40.02266727382805
176,7.38346,2.41353,1.5,-52.02805393074676,-52.327769077613134,-55.54910950052805,-110.0,-39.814862333005934,-28.708214774323753,-110,-33.420655042202114,-43.84392061882798
49,-7.61654,-4.58647,1.5,-38.36031542804198,-37.3630430815168,-42.95896799783313,-110.0,-41.94716126222181,-53.70798380340633,-110,-38.37004725466782,-39.62483392258264
90,1.38346,-2.58647,1.5,-56.077639862523824,-43.59613799217543,-36.26299929718374,-110.0,-40.08081919639368,-34.39991342859507,-110,-33.71433521194303,-32.96551177253812
139,2.38346,0.413534,1.5,-44.366937440400406,-48.4055414318284,-54.946654519502744,-110.0,-36.968376064700145,-30.58965507251851,-110,-41.664578213134405,-40.24145276389176
74,1.38346,-3.58647,1.5,-43.48396647966979,-47.44373584676781,-35.21236484871683,-110.0,-30.73565817687957,-40.94896941925374,-110,-39.6090448033509,-40.13765405393214
62,5.38346,-4.58647,1.5,-36.2154402853047,-41.96079400200036,-42.58216234524498,-110.0,-38.92799110953778,-40.14195335363016,-110,-35.27164758926389,-36.86776507387556
232,-0.616541,6.41353,1.5,-34.45008086154388,-23.797690957386443,-37.458942095062845,-110.0,-49.98380121960184,-53.16997005982498,-110,-79.7335692371096,-49.73425926202257
233,0.383459,6.41353,1.5,-40.7920014545926,-28.110761264768083,-41.07425952899744,-110.0,-51.06140016216649,-37.67810933065093,-110,-43.774895788567335,-45.331978882150686
65,-7.61654,-3.58647,1.5,-44.21715902201779,-43.955718167040416,-37.047776309571006,-110.0,-33.9047149231109,-46.1557076667177,-110,-38.88343073234744,-44.937064865698495
140,3.38346,0.413534,1.5,-30.62460089167373,-52.07182606904817,-48.94998054702537,-110.0,-44.31249419320088,-49.68120885294408,-110,-33.23996962213618,-54.777604304696915
222,5.38346,5.41353,1.5,-44.11555494629601,-43.160099199765185,-52.36619726000912,-110.0,-49.71844295582732,-35.122609130129,-110,-43.21651565013794,-28.11421172732266
34,-6.61654,-5.58647,1.5,-47.82613516996943,-37.07863347243352,-33.07903853516567,-110.0,-43.0031343591391,-43.86332904662648,-110,-37.62416929430211,-36.59384319260624
113,-7.61654,-0.586466,1.5,-33.84728439452773,-47.91894920892469,-35.276995833562246,-110.0,-42.1266104342079,-32.1248287689199,-110,-48.45508741984467,-43.68202364339844
132,-4.61654,0.413534,1.5,-32.37599113876467,-37.840616325966074,-42.01302023143043,-110.0,-43.06264592368221,-43.11967709859564,-110,-52.28496905719903,-41.75610155620273
139,2.38346,0.413534,1.5,-50.09882932572911,-51.34358711020106,-53.11864881892932,-110.0,-40.27279292707564,-32.92255083266343,-110,-36.49188988946069,-45.307595313159325
178,-6.61654,3.41353,1.5,-34.35143094982857,-40.74329878517938,-36.01033449364013,-110.0,-90.78802092986474,-34.91293432549136,-110,-47.98831771415881,-40.6658606211554
103,-1.61654,-1.58647,1.5,-30.817407284505215,-38.97346051688389,-39.99473015636064,-110.0,-45.12732482448148,-44.10474586782391,-110,-43.83493600142494,-59.33353402626935
198,-2.61654,4.41353,1.5,-40.50191917555575,-34.83132006108402,-47.60831007772668,-110.0,-52.492147718050425,-44.992467067749885,-110,-29.063523907727223,-42.598011581644656
14,5.38346,-7.58647,1.5,-54.23153016448532,-52.79026364409877,-44.24772806699265,-110.0,-37.79946540276441,-38.48349512221205,-110,-41.89418204010115,-25.33724043291967
127,6.38346,-0.586466,1.5,-47.86597514737393,-39.8928611215106,-41.110191555361375,-110.0,-43.55684468925542,-25.506642688620868,-110,-33.912853513833674,-37.558802738772265
167,-1.61654,2.41353,1.5,-41.5935006060399,-28.094962334882837,-41.44504385398729,-110.0,-39.3499883588057,-39.615154049129146,-110,-31.69018971223116,-45.388000847069144
111,6.38346,-1.58647,1.5,-42.59359707671129,-57.81486731739838,-40.611568962958415,-110.0,-34.08595246420349,-39.102164574474706,-110,-40.280200819381456,-38.62639878812252
168,-0.616541,2.41353,1.5,-33.47630950600317,-45.098892661117034,-33.23672916038606,-110.0,-38.950802241273415,-35.55140842445919,-110,-33.82202918757154,-38.789390138982874
170,1.38346,2.41353,1.5,-39.93497445780684,-43.79114299578589,-49.94753481876377,-110.0,-38.45635841633322,-44.10608061523539,-110,-28.0621439660988,-47.596884436257234
226,-6.61654,6.41353,1.5,-41.40593740208025,-29.114639203115704,-36.145042635816715,-110.0,-56.744419662286255,-52.654680443136584,-110,-51.37242825124635,-48.82874573167074
231,-1.61654,6.41353,1.5,-29.451484638172783,-23.030058224696816,-33.86524560526365,-110.0,-40.39512623774486,-47.56350759166568,-110,-39.039342784925935,-61.64396967958446
64,7.38346,-4.58647,1.5,-39.99973012200899,-45.97072143023874,-36.234020987598555,-92.47356344195452,-37.64412600663638,-34.57727155803264,-110,-42.373706589169664,-24.951116578843155
223,6.38346,5.41353,1.5,-39.315651532578634,-53.84439222511389,-53.49230481382474,-110.0,-46.25533845414832,-39.51694967445354,-110,-41.72288852994435,-40.375650174937384
178,-6.61654,3.41353,1.5,-33.61418932542886,-34.272484568510016,-27.91399995986241,-110.0,-101.04333273597254,-32.856908154393274,-110,-41.14361184336696,-50.98947255604784
82,-6.61654,-2.58647,1.5,-49.0585568893541,-46.53064227592508,-40.855923831145624,-110.0,-46.175353487165566,-60.2746153022452,-110,-49.270652825334,-32.04744382768951
226,-6.61654,6.41353,1.5,-36.4424560435339,-32.09164538102088,-41.61455712677721,-110.0,-59.62780017132723,-50.34454222088838,-110,-45.416342679190365,-49.5936774804342
137,0.383459,0.413534,1.5,-52.82502083816683,-51.87591075394813,-46.45103393997434,-110.0,-34.41852565082699,-40.53879700724306,-110,-25.66347442222255,-40.570137733835395
183,-1.61654,3.41353,1.5,-29.692059877513493,-40.55407492284965,-45.08308991533202,-110.0,-45.88629574179907,-30.85708849622853,-110,-27.652613571719417,-43.80030174173541
133,-3.61654,0.413534,1.5,-42.248048783421275,-29.707841621960696,-38.14916793826216,-110.0,-55.21457219043637,-45.38852245639849,-110,-33.259043913134775,-40.53328749046886
4,-4.61654,-7.58647,1.5,-47.14835065611954,-38.81732868448547,-32.46756270188491,-110.0,-31.74768366458641,-33.893854410153956,-110,-47.83782791146292,-46.711699561106144
121,0.383459,-0.586466,1.5,-39.875284057889104,-43.89732206502987,-52.79338546335442,-110.0,-33.44592296747477,-31.77989624446601,-110,-31.418754312060013,-27.728158512839386
234,1.38346,6.41353,1.5,-27.588714662236924,-29.79201413140385,-53.3622091465739,-110.0,-37.441637950965784,-41.02721662577951,-110,-26.691129541084784,-39.37221133271527
12,3.38346,-7.58647,1.5,-40.65893221707141,-49.478597869102295,-42.889331567870045,-83.42253582970444,-41.81602432035574,-42.51463302802095,-110,-43.81673464300417,-41.360023591382586
200,-0.616541,4.41353,1.5,-41.68759060555098,-30.71480042849968,-39.23399699232096,-110.0,-44.442370403734344,-39.723267498913955,-110,-28.6454673748266,-48.120126480832326
139,2.38346,0.413534,1.5,-49.8218458960751,-47.68297225826331,-59.44797448876696,-110.0,-34.9103459474322,-35.1633083319009,-110,-38.65498449787184,-42.88493208570553
177,-7.61654,3.41353,1.5,-30.139720025931172,-43.139979979524774,-48.25661834463153,-110.0,-44.36556144032178,-37.31224213295309,-110,-34.74463527370675,-38.62579476444632
198,-2.61654,4.41353,1.5,-42.45009482653366,-34.6482935386292,-42.6658417818676,-110.0,-51.46538047684603,-45.01651210067781,-110,-30.20527341200692,-40.97396617985144
62,5.38346,-4.58647,1.5,-37.700612006532424,-43.3386963868847,-41.97240906109507,-110.0,-38.98832899385679,-39.59242568823131,-110,-43.79571968113281,-35.98842348682484
95,6.38346,-2.58647,1.5,-50.748222232724224,-53.52096386829662,-41.47531020388194,-110.0,-34.50328002202268,-48.33173621783377,-110,-41.36324044095194,-30.123381067605404
5,-3.61654,-7.58647,1.5,-43.135361480749594,-40.26496743816218,-39.65428842503362,-110.0,-33.300696198284925,-53.49500664125661,-110,-53.40261845976509,-38.001705682864035
230,-2.61654,6.41353,1.5,-32.62507578555163,-32.38643677215378,-34.183825861358365,-110.0,-54.93496374800296,-55.86498015301327,-110,-45.42327260526975,-50.53152466501659
181,-3.61654,3.41353,1.5,-36.55298563836454,-52.69699472097972,-41.36576662794713,-110.0,-37.81200499348107,-39.990560105646864,-110,-28.711064497465912,-48.169636291995154
133,-3.61654,0.413534,1.5,-41.38068172596419,-36.52845195043013,-44.19148600586746,-110.0,-51.28171094360759,-42.37672079633444,-110,-34.47621680095324,-47.83613409481332
202,1.38346,4.41353,1.5,-58.11072185407742,-35.5709802114689,-57.34633508078416,-110.0,-42.16193808666269,-33.855198474863215,-110,-39.46386477311249,-57.59037079024579
99,-5.61654,-1.58647,1.5,-41.025212519232085,-43.04067425087023,-34.76259648286682,-110.0,-45.80322568820354,-48.392142468446906,-110,-42.779810708291485,-39.93732119850283
227,-5.61654,6.41353,1.5,-31.32873779827174,-31.845583160177867,-41.03367086016357,-110.0,-53.00911086488475,-48.812110028343206,-110,-51.396423124651896,-68.77218170195546
170,1.38346,2.41353,1.5,-39.703411208011005,-44.64524200724276,-48.53663338744885,-110.0,-36.52582441076893,-43.55507616689338,-110,-29.014073374865205,-53.65779609912979
200,-0.616541,4.41353,1.5,-42.359328558293214,-28.541011884866347,-36.215535494329075,-110.0,-56.09083915172742,-43.49229178339814,-110,-32.934644159119735,-47.76182584636996
219,2.38346,5.41353,1.5,-43.70485100479856,-35.514143887084785,-53.07779797691923,-110.0,-39.7069183188332,-32.58174284958997,-110,-34.83140780950092,-33.7727397709984
206,5.38346,4.41353,1.5,-44.915502557801226,-35.01669336210428,-57.92264424519354,-110.0,-47.372580901190986,-45.04028101102875,-110,-44.42157377959616,-37.072358364502094
185,0.383459,3.41353,1.5,-38.14570194237009,-50.514812001034606,-52.405887818050594,-110.0,-31.20258293345149,-34.13590571166292,-110,-35.223065173449726,-31.274337236759955
58,1.38346,-4.58647,1.5,-41.12730597523531,-46.080548931814896,-48.928564396236155,-110.0,-29.64781949541177,-34.05195358884197,-110,-44.71649881887852,-33.6411700707559
20,-4.61654,-6.58647,1.5,-36.392023034783314,-46.22347393566399,-32.78682668079757,-82.6601923845304,-34.9484118140016,-54.36614252328891,-110,-39.90016917074108,-41.87943458059597
103,-1.61654,-1.58647,1.5,-30.803328181265,-42.04904181492691,-36.46355284753055,-110.0,-46.579164957642696,-40.76065944654678,-110,-37.63083056319572,-60.26232011160703
168,-0.616541,2.41353,1.5,-29.457491322527243,-42.86445811013167,-32.27833150336271,-110.0,-38.5567854118742,-33.37495448429108,-110,-34.476978338898164,-40.667320825905215
198,-2.61654,4.41353,1.5,-40.9023918201465,-24.387296797197106,-47.75165632336644,-110.0,-49.09446620214101,-45.48475642445837,-110,-30.516287918980375,-39.16708146348053
207,6.38346,4.41353,1.5,-37.948501513420666,-51.82467804814531,-50.36083164232112,-110.0,-53.35073011853236,-39.79301210107214,-110,-36.59219575342199,-40.53555709955606
130,-6.61654,0.413534,1.5,-34.58018617139568,-52.091044423564334,-43.77098862534192,-110.0,-37.16045952466364,-39.56626709564693,-110,-49.58650243038444,-51.32884078957171
70,-2.61654,-3.58647,1.5,-33.34823173642452,-35.02547525798961,-29.276153839246053,-110.0,-47.3570139015379,-42.90051402659348,-110,-36.7316611783965,-34.12877625158367
83,-5.61654,-2.58647,1.5,-38.866982336468695,-39.07146419291547,-41.15680182736602,-110.0,-40.27708098578862,-38.13589491668293,-110,-33.37063637006746,-36.77389354117021
159,6.38346,1.41353,1.5,-51.19301875354588,-58.1222509830904,-36.50541782117192,-110.0,-37.37877235631417,-21.629348399612446,-110,-55.55676626647613,-47.12051943921032
55,-1.61654,-4.58647,1.5,-25.16484614053814,-54.12303308138984,-32.336088131325454,-110.0,-42.2480090215983,-58.24337177452735,-110,-37.36536857649619,-41.58976133308133
188,3.38346,3.41353,1.5,-49.39420582079831,-41.29373729046,-47.800045279278365,-110.0,-49.558060766441265,-53.15191351844731,-110,-29.858736327003776,-43.73347154739494
88,-0.616541,-2.58647,1.5,-47.54622753094071,-31.302705840513138,-34.663662158457726,-110.0,-73.80317790518333,-39.59342504697338,-110,-30.63782727102523,-47.63221072899484
68,-4.61654,-3.58647,1.5,-37.54837187107337,-34.90727534753669,-36.80891380406219,-110.0,-42.6468473513127,-46.77837676114406,-110,-44.685087674229706,-58.431314243434166
221,4.38346,5.41353,1.5,-49.541746601055294,-43.454553987467534,-55.46713172845796,-110.0,-34.84851722653545,-43.3991428735602,-110,-41.62516930829016,-51.449796446711915
49,-7.61654,-4.58647,1.5,-41.721054158854706,-40.010379052186536,-36.24221910716099,-110.0,-44.75891769718605,-55.60146274586961,-110,-42.94522695699424,-38.680017747717415
15,6.38346,-7.58647,1.5,-55.19717907551519,-51.55012313248783,-38.20851797509688,-86.26496000146433,-36.714379055043274,-43.40787152828637,-110,-48.96553207877497,-31.379074187395084
87,-1.61654,-2.58647,1.5,-40.321612190499714,-43.53439831304516,-51.41639539144917,-110.0,-51.72777278911943,-46.545024304964926,-110,-36.82680658680074,-33.9552889434961
65,-7.61654,-3.58647,1.5,-40.48348439298075,-43.05556131137029,-31.6208252346255,-110.0,-36.53456643689763,-45.59311618153002,-110,-36.05701825638429,-43.21538221066174
176,7.38346,2.41353,1.5,-48.66306882821666,-49.14567369818087,-50.9360421861996,-110.0,-39.51972338355258,-28.596495879067263,-110,-34.28836479789982,-46.33232196901618
45,4.38346,-5.58647,1.5,-46.16940582939196,-50.29100219373002,-24.51352209475856,-99.80460248548482,-27.94941629007269,-33.18103896539898,-110,-45.77398802116366,-35.95210309597004
186,1.38346,3.41353,1.5,-49.56278259492781,-45.58872183111185,-47.28133463172522,-110.0,-26.32015834119069,-37.00564855046495,-110,-18.1354117146823,-40.986559842986466
191,6.38346,3.41353,1.5,-56.70522415762775,-61.59980996331092,-55.3881270338254,-110.0,-49.85135342736903,-36.12118439421077,-110,-30.194753844501207,-42.70349486070069
5,-3.61654,-7.58647,1.5,-46.485830763593974,-34.45164244736299,-36.46470466848064,-110.0,-37.04977197466836,-59.2695821073531,-110,-54.06355122427344,-37.82602694809937
116,-4.61654,-0.586466,1.5,-39.41708242397542,-40.159394230691504,-34.54868887490576,-110.0,-49.17259907320566,-35.34197523626294,-110,-42.66372873143847,-46.041635853740495
191,6.38346,3.41353,1.5,-55.036379854490065,-58.36503385346997,-56.2378560487234,-110.0,-55.72097239168832,-39.41152954960616,-110,-26.427622970274783,-45.08679975353978
31,6.38346,-6.58647,1.5,-47.22349581697697,-45.17633741134556,-36.575724852992685,-79.41815183053598,-37.29952709844209,-37.68265149694582,-110,-50.85277431497075,-37.593188843227686
176,7.38346,2.41353,1.5,-47.71573796711749,-51.51493132595043,-50.38155228646693,-110.0,-41.295748699738226,-31.627119070176864,-110,-32.54833225554346,-46.75284601918709
184,-0.616541,3.41353,1.5,-39.88660975501914,-31.93831309201111,-30.262894170481285,-110.0,-46.95352608121481,-39.26532127320651,-110,-28.31705058401105,-31.12785107614571
120,-0.616541,-0.586466,1.5,-56.36078470047558,-36.436842846804744,-25.749360443012492,-110.0,-44.310809232206935,-44.19611446980056,-110,-30.174804109233715,-43.88794065578431
22,-2.61654,-6.58647,1.5,-37.17567647166684,-47.68715972112366,-31.550442610574752,-78.63049855517261,-47.18575535649497,-39.72944412250668,-110,-38.20358069297911,-57.48611344237709
209,-7.61654,5.41353,1.5,-28.13832526252465,-31.772239957135724,-34.83777946580496,-110.0,-54.30495429245336,-60.2766216976994,-110,-39.71334127801581,-60.57331855800627
219,2.38346,5.41353,1.5,-45.1592390772503,-28.44520439373358,-51.53799146561298,-110.0,-46.97397065558342,-31.89375833323297,-110,-37.55913109675612,-38.82736016515245
224,7.38346,5.41353,1.5,-27.720972823280803,-34.679872613307275,-43.31785582697759,-110.0,-34.744396901820515,-42.91276519689039,-110,-34.68399724773507,-40.04195010233483
79,6.38346,-3.58647,1.5,-37.72963151483475,-51.3159711666966,-34.42385420764716,-110.0,-37.7530738896581,-36.82989847969283,-110,-54.33262100352977,-30.691859149968717
157,4.38346,1.41353,1.5,-38.70516460599892,-35.93499043241794,-41.30379142672214,-110.0,-46.376276064940626,-35.46952264667919,-110,-29.16200117668365,-39.28748119547538
200,-0.616541,4.41353,1.5,-37.56197719671877,-29.18947242698652,-37.16754424835824,-110.0,-55.502450727678614,-41.33894312373389,-110,-27.6863045988023,-43.97287303272332
178,-6.61654,3.41353,1.5,-22.811224888518264,-28.200378355241668,-36.734143469258015,-110.0,-93.25081122065669,-39.3462893048931,-110,-43.06457685050165,-43.62758139011217
42,1.38346,-5.58647,1.5,-46.09249516509451,-56.982804019277694,-34.071879705903534,-91.72597225449516,-31.90297650132085,-32.066586634840505,-110,-38.405972713851305,-30.885852413509
26,1.38346,-6.58647,1.5,-41.390208644393155,-50.84080855603047,-37.33565918308753,-93.75978831763828,-19.953396150827256,-36.4766240082113,-110,-47.53095479124139,-31.801283440501123
31,6.38346,-6.58647,1.5,-52.758820718015336,-44.178687339145824,-36.12103298749374,-82.32955608823865,-34.07930600016728,-40.16193372538852,-110,-46.431993428633035,-29.002959760498356
8,-0.616541,-7.58647,1.5,-32.673997521484054,-34.581561600955375,-48.98334794466299,-110.0,-45.50483452813627,-47.463032503803944,-110,-45.750918591132375,-45.394270711228685
28,3.38346,-6.58647,1.5,-37.67847149484588,-41.00133309480735,-32.61461919776465,-79.84001214743574,-34.43689500322912,-32.85224235259875,-110,-33.54764249207882,-41.25194439056556
28,3.38346,-6.58647,1.5,-39.533364332434154,-42.35792015372605,-34.71811543360757,-74.60979310165071,-34.49313924895604,-34.47604756248656,-110,-32.13516906517859,-36.08040940746493
45,4.38346,-5.58647,1.5,-39.98592219550927,-47.00456164892775,-36.32835870190128,-94.1222856388737,-27.561637228117743,-35.34456181847344,-110,-39.83398234342455,-43.028638568134525
69,-3.61654,-3.58647,1.5,-37.37230214332679,-45.16712048810194,-40.98065904421925,-110.0,-43.53372198871153,-40.36707952942515,-110,-35.620226090133414,-41.95296143258821
82,-6.61654,-2.58647,1.5,-49.20494071462474,-53.30204675590633,-42.01145186782546,-110.0,-55.98431173032392,-59.422988319712054,-110,-50.7251992317869,-39.70364344788671
172,3.38346,2.41353,1.5,-54.08804736727628,-39.76302880739397,-53.039720499138454,-110.0,-38.92011497911664,-29.897913241125273,-110,-35.76913928328414,-35.32173534611741
137,0.383459,0.413534,1.5,-51.0703617597961,-51.75193415309086,-46.39013243970143,-110.0,-39.51186964421435,-39.38517201009599,-110,-26.88961598551708,-39.548408475708285
11,2.38346,-7.58647,1.5,-49.12981662822965,-51.43131150477769,-27.609130393338972,-80.90095298022369,-26.57718062063809,-32.726836108729955,-110,-39.330569438496475,-39.92726383201261
142,5.38346,0.413534,1.5,-41.496423407360055,-37.42820477670713,-47.54829359316538,-110.0,-53.571636230956294,-26.311348332048688,-110,-33.89323208067297,-36.51950723562696
99,-5.61654,-1.58647,1.5,-39.68107890782328,-46.976077166973,-36.87099234648958,-110.0,-40.252941496781816,-43.52531499245788,-110,-44.99269330794676,-44.92400823228347
89,0.383459,-2.58647,1.5,-41.19582971392986,-44.36000611091724,-44.77047572453646,-110.0,-28.775635708516138,-40.6202290979407,-110,-32.027052124859274,-44.49795722317286
57,0.383459,-4.58647,1.5,-58.171808757066266,-44.667664522003435,-54.02312520649157,-110.0,-35.505925034202264,-42.62940622761353,-110,-30.90942946112896,-47.62021606695617
11,2.38346,-7.58647,1.5,-41.63870473745283,-55.18826754048529,-27.478097796312984,-80.34460698579294,-26.46665166879463,-42.837355842778855,-110,-38.93775232177511,-44.55771779486116
149,-3.61654,1.41353,1.5,-35.128704702043805,-42.46955512784294,-40.17769575107114,-110.0,-54.27416648365805,-42.016307425229066,-110,-37.75897369494002,-46.03715572922032
132,-4.61654,0.413534,1.5,-34.31995095392542,-34.60659141985085,-40.89619073828523,-110.0,-41.08581961385773,-39.7330186991537,-110,-45.543926623772826,-46.08552127250409
90,1.38346,-2.58647,1.5,-56.825450831362865,-43.494950022179424,-41.658885654163626,-110.0,-34.574674044684514,-36.032159057860085,-110,-35.08206347209752,-35.64708112125326
121,0.383459,-0.586466,1.5,-41.20006572795572,-45.99890970636899,-51.40473935059786,-110.0,-27.14974835699644,-34.89747042748587,-110,-37.47016933249598,-36.69434434672066
28,3.38346,-6.58647,1.5,-34.59929737807741,-38.73280584122573,-34.90731296144347,-75.4606922686359,-36.12692713110458,-36.194775705712246,-110,-40.67507297757419,-38.46279916822399
72,-0.616541,-3.58647,1.5,-36.578121457392015,-33.0031367287278,-49.222920875486295,-110.0,-47.967895823920784,-44.718074022550454,-110,-36.06672287286383,-43.49156171753516
205,4.38346,4.41353,1.5,-41.29181787321609,-29.43087255185569,-45.71050527973392,-110.0,-39.61782828418592,-51.58932918703233,-110,-39.183673847847125,-33.74516021969826
140,3.38346,0.413534,1.5,-35.40383164030802,-55.86618044773241,-44.2755928216592,-110.0,-41.382868261559715,-48.66933181558407,-110,-30.92620376253098,-52.29555410384681
168,-0.616541,2.41353,1.5,-32.886137016669416,-36.155141025790755,-31.15160234336187,-110.0,-41.10964812545775,-36.28124591396608,-110,-33.649299482436376,-34.39488777014271
48,7.38346,-5.58647,1.5,-47.38054388736576,-46.92454971858474,-41.30750545154924,-93.86577376199708,-43.91965468250262,-31.723073742660283,-110,-41.8672666205199,-24.386733130518913
83,-5.61654,-2.58647,1.5,-39.52500954984355,-40.236486586440776,-35.78611506359413,-110.0,-46.70678723640914,-36.172727222846234,-110,-35.06692106716549,-47.930700280930985
106,1.38346,-1.58647,1.5,-37.0970937298461,-55.7235199626848,-53.14120628608368,-110.0,-51.78883268360133,-34.41175610063886,-110,-31.67249612867682,-38.8136624085839
197,-3.61654,4.41353,1.5,-25.89929448208789,-38.71093944013707,-50.00073073531643,-110.0,-39.59224047626329,-53.721121390490225,-110,-31.34634354590378,-48.5721177388475
27,2.38346,-6.58647,1.5,-48.422777294943735,-38.9433273716928,-29.264719114734355,-75.62789927062606,-36.23081284850209,-39.013032031916325,-110,-36.19413371449542,-39.92380896795686
215,-1.61654,5.41353,1.5,-47.59332286109013,-38.374094122213755,-48.43194698119694,-110.0,-48.80660907226259,-48.16421185772594,-110,-31.90864605196711,-51.67208081037312
152,-0.616541,1.41353,1.5,-38.1278430802287,-33.56440582177881,-32.4929742473731,-110.0,-42.328000682403385,-47.037493482580494,-110,-31.938368269573736,-56.04928935936293
92,3.38346,-2.58647,1.5,-60.68677167177648,-53.89745102081074,-34.221452417458416,-110.0,-49.28135464164084,-36.65575117147355,-110,-42.24401793285596,-36.78065226469999
137,0.383459,0.413534,1.5,-53.92784077665883,-48.418553944954304,-50.42336075757819,-110.0,-37.45865122070137,-49.00959223977227,-110,-26.785160573595427,-34.51697442835994
183,-1.61654,3.41353,1.5,-30.65078886771356,-36.76793340523851,-42.72960997483889,-110.0,-47.97115754599526,-30.565923400856384,-110,-27.040801504838026,-37.98566229158267
148,-4.61654,1.41353,1.5,-40.84619058524453,-37.25836824827148,-42.76933228528731,-110.0,-54.19954451705264,-41.21539699060294,-110,-30.24678092706747,-42.46942925000502
81,-7.61654,-2.58647,1.5,-35.288812939426954,-43.53426404396741,-34.59422133905945,-110.0,-44.07168439514369,-48.80432516947816,-110,-45.18681938725947,-53.53339919228712
199,-1.61654,4.41353,1.5,-47.93836472284943,-35.97627587712103,-40.59908334629743,-110.0,-55.787982007590955,-46.26551571717018,-110,-29.85100381453901,-39.95517964832064
32,7.38346,-6.58647,1.5,-44.99328227671359,-52.96230511822323,-42.91328459923612,-80.0439791510112,-31.091262589866375,-28.90847364594382,-110,-37.528542298250166,-31.42499900642644
233,0.383459,6.41353,1.5,-37.98533276780587,-24.837696363946367,-42.961466979074544,-110.0,-44.03038979092539,-44.298314449676575,-110,-48.82207410471954,-46.60247325822844
90,1.38346,-2.58647,1.5,-54.8156480183573,-46.9224892578994,-39.801922974042355,-110.0,-35.69154974067886,-39.455932466799126,-110,-31.570697704256897,-38.85762017452593
49,-7.61654,-4.58647,1.5,-36.87524535957538,-33.84113814244046,-43.50739515597816,-110.0,-47.36455750559663,-56.68871430649787,-110,-43.477627217981905,-34.1287291851054
1,-7.61654,-7.58647,1.5,-110.0,-110.0,-110.0,-76.6749377005943,-90.56489690836924,-110.0,-110,-110.0,-110.0
129,-7.61654,0.413534,1.5,-35.072986888211815,-54.383386191795005,-30.113466046966835,-110.0,-39.19182464975039,-40.41221218279819,-110,-43.56739390112409,-38.61969240013016
194,-6.61654,4.41353,1.5,-23.011524553769355,-43.12556184441922,-34.65565234333684,-110.0,-49.3396437616865,-50.17549515114834,-110,-37.83043525114142,-42.809080837713616
236,3.38346,6.41353,1.5,-62.72423734044886,-38.818436664189825,-61.69314116515156,-110.0,-46.43521932616585,-33.23443764346647,-110,-47.00027228134448,-47.60626398783637
164,-4.61654,2.41353,1.5,-32.89669574084685,-53.76346639088645,-41.74987337051933,-110.0,-51.395368997443065,-43.02427470181274,-110,-29.153532435408327,-54.05680211899313
110,5.38346,-1.58647,1.5,-47.17157201680233,-49.745905391608105,-35.430384640257486,-110.0,-38.99676970078504,-35.50134342067551,-110,-49.41782557479644,-29.271641200890947
202,1.38346,4.41353,1.5,-61.55872474970856,-35.803530783215045,-54.19510667999689,-110.0,-51.06190732966615,-37.463128605184195,-110,-43.25592874079774,-55.36826018760076
13,4.38346,-7.58647,1.5,-41.280950109436546,-41.23510709175444,-45.48442283660584,-110.0,-46.351662599336855,-38.22572410443874,-110,-35.984324150730465,-45.811262448503214
230,-2.61654,6.41353,1.5,-32.90637781903892,-26.12419679489295,-40.51182540513384,-110.0,-50.09763644187662,-63.55527726523157,-110,-51.363057921479026,-51.66823732728413
133,-3.61654,0.413534,1.5,-34.894403543725005,-30.581468779766105,-39.2052044001628,-110.0,-48.86281146215029,-43.204977870611714,-110,-35.376105749913506,-41.54535521835173
55,-1.61654,-4.58647,1.5,-29.13865142803246,-48.32702762709012,-34.67183500757774,-110.0,-49.05046882403429,-56.41865068322306,-110,-45.36456687500181,-46.50510992662878
170,1.38346,2.41353,1.5,-36.55619386862399,-43.5156372980408,-49.388907426702986,-110.0,-38.912880389936554,-41.292991428638416,-110,-31.27352897559236,-44.28639299652894
166,-2.61654,2.41353,1.5,-37.92301741600223,-31.100174375927025,-40.06773143056165,-110.0,-43.49726938644273,-39.283806660534495,-110,-27.2605084247363,-47.37253355544853
203,2.38346,4.41353,1.5,-40.57506396771853,-34.74288738661465,-52.433922211191344,-110.0,-42.021564038153905,-33.45041919083176,-110,-39.91123663443642,-32.92701473451658
15,6.38346,-7.58647,1.5,-54.18260385365071,-47.28516753962641,-37.81997140218432,-83.00475035394109,-36.86424333278784,-35.04643718772707,-110,-50.172952532544734,-30.293200239711805
47,6.38346,-5.58647,1.5,-44.46423390777589,-47.984076624281705,-34.71018528343715,-99.65401156583484,-30.329929056529075,-40.65633415032249,-110,-38.04780222568953,-34.93250204446525
118,-2.61654,-0.586466,1.5,-33.43371764043368,-33.38458596158802,-39.28395183328853,-110.0,-45.0951110334931,-37.06670499381804,-110,-36.21292818515527,-35.57083388510554
134,-2.61654,0.413534,1.5,-32.24466448195149,-37.67180625078723,-37.13032714050576,-110.0,-50.8174963926219,-34.471197153062604,-110,-27.94386058522431,-61.7988748758605
145,-7.61654,1.41353,1.5,-36.20720665226021,-33.37781808909124,-38.28466096184012,-110.0,-52.75992642300909,-38.411637364968975,-110,-39.36557293395006,-38.90724174804485
203,2.38346,4.41353,1.5,-33.57486772383278,-38.2374135436309,-55.27974179695168,-110.0,-37.9804999933962,-40.06070335676189,-110,-47.95570569787847,-32.61444761547555
143,6.38346,0.413534,1.5,-43.64944013242324,-51.03210824371182,-46.70464024427764,-110.0,-39.79813847179225,-31.443926807972748,-110,-34.66404507259882,-43.64975513869226
239,6.38346,6.41353,1.5,-54.40632890402639,-38.4614983199212,-53.004843155541394,-110.0,-44.61134238407183,-37.438337612426515,-110,-45.20322516780222,-39.55411769268536
14,5.38346,-7.58647,1.5,-48.28249482540355,-45.940166554057846,-48.76962361920993,-110.0,-35.32865067722453,-43.58401184717012,-110,-38.40251991186681,-31.450098418178793
240,7.38346,6.41353,1.5,-47.852196415981595,-33.875193886994545,-49.64717606849912,-110.0,-57.454923076342105,-34.35773238961856,-110,-38.30348672581091,-39.1226823480953
106,1.38346,-1.58647,1.5,-42.716986958473896,-55.49445434998693,-53.85042274544318,-110.0,-48.70696942138137,-32.042681226813365,-110,-30.508191710712428,-39.65823738135913
211,-5.61654,5.41353,1.5,-28.1130644186166,-40.96354594377697,-33.81587932100913,-110.0,-53.83121354467248,-54.98269668633233,-110,-38.849483364001095,-41.93028386653298
14,5.38346,-7.58647,1.5,-49.70176187162397,-56.01142535815782,-44.794527856881594,-110.0,-42.256252258257874,-36.269771051798934,-110,-37.37166385848112,-22.126757416345537
48,7.38346,-5.58647,1.5,-49.68308622917245,-47.78692528110877,-35.31170949257858,-97.49865415044307,-39.918980752490896,-37.75921549988775,-110,-41.81162107746258,-33.00258676586997
216,-0.616541,5.41353,1.5,-34.41540858526556,-18.937953945643898,-37.64239589259137,-110.0,-50.9940548147193,-53.41606445616038,-110,-45.2210594572463,-63.576627719215374
112,7.38346,-1.58647,1.5,-42.97803806888801,-36.13365820030199,-40.59137087287488,-110.0,-39.35650721031735,-37.54163603916267,-110,-32.87335546605135,-35.966115026226454
178,-6.61654,3.41353,1.5,-33.809043735520405,-36.66424639983141,-39.08505207454458,-110.0,-91.59481120729173,-40.7820501687858,-110,-43.1319719493886,-50.66024359116506
109,4.38346,-1.58647,1.5,-47.269931440867566,-47.271125227288934,-37.00419589930572,-110.0,-38.12558093926513,-30.607631672523944,-110,-39.42456758904884,-36.44845189443662
233,0.383459,6.41353,1.5,-38.59542316282807,-19.738223437209182,-41.445134886563864,-110.0,-50.99570089411941,-43.20688887397417,-110,-45.81769273080571,-45.41466902981468
180,-4.61654,3.41353,1.5,-28.280597063537176,-36.363726207806366,-37.70181219332289,-110.0,-42.95326272978492,-58.070818085426794,-110,-38.64109967642723,-49.64500505675305
121,0.383459,-0.586466,1.5,-36.039123326177645,-51.45313283254371,-50.334708777275225,-110.0,-36.33509763383648,-33.465321107946146,-110,-30.56601900133757,-31.897565167056143
225,-7.61654,6.41353,1.5,-30.76339826292557,-27.69994207836289,-37.171760066973334,-110.0,-41.202624996906806,-57.53158996914871,-110,-39.16058120432558,-34.14183700323483
85,-3.61654,-2.58647,1.5,-40.87561042229162,-48.180221016484445,-45.114204152863465,-110.0,-43.78996212563864,-39.26015888352544,-110,-40.44070949207283,-61.76016041719178
227,-5.61654,6.41353,1.5,-30.715099332601703,-34.267711497541804,-40.79974953419866,-110.0,-58.95786155756969,-47.2836710759738,-110,-51.82869129362401,-73.76282823135374
138,1.38346,0.413534,1.5,-44.80765400410876,-55.81714357525529,-47.22629805277914,-110.0,-31.272238909149976,-60.369382658387885,-110,-31.09537657695411,-40.728761185783895
132,-4.61654,0.413534,1.5,-33.89730310514962,-37.249444660309905,-40.45405635270765,-110.0,-44.628605333386105,-46.13558531763599,-110,-48.48444171528435,-51.187191057115285
153,0.383459,1.41353,1.5,-52.894669849415784,-56.27976415487181,-38.67156963454248,-110.0,-30.37474420307789,-30.55719776777639,-110,-28.974975781679007,-41.74499782803574
161,-7.61654,2.41353,1.5,-24.75021282056063,-42.882963333159296,-47.62746796648966,-110.0,-33.89371711996455,-35.95813084291834,-110,-37.53795250283117,-42.21482451717446
8,-0.616541,-7.58647,1.5,-33.66433592345287,-36.233152814585175,-47.68561232208355,-110.0,-49.01910177767929,-47.79520561524048,-110,-44.66245131499799,-45.64752982822385
194,-6.61654,4.41353,1.5,-32.27600641021102,-42.22320808320301,-37.11627766836443,-110.0,-40.973970968329695,-58.30828009310469,-110,-37.02942047419043,-40.54363744246845
50,-6.61654,-4.58647,1.5,-46.55758159557224,-36.88367608282471,-28.86370480745634,-110.0,-45.89276223732341,-42.12609273362511,-110,-38.72923529863117,-40.86858483999409
130,-6.61654,0.413534,1.5,-27.364279722853787,-50.58715204527754,-41.786346590558125,-110.0,-35.02793124264463,-38.2803041364019,-110,-44.78327316922239,-57.1203347244116
208,7.38346,4.41353,1.5,-48.94489983732994,-41.483071021394906,-60.14075625416508,-110.0,-49.71748242530619,-26.634907613733603,-110,-30.635335509503644,-39.153779306085006
105,0.383459,-1.58647,1.5,-44.38161226306919,-41.68547810548615,-40.46367493186279,-110.0,-35.815768156686175,-38.62151177325264,-110,-34.616928631546664,-44.82875632482688
230,-2.61654,6.41353,1.5,-32.25841505641539,-26.76046435743238,-35.038322816415665,-110.0,-56.546143618773186,-53.877708714631105,-110,-43.85789984633265,-50.16538240558121
50,-6.61654,-4.58647,1.5,-44.502903103497054,-36.571289129346496,-33.57086142505583,-110.0,-44.3876827427372,-40.95218696729392,-110,-35.11872107333122,-43.26296261629369
117,-3.61654,-0.586466,1.5,-39.53047100597797,-46.16115487343556,-38.40683996964172,-110.0,-40.307697568067645,-36.595273172155856,-110,-28.110844444612013,-34.9585869729186
88,-0.616541,-2.58647,1.5,-48.95995093150546,-30.90977952702933,-33.93785274289463,-110.0,-68.05644271968954,-46.46070084857104,-110,-38.099972858625875,-36.91119591838644
220,3.38346,5.41353,1.5,-43.90038069904095,-34.284518147343455,-47.62889175232707,-110.0,-39.51528492463531,-34.17422868890053,-110,-40.96696354799534,-45.66093387532113
234,1.38346,6.41353,1.5,-30.18665062320884,-24.57684779041117,-53.637294681684,-110.0,-44.11941972606386,-42.85993537104257,-110,-27.028258720851873,-40.027498737884414
114,-6.61654,-0.586466,1.5,-33.069787989422345,-31.698906119154778,-38.19991551433308,-110.0,-58.5612198976375,-33.82563241711714,-110,-47.59177655677619,-44.43426771786131
155,2.38346,1.41353,1.5,-39.1237667457293,-58.620030727511555,-38.414458689545256,-110.0,-37.621606629274595,-33.92285880598402,-110,-32.281010720802385,-37.66570528076036
48,7.38346,-5.58647,1.5,-50.24142221008828,-46.192143531564824,-43.250304319126705,-93.201372788529,-34.073113399294385,-35.08867262662834,-110,-45.5016597537044,-24.11909519405922
138,1.38346,0.413534,1.5,-46.52335733519723,-55.20552742924283,-38.28286266611791,-110.0,-35.06861073001733,-62.29362225851675,-110,-29.229485387966392,-33.19591662924125
165,-3.61654,2.41353,1.5,-27.815939966828672,-36.27497893143335,-28.50860367354214,-110.0,-37.10341848143442,-66.29956705878614,-110,-31.498244548925953,-47.29753191774094
71,-1.61654,-3.58647,1.5,-44.56966098060053,-48.03494794684785,-23.903400822575477,-110.0,-46.0614088443409,-52.64946578366374,-110,-42.38021390277635,-46.992889463111446
80,7.38346,-3.58647,1.5,-42.073752504855335,-47.1512214203938,-49.545244339180435,-110.0,-40.70680094629409,-31.647225176554425,-110,-30.819016931785303,-49.53770480793849
11,2.38346,-7.58647,1.5,-45.725252924280525,-55.158111111906194,-26.53211866034311,-77.44940141175896,-24.059979540781075,-31.515359980162575,-110,-38.77293015446812,-32.964174032426456
179,-5.61654,3.41353,1.5,-28.912671706726197,-47.50026736330497,-39.46559207684848,-110.0,-38.14515776407743,-37.69007046566292,-110,-34.96403756300353,-45.27573105852676
73,0.383459,-3.58647,1.5,-39.49698908906146,-40.463037625025855,-64.22743530093142,-110.0,-27.224266716384115,-35.29950666302303,-110,-33.30580113389209,-29.903928630178186
76,3.38346,-3.58647,1.5,-43.10031914011567,-43.036717722462306,-45.67380705911821,-110.0,-31.308673650708535,-35.78828748419114,-110,-36.3968319636117,-34.76646716019541
70,-2.61654,-3.58647,1.5,-35.0167977400336,-31.892718676606563,-33.595148715030696,-110.0,-48.9442759166386,-45.79110877427416,-110,-39.44777574441097,-39.578454065817304
14,5.38346,-7.58647,1.5,-55.72123390698158,-51.185811687381054,-44.24551148901636,-110.0,-43.79907081092831,-36.73371781150083,-110,-41.409076081460725,-24.83319873313833
228,-4.61654,6.41353,1.5,-27.85712057118173,-33.57919676739726,-40.67635990835096,-110.0,-45.97518310847682,-56.379147543002155,-110,-45.80687119770611,-56.83232268496856
75,2.38346,-3.58647,1.5,-47.86161657340714,-43.94505065257747,-48.45873268033802,-110.0,-36.14762262495229,-40.20055442747694,-110,-31.79847448118043,-36.41193462352057
36,-4.61654,-5.58647,1.5,-39.47072087422295,-48.32081300692029,-25.07198430326999,-110.0,-34.68759607311918,-41.40855496746201,-110,-49.38921662130471,-42.61533232440033
156,3.38346,1.41353,1.5,-47.66672589684627,-51.775629095432734,-61.451532542046145,-110.0,-30.846698413883757,-36.93829602114035,-110,-32.49484425762023,-47.69077050615702
33,-7.61654,-5.58647,1.5,-58.36607331455343,-38.792233487579935,-33.23462995922278,-110.0,-34.938057218073176,-50.39462731952841,-110,-38.43373012165565,-44.1266008563574
238,5.38346,6.41353,1.5,-72.0730000919427,-37.236707151521294,-42.9972872772567,-110.0,-43.8116090235164,-30.405271195218397,-110,-40.007041239789594,-40.20116181427092
71,-1.61654,-3.58647,1.5,-42.110771449255076,-49.797550795669416,-30.15741514991579,-110.0,-40.83194347950462,-56.348127534281474,-110,-40.11613431358107,-44.73592994730895
235,2.38346,6.41353,1.5,-34.68069092846898,-31.378420515535925,-46.705757287445905,-110.0,-51.466968996386406,-49.20721305663913,-110,-42.742225123802704,-53.648042902216176
47,6.38346,-5.58647,1.5,-45.93753988199276,-51.494739708512896,-36.672685700628584,-95.1698590673524,-32.86419994890345,-38.24129125006071,-110,-37.11375383041271,-36.01800610098557
143,6.38346,0.413534,1.5,-44.050957444172106,-54.869006448078856,-41.922137193873546,-110.0,-41.99409310344682,-30.224882765353783,-110,-34.41599676430988,-40.967937759590825
226,-6.61654,6.41353,1.5,-28.98618829468833,-27.82615296720478,-40.644327323293496,-110.0,-59.89612394393953,-52.97194785432983,-110,-43.11301908878684,-52.05896160265469
10,1.38346,-7.58647,1.5,-46.10612071776635,-49.1801909333797,-26.53012034703733,-110.0,-21.26765105323642,-41.60087249763567,-110,-30.598591563609176,-36.90856387966893
218,1.38346,5.41353,1.5,-36.18496818346312,-33.70714215181847,-50.889818493717726,-110.0,-35.02800941075561,-47.85581061698054,-110,-35.38330762160251,-50.69166970916216
172,3.38346,2.41353,1.5,-44.71477843068008,-35.41520940025299,-50.75642717645891,-110.0,-42.466505042459325,-29.85784053304981,-110,-39.97003972324246,-40.20054366818752
184,-0.616541,3.41353,1.5,-42.117122171221595,-35.33283815603763,-30.01643840704167,-110.0,-47.29028970198208,-34.17275977904379,-110,-31.723166710706217,-42.60745142045771
94,5.38346,-2.58647,1.5,-46.744922736132104,-54.902515994645235,-41.39356900654042,-110.0,-44.91147854564046,-41.181941481953615,-110,-35.55059898317312,-35.241490098090836
91,2.38346,-2.58647,1.5,-41.27573262367924,-58.73050183208976,-47.75391745311745,-110.0,-29.770992101973977,-35.761825796039375,-110,-41.32071912581444,-35.9213455278495
234,1.38346,6.41353,1.5,-25.276479599431873,-28.837062734091575,-55.92605378700726,-110.0,-44.69945302772267,-44.59356823497266,-110,-29.558700881709523,-36.60491265141616
13,4.38346,-7.58647,1.5,-50.10305276329614,-41.29286662671187,-45.52522509146737,-110.0,-48.50705736622291,-44.10467899248081,-110,-38.62652987934316,-45.92461878024183
168,-0.616541,2.41353,1.5,-30.62906159621923,-42.455310157876,-32.16458226501535,-110.0,-40.58897900947627,-30.99510784023685,-110,-26.62513728495022,-41.255606103407615
88,-0.616541,-2.58647,1.5,-47.75955352793105,-36.17811526675797,-32.68992390556892,-110.0,-63.70548488342694,-43.84129203631063,-110,-35.61363425890446,-41.583744195044304
234,1.38346,6.41353,1.5,-29.067087690072157,-26.480635273234295,-50.38882459847695,-110.0,-43.479275243938105,-33.46553282459928,-110,-31.400425113366627,-36.92755926923222
169,0.383459,2.41353,1.5,-38.150792350041804,-57.26956394870879,-59.22336106204081,-110.0,-32.62426689752673,-28.576000201962746,-110,-19.069047661792315,-78.08431539768009
47,6.38346,-5.58647,1.5,-46.19372729956477,-51.17613529912203,-37.8945922720545,-98.77220383087294,-31.969019069760552,-36.53191625454462,-110,-35.891870215025115,-43.71592660976774
201,0.383459,4.41353,1.5,-46.6978833927837,-34.79079765490835,-51.853461147389254,-110.0,-30.283776714237383,-43.30941517793157,-110,-30.494234222546257,-48.241474810051464
60,3.38346,-4.58647,1.5,-50.07714248087771,-54.886620515271545,-43.03803616153338,-110.0,-40.690211962812995,-47.48646578604202,-110,-31.969228640952547,-32.149882414738535
14,5.38346,-7.58647,1.5,-51.18415555940015,-49.18380894694736,-46.1978666303158,-110.0,-45.17406409529403,-46.59619486187978,-110,-36.69005503082329,-26.61882485783357
34,-6.61654,-5.58647,1.5,-48.592591531579686,-38.89503112537184,-31.83776312158191,-110.0,-36.16474541113316,-46.293008245408906,-110,-31.471715577786952,-37.922299426529534
78,5.38346,-3.58647,1.5,-43.56257928399709,-60.83447532917445,-52.42590977766477,-110.0,-33.024740759702404,-31.585352858622315,-110,-32.05066709643332,-35.3972075838853
229,-3.61654,6.41353,1.5,-60.59545444706237,-36.88737760064407,-54.18997537952244,-110.0,-60.68801041888979,-50.108165147862955,-110,-51.71175266095699,-44.302493795591545
101,-3.61654,-1.58647,1.5,-25.869081788767183,-32.43517060430456,-40.47864897705565,-110.0,-51.04433064920156,-59.54794119365234,-110,-49.45794097818188,-48.40984708787811
225,-7.61654,6.41353,1.5,-24.908005589039117,-32.429547274477244,-38.77629617229752,-110.0,-42.072404691314425,-55.99439133404911,-110,-34.834588679802785,-43.37909686723818
214,-2.61654,5.41353,1.5,-45.6549953049047,-49.01172179395073,-31.45124720309031,-110.0,-39.60020324393022,-57.06278330487104,-110,-36.082528926723015,-44.2629951820438
113,-7.61654,-0.586466,1.5,-35.576456724224066,-52.77600352254555,-34.542625789620686,-110.0,-45.54818394383749,-42.92417276313279,-110,-51.31222987570306,-38.85540419226483
185,0.383459,3.41353,1.5,-39.404581092255405,-53.2173586647108,-54.84785908049389,-110.0,-37.24345442139894,-29.98501692622296,-110,-29.420878467472058,-36.07945617555126
96,7.38346,-2.58647,1.5,-39.01782805130529,-41.15497739913641,-39.07367548352149,-110.0,-39.273450277392655,-35.1640148311336,-110,-41.287378510883066,-37.83781819574427
141,4.38346,0.413534,1.5,-42.465654029619486,-51.802352080331666,-48.233797821322646,-110.0,-41.24144407074901,-35.21586418024981,-110,-37.62727207629022,-35.91134619276623
232,-0.616541,6.41353,1.5,-31.132784964290533,-22.1174979364543,-32.86382311155924,-110.0,-46.309325273492085,-53.26979973141991,-110,-75.12178176576852,-46.07291534964328
163,-5.61654,2.41353,1.5,-29.85257997353708,-34.07767337143667,-48.637544207854134,-110.0,-48.90404710680806,-59.50207291720222,-110,-36.82405197768125,-43.605379015810286
33,-7.61654,-5.58647,1.5,-59.647802237906326,-42.26325942585495,-37.47792461447352,-110.0,-40.7265101310214,-53.09265449244104,-110,-38.00206275547873,-39.52532414984052
28,3.38346,-6.58647,1.5,-37.26629720394242,-44.09211463453305,-30.929186375338695,-74.87675241205093,-33.2065819352837,-34.535903786916144,-110,-41.831745225225944,-46.01131732718782
203,2.38346,4.41353,1.5,-41.90298393691928,-31.453102303743528,-58.340277716130664,-110.0,-39.7890308465777,-33.819224386470424,-110,-44.16249665707952,-34.50035861907084
190,5.38346,3.41353,1.5,-51.54082253388246,-49.534371499031735,-42.43601259875043,-110.0,-36.749218019447305,-32.35471927779953,-110,-42.47754468794274,-35.304624562895704
119,-1.61654,-0.586466,1.5,-36.6419135853135,-34.19422229343537,-30.953096267563083,-110.0,-47.36298986974431,-45.255958426655305,-110,-38.44766494252199,-46.356961650001445
195,-5.61654,4.41353,1.5,-29.72089938478673,-38.80795775623216,-40.71645837877869,-110.0,-45.58615832598611,-45.70313472504722,-110,-33.5254473016677,-48.25099373756088
173,4.38346,2.41353,1.5,-49.983911605184645,-43.464068803627455,-41.654887789064816,-110.0,-35.789453035047806,-31.802670350528995,-110,-29.264807991402545,-45.170473189667376
13,4.38346,-7.58647,1.5,-47.1891803073958,-47.55722522464539,-49.1121721718171,-110.0,-47.68688222531739,-39.744618128437416,-110,-33.37729088351565,-46.63911678337584
101,-3.61654,-1.58647,1.5,-34.939257467303285,-36.78246592764206,-40.71366586246967,-110.0,-46.91914044932284,-60.28401308332318,-110,-45.354250925348005,-50.88595982666352
107,2.38346,-1.58647,1.5,-51.87394245302279,-49.18597812220707,-47.68991795034547,-110.0,-43.41054795242729,-44.34695617451145,-110,-40.438285996937424,-36.68041342865695
140,3.38346,0.413534,1.5,-35.20752237858672,-55.15251158864939,-46.7302762804325,-110.0,-38.67883509496695,-43.4395302751299,-110,-37.79865266596543,-54.402782361639595
96,7.38346,-2.58647,1.5,-41.80626069765684,-40.83573785076654,-37.577546156194366,-110.0,-42.65557718401973,-34.79511339643682,-110,-44.34962784914993,-36.66277485755573
47,6.38346,-5.58647,1.5,-41.44031439951811,-54.18647758970026,-37.52951882482589,-91.70297992805096,-27.029211573548356,-32.72201698312386,-110,-41.870804303315005,-38.20959828320708
31,6.38346,-6.58647,1.5,-45.57001510664847,-46.665032176236735,-35.23530177174758,-80.87624519209187,-36.09145419747999,-33.851971568687425,-110,-47.696677312579496,-37.34449652261608
78,5.38346,-3.58647,1.5,-45.60116590627192,-66.27252277733342,-48.307954819369826,-110.0,-31.89132833975305,-38.73523856768432,-110,-38.164501930608296,-32.06909966801859
52,-4.61654,-4.58647,1.5,-42.546282534059266,-36.90383048085196,-29.60780709462542,-110.0,-41.98110939363206,-35.17603830016933,-110,-38.98222190577343,-62.4536455775534
208,7.38346,4.41353,1.5,-38.2215519502337,-37.42668314512615,-57.69552883605683,-110.0,-52.07358688665413,-27.471098415540116,-110,-35.65541498144458,-36.826311885349256
58,1.38346,-4.58647,1.5,-41.408551059154334,-52.17847626996423,-40.18994385390124,-110.0,-33.09095838575113,-28.422720251271024,-110,-42.93569797332452,-31.64719142472942
11,2.38346,-7.58647,1.5,-44.16494526053364,-54.59751113998357,-31.50480543537576,-79.33956138868466,-26.88203647918072,-35.88625463300623,-110,-37.415934404955486,-40.58666407330232
215,-1.61654,5.41353,1.5,-57.16184567490196,-38.87733664040237,-54.38901363091792,-110.0,-47.47145327797887,-49.04726224339177,-110,-35.93013078658823,-46.0025405018786
25,0.383459,-6.58647,1.5,-53.49495481793311,-48.8061360715602,-41.04064836400385,-101.7984034853054,-29.54825793579209,-37.862634108621734,-110,-34.83090853364165,-37.974232429109605
165,-3.61654,2.41353,1.5,-36.608386239138504,-29.864544086347117,-35.73438319184014,-110.0,-37.280313446346355,-71.17682613666862,-110,-33.513038895600246,-50.44046160061259
95,6.38346,-2.58647,1.5,-44.9854623950624,-50.06823339345201,-41.959852532606234,-110.0,-36.66295148058222,-51.16897125801898,-110,-30.229437915859485,-31.885892236476316
83,-5.61654,-2.58647,1.5,-34.801061129510664,-34.62358317651975,-40.68443444146976,-110.0,-40.38328022862782,-44.84401573719996,-110,-36.061475370611376,-38.16534035287161
115,-5.61654,-0.586466,1.5,-38.44166359050678,-38.682700590623185,-48.23435658738136,-110.0,-37.01615100021223,-33.54345885055777,-110,-36.118464998340066,-39.23473956640023
13,4.38346,-7.58647,1.5,-48.12254771700304,-50.576098499377025,-53.6737659310454,-110.0,-46.51146957294324,-39.238850236874605,-110,-43.37314119003948,-38.625117762322674
206,5.38346,4.41353,1.5,-44.37504455597399,-36.84979339755439,-55.86780130034739,-110.0,-53.02260214715425,-35.92294416715916,-110,-46.81096175347189,-34.35935414609037
20,-4.61654,-6.58647,1.5,-39.34841631899041,-45.69320979070345,-36.49848562399707,-86.92578740121989,-39.1939636283702,-50.40724566682486,-110,-44.5995547244619,-42.542120374065
43,2.38346,-5.58647,1.5,-55.25825883770324,-52.44978860279938,-39.54967752639037,-91.5818393192195,-27.835788191734892,-37.505157356360506,-110,-33.87936221933469,-36.29417527992887
183,-1.61654,3.41353,1.5,-31.03694867543427,-25.97381921702171,-40.768296360796874,-110.0,-46.949303165109335,-32.68192860568582,-110,-29.582210666323267,-42.33849038979916
123,2.38346,-0.586466,1.5,-45.820466254629345,-52.40978334489653,-51.97282098841415,-110.0,-43.475874457651614,-45.41630372942373,-110,-38.54267217272772,-35.188392673316145
183,-1.61654,3.41353,1.5,-30.20360087024622,-28.059137775027885,-41.791668002938835,-110.0,-42.57958865967576,-39.23238621004173,-110,-25.71068222191184,-44.10209986911893
74,1.38346,-3.58647,1.5,-43.18507730062623,-49.98369237595675,-40.51850670739797,-110.0,-28.905527312419498,-44.258780561440574,-110,-29.014356687365943,-40.88791910033488
204,3.38346,4.41353,1.5,-48.718779350883466,-31.5557951243868,-50.749982998668074,-110.0,-46.57552853209193,-36.00268339824906,-110,-43.770949119880726,-41.597440668953894
229,-3.61654,6.41353,1.5,-53.93999067955603,-34.71347341132501,-51.568789705549015,-110.0,-55.72623645815734,-54.03584854197006,-110,-42.94366426200838,-42.34015102632951
28,3.38346,-6.58647,1.5,-34.487907342424215,-39.94259944308038,-36.23075721143883,-73.63793950664973,-37.49640015330917,-35.711283449915456,-110,-34.82216967651947,-42.678589596550616
62,5.38346,-4.58647,1.5,-34.39604142747043,-48.482591399017686,-49.26202109191358,-110.0,-42.0523423116905,-44.65874719517772,-110,-35.246077016980436,-36.620739615856536
57,0.383459,-4.58647,1.5,-51.77569514011984,-45.094661144999705,-52.84751063865319,-110.0,-33.84138125054125,-43.690882697790016,-110,-35.463471936941666,-50.958769647635485
126,5.38346,-0.586466,1.5,-31.564175760390725,-54.36834967068733,-51.19991143985865,-110.0,-36.57860022487416,-40.76969651524249,-110,-38.19810474118384,-40.57106048498194
99,-5.61654,-1.58647,1.5,-43.86145775560671,-45.16465104107562,-37.93535703096663,-110.0,-43.42616559730073,-43.56189112034425,-110,-46.44306956059146,-42.14138043054799
191,6.38346,3.41353,1.5,-55.44792930847836,-60.142601561295024,-58.81819734972313,-110.0,-50.210530974745865,-40.89628706373408,-110,-32.43410922453583,-47.47747689783114
203,2.38346,4.41353,1.5,-38.822868112881174,-34.79220446691682,-52.548572732920505,-110.0,-34.799801820855905,-34.399755280974176,-110,-48.02703610562034,-38.732582995150175
215,-1.61654,5.41353,1.5,-50.94102655371667,-41.25482215909828,-46.37745077440984,-110.0,-45.450651323645346,-52.02529460999348,-110,-35.93882122522277,-45.49060286415375
25,0.383459,-6.58647,1.5,-58.17736347289418,-47.71148354602691,-44.74391481851882,-95.03058037893253,-29.43729349235673,-38.38883164193043,-110,-41.65875098829047,-31.572513290065707
67,-5.61654,-3.58647,1.5,-31.77661521553957,-35.09026593228052,-33.8640385039106,-110.0,-34.28017561999481,-48.32718651998069,-110,-46.96465424919694,-56.69871944490584
112,7.38346,-1.58647,1.5,-36.50476445537114,-39.022014352218015,-42.19649470342326,-110.0,-34.84658365445797,-46.45821845622972,-110,-32.22501860661171,-28.091432260684417
1,-7.61654,-7.58647,1.5,-110.0,-110.0,-110.0,-77.69737497467607,-83.8752528258384,-110.0,-110,-110.0,-110.0
193,-7.61654,4.41353,1.5,-31.996055419307243,-42.97040062327284,-37.70260072543494,-110.0,-42.666502648400126,-60.210617814873686,-110,-35.70297176384433,-51.12574787679377
149,-3.61654,1.41353,1.5,-33.081977865711664,-41.80207787637312,-46.26578018335573,-110.0,-50.39763978019405,-47.09663395487886,-110,-39.993887152942875,-46.965487810993345
73,0.383459,-3.58647,1.5,-36.87502791711738,-38.933716204555616,-69.84443105372262,-110.0,-30.461936152964988,-31.89776286832103,-110,-25.13456230503285,-33.96284584409787
185,0.383459,3.41353,1.5,-37.91291560958707,-47.3531033385176,-48.990564481194426,-110.0,-30.18265443859071,-30.142581469437346,-110,-30.60537985994496,-36.245506995156184
91,2.38346,-2.58647,1.5,-39.81059511366561,-48.43103948592136,-49.775082460998874,-110.0,-30.027514785212176,-39.0005436720026,-110,-37.87757273357551,-34.792555129262624
39,-1.61654,-5.58647,1.5,-31.65915739732374,-42.07074109056571,-25.50042173627274,-110.0,-25.85507292237355,-49.85685252669084,-110,-46.94706923142123,-46.423534450298774
51,-5.61654,-4.58647,1.5,-27.347007836605393,-42.63802905687999,-39.16330629045278,-110.0,-36.44677752494356,-48.98522454160157,-110,-46.82499904587334,-51.0066102674196
134,-2.61654,0.413534,1.5,-35.67760421717402,-33.969065169482484,-36.6960111057668,-110.0,-46.73335505293872,-36.34191227838332,-110,-32.56177824034468,-49.72034697611255
223,6.38346,5.41353,1.5,-36.55455483795529,-54.40547234110312,-51.635350795918605,-110.0,-49.25459469550475,-46.70946740943779,-110,-40.76157571414786,-47.501622356842354
100,-4.61654,-1.58647,1.5,-47.16487258909722,-40.029240543630365,-35.11893136184027,-110.0,-36.816688224289145,-43.445188026238014,-110,-37.27415666330416,-52.06583010865598
196,-4.61654,4.41353,1.5,-30.8507609719291,-28.63622728217149,-40.055574069210145,-110.0,-46.72361556444295,-55.22442080181172,-110,-40.39032152360894,-47.01605876410359
90,1.38346,-2.58647,1.5,-50.914359359532625,-43.9164727025042,-37.70980066543311,-110.0,-38.34447970360916,-36.98679373578495,-110,-42.591996685567175,-39.81401236274446
23,-1.61654,-6.58647,1.5,-33.455653155650786,-30.09140264209907,-22.165329005049895,-100.36290581554464,-33.964135657162835,-51.12220409275359,-110,-33.1058668229056,-42.0943376092875
45,4.38346,-5.58647,1.5,-41.21723085836468,-48.357924321441814,-30.77207223125983,-95.79714882495436,-27.54377494590672,-35.86775034632349,-110,-39.850692335365,-37.38779708505479
40,-0.616541,-5.58647,1.5,-55.26750643255272,-48.093418130638646,-27.130947532622244,-110.0,-40.68800697076972,-39.398318098962875,-110,-41.349194463004835,-40.395564053992786
88,-0.616541,-2.58647,1.5,-48.564143224432776,-36.73535195488657,-32.78817622581402,-110.0,-67.27485233651272,-49.83307183696227,-110,-33.82179738248207,-45.043513238713075
235,2.38346,6.41353,1.5,-39.40306905915707,-23.976854683600337,-51.12021931920935,-110.0,-51.93070047009545,-59.419249590629235,-110,-45.46254220599573,-47.91568082869245
45,4.38346,-5.58647,1.5,-45.44474293537166,-45.795691088376586,-32.082565952970036,-91.18489090057992,-27.469916475194353,-31.14838794005701,-110,-38.776906314589255,-36.25565842970313
112,7.38346,-1.58647,1.5,-37.35456916817063,-36.77544821411875,-41.04499030047912,-110.0,-39.51585202506985,-37.41611450635114,-110,-30.006270279773418,-31.91253478426627
55,-1.61654,-4.58647,1.5,-35.128099410724936,-48.49706242224501,-28.186225973277985,-110.0,-43.39155996808744,-50.69451622632658,-110,-34.68270833875626,-42.55783777182685
138,1.38346,0.413534,1.5,-41.84530673696842,-59.78884721695613,-40.76745991867177,-110.0,-33.59623997216296,-56.928474801062976,-110,-33.37951644642879,-43.874584542178305
203,2.38346,4.41353,1.5,-37.17239314878284,-38.449914769852995,-49.97791465183957,-110.0,-39.164862289060586,-36.40378568454003,-110,-50.55868229726916,-38.87252548255679
236,3.38346,6.41353,1.5,-54.10133389821721,-36.48237793748518,-59.80857415143834,-110.0,-45.91346677029771,-32.860250829448404,-110,-44.11274312702408,-47.9826046597852
191,6.38346,3.41353,1.5,-52.7138500941797,-58.006374775327934,-60.84348681957507,-110.0,-58.405789898118314,-42.14976901502611,-110,-33.467424064009855,-49.85432442339844
87,-1.61654,-2.58647,1.5,-28.14645875639557,-47.449572718434354,-50.777854855187734,-110.0,-47.93014375515203,-48.782380897858346,-110,-35.31145931826336,-41.97970810782326
31,6.38346,-6.58647,1.5,-48.28327815831574,-47.024415372739064,-30.405207660096757,-77.23246081459772,-34.1734189093185,-38.89742191611207,-110,-43.97355026277343,-36.253700412895235
29,4.38346,-6.58647,1.5,-40.30315679185998,-47.843410845768325,-44.66771983453504,-72.55849717065207,-34.97257244096467,-32.194784335273255,-110,-31.26916396818607,-26.55117084434827
125,4.38346,-0.586466,1.5,-36.316371117578434,-51.946401530534985,-42.11898876514923,-110.0,-36.23315287657092,-29.35891665954324,-110,-40.510445451162944,-39.73863987780089
142,5.38346,0.413534,1.5,-44.78411779823618,-41.70788615110635,-52.680071692927555,-110.0,-44.47571981597682,-28.017775401826913,-110,-38.40991679931846,-36.96404083091732
18,-6.61654,-6.58647,1.5,-37.45333874588602,-37.10537929955821,-34.93279632687273,-84.90887100325712,-41.46597826459295,-47.85834042555351,-110,-44.64404166654842,-45.939340059221095
216,-0.616541,5.41353,1.5,-30.9320909983627,-22.95344670223906,-37.37690170434721,-110.0,-52.38811741965685,-52.793586048111614,-110,-44.60416799373251,-58.963311837883374
147,-5.61654,1.41353,1.5,-51.44081142312954,-41.65656171207072,-33.6600696905984,-110.0,-51.62652562445749,-37.89646906830659,-110,-33.49318410954058,-49.50081113344942
22,-2.61654,-6.58647,1.5,-33.62725677299679,-47.08316488949976,-28.415753785828137,-82.79457509769311,-43.333389234465216,-39.414505805287135,-110,-38.511173408707165,-51.24763350297362
96,7.38346,-2.58647,1.5,-39.000954332389554,-45.33768213693902,-39.52213997022025,-110.0,-41.582875109569535,-36.27511166450126,-110,-46.08266129378288,-33.60904952874183
177,-7.61654,3.41353,1.5,-28.752287888596893,-36.93896330563683,-54.71823641921204,-110.0,-47.24442620937521,-30.053830161160136,-110,-37.33726643486172,-41.82897143378047
234,1.38346,6.41353,1.5,-30.806220199382462,-25.553895723544517,-51.119379723028125,-110.0,-38.72316755120808,-39.14542557446534,-110,-25.39054525212732,-40.28603351744655
104,-0.616541,-1.58647,1.5,-42.03687826354739,-40.27314160689457,-30.143476050807255,-110.0,-48.283243171064946,-49.14618097606559,-110,-36.58575604461312,-45.48223168164466
77,4.38346,-3.58647,1.5,-47.49357677621434,-46.56144522138092,-36.75967395651777,-110.0,-32.74813582143187,-36.83455398472541,-110,-37.789819384209984,-34.304727631275874
106,1.38346,-1.58647,1.5,-43.48245354433725,-56.23378766186549,-45.82542616519803,-110.0,-53.006001079681546,-38.606940813326545,-110,-34.89541098840454,-40.8637040180856
134,-2.61654,0.413534,1.5,-36.82980414778427,-34.35910238739072,-42.3261595937864,-110.0,-49.28962044481858,-33.516122426361,-110,-31.438398762693527,-53.356452749461305
76,3.38346,-3.58647,1.5,-44.0324485358535,-44.21063217943162,-40.93286287448064,-110.0,-30.68215777693553,-35.87355312315649,-110,-36.94394018919672,-36.827862779280366
49,-7.61654,-4.58647,1.5,-34.64319886512365,-39.64309970344324,-36.63534739960728,-110.0,-43.019127567369225,-54.09573123812002,-110,-48.10930353804748,-41.479882288965506
212,-4.61654,5.41353,1.5,-32.577513155100064,-42.59822732384404,-42.86627388648436,-110.0,-47.40110893817664,-51.61150804088898,-110,-37.24537563364064,-59.80820698029861
27,2.38346,-6.58647,1.5,-43.072870694235746,-48.55502890816607,-32.37888116977402,-73.33354622371587,-33.730590012317094,-41.5885127686085,-110,-40.45734193292528,-33.752015276620625
9,0.383459,-7.58647,1.5,-59.895850735059014,-53.03265205250367,-24.672741797682217,-110.0,-29.98901176129461,-22.54193500728639,-110,-37.561125107666456,-27.430367355379634
163,-5.61654,2.41353,1.5,-28.32164371816049,-35.357962200618964,-47.43575678388013,-110.0,-53.79709489366197,-62.65839694648891,-110,-38.21649537979607,-37.34940949508616
143,6.38346,0.413534,1.5,-49.016777275430336,-51.573925446934815,-51.0642451487818,-110.0,-29.79752935111278,-36.02267670020272,-110,-33.56837138426686,-42.46104843296909
207,6.38346,4.41353,1.5,-34.75134052568963,-47.90309482468525,-50.4722486027396,-110.0,-58.03692713454288,-39.887754831316094,-110,-37.42896850328225,-43.490959225201976
29,4.38346,-6.58647,1.5,-38.64667486346477,-50.562733093589664,-45.000009534695586,-75.27279337485807,-35.35075340300142,-37.68459762367014,-110,-36.99742441951403,-30.137292085125857
108,3.38346,-1.58647,1.5,-46.737481090167265,-51.44905691343243,-43.71458126956779,-110.0,-38.91635566693709,-45.519890419531926,-110,-42.27161382487726,-36.981171321859314
164,-4.61654,2.41353,1.5,-33.61486694411927,-50.137307029982274,-41.780008223284895,-110.0,-53.2866255225217,-43.46717201483691,-110,-33.10013825486349,-55.42996655842956
116,-4.61654,-0.586466,1.5,-39.452903745864496,-49.44187992558875,-39.56609124276875,-110.0,-47.47223220031116,-35.915594081034456,-110,-40.89211869073475,-37.643386522835485
150,-2.61654,1.41353,1.5,-37.39078094354824,-32.71569107689278,-44.52818107711001,-110.0,-45.90662950933619,-48.27229499154801,-110,-32.75686661364535,-38.077190354456505
121,0.383459,-0.586466,1.5,-39.385124086803394,-47.04971997372439,-53.67698681878703,-110.0,-32.491622355157894,-34.44229633135882,-110,-30.37984564440127,-33.008652739155146
209,-7.61654,5.41353,1.5,-31.207033880595503,-30.689631281446136,-33.20409481733248,-110.0,-48.53580358704613,-50.83574737318556,-110,-38.540123101973975,-59.13840505904571
129,-7.61654,0.413534,1.5,-32.458710495227386,-51.212951185180366,-29.831585695423144,-110.0,-41.09931076078506,-48.742234338306616,-110,-40.81545000202402,-42.31632185707176
20,-4.61654,-6.58647,1.5,-40.48674183586406,-44.56165944056755,-37.09559294532541,-82.17672451356496,-39.180996440496735,-52.56636378632445,-110,-34.05805121707777,-40.600140258829335
43,2.38346,-5.58647,1.5,-57.18719465384692,-52.5817808901352,-37.81896260619268,-95.31580516395312,-28.993563697206977,-35.49204428261216,-110,-31.91794015018603,-37.84404845166688
95,6.38346,-2.58647,1.5,-47.38825355171302,-54.35825858974523,-38.84407347982942,-110.0,-28.61181330431178,-49.59345976205695,-110,-32.787812310122895,-37.287714795615
19,-5.61654,-6.58647,1.5,-36.6793955463742,-54.92163638039543,-45.383773307886074,-110.0,-47.27402428245336,-39.36092824392498,-110,-43.1111235658997,-51.2840001216988
117,-3.61654,-0.586466,1.5,-40.51749317348508,-48.58760515594046,-40.45076537306853,-110.0,-43.281826786445336,-38.12391143905651,-110,-30.954944747477807,-36.29665958513213
208,7.38346,4.41353,1.5,-35.4075549086066,-43.41095038819883,-54.774505347331115,-110.0,-48.92821332549522,-27.494445989192418,-110,-35.56739448654017,-39.75816067150559
56,-0.616541,-4.58647,1.5,-47.188323547176,-44.88009693708314,-28.30678183680718,-110.0,-52.26427016106163,-42.29880042804478,-110,-44.01958173216927,-38.944984244551094
121,0.383459,-0.586466,1.5,-46.281533614850346,-50.792110888134864,-50.2072052449544,-110.0,-33.60769790124817,-43.09193449623166,-110,-32.60248605291613,-34.8181023835482
184,-0.616541,3.41353,1.5,-40.52091313690942,-34.54642624833434,-27.31626966145145,-110.0,-41.162216603068515,-31.54538458618027,-110,-32.82379829889413,-36.35125918112461
67,-5.61654,-3.58647,1.5,-38.12438223192241,-33.025127411893436,-36.94942099250717,-110.0,-36.06359106395778,-46.727649314162925,-110,-52.81034115879016,-55.73096622762469
221,4.38346,5.41353,1.5,-40.25513392739923,-40.664064425044096,-50.69097078036843,-110.0,-39.15906163139976,-45.61937616832195,-110,-39.71628574500151,-52.896176158987664
109,4.38346,-1.58647,1.5,-45.42270511248699,-50.176439437823035,-39.74629024515394,-110.0,-38.27159462158822,-36.61531317575001,-110,-31.756909267486332,-44.32292602195387
199,-1.61654,4.41353,1.5,-46.118454566625594,-35.65886227599991,-41.262171253517145,-110.0,-60.99877850628949,-50.63227318059389,-110,-28.143212300601775,-37.00848352169972
233,0.383459,6.41353,1.5,-37.496787043103865,-22.88752051869102,-44.75428203360017,-110.0,-45.30904334145964,-44.19067729201512,-110,-44.91936770408076,-44.2032467101107
59,2.38346,-4.58647,1.5,-41.521039605167985,-54.31567601382512,-32.565902436214536,-110.0,-28.886334765411487,-40.47996174189509,-110,-38.820639098953464,-33.40733235112072
122,1.38346,-0.586466,1.5,-46.73067977462683,-52.565196696197866,-38.69242286916142,-110.0,-45.089506042775064,-47.22765775093628,-110,-37.46188706912464,-34.02798045716061
126,5.38346,-0.586466,1.5,-38.59156051821411,-52.117974317199455,-43.91839207135915,-110.0,-35.37614058638791,-29.802283419281046,-110,-31.859964026503555,-36.9351029030738
72,-0.616541,-3.58647,1.5,-37.62677482893457,-33.082366223058834,-50.9973685530928,-110.0,-50.06063762030699,-38.781682760886945,-110,-33.46036264053498,-45.00984935124957
110,5.38346,-1.58647,1.5,-38.77745056563992,-50.821277661590905,-39.13762591778712,-110.0,-31.60555480598521,-35.57686455522815,-110,-43.65926168864874,-25.017474718473608
222,5.38346,5.41353,1.5,-43.91626817376036,-41.679592499617954,-51.60011954707907,-110.0,-50.50003950246662,-29.191888773662185,-110,-41.071860920070115,-37.41352992505944
204,3.38346,4.41353,1.5,-45.28796690291991,-40.16072961090504,-53.975227829493434,-110.0,-44.09514584339644,-38.34309791063812,-110,-47.777557269656,-39.09619411892438
44,3.38346,-5.58647,1.5,-39.5350464200148,-56.31054134486223,-33.155323945062,-96.65682714168976,-37.81198042718161,-40.436083495734295,-110,-42.8340610632148,-27.30083852440572
109,4.38346,-1.58647,1.5,-50.520081210882495,-54.01652203294973,-37.25990016094445,-110.0,-38.603902485832485,-28.57356212813424,-110,-38.68542098961669,-34.29497520859792
209,-7.61654,5.41353,1.5,-26.41993721261282,-30.261999083409204,-38.31429730490517,-110.0,-49.33283442045356,-50.67777533409232,-110,-36.28203447305741,-56.2630346070874
63,6.38346,-4.58647,1.5,-40.41035142882952,-51.063311139821934,-35.23809068772777,-94.03193053308236,-30.029598290350386,-33.24515266160785,-110,-36.24108836604881,-31.817415258666983
111,6.38346,-1.58647,1.5,-45.36942586913474,-57.95899939145586,-37.481694215781665,-110.0,-38.719593238061286,-35.70295582588262,-110,-32.39592613585275,-36.499778777017646
43,2.38346,-5.58647,1.5,-64.71715982078234,-48.35847040889505,-38.20055522089764,-89.14470264924121,-30.410677368969992,-39.59662555736314,-110,-32.92816341505326,-35.63866360289053
144,7.38346,0.413534,1.5,-38.22842211676604,-60.03502791081499,-39.57534835915008,-110.0,-33.27793399810659,-21.436039544092253,-110,-41.28565854770607,-37.01398641599676
30,5.38346,-6.58647,1.5,-44.42553950591895,-44.85854363311661,-52.907258201832704,-72.81954324496826,-38.15809545503087,-47.63010169575345,-110,-42.303536059644074,-27.94125532386227
11,2.38346,-7.58647,1.5,-39.9947696227524,-51.70281679697969,-30.23528923840978,-80.14989832080198,-28.25761201002578,-30.31839696454314,-110,-45.7540794469787,-42.02521761691638
83,-5.61654,-2.58647,1.5,-32.87520384759564,-39.04688303193009,-34.460602343887814,-110.0,-41.802028259697806,-41.84468618795237,-110,-30.471566065668508,-36.62818649471219
101,-3.61654,-1.58647,1.5,-27.14822218480679,-42.819258381727515,-35.27514643165409,-110.0,-51.024762294482784,-57.138612920402714,-110,-51.10390065555771,-41.65716993387567
46,5.38346,-5.58647,1.5,-45.319040578043975,-46.035577742680985,-50.20136394988596,-95.77982585688385,-38.20729312409456,-39.372448166016525,-110,-35.45230283537387,-33.973847989518134
32,7.38346,-6.58647,1.5,-44.28133571576123,-58.10854442514987,-46.85837525830679,-79.26630640370227,-37.95654860808177,-31.237345843898748,-110,-41.08949485597162,-32.10163505669001
145,-7.61654,1.41353,1.5,-28.456778009222027,-35.41568667085737,-41.30867151597164,-110.0,-55.33288272450114,-42.3619479402161,-110,-42.26024403776319,-41.764588028920386
99,-5.61654,-1.58647,1.5,-38.632921000549416,-46.69651204411706,-41.417472200331936,-110.0,-37.437446504704546,-49.70514546134423,-110,-41.87911946502757,-41.51770959366384
9,0.383459,-7.58647,1.5,-52.37275664490314,-46.86820944375388,-30.92685542938592,-110.0,-32.04356476343236,-31.503439791143126,-110,-38.924480758492635,-26.16687883337223
201,0.383459,4.41353,1.5,-45.664303161529375,-32.32858073816122,-49.3608169602153,-110.0,-40.05652632832485,-41.833281444950714,-110,-27.2254221423933,-38.56350323995342
134,-2.61654,0.413534,1.5,-35.789345823906,-31.69027586347715,-38.65923213608173,-110.0,-48.599365739664854,-34.20412003516734,-110,-30.28772839842028,-56.02738367130161
217,0.383459,5.41353,1.5,-32.03254105612722,-26.52037729248118,-44.67840010076888,-110.0,-48.93701466366275,-35.49076810554277,-110,-25.437882334616223,-38.325490008478354
31,6.38346,-6.58647,1.5,-46.83775546131946,-40.549950121936554,-32.81247934910351,-82.92625700952443,-31.068087130671515,-34.80520520717743,-110,-41.382084690426815,-29.81702470009594
190,5.38346,3.41353,1.5,-55.646452784814734,-45.831530642332694,-45.27176742593813,-110.0,-37.26151600927938,-24.918709598553416,-110,-37.79137855308276,-36.66460986983098
72,-0.616541,-3.58647,1.5,-28.28248997332674,-37.04934247459227,-46.26407059203019,-110.0,-48.858917635407494,-39.74969951550026,-110,-34.903508188029825,-36.09676176265259
28,3.38346,-6.58647,1.5,-37.51218638661521,-38.61879300792902,-33.51924693726486,-71.28359628864897,-40.3963046636963,-35.92596343694445,-110,-38.789653723192195,-38.37703272943232
156,3.38346,1.41353,1.5,-42.479761414701365,-46.38480781755064,-58.661233414374976,-110.0,-44.420911417053425,-40.08333984686044,-110,-33.59985448498884,-50.82555842999554
219,2.38346,5.41353,1.5,-44.05701758590281,-29.382181489362846,-54.213761387832456,-110.0,-41.0510560515902,-41.132478205687846,-110,-32.917031388331274,-36.925049296075905
201,0.383459,4.41353,1.5,-39.40444015015239,-29.43560405123166,-42.918072262850856,-110.0,-38.96742225393008,-38.71208043055679,-110,-31.27070983455163,-44.91104930411328
112,7.38346,-1.58647,1.5,-41.00659721650086,-39.804252512762,-44.43673203952953,-110.0,-33.975268289941916,-37.90841474113407,-110,-38.48470777374028,-29.164644284282403
224,7.38346,5.41353,1.5,-33.34881862923779,-36.49992269771656,-50.22334455591975,-110.0,-39.50349289218525,-36.06766298873109,-110,-42.98342836851096,-48.80898616664095
117,-3.61654,-0.586466,1.5,-38.92505913546367,-43.50051712693167,-38.425843066543045,-110.0,-43.08512309457417,-38.2198374339528,-110,-32.09034287890839,-35.42959806798942
189,4.38346,3.41353,1.5,-43.56859701321935,-52.837284797632655,-50.92133862646811,-110.0,-41.56983902577619,-24.385255477840964,-110,-38.232133278805286,-50.38869130383836
94,5.38346,-2.58647,1.5,-54.13426065308886,-53.200412093669165,-36.55986711374659,-110.0,-53.97562982948528,-47.7615353243371,-110,-35.99366535895416,-36.85287583307033
33,-7.61654,-5.58647,1.5,-60.19054088395632,-41.263147275761675,-38.306498332854495,-110.0,-33.610365075533366,-47.08713092024035,-110,-40.12597504774078,-42.38330689994186
186,1.38346,3.41353,1.5,-52.10294206564372,-47.75116534692627,-46.97538716207962,-110.0,-33.28983656389863,-34.14109464450637,-110,-30.458744748352757,-38.89786243800448
32,7.38346,-6.58647,1.5,-37.74483196844452,-60.13619533702037,-43.67919081476727,-80.8322510254759,-32.96372608100502,-31.202624216500045,-110,-41.22492341207892,-30.622151308956028
164,-4.61654,2.41353,1.5,-32.74192808738761,-44.869368571061386,-40.28207714248238,-110.0,-52.842103891350966,-42.8805285600161,-110,-29.131197289580445,-57.373400225403
140,3.38346,0.413534,1.5,-38.16142307777939,-55.46387893764572,-47.83765942336575,-110.0,-39.41994601975748,-46.48242655283482,-110,-37.97151198281748,-49.58697790558986
105,0.383459,-1.58647,1.5,-44.51544584893642,-46.16051337104171,-43.70494257332276,-110.0,-32.043644506063856,-36.98158167512389,-110,-34.241729524534236,-41.740813028395486
117,-3.61654,-0.586466,1.5,-41.96463518835582,-43.01486725366267,-44.54960964764342,-110.0,-40.57947880770266,-37.82569330120441,-110,-32.62086471972754,-43.55194818591803
213,-3.61654,5.41353,1.5,-44.94499815365646,-40.11188181120728,-42.41267555891717,-110.0,-47.34745684119837,-51.37991305827994,-110,-33.549316738865755,-48.485120298308345
211,-5.61654,5.41353,1.5,-24.507210600790746,-41.411811206563506,-32.521001432650785,-110.0,-53.08789899541301,-59.46320500153088,-110,-41.70147216731347,-47.48949376281875
138,1.38346,0.413534,1.5,-40.30536481088545,-62.13640749829871,-45.98798312275259,-110.0,-33.556621370695275,-56.81307558125275,-110,-32.44929421866461,-39.14727541880282
47,6.38346,-5.58647,1.5,-42.9941810035772,-45.26016504528465,-34.22893178337431,-99.96028953566172,-29.82276481014813,-36.3400829700369,-110,-38.16613689923098,-49.70028194296456
28,3.38346,-6.58647,1.5,-41.957804518141856,-46.74441698894963,-33.26896520579026,-77.05296393774583,-38.77883806470587,-34.75479095435103,-110,-31.150442411440512,-44.79903892256539
171,2.38346,2.41353,1.5,-40.29410153422008,-57.74112374056789,-40.42087240581475,-110.0,-46.79104040947006,-36.016449765586664,-110,-28.754325826382836,-41.57774573193176
195,-5.61654,4.41353,1.5,-24.207897372752427,-34.361650541432894,-41.6319856704819,-110.0,-38.644196774361774,-41.32287864097374,-110,-34.958141821894415,-49.92109142057027
102,-2.61654,-1.58647,1.5,-40.47861669456082,-37.35056097320481,-36.055523900058645,-110.0,-37.281827801606326,-43.503260380893465,-110,-35.051385359560165,-40.384800596066654
95,6.38346,-2.58647,1.5,-39.094689536437535,-55.06461166347471,-41.578147969558024,-110.0,-28.727011009171505,-45.83842997872511,-110,-32.348194255663486,-36.20176248135959
83,-5.61654,-2.58647,1.5,-35.503807428894255,-36.49659865061868,-31.476396836750094,-110.0,-39.02539755572207,-39.942276660492354,-110,-38.770494693876365,-41.80772339395146
164,-4.61654,2.41353,1.5,-38.22025404706622,-44.80825738794764,-42.439387574749,-110.0,-48.64040316367437,-46.2925472570344,-110,-32.00363099921687,-55.64591041749029
231,-1.61654,6.41353,1.5,-29.254505348128536,-18.05836305048879,-33.5109926461686,-110.0,-50.1431856515862,-54.40113398467232,-110,-49.59842785476397,-57.45111698586173
105,0.383459,-1.58647,1.5,-44.26409478496574,-54.72226628342836,-44.54004850298392,-110.0,-32.5651914264061,-38.659423362476815,-110,-32.4972766898818,-40.67004584803313
216,-0.616541,5.41353,1.5,-30.721774420610245,-24.83857467017693,-43.44589572779134,-110.0,-48.64198455912262,-52.46098457342354,-110,-47.8027152165228,-66.2254774874473
166,-2.61654,2.41353,1.5,-39.46631856818951,-27.545011649601133,-39.66189721879161,-110.0,-38.27783645276294,-43.49226667065449,-110,-31.262418888603257,-54.45401736742222
216,-0.616541,5.41353,1.5,-35.233787601895685,-26.03248835120756,-38.0234886262177,-110.0,-53.19999595218935,-53.778488168392435,-110,-45.3796623557454,-62.299331034378824
239,6.38346,6.41353,1.5,-51.994841628394475,-31.720652767435705,-51.59274899395219,-110.0,-40.63413493965534,-35.14107899808183,-110,-47.95931341908024,-32.293406520370546
42,1.38346,-5.58647,1.5,-44.12485653142079,-52.962325258659185,-38.15154304509978,-93.59453361638997,-28.41200202631401,-34.81030437478195,-110,-38.53201397561362,-31.087089182075857
31,6.38346,-6.58647,1.5,-48.44577790972121,-47.277852947436045,-33.193591369808026,-75.23080291696553,-31.82805775398453,-39.20653680897767,-110,-43.72793682588591,-30.91135515499841
110,5.38346,-1.58647,1.5,-43.66737439662936,-54.3425670220809,-40.12532262261317,-110.0,-34.54316396651339,-28.2564449535221,-110,-46.36886684410195,-27.953305605473897
180,-4.61654,3.41353,1.5,-30.24123103144303,-31.964878861893315,-37.55835154664353,-110.0,-48.48498002931475,-61.89640961568072,-110,-31.669344396284245,-44.7802576168201
219,2.38346,5.41353,1.5,-40.337687943004454,-31.156843737275725,-54.2895040776102,-110.0,-43.63772627314906,-36.17024069301523,-110,-33.84965334511744,-40.10915216284475
207,6.38346,4.41353,1.5,-36.96933841774813,-47.13430825576634,-55.588960022713046,-110.0,-54.92000836406155,-40.76099478900304,-110,-35.61477390900739,-45.834024128618736
80,7.38346,-3.58647,1.5,-39.80578468865035,-48.15644557217245,-50.85849992197039,-110.0,-41.36506956890997,-38.03804255268336,-110,-33.21432383283264,-53.95041807523209
205,4.38346,4.41353,1.5,-42.63536553246852,-34.22364123496432,-54.35426097614548,-110.0,-34.591374491976154,-44.80026116380127,-110,-41.221977849361785,-41.61142650886212
221,4.38346,5.41353,1.5,-46.08787841192196,-45.45832385913557,-52.812325161589065,-110.0,-33.7653673410457,-48.92948512529967,-110,-42.49257283116778,-46.45547372865448
185,0.383459,3.41353,1.5,-43.07190891008825,-44.865267420816984,-48.74540963476478,-110.0,-35.7086320355587,-32.83995230487536,-110,-33.216913702929155,-39.19946120674674
54,-2.61654,-4.58647,1.5,-46.92410385567913,-35.62403924916032,-40.36683650096906,-110.0,-31.138942020298146,-42.914431622579635,-110,-45.46241848273159,-50.78222982793758
89,0.383459,-2.58647,1.5,-55.30803881754353,-48.4624881529168,-46.11841057338287,-110.0,-29.35231120776997,-33.34612558180634,-110,-36.14658166662841,-36.18580505395733
231,-1.61654,6.41353,1.5,-29.56262758848863,-18.752174585858107,-28.64664883336016,-110.0,-45.78600766446996,-47.94503520300763,-110,-46.924591616736514,-60.73788110279734
65,-7.61654,-3.58647,1.5,-38.0697265628848,-47.658304723073606,-36.277367661239346,-110.0,-33.271527702920295,-40.914647691765246,-110,-35.380398241417645,-46.41528568665023
143,6.38346,0.413534,1.5,-53.20851281587382,-53.73441941556301,-47.51328721389918,-110.0,-34.96598430630237,-30.00556721583128,-110,-38.76519587315757,-40.26860016346202
229,-3.61654,6.41353,1.5,-59.81143620327708,-31.364483465427615,-58.36177878925388,-110.0,-59.27820952741984,-49.57945806419187,-110,-48.80439931460071,-43.01218116135602
92,3.38346,-2.58647,1.5,-64.76794046291747,-54.65722735372824,-39.15811750247043,-110.0,-39.79664956912549,-33.062905824430025,-110,-38.45708044895633,-33.390824586085515
209,-7.61654,5.41353,1.5,-27.40396241683048,-31.532259117473895,-39.34552193179933,-110.0,-47.76659080339258,-52.824545620454025,-110,-40.42526721478004,-64.6509101772038
51,-5.61654,-4.58647,1.5,-32.45183249961119,-35.19060981349429,-33.72075754965001,-110.0,-33.85816281995381,-48.89678772664421,-110,-44.098895686157874,-51.190461238351695
182,-2.61654,3.41353,1.5,-38.77056409429126,-31.677694088654594,-39.54986660611624,-110.0,-36.51267668275504,-31.23320408255474,-110,-31.452774501221786,-38.62409468675803
67,-5.61654,-3.58647,1.5,-33.62765523792869,-35.29977561089525,-35.471391418629906,-110.0,-36.94973541387296,-46.70676804770109,-110,-43.54317959907042,-57.28789558382584
24,-0.616541,-6.58647,1.5,-32.267265961228546,-31.442375259696608,-34.64299461745758,-104.50012807368648,-35.29693824659068,-59.03412512349861,-110,-38.48844968104957,-56.490415734640656
169,0.383459,2.41353,1.5,-37.162330277633885,-51.62519684673839,-59.977549112893925,-110.0,-29.072186837810705,-32.4956471581219,-110,-30.384543378081226,-80.07529674587443
83,-5.61654,-2.58647,1.5,-37.41763510372428,-38.90342517878914,-34.555217230196895,-110.0,-46.23060585237737,-38.82278839652489,-110,-31.623307914626334,-40.96907171702298
201,0.383459,4.41353,1.5,-42.29882394647062,-32.16871524929145,-51.507339532327656,-110.0,-42.63822063018504,-41.95455644626374,-110,-33.36340334160755,-40.28510607510817
240,7.38346,6.41353,1.5,-50.1197310754154,-34.71209777293256,-51.43784999330458,-110.0,-51.74574445719109,-36.63885836853824,-110,-36.004427914825776,-33.46095203922163
123,2.38346,-0.586466,1.5,-45.08337110130003,-49.85160107543286,-60.33582687918318,-110.0,-47.06380646546662,-45.746801070160586,-110,-36.44902639349465,-36.504943531020125
175,6.38346,2.41353,1.5,-57.06669578530368,-52.74808905422183,-44.90978578546155,-110.0,-36.361049997721345,-31.65973298847186,-110,-37.08897706888848,-41.43574569750208
121,0.383459,-0.586466,1.5,-46.32321967707938,-51.645129735297445,-57.467358447942445,-110.0,-30.56978536727766,-35.881166040997,-110,-36.60626999962259,-38.641938545788335
69,-3.61654,-3.58647,1.5,-38.817562204673486,-45.05658665735313,-35.929637444249806,-110.0,-37.15011739147358,-41.30683372722199,-110,-40.53368377576048,-47.30948438002486
37,-3.61654,-5.58647,1.5,-35.80826616624353,-37.56543630089607,-30.76064297725801,-110.0,-34.73982822923501,-58.2226361526522,-110,-45.62327833714546,-37.59669838780368
231,-1.61654,6.41353,1.5,-31.870358588219275,-25.706999338748822,-34.747447306867635,-110.0,-50.776634897384966,-54.0396053272202,-110,-45.149763736087635,-57.883950008406046
115,-5.61654,-0.586466,1.5,-37.97220749781118,-37.424099487939145,-45.1271747610887,-110.0,-40.59910280628824,-28.57532514527711,-110,-36.81821846213657,-39.33899410784872
44,3.38346,-5.58647,1.5,-43.42180128128345,-55.16765580135769,-30.832418572170752,-94.58639911357788,-42.47858215608162,-34.04067060325034,-110,-42.162754259981725,-26.51231646661083
58,1.38346,-4.58647,1.5,-39.260072936879155,-49.134676310329176,-50.82382564177816,-110.0,-33.77158767285505,-28.30486204533517,-110,-43.99837633405556,-37.86077436374906
50,-6.61654,-4.58647,1.5,-47.75982458845563,-39.106333105927206,-24.604278477792995,-110.0,-38.3955445424426,-47.415321142789054,-110,-35.96740701159656,-42.63510424551892
67,-5.61654,-3.58647,1.5,-33.57315412604327,-31.764965954397457,-38.69637436473278,-110.0,-45.2521587401918,-46.05345155639322,-110,-52.67108991531829,-54.3284410863614
28,3.38346,-6.58647,1.5,-44.42295652939771,-39.43723414131906,-29.6770507353977,-76.91578110486847,-35.79956099511526,-32.15165394919766,-110,-35.32764146535393,-41.67985213097402
55,-1.61654,-4.58647,1.5,-30.83690313963733,-54.15584414104122,-37.61598964559004,-110.0,-42.11674108763262,-54.173367558234226,-110,-42.59210425158129,-41.68496551893978
57,0.383459,-4.58647,1.5,-52.823611286143,-40.62993563765603,-52.73901552079282,-110.0,-32.22325968456291,-44.26219997350661,-110,-30.86436977392064,-46.917342467836505
229,-3.61654,6.41353,1.5,-58.28640157477461,-30.86055238046809,-59.40371149806856,-110.0,-61.571168075391256,-48.38325971509437,-110,-50.638526121100554,-45.15406543592215
184,-0.616541,3.41353,1.5,-45.16567557153285,-32.55926620607179,-28.3575359798214,-110.0,-45.82130513076882,-34.33072648799186,-110,-30.90776000316087,-43.60848175500445
186,1.38346,3.41353,1.5,-53.239162008908366,-47.686515058223506,-46.306554047873114,-110.0,-26.454959687870343,-37.53558354014635,-110,-20.676994834672534,-40.19945219681375
3,-5.61654,-7.58647,1.5,-35.78519146174133,-50.20709503611927,-37.04985431478738,-110.0,-36.35416214374687,-40.32666836541534,-110,-45.11293387969522,-41.77255154162129
135,-1.61654,0.413534,1.5,-40.287720249425895,-37.76369871485275,-27.325996633401843,-110.0,-56.605674662249605,-42.44196482954316,-110,-32.209697119906124,-41.17385223138499
97,-7.61654,-1.58647,1.5,-41.275770680086,-51.34692962125689,-44.52792508835388,-110.0,-51.76482262141163,-40.953705483608985,-110,-44.968822398432046,-47.096532276237134
236,3.38346,6.41353,1.5,-62.548509660016435,-40.38726960631563,-58.15572039660564,-110.0,-46.86604478802985,-31.14830390411891,-110,-41.96702930401122,-49.86129759287537
237,4.38346,6.41353,1.5,-86.29392255442403,-47.04489736572281,-46.90897877299687,-110.0,-33.97105340238424,-35.780104528367595,-110,-40.141571277969085,-39.61913437712773
54,-2.61654,-4.58647,1.5,-46.179569387919024,-30.398639736875587,-37.28568463827075,-110.0,-35.658479347429825,-51.219496523993854,-110,-42.855308530582434,-45.65736313176836
177,-7.61654,3.41353,1.5,-37.13047372394708,-41.60535956174899,-55.13455974365596,-110.0,-45.4518316760219,-32.50680896704324,-110,-34.79609202844532,-42.23648493641041
146,-6.61654,1.41353,1.5,-43.53060850839403,-42.97907765293772,-34.48450944187204,-110.0,-47.57031020356394,-34.72044150978589,-110,-31.886824707656217,-44.06178131608699
48,7.38346,-5.58647,1.5,-46.8621419381242,-43.80789416024815,-37.88331185538856,-97.28369995153392,-37.864970470262634,-33.605756286310715,-110,-41.283068781109336,-22.80569778777523
55,-1.61654,-4.58647,1.5,-34.241756184812,-52.23638702324881,-32.93331480321771,-110.0,-45.52166276035448,-51.20070872643437,-110,-36.67432860571675,-44.20414362438144
10,1.38346,-7.58647,1.5,-46.33331985337158,-47.72736907675168,-28.395924568809356,-110.0,-26.330780676664645,-42.05188543246582,-110,-39.72769328896287,-43.06583978882305
124,3.38346,-0.586466,1.5,-44.45153466952258,-52.554531438774646,-54.41539787552505,-110.0,-35.72783300911501,-41.58450052346453,-110,-33.042487373795765,-33.75892252340154
105,0.383459,-1.58647,1.5,-42.7160543574916,-48.60207865317377,-38.46260984914579,-110.0,-34.04528933132761,-39.49538917921965,-110,-30.63894559429527,-43.03935299902656
235,2.38346,6.41353,1.5,-40.01240303253445,-28.072232724332583,-44.81688908397531,-110.0,-46.42847775401246,-49.70627494274195,-110,-42.41213580278963,-39.569300966627104
102,-2.61654,-1.58647,1.5,-37.86324430117402,-36.61393599342324,-38.661686138590504,-110.0,-44.08648879585691,-44.31901979114423,-110,-34.601914177204115,-46.130398941999154
132,-4.61654,0.413534,1.5,-33.089852927491066,-26.395205164243684,-41.97915630981184,-110.0,-39.37155017942493,-39.79001801780687,-110,-47.16461737208277,-46.24606186157666
198,-2.61654,4.41353,1.5,-36.45703329854637,-27.14634122259971,-44.808797987529665,-110.0,-47.78765420825282,-45.52471054108831,-110,-30.71374874065603,-39.999725961150745
197,-3.61654,4.41353,1.5,-31.017131748636093,-31.249892008892186,-46.16524328363851,-110.0,-37.12441854895445,-59.19229826863046,-110,-30.766382449054753,-46.727721586089466
12,3.38346,-7.58647,1.5,-40.04587036934361,-47.71807577460851,-41.661796903632734,-82.2383249942729,-39.77449404830752,-44.127234955266175,-110,-46.20773850261323,-40.67268369869027
155,2.38346,1.41353,1.5,-42.33612025116542,-59.0892107583718,-38.57372638828982,-110.0,-29.895710330906542,-30.760090881692985,-110,-34.97180357033081,-44.38540263077704
97,-7.61654,-1.58647,1.5,-39.12739134051,-50.60145806906783,-40.39770612102893,-110.0,-49.51449928052507,-42.21994095070891,-110,-47.83679007154134,-50.33347033653517
143,6.38346,0.413534,1.5,-55.19244636998576,-53.59160272840676,-46.802022499859454,-110.0,-36.11368623093957,-29.721190539062302,-110,-32.77874866392382,-44.914752936254686
216,-0.616541,5.41353,1.5,-30.471695533268335,-22.72592953427908,-31.462076400161315,-110.0,-49.29528354263261,-57.55041264467034,-110,-45.163230545997955,-57.89255494390532
71,-1.61654,-3.58647,1.5,-40.88788640095613,-48.87887420954922,-29.67112672697559,-110.0,-42.913568673184976,-54.570889419355886,-110,-40.43966048660466,-47.681614046238934
109,4.38346,-1.58647,1.5,-49.05680892065193,-52.21097386222704,-36.07658643368297,-110.0,-35.13218078991046,-28.94864265631046,-110,-29.081443002969387,-33.62177467174228
35,-5.61654,-5.58647,1.5,-32.669996032690555,-41.457417833495064,-37.352863096997304,-110.0,-26.621220031511744,-47.61288007131423,-110,-38.94629563601248,-37.18269016362533
57,0.383459,-4.58647,1.5,-54.40258953097608,-39.8379300327036,-52.441014326898866,-110.0,-38.079382251072346,-51.14204236616076,-110,-35.98316595297466,-49.3221722788284
168,-0.616541,2.41353,1.5,-26.53043097593072,-40.24560400687825,-35.618767899262764,-110.0,-41.20801838318366,-33.02658508576452,-110,-30.43026261926073,-40.98079972045176
212,-4.61654,5.41353,1.5,-31.649610696351264,-39.39402318733606,-44.14957657990067,-110.0,-58.609393567598495,-39.37347987416247,-110,-32.044443171325874,-52.89645083854032
89,0.383459,-2.58647,1.5,-43.68012000932717,-48.30539986696313,-40.90123164932336,-110.0,-26.365472393431155,-39.48580420218777,-110,-38.05326812106492,-42.767515003701064
188,3.38346,3.41353,1.5,-44.04062893075793,-45.5990042753369,-44.080247941226666,-110.0,-50.190988619905674,-52.76398132918292,-110,-30.68618886325146,-43.655018027643195
52,-4.61654,-4.58647,1.5,-41.23050239959865,-29.29835608404063,-33.11882626434213,-110.0,-39.392385111178065,-43.914866333743866,-110,-39.594126682512034,-59.55205544348769
198,-2.61654,4.41353,1.5,-36.61627843101424,-35.067430859456465,-40.83760127078412,-110.0,-48.69058936553762,-43.34993487610285,-110,-35.051215168888206,-39.695210481833506
113,-7.61654,-0.586466,1.5,-27.68721754309841,-49.01791388174273,-43.02708628094454,-110.0,-39.70809646380514,-36.99336836443638,-110,-44.18803402215537,-44.72592446565041
16,7.38346,-7.58647,1.5,-44.00808635102416,-46.48441735433062,-48.732539872065225,-80.57485119957381,-50.10979522821886,-40.45274698857678,-110,-35.87104222095516,-26.764266965345964
71,-1.61654,-3.58647,1.5,-42.74876654299017,-49.00020057482458,-23.08268091617885,-110.0,-44.2810670489662,-57.19284246369155,-110,-39.92788991286075,-47.08491198741933
52,-4.61654,-4.58647,1.5,-43.46561865873341,-30.939803187058967,-32.02055108584227,-110.0,-38.21977878866266,-44.44345287395687,-110,-41.5619102032016,-60.80824558647509
108,3.38346,-1.58647,1.5,-47.57546664244672,-61.40218145017898,-42.812452301995606,-110.0,-34.77988780368874,-44.41926862784251,-110,-47.76752395853311,-35.197233589336406
197,-3.61654,4.41353,1.5,-30.358468126574547,-30.359321509640903,-45.45275868460353,-110.0,-36.78198434256067,-54.206460096989666,-110,-31.90224716980725,-48.50331873845837
88,-0.616541,-2.58647,1.5,-50.46545787760375,-33.751481469457595,-34.98861720547368,-110.0,-67.75971465776429,-42.629774787306374,-110,-32.49075745674219,-36.26787414941603
127,6.38346,-0.586466,1.5,-47.040926209438645,-38.97267704583627,-42.577794030182545,-110.0,-46.98081208764419,-29.66391004655517,-110,-39.03112591737994,-31.646900721992814
150,-2.61654,1.41353,1.5,-32.23748233859882,-38.18682401808804,-42.65526567654306,-110.0,-39.239494603207255,-44.2299754943715,-110,-34.49454213754876,-40.410792729153705
189,4.38346,3.41353,1.5,-44.52570659167784,-53.3847856823999,-51.02065642460651,-110.0,-40.02362987284212,-29.336468643615277,-110,-44.37727353948084,-53.443963931227174
207,6.38346,4.41353,1.5,-39.66681761963645,-52.74924340610903,-53.811707392184935,-110.0,-53.37145306988275,-37.16022513140669,-110,-40.98654847454378,-45.87493223453681
76,3.38346,-3.58647,1.5,-46.294295672414755,-42.4914288888902,-36.06236280983559,-110.0,-29.375481862047504,-37.584025182813875,-110,-40.76147508607906,-32.6405647262318
97,-7.61654,-1.58647,1.5,-38.06702429321344,-45.68392687004532,-39.92925909663128,-110.0,-48.46353807390318,-40.815363686894926,-110,-44.69812309913758,-50.01971871653859
23,-1.61654,-6.58647,1.5,-40.15519645417978,-38.22166070538317,-23.879398372181672,-101.89504695969406,-42.37364822761502,-45.30804868595454,-110,-38.96355558749242,-35.13780986764322
115,-5.61654,-0.586466,1.5,-38.96613658288968,-34.723240735183374,-48.0903878614259,-110.0,-38.13798776933633,-27.179885585809316,-110,-30.439350878086593,-37.68021670565823
119,-1.61654,-0.586466,1.5,-36.561834836148584,-36.3272757887285,-30.710891729105228,-110.0,-52.86729208298255,-47.35314410866341,-110,-36.19385181410655,-48.039293751068
239,6.38346,6.41353,1.5,-52.96308941844214,-30.869662366158583,-62.614778907476506,-110.0,-37.6468048442746,-31.639694879356405,-110,-45.31483291431332,-39.860695728486206
230,-2.61654,6.41353,1.5,-33.59103424676675,-30.920392634610195,-38.36857390329453,-110.0,-59.02645645637434,-59.19353503548433,-110,-44.38211284655394,-50.83540172951316
19,-5.61654,-6.58647,1.5,-34.39421369081586,-54.50627609464016,-43.744051504033585,-110.0,-40.982195478424615,-45.75580417394973,-110,-43.57696962052767,-48.387966144704926
110,5.38346,-1.58647,1.5,-42.69489270295176,-53.21244824481453,-41.24394549154109,-110.0,-35.70178410925674,-31.44637821857209,-110,-42.64860743786157,-30.74169784338881
57,0.383459,-4.58647,1.5,-55.29150743949403,-45.00290894341914,-57.23422119744764,-110.0,-34.26805042280484,-45.76272367793237,-110,-27.840059415095865,-44.13286783498131
181,-3.61654,3.41353,1.5,-31.772258228336653,-39.99068901621953,-46.02963897983707,-110.0,-37.44157956561563,-40.20341168542843,-110,-32.58151738513949,-52.192627418666355
108,3.38346,-1.58647,1.5,-46.580211624180606,-63.92560677466608,-43.02955783572454,-110.0,-37.07076437096927,-42.86901188405879,-110,-45.191054890217075,-32.4818473596154
92,3.38346,-2.58647,1.5,-57.99506058453602,-54.38799436369275,-36.26867677087392,-110.0,-47.921859227487765,-30.407819025496295,-110,-38.26799627054437,-33.08114143825325
53,-3.61654,-4.58647,1.5,-33.83004127557992,-36.957535070033565,-31.052656437247776,-110.0,-34.3377893949361,-42.49117514543826,-110,-40.607132933661084,-64.91631660029431
2,-6.61654,-7.58647,1.5,-33.962544365686,-51.18471161266736,-34.82530013686254,-110.0,-30.339028042786104,-42.62069679041929,-110,-48.96107904892584,-41.34362429870612
104,-0.616541,-1.58647,1.5,-40.09716384723594,-37.81075867654408,-35.35929088603475,-110.0,-45.419023919946696,-45.301263070901854,-110,-32.284723052516895,-44.056617220604984
83,-5.61654,-2.58647,1.5,-36.015676060877496,-34.175048097261254,-35.37218549152518,-110.0,-42.7411486529423,-45.672561458280335,-110,-35.47260196913516,-38.10604111269505
233,0.383459,6.41353,1.5,-39.13333265423088,-24.052882106086457,-40.9993002119968,-110.0,-51.07294765660186,-49.91742587516234,-110,-42.523932806323224,-52.3414335021165
150,-2.61654,1.41353,1.5,-36.47743018821568,-39.81735216702041,-43.32064854984504,-110.0,-45.29341669918877,-40.88028408676051,-110,-31.465917331678547,-38.47772889083024
238,5.38346,6.41353,1.5,-65.70590808209455,-35.678012525791246,-40.68536247197985,-110.0,-42.07566421296617,-31.54370962320975,-110,-41.805949796945434,-47.34250211683923
188,3.38346,3.41353,1.5,-48.41489210598385,-41.981363631572485,-45.89413860665985,-110.0,-52.133569836523144,-49.48623589427487,-110,-30.189358800033325,-40.51289087615955
24,-0.616541,-6.58647,1.5,-38.10109066473781,-37.70688464417821,-35.910038087138155,-100.87659463938584,-32.97451129018258,-62.96068353317097,-110,-45.19424292935173,-55.181619277684774
54,-2.61654,-4.58647,1.5,-42.43982173084694,-34.97256193282383,-38.61543447873794,-110.0,-31.79077978773265,-53.05170165236151,-110,-52.39523491678283,-49.25748744418073
5,-3.61654,-7.58647,1.5,-40.84418266412525,-39.49465565902146,-37.123130009478615,-110.0,-35.50188406362835,-59.516702781256015,-110,-49.74447041193165,-37.92477799139127
209,-7.61654,5.41353,1.5,-31.015020783723827,-31.95251794176503,-35.76572743842273,-110.0,-50.09753738717725,-52.06793783540923,-110,-37.60321432046206,-62.93043014306696
131,-5.61654,0.413534,1.5,-35.1182628062985,-38.373556964351835,-48.71296737181358,-110.0,-43.763149325857015,-39.92734850664257,-110,-43.674743483566054,-40.87094840040282
15,6.38346,-7.58647,1.5,-60.22316777479576,-52.52621531224756,-39.64772349427744,-85.49428603109564,-38.01485105043661,-40.1581178226472,-110,-46.197412736653746,-32.55731872721146
24,-0.616541,-6.58647,1.5,-31.028317496837666,-32.192169650909,-36.77419991432316,-100.42464768679751,-33.54969167231802,-62.084084446450206,-110,-38.31259291617547,-55.51490755661262
11,2.38346,-7.58647,1.5,-45.60005857265659,-55.65923908421305,-24.388359017378352,-78.34456144825474,-26.158116873291153,-35.151161859467,-110,-38.19871034536288,-40.19910044881019
118,-2.61654,-0.586466,1.5,-34.83943436766969,-42.74248912383961,-37.331652091665234,-110.0,-48.18147322709659,-36.71050030332973,-110,-35.69157218055141,-39.413467916098384
69,-3.61654,-3.58647,1.5,-33.21907654537019,-42.05323633836385,-37.10417239093725,-110.0,-37.00904837692446,-44.57457484743778,-110,-43.305708758363096,-50.19915058880616
12,3.38346,-7.58647,1.5,-38.80213842646329,-48.37723922770152,-40.50812658027553,-74.88493918714501,-48.00417440363825,-45.73662534552916,-110,-40.07544695887887,-35.577479245958
130,-6.61654,0.413534,1.5,-35.10353746724214,-51.65085132414982,-47.00511875970177,-110.0,-39.23813133726254,-35.473723863947676,-110,-45.10579156685214,-49.22172278526782
30,5.38346,-6.58647,1.5,-44.6228493105378,-46.745610724728635,-41.417245572658246,-71.55147963414541,-36.96021841477441,-47.163842167000674,-110,-45.404389792823,-23.258150299294684
213,-3.61654,5.41353,1.5,-45.202233618331675,-35.25096549131754,-40.805548609310506,-110.0,-45.54871988028464,-55.92292422361373,-110,-33.97093741658145,-42.802637084068984
113,-7.61654,-0.586466,1.5,-29.34009575042181,-47.33763124509229,-39.437863455256334,-110.0,-45.09111643481161,-31.581946496501807,-110,-41.56364506120528,-46.659673869557395
188,3.38346,3.41353,1.5,-42.22710635544105,-46.53574955856136,-45.403767208495125,-110.0,-51.790601488512515,-50.00640845692128,-110,-33.80436413284331,-44.19114722391307
115,-5.61654,-0.586466,1.5,-37.67229672036458,-35.818135399264854,-48.84003831795435,-110.0,-34.207416951414594,-33.14804623072284,-110,-39.37959268934646,-41.11184139147532
34,-6.61654,-5.58647,1.5,-54.786584518919625,-37.6568865338904,-36.88408694365252,-110.0,-36.66274912725595,-48.936964521560064,-110,-43.47617947053129,-39.1082045136972
239,6.38346,6.41353,1.5,-55.010181359369525,-33.15437259194004,-57.67107143211253,-110.0,-36.18055398499647,-35.1576139708318,-110,-45.83639916465386,-34.01864064321792
115,-5.61654,-0.586466,1.5,-32.71249941375632,-35.330413856596515,-48.67285860441108,-110.0,-35.977108907175946,-34.24476008235139,-110,-42.29556578548925,-45.54094762336899
227,-5.61654,6.41353,1.5,-28.19033419970529,-33.087505000197005,-38.26165742920021,-110.0,-49.363158850603625,-51.79974734863303,-110,-41.42114543660347,-66.09520912511135
149,-3.61654,1.41353,1.5,-33.67257257117553,-39.47778128124926,-44.89060749703548,-110.0,-60.42009433807183,-38.95683257051482,-110,-41.18740211954868,-43.91763431013631
118,-2.61654,-0.586466,1.5,-28.960468451637688,-38.51652912316301,-40.224042119775824,-110.0,-44.35487150170368,-34.69795119942773,-110,-38.61597837816037,-40.1088509654567
160,7.38346,1.41353,1.5,-50.78951289712219,-49.86279629320408,-47.9431049581808,-110.0,-43.42769938271138,-26.92363233835455,-110,-40.17663163117304,-52.28391596335538
39,-1.61654,-5.58647,1.5,-38.49797665863732,-44.925441668595994,-30.103913920319194,-110.0,-27.941550130138623,-52.79707060903566,-110,-36.61449162404149,-45.20356569164262
158,5.38346,1.41353,1.5,-50.865230220691885,-63.40072417239824,-42.71774025897773,-110.0,-37.318470772569086,-50.93633722178894,-110,-42.79536923266919,-38.11564475556676
182,-2.61654,3.41353,1.5,-38.87053653032959,-41.16077201508613,-38.3753239391894,-110.0,-43.86374595327943,-34.17003855332025,-110,-32.8643424406557,-42.49349033961499
154,1.38346,1.41353,1.5,-33.70790113294975,-51.249677228650434,-45.978175373863685,-110.0,-39.98025291538417,-43.70057709442502,-110,-35.999989218034685,-38.66658774892866
202,1.38346,4.41353,1.5,-56.40972288723744,-34.181049118872025,-55.68519325634816,-110.0,-44.12930260954298,-31.233935492379267,-110,-33.04718352947124,-58.89661871797245
233,0.383459,6.41353,1.5,-39.543427484915725,-24.34484287963235,-40.25100196903449,-110.0,-50.7680158398983,-43.897133437101154,-110,-44.49368462227484,-53.0018417391436
35,-5.61654,-5.58647,1.5,-30.375695108046255,-37.08739257511007,-34.93402797221241,-110.0,-32.31405189141074,-52.94429310483127,-110,-35.065429521413414,-38.15043344069232
148,-4.61654,1.41353,1.5,-31.264997144597867,-31.531027224190375,-46.616060910778046,-110.0,-53.46932331717292,-35.39968366591233,-110,-39.37932997752927,-46.16566576902725
129,-7.61654,0.413534,1.5,-30.156694535683336,-51.01170958589648,-28.586064355712196,-110.0,-43.2548451089622,-44.73821926476198,-110,-41.33104900598459,-44.321533461779424
109,4.38346,-1.58647,1.5,-45.13279851082063,-47.41232889776985,-28.21232600323173,-110.0,-36.79564078485782,-29.963287819434314,-110,-36.19945541560832,-32.76943469620721
130,-6.61654,0.413534,1.5,-29.89348715102102,-51.58980073566275,-48.71988454917254,-110.0,-38.17542404517235,-36.88272774327455,-110,-49.615161028042834,-50.63263625495232
93,4.38346,-2.58647,1.5,-38.08912209529296,-50.33864745917299,-33.65147499931524,-110.0,-31.414530834573643,-38.55681780362311,-110,-33.6771092047435,-44.443831548553966
25,0.383459,-6.58647,1.5,-54.169661158897554,-50.30179819725738,-41.79548972802756,-105.48106116076646,-32.59673752102665,-42.671122651607135,-110,-37.87021899384466,-35.38147180217378
85,-3.61654,-2.58647,1.5,-32.22232389533528,-47.57672105326768,-45.87718086912596,-110.0,-43.77531262388107,-46.91182659878599,-110,-38.58776661282899,-62.19812798259933
112,7.38346,-1.58647,1.5,-42.34244374465973,-39.12491416374146,-35.97556031366488,-110.0,-39.542135718487955,-35.55814861838171,-110,-40.09703399369196,-36.39319773064756
153,0.383459,1.41353,1.5,-57.966524316650336,-51.70943289619743,-45.25756256052087,-110.0,-28.66332621433728,-32.105773077769875,-110,-21.749018481368683,-34.455548762368124
117,-3.61654,-0.586466,1.5,-42.1191308108706,-41.530454657451386,-37.54617208963411,-110.0,-41.6896048265991,-36.88226953323721,-110,-30.950179831404213,-42.161700899708016
40,-0.616541,-5.58647,1.5,-58.86580516856494,-40.76573216391366,-32.137154674184615,-110.0,-44.07543434582128,-43.70345746457757,-110,-47.67781378298786,-44.19191879419943
27,2.38346,-6.58647,1.5,-43.953963849447035,-42.34707424763458,-27.489263542529383,-72.54485385487652,-34.024149453711495,-39.966659528919365,-110,-37.54831719870407,-39.44612626365049
27,2.38346,-6.58647,1.5,-46.59298045984775,-48.01592744103667,-25.715347998893048,-71.6717575634115,-30.06095997260979,-43.28525200815627,-110,-39.92047886113637,-37.64042170381989
133,-3.61654,0.413534,1.5,-37.6115302952573,-34.12613189252262,-48.17631780111239,-110.0,-47.19580389042984,-41.86994559081537,-110,-32.44574240746591,-46.34004597312551
223,6.38346,5.41353,1.5,-37.5358921983981,-49.608604115596734,-53.494060106583184,-110.0,-51.190353934974915,-41.62098987011782,-110,-33.810983653420344,-45.31803911989263
111,6.38346,-1.58647,1.5,-42.56703489381582,-57.73214799878503,-40.28724492270869,-110.0,-33.057362862950306,-37.62171080235326,-110,-36.350769567192295,-30.296607252490876
163,-5.61654,2.41353,1.5,-32.67893131797946,-37.8223377298574,-52.40160363558577,-110.0,-47.35413201825588,-60.03370710632389,-110,-38.103130941430486,-39.965941132929586
166,-2.61654,2.41353,1.5,-40.45085459529012,-36.62750293831223,-39.82649103690378,-110.0,-38.50141073294977,-46.47630414472511,-110,-36.65922330931353,-61.418149684244675
153,0.383459,1.41353,1.5,-54.5620232551254,-52.605005229106126,-40.66579744495549,-110.0,-28.843585704156236,-35.42709644131024,-110,-27.77280961386493,-35.62623047193166
76,3.38346,-3.58647,1.5,-45.06091315936612,-45.07405829655528,-36.66369389320055,-110.0,-29.097372493682077,-42.1373865566484,-110,-42.18621205775926,-26.13771014953315
95,6.38346,-2.58647,1.5,-42.65343885300145,-51.356641004487855,-38.45827495557884,-110.0,-32.78622392520479,-53.2709668843408,-110,-37.13562371528829,-38.526921343209274
33,-7.61654,-5.58647,1.5,-61.9643255975395,-42.75241767070788,-39.09932965803972,-110.0,-34.483121575157575,-51.20327022793375,-110,-41.501097126995234,-38.685567403193346
131,-5.61654,0.413534,1.5,-37.70939521565297,-30.30287893950813,-47.98688944301458,-110.0,-42.072490760599294,-42.12435508402125,-110,-46.23911760553912,-41.845677349715984
145,-7.61654,1.41353,1.5,-27.1596802784154,-28.66153537163311,-40.4450677200735,-110.0,-46.31870456088221,-39.81668176722638,-110,-43.03901982179347,-39.84508985589283
19,-5.61654,-6.58647,1.5,-32.72691203476316,-48.84997837183171,-47.91026360457786,-110.0,-44.86244535947795,-43.11534537889469,-110,-44.43277838365248,-54.60087940748899
148,-4.61654,1.41353,1.5,-40.47878528267527,-35.33718145152865,-49.262041743190295,-110.0,-62.72889464920797,-39.68007430297758,-110,-36.53222874457543,-42.71562393804684
6,-2.61654,-7.58647,1.5,-32.24576017958306,-36.509485197117726,-23.60185043224931,-110.0,-40.240367906239584,-59.81685497076824,-110,-43.513184132487,-46.507034484853925
155,2.38346,1.41353,1.5,-40.43907059300785,-58.534346110815406,-40.04177112255849,-110.0,-38.24309202145187,-42.29005732284536,-110,-34.11708521349012,-45.31945262779928
214,-2.61654,5.41353,1.5,-45.52188261841524,-47.21275863246131,-27.739482258607932,-110.0,-43.16478277205549,-57.860418284516335,-110,-30.100488694804493,-42.62330989022034
111,6.38346,-1.58647,1.5,-48.241670254799125,-52.84788080212848,-45.13348041538196,-110.0,-34.68169061115684,-38.1091747686043,-110,-31.89790945251244,-34.581800346490134
165,-3.61654,2.41353,1.5,-37.91114568488853,-33.51863654034158,-36.85389549842044,-110.0,-32.762790050900904,-72.16326695983591,-110,-34.91717462305765,-51.18105039596708
81,-7.61654,-2.58647,1.5,-37.344172609027474,-44.826831457412595,-37.04035574128761,-110.0,-45.47408285483901,-49.46881150987078,-110,-43.30744845282901,-47.76207435753489
162,-6.61654,2.41353,1.5,-31.026367589625984,-35.540505580677966,-38.21031670900072,-110.0,-44.33060772244341,-47.05718164948573,-110,-39.9910128727461,-43.446892745311615
49,-7.61654,-4.58647,1.5,-34.81404927022062,-36.98302891579935,-42.034076503950686,-110.0,-45.176108558591345,-56.369730853539494,-110,-40.46584467407331,-43.5406340748274
135,-1.61654,0.413534,1.5,-37.440475368383765,-35.74784764957497,-35.217771910393424,-110.0,-54.19265080173565,-44.32063216042519,-110,-34.743551371011776,-46.44514995553966
191,6.38346,3.41353,1.5,-56.36378077105233,-61.44012422016928,-52.518505330866795,-110.0,-53.001811100010656,-34.41017529300077,-110,-29.48457115435427,-50.80711184910548
142,5.38346,0.413534,1.5,-46.65091407461246,-36.19806092960403,-49.7603376645778,-110.0,-53.60323006729763,-30.358547729128333,-110,-34.50810309877312,-30.941337007724428
224,7.38346,5.41353,1.5,-26.083839507839514,-31.087171554510107,-48.412250112885104,-110.0,-33.571191052597435,-41.55564498807152,-110,-44.12105101481367,-45.5985592159144
202,1.38346,4.41353,1.5,-57.66854011047947,-35.85086742514013,-54.21411987979928,-110.0,-41.18564265613095,-36.01146713225732,-110,-34.58069165886144,-52.375087510043
110,5.38346,-1.58647,1.5,-42.32555218434515,-50.59124424844306,-38.92114453355095,-110.0,-36.98047447767771,-32.449821813045865,-110,-43.04579475492795,-29.20082639623976
132,-4.61654,0.413534,1.5,-31.627992417889157,-30.674917389714267,-39.21294532386704,-110.0,-39.33348568276389,-43.296503966468435,-110,-46.311558885743665,-51.47076293073194
102,-2.61654,-1.58647,1.5,-40.99395810284052,-34.71673940216345,-36.04641130875141,-110.0,-43.892891208207864,-47.31343980230902,-110,-43.436069468421536,-43.7977609560057
39,-1.61654,-5.58647,1.5,-27.736883739711303,-39.879199169729176,-25.367649045764928,-110.0,-35.626242578028105,-48.068388956018225,-110,-44.962783111819945,-47.29282024356393
65,-7.61654,-3.58647,1.5,-34.51443074684068,-42.15884691909669,-32.23010040059293,-110.0,-34.992949687788084,-41.55089250315875,-110,-37.213910143815475,-49.828464538887374
237,4.38346,6.41353,1.5,-86.55570482424369,-42.14094398898659,-47.54146511995308,-110.0,-35.284823331843995,-28.75948355782749,-110,-34.84437832497129,-34.7374589908474
71,-1.61654,-3.58647,1.5,-45.460429915786854,-50.06971083136937,-31.116451546464663,-110.0,-47.59501200772465,-61.47203681394643,-110,-40.89964266003808,-47.924825730577275
62,5.38346,-4.58647,1.5,-34.974219763451465,-46.28861462812763,-45.49787632474372,-110.0,-35.42309353688968,-39.90837543430472,-110,-34.058579776979855,-31.48303955992833
127,6.38346,-0.586466,1.5,-44.72036376556517,-31.85363700808422,-35.52892994692915,-110.0,-41.798461844667905,-35.143754184658626,-110,-38.64053034473723,-32.884534694322554
22,-2.61654,-6.58647,1.5,-30.64620405123699,-42.3624244471458,-26.533576663945265,-80.19675996246751,-40.72628970203939,-34.61358336983638,-110,-37.28205712730685,-47.343325471139664
84,-4.61654,-2.58647,1.5,-40.650114356654946,-36.55577536921861,-40.611513787515776,-110.0,-39.8391567104882,-43.62546387026335,-110,-37.43729985079101,-44.187033056039624
19,-5.61654,-6.58647,1.5,-35.88367677213178,-45.60961210886869,-46.260934847332514,-110.0,-46.5281356986429,-45.458909414653725,-110,-41.48559492924555,-49.57285569973499
232,-0.616541,6.41353,1.5,-28.050862058106432,-18.21742935463446,-32.01843479591063,-110.0,-52.71880019464453,-54.90879813866347,-110,-84.15973705510117,-48.64158841141642
12,3.38346,-7.58647,1.5,-37.827083687992776,-49.00042524202845,-40.701323379144895,-79.30303388568443,-48.00242421096964,-42.11890393607164,-110,-46.034517807650715,-41.01087847465245
206,5.38346,4.41353,1.5,-42.699985991157774,-36.363003794443784,-59.24406625864162,-110.0,-53.27554851619935,-40.74844585530627,-110,-37.87506028200032,-38.80146287353468
188,3.38346,3.41353,1.5,-50.81208908656369,-46.78943257053921,-49.63832566088941,-110.0,-52.13970891628755,-52.65333198431717,-110,-31.797604653262976,-37.93095017751545
203,2.38346,4.41353,1.5,-37.374972729553086,-38.050724333506224,-58.85438206221421,-110.0,-43.77161031421314,-32.97818857563316,-110,-45.27608215281185,-36.82740448971884
21,-3.61654,-6.58647,1.5,-35.0727133376805,-45.80353431452144,-41.73762103450773,-85.03963721126775,-29.303627702439265,-43.09099552262421,-110,-39.402219387858295,-44.8380239172171
105,0.383459,-1.58647,1.5,-46.30151047205636,-46.53595179941371,-43.71820582067189,-110.0,-31.093615322923917,-38.227368857996225,-110,-36.840608382510126,-44.14457969309099
5,-3.61654,-7.58647,1.5,-37.92822831313251,-42.31528174953564,-37.28667491656318,-110.0,-33.00243559222707,-57.61327766152646,-110,-57.82931516181055,-40.97808070811228
43,2.38346,-5.58647,1.5,-56.199820935682126,-57.98927014781175,-34.50069128472066,-93.42854041208692,-30.07759432026576,-35.08338489589078,-110,-32.99662640420276,-34.445041937424705
52,-4.61654,-4.58647,1.5,-38.646659202990875,-34.69555794288025,-35.29458406893282,-110.0,-36.70762754159088,-41.95906341616851,-110,-42.58520713172505,-57.95690136055881
123,2.38346,-0.586466,1.5,-41.566478838724265,-52.9019436901535,-57.95328163932067,-110.0,-41.49975239900817,-44.59054288255821,-110,-45.04695735697947,-41.12160698378185
150,-2.61654,1.41353,1.5,-35.89740294493943,-34.14490351776268,-47.44416900004803,-110.0,-40.065663825925945,-44.17737518193927,-110,-29.564828841569895,-42.658034531134504
151,-1.61654,1.41353,1.5,-34.63997055752049,-36.34794861960084,-34.079271284225975,-110.0,-47.11347473373752,-35.093557748903116,-110,-30.07194622054932,-51.01974882728526
43,2.38346,-5.58647,1.5,-58.39478584423114,-52.4824411763934,-37.14709172909609,-97.1387753104434,-29.95094640866095,-37.16415619714898,-110,-36.898624760579466,-34.572532204392964
4,-4.61654,-7.58647,1.5,-38.0249986879486,-45.8815574173072,-40.14907763580615,-110.0,-39.387481587729845,-38.91416462103597,-110,-43.69988144712726,-43.218260998678446
113,-7.61654,-0.586466,1.5,-31.018379964430498,-48.028805114251846,-38.211421541326786,-110.0,-42.41810413903468,-39.04156512094853,-110,-51.39483324934427,-37.107052488590384
220,3.38346,5.41353,1.5,-38.33428325857277,-32.61445382458672,-55.459096268163826,-110.0,-40.29990895791774,-40.92632561750199,-110,-41.93663948977141,-46.252921037832664
171,2.38346,2.41353,1.5,-37.818414566202264,-57.340673755963465,-38.71604082897218,-110.0,-51.844544227224475,-30.555007853774125,-110,-29.81591543938731,-44.97311537857563
136,-0.616541,0.413534,1.5,-34.59361126681379,-35.483277212605806,-40.62640237801447,-110.0,-66.20436378927076,-40.68586294571537,-110,-32.873842561867306,-40.54625818136847
136,-0.616541,0.413534,1.5,-34.16682262608055,-35.2238004316034,-35.66275738391362,-110.0,-62.48619255185974,-43.92481458039343,-110,-36.531900471238416,-42.43051473141488
114,-6.61654,-0.586466,1.5,-32.87648710473255,-38.88572697227187,-37.73111199657363,-110.0,-54.68511896907089,-34.59307053113492,-110,-48.38281418488582,-44.13146027919503
151,-1.61654,1.41353,1.5,-39.201362351671605,-34.43952016386563,-34.851754012605475,-110.0,-56.52178300994845,-41.80712757952975,-110,-35.105390365997174,-58.98976937473568
196,-4.61654,4.41353,1.5,-33.98687754414029,-31.405102647975156,-35.83877664135663,-110.0,-42.60722298963028,-54.51125541931722,-110,-37.43560726826816,-39.733775245563905
196,-4.61654,4.41353,1.5,-38.60889152949255,-34.10613331630921,-36.57691120276253,-110.0,-37.85151411827905,-53.15963249105548,-110,-39.65035544360517,-46.32420011366645
160,7.38346,1.41353,1.5,-52.72518068965172,-50.65822705294672,-54.574288852337965,-110.0,-43.693106850187114,-32.19937470109089,-110,-44.395340091610784,-52.4327474344354
109,4.38346,-1.58647,1.5,-53.94740351224049,-52.040824876254085,-40.894993483416485,-110.0,-35.70315723148633,-32.16128069286187,-110,-34.2815960746311,-31.237453983583976
22,-2.61654,-6.58647,1.5,-31.535443750293716,-42.82907708190211,-31.285983807665524,-82.29883992649977,-46.7392327145226,-41.63877928490727,-110,-38.89456406216036,-50.526125724097945
20,-4.61654,-6.58647,1.5,-36.930625340430794,-46.09607432303628,-35.00130085383388,-86.93596446042677,-38.66892183935959,-48.61863903110693,-110,-39.92427804251932,-40.600863085696936
228,-4.61654,6.41353,1.5,-30.70893820372113,-26.02774655667082,-36.8920067910448,-110.0,-51.266035164855154,-62.69179847741322,-110,-42.278634706927576,-58.739893475614565
180,-4.61654,3.41353,1.5,-28.59336671586796,-23.76978212404125,-34.92776491480429,-110.0,-42.88313654978138,-60.89209520828561,-110,-33.952865820314855,-46.59705811786056
6,-2.61654,-7.58647,1.5,-36.190372653261825,-36.48896680382017,-23.464222394682324,-110.0,-40.94229918370587,-54.74616785479411,-110,-38.16414618278504,-46.874400103264314
147,-5.61654,1.41353,1.5,-53.26791536331896,-36.81221785705245,-36.65224006743588,-110.0,-51.18290429502714,-28.592209966005015,-110,-34.695621702710866,-55.008796918242325
98,-6.61654,-1.58647,1.5,-48.281369771371146,-33.90370542952482,-35.57589237748856,-110.0,-48.42430206424184,-46.97054945989292,-110,-44.771843946274586,-55.77847376863963
73,0.383459,-3.58647,1.5,-35.40958547513115,-45.90627280197744,-68.81865713590027,-110.0,-30.304391263069885,-39.77150204978629,-110,-31.198094339450456,-33.356340100059
152,-0.616541,1.41353,1.5,-38.64734614087921,-30.696051092423545,-32.14873527490722,-110.0,-39.19696689066798,-42.15164803644641,-110,-34.16101097982946,-48.67873399565597
163,-5.61654,2.41353,1.5,-33.08346846041211,-37.65295156642914,-50.22889043634349,-110.0,-56.591854429600986,-58.839109532014064,-110,-30.982070331798525,-46.62627380967129
127,6.38346,-0.586466,1.5,-38.06304443894557,-41.53291136943283,-43.8282562506761,-110.0,-44.39035426855408,-28.380189206733125,-110,-38.96139733336971,-31.03045843582924
231,-1.61654,6.41353,1.5,-34.76338586524629,-23.68185028142827,-36.30720277559572,-110.0,-45.8612255325388,-48.92819357537923,-110,-44.12095933216041,-57.78099398147176
80,7.38346,-3.58647,1.5,-45.089829804680875,-50.95825643126017,-55.34582559719261,-110.0,-42.91971256737339,-30.720924284772163,-110,-34.49347609253614,-49.946283424508664
171,2.38346,2.41353,1.5,-46.467117912053624,-55.96852388981689,-42.98708920762918,-110.0,-47.716331563696365,-35.74690095049177,-110,-24.891053371872353,-38.41467651243526
87,-1.61654,-2.58647,1.5,-35.021608068465014,-38.1689986215862,-47.21877969115511,-110.0,-43.191226957296315,-40.75372608595005,-110,-36.00586653309634,-40.45598360992992
173,4.38346,2.41353,1.5,-52.0031935321815,-41.45325000316064,-39.24102873987996,-110.0,-33.043374050483585,-26.527488065474984,-110,-35.654279942270065,-46.84196676569776
172,3.38346,2.41353,1.5,-47.074623941857254,-33.64359951493784,-52.85397772689708,-110.0,-36.32711972692542,-25.98060710982605,-110,-39.05241062962955,-36.80008329213268
90,1.38346,-2.58647,1.5,-52.31295208776081,-43.539059669018656,-47.77284141175667,-110.0,-37.34036015193591,-38.15212211823071,-110,-33.91569550974038,-31.00539517908083
118,-2.61654,-0.586466,1.5,-34.23205385721775,-31.46085652108128,-32.7072087093919,-110.0,-54.81614931287644,-36.84450016594656,-110,-39.520915068321486,-37.41448725707386
98,-6.61654,-1.58647,1.5,-40.7267235566996,-28.889832741162472,-37.80891295756928,-110.0,-40.22473504660179,-41.03785714777671,-110,-49.99986208367545,-57.00072338952268
36,-4.61654,-5.58647,1.5,-39.49019054201107,-47.22736651071416,-24.51953200989077,-110.0,-31.057674510806464,-41.2758075369595,-110,-46.31076827225492,-38.056729747488056
132,-4.61654,0.413534,1.5,-30.83944820256398,-33.24267944038177,-40.420735625840514,-110.0,-44.34545210613411,-37.49327059921501,-110,-50.77897798202162,-43.43933084101242
25,0.383459,-6.58647,1.5,-55.10052519031603,-52.35498088750298,-39.52815228149351,-102.58483410829622,-28.833852725146063,-33.19333520805683,-110,-43.6602959846657,-32.62910554695857
24,-0.616541,-6.58647,1.5,-31.971117039100633,-37.69301042471236,-35.89414490284154,-106.18203980918406,-32.773325589757384,-62.98196938540848,-110,-42.30320473251104,-56.54304473656128
232,-0.616541,6.41353,1.5,-27.37560938317505,-21.054721184668555,-40.104367268457246,-110.0,-51.005410612706974,-50.6097743287293,-110,-75.73368880892818,-46.66011514003327
210,-6.61654,5.41353,1.5,-22.213741694141497,-41.332449239232226,-35.35267984129962,-110.0,-50.974389253273046,-54.04772036857228,-110,-45.20734792691528,-65.25067700877845
9,0.383459,-7.58647,1.5,-56.56204913295101,-42.85254024963399,-26.54483822579735,-110.0,-29.710967450820036,-27.944644514714113,-110,-38.569685376873586,-29.88889718227725
229,-3.61654,6.41353,1.5,-57.67699705795448,-28.647050027294217,-52.687014158520654,-110.0,-50.57323200140614,-51.654296378205466,-110,-52.93353954969075,-41.25421183346897
231,-1.61654,6.41353,1.5,-29.69228829590446,-21.05126016581778,-32.9647524415044,-110.0,-45.12237177954505,-50.55787224895,-110,-48.55793562055732,-59.36193982428756
152,-0.616541,1.41353,1.5,-34.30411765650784,-35.86621894942201,-29.467936134003622,-110.0,-39.81693462148302,-41.55963745157097,-110,-34.71032736223126,-51.09749068803243
138,1.38346,0.413534,1.5,-39.129714323118264,-55.245919649740216,-37.26671517274253,-110.0,-34.161369994834814,-53.61128819640216,-110,-29.768324290270836,-39.359795249057335
114,-6.61654,-0.586466,1.5,-34.283114970478096,-41.54019712915359,-37.92848082460325,-110.0,-51.96819225897759,-32.29869505953322,-110,-46.1689245888745,-49.24945699843225
106,1.38346,-1.58647,1.5,-41.29633129242512,-53.52907979005536,-48.3092049204416,-110.0,-46.007630327419065,-41.651741282540286,-110,-32.31700969251053,-35.348670980236676
46,5.38346,-5.58647,1.5,-37.05222455121318,-42.995473450367584,-45.99446713800648,-95.94285957212554,-31.82133873320202,-40.858695254845166,-110,-40.966181077656344,-27.785096570900375
73,0.383459,-3.58647,1.5,-41.32359390183837,-46.93555993918207,-71.13576990088342,-110.0,-30.03897182628495,-37.039547170795835,-110,-34.6900588378609,-26.946027212449273
214,-2.61654,5.41353,1.5,-42.29874318449264,-49.98540968466699,-31.38894557930269,-110.0,-42.240356324478505,-63.338908926572536,-110,-40.29417172388147,-49.6246750117113
38,-2.61654,-5.58647,1.5,-39.31647342672835,-35.99363120381184,-32.509350493946386,-110.0,-39.37715550066436,-47.97687060245548,-110,-47.6178366388058,-46.18167006247774
115,-5.61654,-0.586466,1.5,-42.89010286634698,-39.19518448986243,-43.48235059322434,-110.0,-37.77058645627692,-32.41471698729033,-110,-41.31903264437747,-40.81681965278257
123,2.38346,-0.586466,1.5,-44.4393930658362,-48.51037334582245,-55.62723439353346,-110.0,-36.41374424917445,-44.26330998284262,-110,-36.72844163259536,-36.50652877922395
190,5.38346,3.41353,1.5,-51.56802956510786,-50.570207265768914,-45.096399230619795,-110.0,-41.06273139620108,-32.228030876821705,-110,-38.59295656613994,-35.676433835100795
61,4.38346,-4.58647,1.5,-50.48901036088205,-42.872019751393296,-35.78338726325015,-110.0,-37.53602945076904,-47.00838511942456,-110,-39.95017698984058,-34.2426786694033
26,1.38346,-6.58647,1.5,-42.47079442090444,-49.62109541199821,-39.33257919318631,-96.13304217792198,-21.822556064790863,-32.51064662460929,-110,-48.73167245443295,-26.402434610882448
193,-7.61654,4.41353,1.5,-33.26542855917508,-49.804039793555454,-38.979698390519786,-110.0,-43.53479307790941,-60.13455586401196,-110,-44.49389997267696,-51.06441701377743
131,-5.61654,0.413534,1.5,-34.6609811070373,-39.25600676537515,-40.413392607767626,-110.0,-42.356225896588015,-42.613829830261544,-110,-44.02728276729843,-42.16093980784183
78,5.38346,-3.58647,1.5,-41.40957219837683,-67.11254065784895,-47.86963658288917,-110.0,-26.800838677778707,-30.92293308736408,-110,-31.918930687942996,-32.37104202530572
221,4.38346,5.41353,1.5,-46.92910347916128,-40.4272735806472,-52.8823610737384,-110.0,-36.50518674470033,-44.56080849473373,-110,-42.23806574154946,-55.30220111912219
111,6.38346,-1.58647,1.5,-39.25933207903834,-54.524835234352686,-39.20263209041276,-110.0,-32.427405446676566,-37.163795579882375,-110,-34.157650285001495,-28.93455344285348
103,-1.61654,-1.58647,1.5,-29.03000343245924,-38.05544493721371,-39.61912917696976,-110.0,-49.67709929841333,-43.342953996747575,-110,-36.0322251872818,-58.95994515478497
39,-1.61654,-5.58647,1.5,-28.53618948741167,-36.88623956119326,-26.489165983614463,-110.0,-33.868074824011636,-49.03400414447512,-110,-42.03430560961835,-39.00183730316641
234,1.38346,6.41353,1.5,-28.069967251648663,-25.371026270348818,-49.9352226819276,-110.0,-36.92675827982246,-46.4737652157593,-110,-28.707689703009777,-36.68898347035775
174,5.38346,2.41353,1.5,-46.6010451566471,-59.080678930217694,-46.2094104804401,-110.0,-35.53239789172015,-26.675045949043337,-110,-38.235342359753794,-45.205756723291174
22,-2.61654,-6.58647,1.5,-30.68310290958399,-45.98674566342708,-27.83159372143214,-79.40933393170094,-44.29159584664303,-36.52304718726613,-110,-41.04180309071284,-44.43683160513564
7,-1.61654,-7.58647,1.5,-34.67051717908312,-42.767145112801025,-34.67166378999149,-110.0,-22.19570693725714,-41.57169649993303,-110,-39.05880511520589,-59.42557570219704
196,-4.61654,4.41353,1.5,-27.79711943330217,-33.58654611046022,-35.756331937850426,-110.0,-45.18458327277519,-51.62275209690428,-110,-37.90821556856429,-42.09454682583398
123,2.38346,-0.586466,1.5,-44.33028603381025,-55.97147806603307,-55.504403018280726,-110.0,-41.870954598880395,-44.930140461375345,-110,-34.39746118334062,-39.486812637028805
41,0.383459,-5.58647,1.5,-46.072981135831114,-52.64688465404676,-56.57244192512916,-110.0,-32.00812767966634,-40.20096395427519,-110,-29.85934897049019,-47.18531253321144
71,-1.61654,-3.58647,1.5,-41.743831421620094,-53.66805285644636,-33.57271208472157,-110.0,-43.497116649144886,-52.91383530062739,-110,-40.583712417738326,-46.16140005809216
70,-2.61654,-3.58647,1.5,-30.820282980715557,-33.20799337841399,-32.54467282841079,-110.0,-44.256088824281136,-46.51340584384185,-110,-41.17757937797156,-38.921008918496355
108,3.38346,-1.58647,1.5,-46.60211014643731,-59.1188299177583,-35.98101116369241,-110.0,-41.328849397911654,-40.44138300651601,-110,-41.28188316975256,-37.92960350170631
79,6.38346,-3.58647,1.5,-32.37768256328218,-49.8448291901054,-41.94948325355675,-110.0,-35.9814070321116,-37.03530146323623,-110,-45.15323335142029,-29.088124109926586
82,-6.61654,-2.58647,1.5,-46.41418669931084,-49.66693008990997,-38.434158847893215,-110.0,-46.89173600857879,-67.69644257731375,-110,-47.20262074496081,-33.310982740186176
90,1.38346,-2.58647,1.5,-52.28097100111069,-48.91908222674452,-44.08663568445116,-110.0,-34.48388195103327,-34.45266048583375,-110,-39.27509173365788,-38.90894950531095
232,-0.616541,6.41353,1.5,-31.001614792784984,-18.15705439017041,-27.108246712618445,-110.0,-56.80616068742151,-59.5538517489959,-110,-72.77102937413515,-48.61688753494309
20,-4.61654,-6.58647,1.5,-37.94945533782509,-49.92100769427841,-34.414675509748136,-79.04477257820923,-38.632823026814435,-57.600101396216616,-110,-37.287364961650034,-39.56970521476845
116,-4.61654,-0.586466,1.5,-41.15467877978999,-46.24582735676272,-31.834591936540015,-110.0,-45.08765425257438,-34.479327809217786,-110,-37.982978434782886,-39.13923048583874
45,4.38346,-5.58647,1.5,-35.831274661828296,-47.2071269384701,-31.220224205139942,-95.93505299938296,-31.275703608117993,-30.211292652628217,-110,-31.63221424238659,-41.76712417850581
239,6.38346,6.41353,1.5,-50.02075095349396,-35.35209513568718,-58.13388641853743,-110.0,-38.70317107114688,-29.67347010043026,-110,-44.27634537477305,-38.48213359257042
136,-0.616541,0.413534,1.5,-35.47963246411395,-35.17514498084979,-31.20157099999703,-110.0,-59.71850202126335,-36.64628365348236,-110,-32.81321758271681,-45.47722828823582
68,-4.61654,-3.58647,1.5,-32.902569270958956,-34.552352333283096,-33.37815465051443,-110.0,-36.544124805918344,-47.488706034503416,-110,-38.56971981099234,-52.576811885836285
138,1.38346,0.413534,1.5,-44.046844212656794,-51.7538444209756,-40.886373515107294,-110.0,-33.77054056103061,-58.61970790454235,-110,-25.61464903743515,-37.78993082155416
219,2.38346,5.41353,1.5,-42.06603405606764,-33.09747488539005,-55.93884882900255,-110.0,-42.54271336405698,-34.472159615816636,-110,-34.88782470431962,-38.62986211046692
107,2.38346,-1.58647,1.5,-56.37269261663253,-46.635546188308155,-46.48868530981214,-110.0,-38.9783706995086,-51.27312549437499,-110,-34.857813043908386,-33.32590036668485
50,-6.61654,-4.58647,1.5,-46.54120811720344,-44.14090401192931,-32.219396540746054,-110.0,-41.33598607435013,-39.59177012790504,-110,-32.167294488307476,-46.220634501749394
23,-1.61654,-6.58647,1.5,-42.17280362332428,-34.85862847043921,-19.176062167640374,-101.0556495867148,-38.97540277482207,-49.79568499649146,-110,-30.680279184836607,-41.64863244398422
165,-3.61654,2.41353,1.5,-34.159501270840785,-35.665320806569106,-36.053701601837794,-110.0,-37.46026672067353,-75.31224904544948,-110,-35.9188903664786,-47.846834954595
54,-2.61654,-4.58647,1.5,-43.49515694970757,-32.452185970159555,-40.37701714672265,-110.0,-30.734241224227368,-48.192355196875425,-110,-43.38918674285843,-55.12295190443314
98,-6.61654,-1.58647,1.5,-49.03361390995243,-35.867995320988825,-39.05074078423321,-110.0,-49.627980949483344,-43.97687348688018,-110,-44.67151102857649,-56.103090542069815
211,-5.61654,5.41353,1.5,-23.9087928112159,-48.43833764815015,-33.7983145288947,-110.0,-53.91132343395669,-56.83902364681853,-110,-42.53362446111307,-42.51150073396413
202,1.38346,4.41353,1.5,-56.69050700080261,-32.95725443309567,-47.66525548424335,-110.0,-45.97756321249249,-31.973635438428666,-110,-37.96180408630927,-58.99789700622873
122,1.38346,-0.586466,1.5,-46.93905283944165,-56.1259173694075,-39.779769241672234,-110.0,-38.582706016808906,-45.491072071182906,-110,-38.79136098153994,-31.85900901103514
33,-7.61654,-5.58647,1.5,-58.91159061814325,-37.03314858015704,-40.02565818347864,-110.0,-36.19486667132526,-49.30842949775679,-110,-38.75974142987506,-42.911551920435755
120,-0.616541,-0.586466,1.5,-54.75489356117679,-29.27240206421498,-32.120408374029154,-110.0,-47.51708213244608,-40.15006744738157,-110,-31.816408490300063,-45.57505739018213
98,-6.61654,-1.58647,1.5,-41.45722213579101,-29.924020655045073,-43.826870888117746,-110.0,-47.20523754943848,-41.352298413317385,-110,-49.28663788469163,-57.77756201345968
129,-7.61654,0.413534,1.5,-33.684094283897196,-49.62570335819326,-32.092278846564014,-110.0,-47.56485127527888,-42.20560636687899,-110,-38.756031480769224,-40.08921562283357
130,-6.61654,0.413534,1.5,-34.13683228310015,-48.42710396956382,-39.51886288147655,-110.0,-47.10707345520145,-38.36238240995566,-110,-40.8193362494105,-55.659181113876365
163,-5.61654,2.41353,1.5,-28.897771809204983,-37.07522924175723,-49.796121156085185,-110.0,-53.061589890229946,-62.06335569528824,-110,-30.05127215380162,-40.53951492462008
229,-3.61654,6.41353,1.5,-56.26876141496649,-37.3037641521102,-53.036744163150225,-110.0,-55.140221305240715,-56.12659556083536,-110,-47.688520113338335,-37.61447742645822
194,-6.61654,4.41353,1.5,-36.83598640373218,-40.305782021594446,-30.878589481780743,-110.0,-53.42046728363076,-52.35480872028971,-110,-39.70874883083761,-45.99481957945858
95,6.38346,-2.58647,1.5,-47.062665450409185,-53.106903502180465,-36.84079649790221,-110.0,-34.14772034997586,-50.01328346477932,-110,-30.650325161644297,-39.56285132995901
20,-4.61654,-6.58647,1.5,-28.945776628415818,-45.875059642057835,-34.422479843787265,-81.25808836666026,-39.37834667938774,-55.69082316113529,-110,-36.38326955519531,-41.168916845633696
146,-6.61654,1.41353,1.5,-38.79268596596589,-44.34252262699218,-39.40491028852162,-110.0,-42.98703763917793,-34.46080243674673,-110,-35.806426102851525,-48.91051623121574
135,-1.61654,0.413534,1.5,-42.62028943881151,-34.47260133245217,-33.06542085638386,-110.0,-54.080462829492525,-40.509847467137085,-110,-32.749359092341045,-43.57180139292256
43,2.38346,-5.58647,1.5,-55.896347296547184,-55.240267566318145,-35.243350509255656,-92.70024320805888,-34.59575827423065,-38.25836855207254,-110,-31.530338411046248,-34.79833419600467
28,3.38346,-6.58647,1.5,-44.791286180681,-40.960268564579835,-34.37094698357093,-74.90367248828157,-34.41708559315021,-40.37839873024338,-110,-37.76713436181695,-38.06082501787343
5,-3.61654,-7.58647,1.5,-38.464268752369286,-37.59047925318059,-39.85363987836315,-110.0,-34.97279917452752,-53.6629328983674,-110,-55.05030319931086,-38.58738300107932
181,-3.61654,3.41353,1.5,-39.837140827517175,-49.060637649816115,-43.18566449387875,-110.0,-39.515482506193074,-31.672744422120086,-110,-32.546214148353705,-53.537069269378826
99,-5.61654,-1.58647,1.5,-41.715602995804815,-45.99976308401772,-37.17721518963583,-110.0,-47.69662799942043,-49.25400361125478,-110,-46.328695287583194,-41.56898615741468
185,0.383459,3.41353,1.5,-41.960188474274325,-45.756409904272395,-49.75802822514627,-110.0,-36.358567652408624,-38.46945271641867,-110,-27.78454890411865,-37.8468120053125
190,5.38346,3.41353,1.5,-53.299162549106256,-47.21186320310581,-38.48989867469541,-110.0,-35.063511729064366,-29.66406397699518,-110,-40.113294368732966,-38.123850211163806
174,5.38346,2.41353,1.5,-45.56399624426151,-54.70541826225566,-42.14853527918257,-110.0,-36.777535502832286,-29.27135839255689,-110,-30.167935568592313,-44.766556694685455
84,-4.61654,-2.58647,1.5,-32.86236596801933,-43.10112978563744,-46.33074512179543,-110.0,-38.281612890661066,-44.87177780577595,-110,-38.94399766298263,-53.15457648813147
53,-3.61654,-4.58647,1.5,-37.281145975008805,-33.073367913569015,-24.705163618406832,-110.0,-41.007607412955686,-40.27467408117987,-110,-36.07446150130626,-64.19474006366848
99,-5.61654,-1.58647,1.5,-38.469252041656205,-47.7881921234484,-37.613611553247054,-110.0,-43.969386912636445,-50.43362709567563,-110,-43.34057453652077,-46.37530072506705
181,-3.61654,3.41353,1.5,-35.89929654058349,-37.72007260504395,-44.22715238502178,-110.0,-36.90444576763126,-39.49598874497858,-110,-34.44574784166825,-49.10176253962191
12,3.38346,-7.58647,1.5,-41.86926904591802,-50.503052581264335,-47.29346529707388,-77.23284747514701,-41.89977355707203,-47.70874724878123,-110,-41.012412177865635,-39.36159033350073
139,2.38346,0.413534,1.5,-48.74494459018961,-47.513756959972206,-48.69122263632967,-110.0,-41.44956197642043,-36.60158789144204,-110,-37.768117690410335,-38.38633629242456
163,-5.61654,2.41353,1.5,-29.005591604636443,-36.51723941473557,-46.22901404250791,-110.0,-47.53765832085325,-58.88356754481534,-110,-37.427557575890624,-44.40376107714091
57,0.383459,-4.58647,1.5,-55.975164718106626,-42.506011086157336,-57.38866724607648,-110.0,-38.601587992320745,-43.835273175945304,-110,-26.528344698443014,-48.821156286119816
91,2.38346,-2.58647,1.5,-37.03507336715279,-52.31406154575734,-51.78625286319066,-110.0,-35.10850310599184,-36.1897238215502,-110,-35.98675227743406,-38.359411824295016
194,-6.61654,4.41353,1.5,-33.8653926512233,-45.5602700085907,-36.81383044520709,-110.0,-53.18744583856085,-51.875685494651826,-110,-36.72069271294541,-44.273962785073905
9,0.383459,-7.58647,1.5,-53.37155461467351,-45.46861829035652,-27.356759706592182,-110.0,-33.87759464579192,-29.687573160991803,-110,-39.07474147375875,-36.27371474677298
163,-5.61654,2.41353,1.5,-27.748941975623183,-33.554262387025695,-43.0441830496659,-110.0,-47.74708401504818,-57.228406748776486,-110,-36.88675534111929,-39.130469351653936
227,-5.61654,6.41353,1.5,-28.1466398284278,-35.4340764799721,-36.96981721757048,-110.0,-51.48542614481622,-45.46444182557319,-110,-39.32528251782715,-66.89684976155644
227,-5.61654,6.41353,1.5,-28.923509667812297,-36.99477382131524,-41.03120339593265,-110.0,-60.44135970117234,-44.45202479515503,-110,-45.42384223564297,-66.58711031597052
166,-2.61654,2.41353,1.5,-41.95800448540595,-31.2177945738253,-38.591022724089314,-110.0,-41.33423112513515,-49.49619036384955,-110,-36.55536870609788,-53.32812499945839
150,-2.61654,1.41353,1.5,-34.835876144278366,-41.79078118185829,-47.17168830685788,-110.0,-42.96216684645497,-49.77250150787293,-110,-30.904617869064936,-39.230949783845226
177,-7.61654,3.41353,1.5,-30.422972944644386,-41.192634399291904,-53.85596213018121,-110.0,-40.86357336869571,-33.858654669775206,-110,-42.225470135419776,-41.02688801569913
183,-1.61654,3.41353,1.5,-31.433220623414556,-30.75164696104388,-46.493871312905654,-110.0,-46.13433046936223,-36.71706222852403,-110,-28.807646865805445,-42.56965315904874
91,2.38346,-2.58647,1.5,-38.54260158657537,-52.29367181914724,-46.637053213934095,-110.0,-30.295485438916575,-32.717903814976566,-110,-40.977005790763286,-33.81505609319309
146,-6.61654,1.41353,1.5,-39.77553007273784,-43.107062170429366,-35.20022325238433,-110.0,-49.87261347912173,-32.62500157910675,-110,-39.34457402227847,-48.33228855452085
72,-0.616541,-3.58647,1.5,-36.877624378516366,-36.486560027197555,-46.65191420437456,-110.0,-49.48890956122316,-35.329219959887624,-110,-36.77651180881293,-41.0124391587897
169,0.383459,2.41353,1.5,-40.403898321670916,-47.3660440989876,-55.31601267150335,-110.0,-33.53837800810565,-31.928011795488732,-110,-23.714207338725316,-81.30275452949307
131,-5.61654,0.413534,1.5,-31.630628712442324,-39.576251488269534,-53.681827939262305,-110.0,-38.89244362336774,-44.214237467538744,-110,-38.53522717263227,-39.61185276342534
159,6.38346,1.41353,1.5,-49.09120990855087,-59.11728086254885,-40.84705862045159,-110.0,-36.211591338256746,-27.529223932353577,-110,-53.088590140726325,-45.79133691250752
215,-1.61654,5.41353,1.5,-52.63360932527889,-38.2434129948461,-54.54195002206553,-110.0,-50.5263284587872,-47.16020442417298,-110,-32.23709270934287,-47.02251955994728
224,7.38346,5.41353,1.5,-31.092622991957708,-33.695114571960396,-42.235575831628275,-110.0,-37.8808484996461,-40.22008538068015,-110,-40.85157282363095,-44.29737719567977
132,-4.61654,0.413534,1.5,-37.94907615364917,-35.51798893162597,-37.24671627103055,-110.0,-42.97376998272462,-45.79869950124392,-110,-52.27488785631649,-44.98939681527073
73,0.383459,-3.58647,1.5,-37.78303130901266,-42.9700403956213,-73.32341407072217,-110.0,-35.25527905542749,-39.42940712452526,-110,-31.466491798603236,-31.056653767569134
30,5.38346,-6.58647,1.5,-43.48146347382709,-47.25032314660129,-46.156117786339784,-78.17649016162966,-41.01116980250273,-49.24289655533066,-110,-39.548931857746695,-27.94032653680317
3,-5.61654,-7.58647,1.5,-38.27734478304885,-53.849775045299,-40.66358202521158,-110.0,-29.858266963171232,-43.00242563540206,-110,-43.03543522912042,-36.77030879273909
29,4.38346,-6.58647,1.5,-43.76691116980846,-48.40263120316472,-43.459823020453314,-79.8610382798117,-32.477210620346156,-36.87207007656681,-110,-36.978932196249254,-33.20064184989107
142,5.38346,0.413534,1.5,-39.23731816574761,-38.5149764174642,-55.24073813158057,-110.0,-46.64229908606048,-24.510978380855256,-110,-25.92428853245689,-35.94435788696566
223,6.38346,5.41353,1.5,-40.59221866951214,-51.42923582486145,-53.83612698914815,-110.0,-52.926196453542346,-41.25478433507413,-110,-36.90431521375771,-45.91646986068312
13,4.38346,-7.58647,1.5,-47.72048015614682,-44.44241549356871,-47.8241222762248,-110.0,-40.983984204809694,-42.45673594143943,-110,-37.40443251392429,-40.97941729361058
67,-5.61654,-3.58647,1.5,-28.195761690195383,-35.881037799950796,-34.97444783193113,-110.0,-39.81035423635553,-50.39692281300832,-110,-52.2014435497959,-56.00956118333542
194,-6.61654,4.41353,1.5,-26.211326901019987,-43.537783308372425,-29.03598767929832,-110.0,-49.43203943932291,-50.069641318235526,-110,-34.090001710144826,-43.38006753237655
181,-3.61654,3.41353,1.5,-42.06261101533437,-43.20987801460985,-42.59644997152778,-110.0,-38.66831045002236,-29.603861164034512,-110,-34.63324119857714,-55.85580205708711
177,-7.61654,3.41353,1.5,-29.754635857811063,-40.81095573965943,-50.743912393758144,-110.0,-47.576177202249646,-32.46504515188921,-110,-35.5739103672841,-36.71782153992978
73,0.383459,-3.58647,1.5,-33.69616348536019,-47.19902345305143,-70.9738594964372,-110.0,-28.84733400002353,-43.10232020404923,-110,-31.64559812899741,-33.78047878177852
14,5.38346,-7.58647,1.5,-54.593290020810365,-53.5577023839924,-41.3157811279075,-110.0,-36.47990171291621,-39.20746516243457,-110,-44.831920797725274,-24.11654670531427
130,-6.61654,0.413534,1.5,-29.708105214401986,-54.49261791080539,-44.445768100212405,-110.0,-43.746152988298945,-39.15550256904381,-110,-46.12408280983858,-54.11362985424798
85,-3.61654,-2.58647,1.5,-39.2931437027415,-49.94835796686056,-39.91100852573662,-110.0,-42.257264685909,-36.005441535454295,-110,-40.11708754911838,-62.721627752905725
87,-1.61654,-2.58647,1.5,-39.66000328550385,-45.101327624270446,-43.7884600352555,-110.0,-41.42476755151069,-49.59091767301756,-110,-36.17803557302984,-37.533002909789154
189,4.38346,3.41353,1.5,-43.17973812966347,-57.326962468225,-57.581448399622886,-110.0,-43.969156589145285,-30.515296368071873,-110,-39.22481960667775,-58.56473178603802
42,1.38346,-5.58647,1.5,-47.73004369327071,-50.967065943679245,-32.99669640843057,-89.49533308526505,-34.58610715762526,-35.13014129415529,-110,-38.47517785629677,-33.39671415669008
94,5.38346,-2.58647,1.5,-52.73646921222478,-57.40596372235105,-43.51496011183709,-110.0,-43.85558473914765,-42.24417920445734,-110,-40.18987781549907,-36.12802958599974
125,4.38346,-0.586466,1.5,-34.80320265470509,-64.92264778032848,-39.91236363806805,-110.0,-38.19077496879666,-31.1390164179332,-110,-45.22336911750058,-41.85978568487045
101,-3.61654,-1.58647,1.5,-25.246296104959452,-37.78875301662481,-39.92802469850557,-110.0,-54.10075427973936,-60.13649431280616,-110,-52.67701165091369,-42.45316945700752
18,-6.61654,-6.58647,1.5,-34.67694652662582,-38.67603756960716,-42.033295207136376,-82.5586064980795,-40.40273161202504,-40.748095291718656,-110,-43.68052317551121,-45.0129423424347
219,2.38346,5.41353,1.5,-44.10113874406478,-31.682593743056444,-53.6666773871056,-110.0,-40.527272770444995,-38.07800508189592,-110,-31.413081769409793,-36.306505597345165
81,-7.61654,-2.58647,1.5,-42.38077596823164,-44.07046227611363,-32.001172122489145,-110.0,-46.288094803091035,-52.85062870629582,-110,-46.0033503083177,-53.60342896451983
167,-1.61654,2.41353,1.5,-36.35572812194274,-29.219893353862133,-39.46430657038984,-110.0,-42.84762666476961,-36.447110510398055,-110,-29.177453231488816,-37.615429774332085
226,-6.61654,6.41353,1.5,-36.457605454948926,-37.49718788576128,-46.6844570445713,-110.0,-54.24991997857214,-52.13171243967313,-110,-47.85567968317673,-48.558530219739986
25,0.383459,-6.58647,1.5,-55.945673353300016,-54.25599653878461,-40.97207432294199,-97.03362163214092,-33.31405493118735,-38.07302115908623,-110,-32.40183146109701,-33.73444882719029
182,-2.61654,3.41353,1.5,-36.67906525536911,-37.83980412688017,-40.84068479180912,-110.0,-37.21239286052375,-40.46583463393615,-110,-32.75402873058376,-44.09939190263454
159,6.38346,1.41353,1.5,-50.86537485751256,-58.286750883065054,-36.034250258015405,-110.0,-39.77218265450675,-32.203855546556426,-110,-54.04908740451258,-52.308218662095136
223,6.38346,5.41353,1.5,-34.99445252199915,-46.28372813158221,-53.32221782097078,-110.0,-49.52721876481531,-44.747978927252525,-110,-37.245635250909025,-40.04585079509507
143,6.38346,0.413534,1.5,-43.15854501558515,-50.294102961091745,-45.99387345155808,-110.0,-34.18754802770171,-32.709132711967705,-110,-32.581783886118714,-37.76590073922897
198,-2.61654,4.41353,1.5,-46.22979016472245,-36.24966996526249,-42.411049215494565,-110.0,-50.40227044501452,-45.10388221052905,-110,-33.31045678231014,-40.60991711344519
89,0.383459,-2.58647,1.5,-42.6443796065103,-47.85208921799829,-46.16891926782481,-110.0,-34.43001536814464,-38.21532942815228,-110,-30.95120164192589,-36.16549147291695
215,-1.61654,5.41353,1.5,-51.071777076738655,-33.79339120523349,-45.56118907003852,-110.0,-44.45137448951145,-44.07992043225959,-110,-35.33443458602916,-49.94768269924858
123,2.38346,-0.586466,1.5,-47.418222846792155,-45.96936601337471,-58.133616528184,-110.0,-44.64643130516051,-48.417586367146285,-110,-40.54425300634672,-38.033050677998695
135,-1.61654,0.413534,1.5,-43.978574782951426,-39.513512463949446,-29.81291049711266,-110.0,-51.56978478500833,-38.88936329211928,-110,-32.50572583636179,-42.03977150890981
178,-6.61654,3.41353,1.5,-27.22382068775968,-36.646841055573525,-35.32828821763512,-110.0,-102.66080350422318,-40.95853738715767,-110,-40.09643294565737,-44.74089382644455
187,2.38346,3.41353,1.5,-51.51904514158768,-42.32657928416029,-59.40469074603287,-110.0,-45.459062675893186,-32.82717760383592,-110,-27.19362629827088,-38.6129336077722
225,-7.61654,6.41353,1.5,-24.98938170392833,-26.094238730330275,-39.5808319029307,-110.0,-42.84483552407226,-57.07679818733529,-110,-42.24747610548376,-38.75293972702535
172,3.38346,2.41353,1.5,-44.29442838098224,-38.206208603690136,-50.14903094903851,-110.0,-35.95775607041613,-28.63975075944529,-110,-35.13086647792896,-34.05163844251522
64,7.38346,-4.58647,1.5,-43.25282490210101,-41.6894131739086,-38.22612282846349,-91.58656897991638,-45.117635444933136,-34.4850317010634,-110,-45.74517648940262,-27.952666693080065
144,7.38346,0.413534,1.5,-48.59851192059524,-66.37511821729011,-39.29081971416915,-110.0,-39.476844830136045,-20.309191261072336,-110,-40.32764681085299,-32.74106148982314
217,0.383459,5.41353,1.5,-34.035069214015486,-28.5795114102814,-46.95887564786686,-110.0,-43.449853130323376,-36.98954799679401,-110,-27.83254847238254,-33.9421496007785
145,-7.61654,1.41353,1.5,-39.27520183369036,-30.77872466022961,-39.655351333021635,-110.0,-52.95145275785267,-42.31863631256615,-110,-39.8553580621504,-39.43449152498865
18,-6.61654,-6.58647,1.5,-41.61172244699916,-44.79971854255432,-31.3012532261397,-90.28008994302787,-40.83006165023098,-52.691627159110176,-110,-38.779061885332816,-50.6708890786084
181,-3.61654,3.41353,1.5,-38.449447962063665,-46.147681501533434,-42.551894296689774,-110.0,-34.300128109433736,-38.97315465152741,-110,-32.643246270322365,-53.576614555887545
223,6.38346,5.41353,1.5,-39.792905155990205,-52.323928442854275,-55.79850082342283,-110.0,-51.343675158273115,-44.99699871816742,-110,-35.641234381264375,-44.56426157165564
129,-7.61654,0.413534,1.5,-34.89470211869536,-51.275763704246806,-32.72112430843509,-110.0,-42.65907601965856,-39.9257204326159,-110,-47.14938454731029,-43.53704617566806
221,4.38346,5.41353,1.5,-45.118023975839115,-41.565601576950485,-54.99666266932567,-110.0,-38.82845880679915,-47.55996579492659,-110,-37.04140887463504,-51.516760907953376
72,-0.616541,-3.58647,1.5,-40.34943197351302,-35.763278975695336,-45.61513301549008,-110.0,-51.799454520663424,-40.34512121816841,-110,-32.23631491912362,-43.707164808391
33,-7.61654,-5.58647,1.5,-61.968762334057985,-44.97416350263934,-36.69539461490176,-110.0,-33.121726733529876,-45.324385979908655,-110,-41.34872393227771,-40.53916088865228
106,1.38346,-1.58647,1.5,-40.22352801141768,-54.51844548721062,-54.18530324085896,-110.0,-50.867322423375704,-40.425992027817706,-110,-30.98482604090281,-42.01142805934376
32,7.38346,-6.58647,1.5,-43.58312510354274,-59.2925879744252,-41.913881281407264,-78.74114283719749,-39.651011226674726,-36.86427791647369,-110,-36.31735501990251,-30.188699370016472
125,4.38346,-0.586466,1.5,-30.571748516283073,-54.593411776218,-47.405538765269625,-110.0,-37.80846651634791,-33.88601210837436,-110,-45.485736496860355,-39.058280853054654
192,7.38346,3.41353,1.5,-57.901792775061246,-53.2814803965776,-40.41510897155731,-110.0,-42.32220935339113,-16.79056566968981,-110,-25.147356139056072,-36.69709445004323
171,2.38346,2.41353,1.5,-41.15268291741545,-60.643912139328755,-42.73719966312784,-110.0,-48.946826629456666,-38.98715729465117,-110,-27.439898174187245,-48.965620515498344
155,2.38346,1.41353,1.5,-42.7179695607369,-53.96173215017791,-42.85261310404262,-110.0,-41.12537612777228,-33.906293320564174,-110,-32.6112558410973,-42.0408908874031
239,6.38346,6.41353,1.5,-52.30325977261855,-32.73502784583645,-45.18776539401526,-110.0,-37.88132177207715,-35.22147864948791,-110,-51.68683700860895,-42.7174701414558
168,-0.616541,2.41353,1.5,-40.253975837165335,-40.40554664831957,-31.752607362481708,-110.0,-40.86509993583463,-40.57397416731357,-110,-22.717440463624783,-38.16014958517784
126,5.38346,-0.586466,1.5,-35.044118698938966,-48.109053728435065,-49.68080903960799,-110.0,-35.12621281609629,-36.286561851672616,-110,-35.15737480598567,-44.84334617678714
74,1.38346,-3.58647,1.5,-40.971895352692954,-48.181003194577215,-37.43355666169178,-110.0,-31.819198743716537,-42.294618311917574,-110,-32.87788920442782,-47.41777568401059
133,-3.61654,0.413534,1.5,-39.18936963144281,-38.8158979791904,-44.7147224308638,-110.0,-51.25352608387232,-39.67775471053969,-110,-34.331460844518396,-39.83782483236028
6,-2.61654,-7.58647,1.5,-36.639164224065624,-41.84305441635232,-23.058865313056508,-110.0,-43.026351913844366,-63.18887639019662,-110,-40.15480433344417,-39.89752027818682
92,3.38346,-2.58647,1.5,-63.15293026351093,-49.392815039125026,-40.68726221284774,-110.0,-46.07356619938252,-29.766459212250567,-110,-44.29016116002469,-30.16277477199533
75,2.38346,-3.58647,1.5,-48.44436946797166,-42.08970499538376,-45.40815695352779,-110.0,-32.93308990054592,-44.58121521528602,-110,-35.68430470950125,-41.11501750518401
121,0.383459,-0.586466,1.5,-37.156371233892926,-54.01186853132441,-54.50512183904106,-110.0,-32.59002303850837,-36.800985568809466,-110,-30.065990453995152,-36.987061141068224
62,5.38346,-4.58647,1.5,-38.79066306886098,-47.14884430911396,-38.086138675375,-110.0,-39.61699014358014,-40.967078827081494,-110,-34.83619797320011,-40.33334257103933
135,-1.61654,0.413534,1.5,-42.49512495793204,-41.98565218528374,-34.417124489704804,-110.0,-52.77171363790369,-37.555782058131,-110,-31.306498839531667,-43.269251007815875
58,1.38346,-4.58647,1.5,-36.45795701118834,-50.104126621730515,-39.74852015441899,-110.0,-30.273389008906477,-40.775549247178695,-110,-43.81880421736074,-37.78938969888046
179,-5.61654,3.41353,1.5,-33.643396464661194,-47.55553651299282,-43.16093791237166,-110.0,-37.76956760327827,-42.99769330518774,-110,-38.49749785583179,-48.60391724863387
3,-5.61654,-7.58647,1.5,-39.34553085768686,-56.41959875515138,-38.37995818873555,-110.0,-31.22488344282802,-40.607578955967654,-110,-43.64683188075959,-39.816455743333464
159,6.38346,1.41353,1.5,-52.40136294441497,-54.54739004328913,-34.79064079074019,-110.0,-39.48742524720214,-36.1864222507632,-110,-52.65042970053887,-53.176971386125146
207,6.38346,4.41353,1.5,-38.08278121402026,-45.46585547510561,-51.560365045413135,-110.0,-56.75660003371736,-36.88772539324921,-110,-37.86876577092089,-43.55287607089569
238,5.38346,6.41353,1.5,-71.62754372753301,-46.52620185558623,-44.702128301143766,-110.0,-44.68079667432399,-30.530396153803903,-110,-32.58745990933505,-46.11665000671869
87,-1.61654,-2.58647,1.5,-36.21989255730231,-42.5828158808269,-54.74517492785885,-110.0,-50.24739850979673,-48.43299718249123,-110,-36.343716251249994,-34.11305515783544
110,5.38346,-1.58647,1.5,-49.82950476726833,-46.92824344663099,-37.56529036268173,-110.0,-35.97763476322662,-32.97898682528297,-110,-42.13572903804056,-30.879262632075537
185,0.383459,3.41353,1.5,-41.52905062261219,-53.72542532412911,-48.48701632580251,-110.0,-35.35630828264893,-34.7902955125966,-110,-30.166227991597815,-27.827738302597737
124,3.38346,-0.586466,1.5,-46.750191823433475,-49.97766891374808,-50.94204409646236,-110.0,-37.42455376163679,-39.42504332170013,-110,-31.124339682890295,-38.66874228853147
129,-7.61654,0.413534,1.5,-38.13396969886261,-51.53786802445599,-33.50812394099474,-110.0,-45.673575441579445,-48.87396850530627,-110,-42.121196546658155,-42.192377782340905
148,-4.61654,1.41353,1.5,-39.37946523360525,-35.50146782184826,-45.91268906172509,-110.0,-52.87798912960244,-38.92148838389052,-110,-36.43065468543402,-47.076850709259624
171,2.38346,2.41353,1.5,-43.9012091788166,-55.208554226377466,-44.7527218699916,-110.0,-43.52868704298719,-39.4522674131468,-110,-25.143539057606247,-37.434027404463606
36,-4.61654,-5.58647,1.5,-42.76748272312353,-45.9245879453816,-25.20374571656032,-110.0,-36.20424433006044,-48.01129415852529,-110,-44.18546925920954,-41.0383940736893
206,5.38346,4.41353,1.5,-39.286841649488295,-33.18818025819303,-56.48699416898014,-110.0,-53.56019904869153,-40.36817294564298,-110,-38.79116383511517,-36.49267110905944
55,-1.61654,-4.58647,1.5,-26.210629085087227,-45.520763563622054,-32.58798794606214,-110.0,-42.84126491280228,-54.46413131609084,-110,-34.09471119353357,-46.498645753580746
166,-2.61654,2.41353,1.5,-37.305049342386226,-33.7487408125603,-37.38197925623307,-110.0,-39.330231719648424,-45.311031051798246,-110,-25.97210999869712,-52.36908381924489
69,-3.61654,-3.58647,1.5,-39.32022851711667,-45.64039933679551,-31.15993892166739,-110.0,-40.64366450108672,-40.44285966506602,-110,-39.1445036426783,-42.74171245892175
4,-4.61654,-7.58647,1.5,-36.76925400428112,-45.73301861575744,-36.658331549258754,-110.0,-34.5198676579676,-36.69256746922288,-110,-47.45960607563113,-38.80343938218988
97,-7.61654,-1.58647,1.5,-42.0161241542682,-43.593442050693255,-42.92299942125248,-110.0,-48.51790248703623,-47.1820384665599,-110,-47.850535015362254,-47.6635221020748
229,-3.61654,6.41353,1.5,-59.00046435370496,-29.92207022541687,-53.94631793140909,-110.0,-56.80591221212362,-51.43699409613114,-110,-50.63515502140971,-47.50123033550037
89,0.383459,-2.58647,1.5,-48.41939168761083,-45.096459078228456,-47.82218837533123,-110.0,-31.97232414787634,-42.46848577355092,-110,-37.28844905542816,-41.42830199102211
38,-2.61654,-5.58647,1.5,-37.5493871830624,-33.13726579312934,-24.27837700927465,-110.0,-36.57556580342885,-40.70683868762372,-110,-45.49633524212441,-45.009539984688544
135,-1.61654,0.413534,1.5,-41.63251017495443,-33.66182920091786,-34.2655775345394,-110.0,-50.65851709870586,-42.637309280340304,-110,-31.92290225028223,-44.05746144019162
51,-5.61654,-4.58647,1.5,-31.882438791547976,-39.89259414562763,-35.19963773718305,-110.0,-32.472742908888875,-50.21637709360267,-110,-46.443796280516494,-46.75168484682559
60,3.38346,-4.58647,1.5,-44.71638804938441,-53.342800506594,-45.70757002232274,-110.0,-32.68362980823574,-43.05897345764096,-110,-40.56394978207399,-34.77300820122366
227,-5.61654,6.41353,1.5,-27.39056498861473,-31.85313933760221,-45.703955551896726,-110.0,-54.16095222898787,-45.29294584702325,-110,-44.921602432460666,-66.6037295787563
197,-3.61654,4.41353,1.5,-29.320325068312147,-32.65058922964871,-42.91937395985481,-110.0,-42.71812798978971,-49.744614796942706,-110,-29.470859312089516,-48.57627742256217
57,0.383459,-4.58647,1.5,-55.50729537455505,-47.705527062799774,-52.659262837552234,-110.0,-37.392831649556015,-46.46786772087046,-110,-32.13682000675099,-48.81371219685179
63,6.38346,-4.58647,1.5,-41.66820557631951,-56.99206793797962,-42.04664337360698,-91.15928536102358,-32.21365435478985,-28.502262228597345,-110,-25.156878933146835,-38.696450315575795
133,-3.61654,0.413534,1.5,-37.23862808873253,-38.7483784087997,-43.21520349429377,-110.0,-49.33826567616576,-40.0875406956108,-110,-35.631794822464016,-46.24706323585497
193,-7.61654,4.41353,1.5,-30.18272121639581,-44.62013178156379,-33.56277464017796,-110.0,-37.95422968569152,-59.31323833031753,-110,-38.47569769216915,-50.20817179292024
161,-7.61654,2.41353,1.5,-32.466420339161886,-44.381071678903766,-37.61205311661796,-110.0,-37.80500707769282,-40.07197030967908,-110,-37.60546095079897,-47.0034756851888
50,-6.61654,-4.58647,1.5,-44.18559754073629,-31.39718808071836,-31.94477452386236,-110.0,-44.88789742860085,-41.44730043713819,-110,-31.922194706573805,-41.380257718276766
158,5.38346,1.41353,1.5,-53.38996526974097,-59.47942540403469,-46.710305135096185,-110.0,-33.89245465220262,-55.551915409463945,-110,-47.53912247887327,-46.162419733365226
79,6.38346,-3.58647,1.5,-38.62212416821934,-51.13045529086964,-41.21696106350848,-110.0,-34.94931673024275,-31.0919673728174,-110,-50.73300211037565,-34.019775692399016
231,-1.61654,6.41353,1.5,-28.054692062752665,-23.24264950760854,-35.18261451962357,-110.0,-43.47501235144306,-46.39643957028572,-110,-41.91115796271569,-58.82668832578267
92,3.38346,-2.58647,1.5,-64.24519403827922,-49.183547365386985,-39.47332395147573,-110.0,-45.110882110269266,-30.88566332549191,-110,-40.48805315744344,-35.789919449030705
196,-4.61654,4.41353,1.5,-37.02220209458039,-40.757173130004816,-36.46513806692974,-110.0,-48.431488663235776,-50.71235569289283,-110,-37.53798828852171,-47.051967263523025
240,7.38346,6.41353,1.5,-48.50543443032874,-30.356019903929027,-50.07286071917043,-110.0,-54.53969403345023,-31.780951756503683,-110,-37.15961328368494,-36.73533554090195
227,-5.61654,6.41353,1.5,-28.466780553528903,-38.431875580787704,-39.44996196864293,-110.0,-49.78794672992942,-47.354727002582415,-110,-47.23076537137823,-69.27263580603532
23,-1.61654,-6.58647,1.5,-40.26973715998536,-38.58133927093172,-19.2851447449115,-102.17761197739662,-37.22823948096841,-43.7944937328013,-110,-38.95495473296663,-34.98798873126295
238,5.38346,6.41353,1.5,-64.73476108255633,-39.24747376530546,-41.68926476495434,-110.0,-40.34822194324606,-33.595982338479516,-110,-34.45897048403641,-39.3802190183188
56,-0.616541,-4.58647,1.5,-44.44995319135006,-41.854585923819386,-28.385981436866967,-110.0,-43.65328182787768,-50.74350178104553,-110,-38.924438930017274,-41.46976388922811
187,2.38346,3.41353,1.5,-56.34830030570448,-45.726181849230514,-61.032694523665256,-110.0,-43.55908491727444,-32.67229619177063,-110,-21.784676183488187,-43.59666710557929
177,-7.61654,3.41353,1.5,-28.381401713851144,-34.020003378455435,-55.35351007638591,-110.0,-40.279583065786106,-35.940944637807306,-110,-39.98852357092223,-45.7413219473276
33,-7.61654,-5.58647,1.5,-62.565225524039896,-42.845948924071834,-30.905437284154736,-110.0,-35.18400792322543,-43.12199605382476,-110,-36.93646031186191,-40.58775115393892
78,5.38346,-3.58647,1.5,-42.55590116605631,-61.151568823777666,-45.371234738517536,-110.0,-24.243369803269744,-33.79816857427284,-110,-30.464122738693035,-31.69487140466375
165,-3.61654,2.41353,1.5,-33.91331342131612,-30.605173380480444,-35.927108432723635,-110.0,-37.621037306556474,-71.36543545459915,-110,-32.33298669749451,-48.82604431126418
166,-2.61654,2.41353,1.5,-40.82534243750821,-32.24431112520924,-36.50024581792943,-110.0,-37.98366009109526,-43.28544777352363,-110,-28.484742669177702,-53.1273724885648
149,-3.61654,1.41353,1.5,-35.2045476572622,-39.08496710732914,-41.61529747292365,-110.0,-53.59639169184486,-37.02110322502942,-110,-41.65496271286331,-39.61008806714715
32,7.38346,-6.58647,1.5,-44.73622832168832,-57.24257183428101,-46.30924815546585,-75.36593465044434,-31.930861737866685,-32.91860507564297,-110,-37.69570720303827,-25.27041856134523
34,-6.61654,-5.58647,1.5,-54.67470265770858,-39.87933331831593,-33.67832095579395,-110.0,-39.475350808584416,-46.21215274042762,-110,-28.6307306768257,-38.66428858142169
63,6.38346,-4.58647,1.5,-45.03758033725136,-53.1322218863538,-41.36734414516471,-93.65581603040415,-30.100294336174844,-38.05610791497926,-110,-31.481193283663547,-32.09126443812687
25,0.383459,-6.58647,1.5,-50.15753258678018,-48.92082289414475,-40.917728812992195,-101.22046346709048,-28.50966824080867,-36.40335651384367,-110,-44.50064739429841,-35.513513143847256
80,7.38346,-3.58647,1.5,-42.491665934436355,-50.02534722906266,-49.47052091006651,-110.0,-33.42747359402371,-39.23183556404801,-110,-33.189699190074144,-54.752657565293006
223,6.38346,5.41353,1.5,-40.15583522577671,-46.44778449418498,-52.95806278892339,-110.0,-51.81056855543935,-44.616432877926336,-110,-41.04687723154064,-46.16037864092444
142,5.38346,0.413534,1.5,-45.13393349472666,-41.30145902241255,-48.075182350839455,-110.0,-45.96093136423694,-25.92029205622859,-110,-32.41070242006225,-38.391677904572475
74,1.38346,-3.58647,1.5,-36.22254583649322,-44.08896691129981,-43.86604174595369,-110.0,-27.265071105035425,-46.20847759909845,-110,-36.068724901126494,-43.4396223195957
183,-1.61654,3.41353,1.5,-33.71308054202396,-30.968038010310508,-40.67081769932806,-110.0,-45.1113150731077,-41.14383814164708,-110,-25.38581555939038,-40.588459712780896
169,0.383459,2.41353,1.5,-38.7352859906329,-51.985999381838674,-59.22044408648915,-110.0,-37.03498858467619,-30.688988717440683,-110,-31.014508674658003,-75.09380536454987
129,-7.61654,0.413534,1.5,-31.645611331979406,-54.578873807829694,-34.15502221083792,-110.0,-47.39484002654637,-36.53045339853271,-110,-39.12595176404749,-43.74456873582365
3,-5.61654,-7.58647,1.5,-37.96137780694116,-56.126740534851976,-35.12435979119168,-110.0,-29.53002312054133,-45.60673176022948,-110,-47.108911531644175,-42.319804872529886
207,6.38346,4.41353,1.5,-32.411032560373954,-49.608177228742925,-47.68182049786608,-110.0,-54.85494170193155,-42.52452703941687,-110,-35.288175756898916,-43.53758391150656
148,-4.61654,1.41353,1.5,-33.100655726745075,-37.414460037863016,-47.588698623004134,-110.0,-55.3347383707228,-40.86352395612587,-110,-28.05429923463249,-36.12636810074905
43,2.38346,-5.58647,1.5,-56.46928947745814,-52.49218155504939,-36.36828128768974,-88.96314487893207,-29.012645939808188,-39.21367850242859,-110,-32.52162698577409,-37.41938259978884
54,-2.61654,-4.58647,1.5,-45.014695619719376,-29.887344995921136,-37.42422440041438,-110.0,-35.88076048206723,-44.376221168655235,-110,-44.30288172576245,-51.37858279435184
36,-4.61654,-5.58647,1.5,-41.07011947984563,-42.00158499315981,-28.84666622329148,-110.0,-36.42583533599571,-45.59157069263282,-110,-48.42579498816928,-41.150323394365024
148,-4.61654,1.41353,1.5,-35.41755412362415,-37.8809793605969,-48.6477306735927,-110.0,-57.84280614215232,-36.6736603443765,-110,-32.673620332439725,-47.70928145584371
132,-4.61654,0.413534,1.5,-33.55082181553442,-32.58789149093449,-36.464629193302216,-110.0,-44.270529735591985,-45.72495334493686,-110,-51.174234800573494,-46.53345766541947
84,-4.61654,-2.58647,1.5,-35.59643978399068,-40.75262163022722,-40.71848602535281,-110.0,-39.708747578470245,-36.715959528830545,-110,-44.073923897093906,-53.50208941883624
83,-5.61654,-2.58647,1.5,-36.78712220590483,-39.90932173067507,-33.40091330007445,-110.0,-35.31471809662712,-38.327460752021395,-110,-36.62316493170693,-38.75970691409368
122,1.38346,-0.586466,1.5,-39.679920807976046,-46.50222239767365,-43.520990848475655,-110.0,-43.18536945552781,-42.82820295160205,-110,-40.477586678616376,-33.47860962544908
214,-2.61654,5.41353,1.5,-48.09912506300917,-55.80306959389796,-28.57915133508324,-110.0,-40.34238606115968,-58.28003996779973,-110,-34.55547189093782,-47.43111258474781
202,1.38346,4.41353,1.5,-55.49220866025397,-35.88476998017844,-53.76895995604575,-110.0,-44.37197581090116,-35.0977779948605,-110,-42.84193134298749,-54.129906522684
239,6.38346,6.41353,1.5,-51.42636603446101,-28.786687469880828,-57.804810922130784,-110.0,-40.56660549911264,-37.61319075200953,-110,-46.966264435806615,-32.04898576314333
155,2.38346,1.41353,1.5,-37.7730287123419,-59.07687540420138,-42.85863025508881,-110.0,-37.6907279815099,-32.38693079530578,-110,-31.257056755013988,-43.93471014348039
216,-0.616541,5.41353,1.5,-39.0880948529597,-22.763060876480036,-38.899025993407555,-110.0,-51.2544257593228,-53.576110537796424,-110,-42.13070022862426,-59.56818712796072
229,-3.61654,6.41353,1.5,-63.27169287377212,-33.125603891880964,-51.98581981067757,-110.0,-54.936747978611066,-54.27602621113191,-110,-46.67594988348078,-38.840706948518815
193,-7.61654,4.41353,1.5,-33.81192253991414,-46.16362062700748,-31.554304741448647,-110.0,-38.5860650716685,-58.784475251534715,-110,-41.73946266869478,-49.01362911358834
131,-5.61654,0.413534,1.5,-39.77648875910744,-38.520259923645035,-49.22409517684977,-110.0,-35.39419920974294,-45.30786896117107,-110,-40.04499021308055,-38.71522494311579
70,-2.61654,-3.58647,1.5,-33.164713506374625,-34.24412238051106,-24.88967252255312,-110.0,-44.110073793351326,-41.45641072988155,-110,-35.489762444125944,-37.12481911538962
179,-5.61654,3.41353,1.5,-29.250204656804712,-55.14184988781925,-39.8233612915948,-110.0,-42.081658199473466,-40.15817632646076,-110,-36.85864789722688,-49.38268285224781
70,-2.61654,-3.58647,1.5,-34.07923638609872,-34.340464299245824,-27.598861852039647,-110.0,-49.98577435164085,-40.87788947767759,-110,-33.21567000077843,-34.57446750860756
60,3.38346,-4.58647,1.5,-51.412202110137976,-52.22186591214423,-49.01718610286902,-110.0,-37.98404912144113,-37.53100982221501,-110,-38.13633051444477,-33.2362422228959
71,-1.61654,-3.58647,1.5,-41.99688714447845,-53.703822247309034,-28.24846759313,-110.0,-41.54651555033038,-55.11166534620411,-110,-33.40827707906514,-49.991373795952775
178,-6.61654,3.41353,1.5,-26.252835630027757,-38.87004952027067,-35.681911446597105,-110.0,-88.4481808975389,-39.49583363204069,-110,-40.144408264073014,-41.81830883775708
90,1.38346,-2.58647,1.5,-54.67502841110071,-47.96429395470118,-45.061211055432395,-110.0,-32.15188139815127,-36.87832113462192,-110,-39.46014468220237,-34.91937954232494
74,1.38346,-3.58647,1.5,-40.95787807706304,-40.05692684002575,-36.57709104461341,-110.0,-38.146114218795105,-44.42096524416203,-110,-39.21460854673479,-45.28777480082843
150,-2.61654,1.41353,1.5,-28.767562985046094,-32.92289584129219,-40.44252049623064,-110.0,-44.355749976404454,-41.40097019152115,-110,-34.73766613764114,-40.4473940707836
2,-6.61654,-7.58647,1.5,-35.228470621436784,-45.60080104661825,-40.90192144769888,-110.0,-38.694358324965826,-44.36207037396348,-110,-47.00276527083056,-38.59829857892127
165,-3.61654,2.41353,1.5,-35.96172250156577,-32.36682147249975,-36.78041044238136,-110.0,-38.689801106912995,-72.46682295045156,-110,-28.04321280726862,-48.09590978019965
118,-2.61654,-0.586466,1.5,-40.15982512613561,-38.306598305721664,-34.489223383543276,-110.0,-48.85099115252434,-39.11369075722902,-110,-33.46284663530473,-41.52870276158697
212,-4.61654,5.41353,1.5,-28.51728735028316,-45.88488461026317,-42.237533935058934,-110.0,-52.93899413756285,-46.859319988184374,-110,-34.69112520832961,-47.62488457220456
118,-2.61654,-0.586466,1.5,-40.16349725819221,-34.03563855018833,-39.40576261840858,-110.0,-49.137476905148205,-37.03695195588948,-110,-41.97539162440966,-40.84480481962049
111,6.38346,-1.58647,1.5,-37.982357896160565,-55.568911075099265,-42.31534491755306,-110.0,-30.824267460055943,-39.35961264803378,-110,-31.865668452286172,-35.02274910758769
176,7.38346,2.41353,1.5,-56.82610517538131,-51.12971952919142,-50.844720295613136,-110.0,-42.877001661179385,-27.968915365124364,-110,-34.67725785093424,-42.74438621512862
65,-7.61654,-3.58647,1.5,-36.84714103716464,-43.72373715503789,-33.77006777430319,-110.0,-33.398728069963084,-44.1451773722582,-110,-40.91072397272193,-48.274805210574534
18,-6.61654,-6.58647,1.5,-42.680489768526435,-35.244492431537935,-35.651251201548284,-89.70607691187396,-37.535510487555,-46.54449833563042,-110,-38.68869840884886,-47.12959715454696
203,2.38346,4.41353,1.5,-40.686046012902,-34.46787916422113,-57.97978246838438,-110.0,-40.71914985476912,-33.30010570477246,-110,-47.978202310233414,-39.16431633927221
135,-1.61654,0.413534,1.5,-42.32785247053838,-36.419199913483126,-30.111681521859992,-110.0,-49.39252120900721,-42.978922919587056,-110,-25.91623378170304,-40.52316961557617
139,2.38346,0.413534,1.5,-42.56634205273166,-50.39014853203483,-50.90978625464832,-110.0,-43.46211538099961,-31.41969917682361,-110,-35.379372593674894,-39.1010664255749
216,-0.616541,5.41353,1.5,-35.24722515159797,-27.65789283086211,-34.45088892000757,-110.0,-54.05782933825707,-55.61262632377716,-110,-39.157801758307315,-63.79803843271445
85,-3.61654,-2.58647,1.5,-36.058714476031845,-53.95371769354781,-39.81103039164293,-110.0,-39.01324963381635,-39.20098058527455,-110,-39.058054220807094,-64.83156329050942
73,0.383459,-3.58647,1.5,-34.75078376391416,-45.85837064279529,-74.46009725182,-110.0,-33.019561358125955,-36.80718907387506,-110,-38.10360949516501,-33.38843370469217
174,5.38346,2.41353,1.5,-46.50469495998607,-55.21667407618704,-44.36256339566121,-110.0,-34.47150042913588,-30.965911304049612,-110,-37.17943679947285,-46.917218882527344
84,-4.61654,-2.58647,1.5,-43.1358649711773,-40.84259841839332,-45.408055627129,-110.0,-45.247409511085614,-43.40844565590773,-110,-38.91020676891456,-53.52726130934288
138,1.38346,0.413534,1.5,-39.974479878685734,-59.84421850460946,-45.250871966936266,-110.0,-37.24624385644986,-59.57915490820063,-110,-30.85814673205303,-32.51106904258876
59,2.38346,-4.58647,1.5,-40.2645371555797,-53.94458911752609,-41.57061663314492,-110.0,-33.38940126185036,-41.876871122166214,-110,-35.66256775828703,-35.170304214939385
212,-4.61654,5.41353,1.5,-31.188467177915495,-37.62744112865526,-42.30628371983484,-110.0,-49.67375099214671,-52.28323681004581,-110,-30.528446490351076,-57.35056747706432
198,-2.61654,4.41353,1.5,-36.575631361331574,-31.462576901040016,-47.733953499828104,-110.0,-54.18597377245314,-44.690909567079466,-110,-25.456499070593644,-44.04868023740703
19,-5.61654,-6.58647,1.5,-37.611484000477255,-49.93198695176224,-48.42950436284852,-110.0,-47.35995642202414,-43.42047055387355,-110,-45.63498609235931,-55.03273798234136
169,0.383459,2.41353,1.5,-30.163625099238953,-55.00408192680596,-62.480689448453845,-110.0,-26.60405918541092,-30.48866744096953,-110,-28.97624041662243,-78.79103180512362
96,7.38346,-2.58647,1.5,-40.36061334550624,-40.89018805522173,-33.5716559851961,-110.0,-44.39129217398964,-30.19325685469459,-110,-46.87742935442223,-33.07887441943536
68,-4.61654,-3.58647,1.5,-36.41342711647417,-36.6928851288314,-37.73038712808221,-110.0,-33.89417309889711,-47.870399549169434,-110,-39.01498377079364,-56.0858432358082
92,3.38346,-2.58647,1.5,-64.62103255234598,-55.85296320653861,-33.05501598600438,-110.0,-42.10725739441946,-28.284655248170495,-110,-40.40513152732542,-33.93550593475468
40,-0.616541,-5.58647,1.5,-50.72155490903907,-42.89823061504659,-25.85965219406094,-110.0,-39.417601177974205,-46.45031629088637,-110,-50.13383646034896,-48.37841937262543
24,-0.616541,-6.58647,1.5,-39.55714463421598,-39.58043288402603,-37.053769942604674,-101.7391912437068,-33.99774327041985,-61.90702932841011,-110,-43.81360715262548,-62.31581366703251
8,-0.616541,-7.58647,1.5,-34.07295145142599,-35.02654239505811,-49.83926984339632,-110.0,-48.46634117040568,-42.35217795867109,-110,-44.84456360535158,-43.952841021449515
40,-0.616541,-5.58647,1.5,-53.95851804877991,-45.59319186879537,-29.964694095314268,-110.0,-45.883285459006906,-46.10836118393097,-110,-42.51662197684987,-45.64618204452318
17,-7.61654,-6.58647,1.5,-44.19843839441496,-41.4032106616153,-33.19283221476932,-94.05005589979804,-51.40645657283371,-51.45649527761446,-110,-44.122261383927736,-44.70010073062738
192,7.38346,3.41353,1.5,-54.96187130786437,-56.53798640405356,-44.49997058343553,-110.0,-39.726552410664375,-21.26183223859169,-110,-28.171673252923338,-40.30671529601375
36,-4.61654,-5.58647,1.5,-38.52308658844736,-44.92343961631641,-29.683879570027305,-110.0,-32.91494813939069,-39.74282206114928,-110,-48.963852448851696,-33.46060592866799
216,-0.616541,5.41353,1.5,-32.079873474928746,-22.684987014658763,-37.74990006426743,-110.0,-52.45393061498057,-59.91230706096083,-110,-42.72085599771853,-59.89531032281256
123,2.38346,-0.586466,1.5,-48.37049217761081,-51.210422212860344,-58.084131691553594,-110.0,-44.050715472390145,-42.50592726042456,-110,-39.79468203336621,-40.01938821277753
232,-0.616541,6.41353,1.5,-30.99127073083607,-18.05533790949532,-35.44382823175505,-110.0,-50.5692233545064,-56.55350739418905,-110,-74.69058786792287,-47.249715684067574
213,-3.61654,5.41353,1.5,-46.43618783782798,-35.11283679052217,-43.36673572183888,-110.0,-47.24073344140729,-54.31443417281171,-110,-34.562728827371664,-49.45074543028503
221,4.38346,5.41353,1.5,-47.47397877979693,-37.34312906359909,-54.50537670682488,-110.0,-37.551528306503826,-49.995163345134266,-110,-33.32135132796476,-50.0343443441829
141,4.38346,0.413534,1.5,-36.53269337383675,-52.123172426451355,-44.85603536879912,-110.0,-36.7543275696132,-35.79746058786669,-110,-34.188774183627096,-28.835743624209556
134,-2.61654,0.413534,1.5,-34.09797290133394,-35.659883311087924,-41.87535462672965,-110.0,-49.62697703399435,-35.233423243160416,-110,-30.62035358757139,-60.65021408802696
21,-3.61654,-6.58647,1.5,-36.135809906953675,-38.80305342121826,-38.18265928746135,-82.97950470697148,-31.095665885116237,-47.63250500975573,-110,-42.15612117655011,-39.35770666870551
157,4.38346,1.41353,1.5,-35.600138094585205,-35.69184521062701,-43.30908680593741,-110.0,-45.20866049529365,-45.201634585562104,-110,-30.23768688043979,-36.88814478929005
51,-5.61654,-4.58647,1.5,-40.23697264361829,-42.1373025973021,-37.81896921095287,-110.0,-32.774421961148505,-49.48362242328732,-110,-48.08612912050359,-42.409551362667955
194,-6.61654,4.41353,1.5,-22.803487226518705,-42.73194360751911,-35.565924933883466,-110.0,-48.009177045442065,-51.345597564073145,-110,-41.52141650240861,-36.966515723037745
45,4.38346,-5.58647,1.5,-43.0703983467661,-47.1417455420009,-27.79913328140716,-87.93537337133444,-31.64111949140278,-38.86461656052138,-110,-38.990029115120336,-38.471864862492275
121,0.383459,-0.586466,1.5,-38.33615163143038,-52.01464579757994,-50.705378784011685,-110.0,-39.13750437367155,-33.217713067558265,-110,-29.8002677965125,-38.10865588169128
128,7.38346,-0.586466,1.5,-51.98020300155013,-54.51916685389411,-38.04960964724644,-110.0,-42.6626053020344,-45.96422635344429,-110,-35.66486615225777,-40.865671028508366
161,-7.61654,2.41353,1.5,-28.061509884933024,-45.061087970057955,-40.33362314063655,-110.0,-36.57240873122799,-44.09618149210569,-110,-36.06225271249181,-49.4141571408659
120,-0.616541,-0.586466,1.5,-50.22223558394399,-27.733560407390986,-32.1037075377605,-110.0,-46.44629450213608,-38.35021063836241,-110,-32.70162355439699,-46.85336241715196
184,-0.616541,3.41353,1.5,-43.37912544678866,-33.82296933511957,-36.14870184167839,-110.0,-42.635147604531866,-28.03787102348502,-110,-28.70638460314744,-41.932198038244266
3,-5.61654,-7.58647,1.5,-36.4321942077286,-60.8162937030831,-37.07892590429749,-110.0,-35.14559421186324,-41.33370833884824,-110,-36.60236870970407,-45.65368589040499
197,-3.61654,4.41353,1.5,-30.143249711796273,-35.619813954980714,-42.58799906760291,-110.0,-36.19870127802342,-54.72713663879196,-110,-30.397059651453823,-49.96413935454259
16,7.38346,-7.58647,1.5,-42.52047795960773,-42.56777597936298,-50.43028485278161,-81.55284368555924,-44.86238392342849,-33.89847039083165,-110,-30.894717184442968,-31.474555113977125
217,0.383459,5.41353,1.5,-34.59936076805298,-26.6380254711186,-45.856452521541584,-110.0,-48.35776950574317,-37.912724753088845,-110,-21.43405713235309,-36.962851253028965
175,6.38346,2.41353,1.5,-57.69407258411505,-55.88285743887833,-42.05809130402822,-110.0,-38.01012389366905,-35.13463356280778,-110,-32.68230894334155,-43.92961669428171
34,-6.61654,-5.58647,1.5,-54.12635835385548,-38.765141797508015,-32.65714760492534,-110.0,-44.27388963767051,-50.07520331077016,-110,-42.44696911864617,-40.85708730130424
59,2.38346,-4.58647,1.5,-41.792850171253455,-56.01638012923991,-36.02057832405695,-110.0,-27.8240281971515,-38.373093721142496,-110,-41.259817202748984,-31.09627025142138
134,-2.61654,0.413534,1.5,-33.825037636382504,-36.3357687860606,-40.26585520769888,-110.0,-49.51046673528917,-31.853849175520715,-110,-31.747479785599875,-54.89796098122062
98,-6.61654,-1.58647,1.5,-41.78711696073693,-28.876554718932272,-41.128211736803195,-110.0,-45.45515241890555,-37.90008096085099,-110,-46.79551780962851,-53.925510828203606
126,5.38346,-0.586466,1.5,-33.278101359944706,-51.880970968000675,-47.29308930593223,-110.0,-35.40406737135168,-36.10676650044442,-110,-33.31085712614713,-47.02135653920978
74,1.38346,-3.58647,1.5,-39.64227429191827,-47.80471692126512,-39.9767385402311,-110.0,-35.78701413347045,-44.641085402874765,-110,-38.12919873994921,-35.66656463258973
181,-3.61654,3.41353,1.5,-38.23484779405288,-38.00199942979595,-40.07997286208518,-110.0,-39.0604964961217,-35.874752950287174,-110,-39.20513177799315,-59.669802502589384
107,2.38346,-1.58647,1.5,-53.532029765928314,-47.42732040911965,-48.31983827302914,-110.0,-43.935890994876,-49.65307018967327,-110,-38.341015914822854,-34.812724395128704
52,-4.61654,-4.58647,1.5,-47.088293083652985,-35.575348261045654,-26.543839325816183,-110.0,-39.02043475234986,-43.61195273883367,-110,-41.99618775308295,-53.75647145017229
49,-7.61654,-4.58647,1.5,-40.121339931643995,-41.02514995187791,-37.76543679715509,-110.0,-40.580660183516954,-56.99033958889344,-110,-41.66143885520829,-35.45995614698325
101,-3.61654,-1.58647,1.5,-32.113835318770995,-38.126411382225314,-40.30214513757717,-110.0,-48.89641017649885,-58.87925284228609,-110,-45.53248867485941,-45.64048200155453
108,3.38346,-1.58647,1.5,-40.25257890356973,-59.09501325488137,-41.48539942525817,-110.0,-45.81338575110991,-37.344915623602034,-110,-46.988687464774074,-36.62914624806139
155,2.38346,1.41353,1.5,-45.40695338308699,-62.78588329266536,-46.32494577740081,-110.0,-31.62126530470809,-35.515515775361905,-110,-34.9724490761607,-42.907520788103845
117,-3.61654,-0.586466,1.5,-42.236914319940674,-42.751832294373415,-39.8840849426364,-110.0,-39.54785546912551,-39.065483827378586,-110,-25.845423686588497,-38.58355494885289
181,-3.61654,3.41353,1.5,-29.926499100128687,-43.48443286707124,-47.54632723017603,-110.0,-33.59605704968095,-37.70658906305127,-110,-29.085635423414512,-56.883231973741914
16,7.38346,-7.58647,1.5,-42.744401763580214,-41.05707786360379,-44.83513965083264,-83.73018080375577,-50.19078711702875,-41.28459083200059,-110,-38.89950349587682,-32.03417712991312
73,0.383459,-3.58647,1.5,-36.85363282679886,-45.18592822794798,-72.46734612378599,-110.0,-31.14246969203721,-36.41906264651851,-110,-34.09233624788841,-39.37745171931418
75,2.38346,-3.58647,1.5,-54.25833764842421,-47.51599759904232,-47.18825579491028,-110.0,-32.56456630822593,-37.61245541657501,-110,-33.3145777789509,-34.93589936642147
133,-3.61654,0.413534,1.5,-35.868165178515305,-40.71219633493966,-41.20022956922405,-110.0,-45.254039964731845,-39.87981929181966,-110,-36.92601807467207,-51.24013261275225
46,5.38346,-5.58647,1.5,-40.2038344220027,-41.14088278807691,-46.560634257192625,-94.61349138060336,-35.12265246788772,-35.047762542428906,-110,-32.952527623124034,-31.14137152009976
198,-2.61654,4.41353,1.5,-41.527193167980904,-33.07396702442955,-45.81747840081882,-110.0,-52.92020770337611,-44.996053301574904,-110,-33.391000380341545,-42.19249561568037
238,5.38346,6.41353,1.5,-68.65954268086696,-42.932424913336135,-39.42986765686095,-110.0,-47.27228568992443,-29.381497875362843,-110,-42.48665867833926,-42.30994039032296
82,-6.61654,-2.58647,1.5,-47.64475708020156,-51.40091645813609,-42.36845728854671,-110.0,-50.13185895440737,-67.59728499129336,-110,-47.41124799824635,-37.486248441859495
179,-5.61654,3.41353,1.5,-30.825740824209888,-48.74861123547522,-37.37525803565081,-110.0,-35.4808230930785,-45.12557669505486,-110,-39.466167201291434,-44.84396240624987
42,1.38346,-5.58647,1.5,-45.691415465968134,-58.59603502822493,-34.5102264967818,-85.96007810745274,-25.544408971386375,-31.058357611808564,-110,-43.21689669491692,-40.01901387387289
154,1.38346,1.41353,1.5,-34.965917365887364,-57.478930167991464,-44.84869809303514,-110.0,-37.23235210445049,-40.99155829002333,-110,-32.82278778986285,-34.38170501594325
68,-4.61654,-3.58647,1.5,-42.34711191090546,-32.26356137663936,-33.350610430327485,-110.0,-32.30945337620023,-50.14918699058794,-110,-37.35279094923796,-52.04981223035663
217,0.383459,5.41353,1.5,-33.6551192729015,-22.490876769429125,-51.74957100444013,-110.0,-48.35255856589311,-33.03272430244625,-110,-24.963445582943542,-34.982800746024374
43,2.38346,-5.58647,1.5,-48.0642235073941,-53.50388892732117,-42.742779555669514,-87.31884798150547,-31.6097252012294,-42.67937066661659,-110,-35.67247759864823,-36.75104491304532
51,-5.61654,-4.58647,1.5,-39.48457886095149,-38.57460169669826,-35.90700874437651,-110.0,-34.56290721001219,-48.597720264778694,-110,-46.19203029341027,-45.813647946811905
220,3.38346,5.41353,1.5,-41.38063143942387,-36.659252418503215,-50.32317818049982,-110.0,-37.34813214761117,-34.29084217303625,-110,-48.19932537990943,-45.83218564271248
1,-7.61654,-7.58647,1.5,-110.0,-110.0,-110.0,-68.92127646966472,-84.63468508855439,-110.0,-110,-110.0,-110.0
82,-6.61654,-2.58647,1.5,-51.446534567174695,-54.34043744848488,-36.27917251756246,-110.0,-49.17409747692487,-64.23560595900618,-110,-49.73997774987435,-35.58734799467787
84,-4.61654,-2.58647,1.5,-37.326337237997585,-40.90609009306956,-44.48239491478525,-110.0,-38.64980725465914,-45.36593877281468,-110,-37.01972870506953,-49.405394040521
25,0.383459,-6.58647,1.5,-52.30590590057689,-48.704257201822266,-39.07877837740018,-95.67266063150842,-31.0095029429161,-40.36570263272033,-110,-38.05361966049305,-37.504350049856406
193,-7.61654,4.41353,1.5,-33.22201855869725,-44.15698585104126,-34.35921588390179,-110.0,-45.53531326902476,-60.28555414628255,-110,-41.77647241876251,-48.30202217551572
174,5.38346,2.41353,1.5,-48.37010306932569,-61.96264712817469,-43.831044238731145,-110.0,-31.55963409535118,-30.558415909504305,-110,-37.20682858655032,-50.159339923491146
152,-0.616541,1.41353,1.5,-34.9538370468145,-31.007769531590903,-31.982258114239787,-110.0,-39.32625136465299,-40.29543013368045,-110,-27.12635685749717,-45.83970896751315
169,0.383459,2.41353,1.5,-34.86780758930266,-47.83278964620435,-56.00400101121824,-110.0,-30.822584288313276,-30.192753852154013,-110,-29.539116074935123,-74.23137865004573
35,-5.61654,-5.58647,1.5,-33.396950920046834,-40.494569704568505,-37.513691301168286,-110.0,-29.284996581551276,-46.66695551389203,-110,-44.31074693804292,-35.689846702260475
174,5.38346,2.41353,1.5,-46.5034136592815,-61.38065209416345,-42.14683040110484,-110.0,-32.16552282624311,-30.792240190056972,-110,-33.12757149791149,-42.721126655778555
81,-7.61654,-2.58647,1.5,-38.87815452569087,-43.75054612031396,-34.377578465944794,-110.0,-44.04208482071142,-45.0223224424914,-110,-45.23316777966732,-47.4141088491907
190,5.38346,3.41353,1.5,-53.892879762399765,-48.80892884428428,-45.9720959310111,-110.0,-40.04456383086465,-31.09403845067805,-110,-37.16148916561362,-38.91306433467843
159,6.38346,1.41353,1.5,-52.12986584099812,-56.50305708485644,-38.26566355745091,-110.0,-39.421636953223555,-28.37306802543969,-110,-53.31424772971543,-49.638850581318266
51,-5.61654,-4.58647,1.5,-29.232423099423492,-41.54158947480772,-41.89375349844936,-110.0,-34.369040248764854,-45.41140227167797,-110,-47.67129701554017,-45.435333631215734
121,0.383459,-0.586466,1.5,-39.59365759274781,-48.58213708093942,-46.707661339218795,-110.0,-30.366675995872345,-36.29207378680057,-110,-35.59188339621667,-37.25599204972688
55,-1.61654,-4.58647,1.5,-34.74776084421235,-49.57401229055759,-32.87298485826968,-110.0,-48.571949208988855,-49.90059358302602,-110,-35.25783929021854,-47.42295217885865
67,-5.61654,-3.58647,1.5,-30.185117478059503,-29.24773261009887,-34.775101946642806,-110.0,-39.05634015825243,-51.29293770561042,-110,-49.2684228626086,-60.345449602876045
84,-4.61654,-2.58647,1.5,-44.77850249042342,-38.05678080329338,-47.482111320589055,-110.0,-47.931266600381136,-36.25429607222284,-110,-46.86516771017355,-47.86231383428387
100,-4.61654,-1.58647,1.5,-47.60017071656801,-39.61404326194213,-36.00014157446553,-110.0,-34.04765711414257,-43.49399741205075,-110,-36.518846643356746,-48.60249207323691
66,-6.61654,-3.58647,1.5,-44.52945105995532,-46.938169456826856,-31.56198292329809,-110.0,-34.58943625861205,-53.64933785819872,-110,-47.56959964162589,-58.235497069153794
100,-4.61654,-1.58647,1.5,-46.14535422515646,-38.978798183728784,-32.92336706345316,-110.0,-39.04111299739884,-41.945812709852454,-110,-34.2836333865208,-51.93853238482163
170,1.38346,2.41353,1.5,-42.26455173720481,-43.8674505647455,-46.99308124301516,-110.0,-38.31221329194798,-40.71297738242816,-110,-28.676402627961483,-54.97239657854714
18,-6.61654,-6.58647,1.5,-39.612647888796026,-36.07704036613949,-34.84571494296903,-81.8908689802247,-39.98111146210437,-42.13785311780502,-110,-42.04961811052495,-42.316237621887815
192,7.38346,3.41353,1.5,-57.325974043238034,-57.35332512607051,-43.492505121081635,-110.0,-40.723979177608314,-16.082514701994807,-110,-31.7843354073177,-38.84026453093316
50,-6.61654,-4.58647,1.5,-48.63298134529712,-32.33848560251576,-30.432965630598066,-110.0,-42.547601645745786,-40.84238989831642,-110,-43.83916885494362,-47.54994074489909
179,-5.61654,3.41353,1.5,-36.04429945031018,-54.06609066231814,-34.29689464080268,-110.0,-40.868451373795146,-39.37178547250544,-110,-37.400541095946274,-47.693285598358074
177,-7.61654,3.41353,1.5,-33.66435043053562,-40.53072951843773,-48.212279736041594,-110.0,-39.55062879482825,-35.99023378649328,-110,-38.69508128928068,-45.98639249889042
208,7.38346,4.41353,1.5,-44.688030984522115,-41.56606549841885,-52.78440350032122,-110.0,-51.82868507826856,-27.073101044017893,-110,-26.125881953634433,-44.451091883080565
186,1.38346,3.41353,1.5,-48.03867249566024,-45.32939151117878,-53.50100349819432,-110.0,-27.874136331966767,-34.783484747137685,-110,-23.098076283414525,-44.59186043181076
231,-1.61654,6.41353,1.5,-33.68401011136728,-18.822298113740832,-30.782863542071137,-110.0,-47.121513304334094,-50.24532047069927,-110,-43.13475603107209,-51.24078591988618
142,5.38346,0.413534,1.5,-44.52781642293588,-36.67127407494681,-51.0617410681804,-110.0,-48.179849727489426,-31.53025702311843,-110,-36.65212853181413,-37.3037850173248
58,1.38346,-4.58647,1.5,-40.05425975327295,-45.65794410896686,-48.56068870835361,-110.0,-39.98113428195013,-33.46217709392605,-110,-46.48917914884532,-37.4747312864382
118,-2.61654,-0.586466,1.5,-40.70806057231381,-37.22800402470988,-41.124950986741105,-110.0,-51.677423814594704,-35.67149232673411,-110,-35.435127651409104,-39.021407238563825
60,3.38346,-4.58647,1.5,-37.53552963568312,-51.10051484654,-40.835298249218845,-110.0,-36.026303292073266,-33.49968409734756,-110,-34.04739539388712,-34.359902904067596
5,-3.61654,-7.58647,1.5,-40.936646523509026,-37.0477428261222,-38.75539018309485,-110.0,-34.46235954904074,-56.88214483501471,-110,-58.107463923724545,-35.91731585987557
76,3.38346,-3.58647,1.5,-44.07056779671693,-42.98694054493544,-44.04727022577747,-110.0,-33.961666806279226,-40.59946838702366,-110,-35.911613714752434,-32.555937054466106
196,-4.61654,4.41353,1.5,-37.65376958564538,-34.36890862965109,-33.12972076712728,-110.0,-47.04556542769837,-53.92506618289596,-110,-40.92063254962304,-46.75769250270971
70,-2.61654,-3.58647,1.5,-34.67394796859965,-34.35348769079359,-22.12448269095085,-110.0,-49.361265730369205,-45.67815538471372,-110,-34.58168197167736,-35.57206164513568
136,-0.616541,0.413534,1.5,-38.768751927870866,-33.50996142649294,-37.636088729328584,-110.0,-64.29850797458754,-49.81389617743274,-110,-31.501775858483196,-48.51160591037518
208,7.38346,4.41353,1.5,-48.048724521517215,-45.402360075531234,-60.02640055853293,-110.0,-50.30664684365829,-25.44996688549125,-110,-29.859583923041992,-31.033118401381163
51,-5.61654,-4.58647,1.5,-28.16242637377533,-45.34102659196259,-40.84031177526059,-110.0,-33.012141628507074,-46.65131165613717,-110,-42.51727807723003,-51.17806419586668
7,-1.61654,-7.58647,1.5,-35.31299104351397,-40.64733562631342,-32.78037908063444,-110.0,-26.504059047882237,-43.73915673574482,-110,-36.94304439762007,-51.262078444982805
69,-3.61654,-3.58647,1.5,-33.68739904615653,-47.364117415696576,-32.85558691694956,-110.0,-39.74032340701847,-45.91427878820567,-110,-41.23925968996948,-45.98855868288237
211,-5.61654,5.41353,1.5,-26.64813244482896,-39.70518208076494,-34.37795817017116,-110.0,-53.61430415158238,-55.9799511705725,-110,-42.47533473192871,-39.85923130574266
218,1.38346,5.41353,1.5,-39.16028197188778,-37.69652093222155,-51.35627493838372,-110.0,-41.02946970356882,-52.968722516038426,-110,-32.97398598263636,-40.738990887501366
45,4.38346,-5.58647,1.5,-41.27340433998709,-45.07994281602716,-32.87196899769637,-90.90825062034033,-25.810176941226775,-29.135054477042814,-110,-38.24139094387346,-36.82082262172871
140,3.38346,0.413534,1.5,-31.129135447602685,-52.11409115464305,-46.820295314887,-110.0,-48.72895179636593,-45.13108254316244,-110,-36.66535448291618,-50.76094429393043
200,-0.616541,4.41353,1.5,-45.798748820886395,-26.096204861208495,-36.70439177769923,-110.0,-50.58379503390201,-42.88949469486008,-110,-31.22749625125274,-38.01550207221995
68,-4.61654,-3.58647,1.5,-42.71681480387477,-33.82782343962775,-34.771473917290685,-110.0,-38.258735049439856,-51.6614812747169,-110,-38.63203375452793,-58.42962120589092
16,7.38346,-7.58647,1.5,-44.626853376569954,-45.09881137148488,-43.65739558378094,-80.20002788883136,-51.33868164134206,-33.82114968228197,-110,-32.26994806282089,-34.709739873319535
84,-4.61654,-2.58647,1.5,-37.22847219573582,-39.81819398007245,-46.040710187327704,-110.0,-37.67177931364198,-39.2915950061159,-110,-43.03352607436457,-51.62891036808391
122,1.38346,-0.586466,1.5,-43.75443956184118,-42.68286344504013,-41.31050859673006,-110.0,-42.18415497490396,-47.33329805218842,-110,-33.8774097272689,-33.006451101446956
183,-1.61654,3.41353,1.5,-32.35583628364357,-32.06859994748482,-43.51463806307723,-110.0,-49.2110503473017,-43.160687519957634,-110,-27.445517015761887,-46.45599730757286
66,-6.61654,-3.58647,1.5,-44.10131530276357,-47.70093962067465,-37.81846825080003,-110.0,-40.877278068432425,-46.01420023795868,-110,-48.33184138049581,-61.810399582904935
207,6.38346,4.41353,1.5,-34.458134408593644,-47.232715690403445,-53.031048622982325,-110.0,-54.080003828818576,-39.30679599929813,-110,-35.21814755562039,-43.38817041274505
124,3.38346,-0.586466,1.5,-39.00662444377501,-54.0604039209864,-57.72693698016691,-110.0,-39.53936334478115,-31.70431155344272,-110,-31.695826971511096,-42.508327069383775
128,7.38346,-0.586466,1.5,-52.37844642912543,-54.73961531627205,-42.616481245557374,-110.0,-33.17016748908984,-50.10453517296272,-110,-31.779377851242103,-32.47495941536968
219,2.38346,5.41353,1.5,-40.301890499438606,-33.45636094129474,-56.69346532280676,-110.0,-39.929060354919365,-35.13496748430701,-110,-33.1355063515937,-35.604931438223794
61,4.38346,-4.58647,1.5,-43.453869691529086,-46.93812791100076,-33.59853123516635,-110.0,-33.93906425022164,-46.8017581710871,-110,-37.63424469056171,-38.60586301366271
11,2.38346,-7.58647,1.5,-41.49614213454239,-57.63732877457143,-26.160500046672304,-82.82330548906464,-23.707144589200972,-34.12395720709015,-110,-42.77050005603942,-37.64240317656101
207,6.38346,4.41353,1.5,-30.158513816530377,-44.514489489876894,-53.343112824859205,-110.0,-56.97227390488725,-39.80435263628783,-110,-36.76427581607112,-40.42715035425016
143,6.38346,0.413534,1.5,-52.917754387144306,-55.606896222308094,-47.10883646386405,-110.0,-39.29536112093672,-28.40610906813843,-110,-33.599106291330614,-40.037069218414665
62,5.38346,-4.58647,1.5,-36.7812347737348,-42.41915310921945,-46.65580569195993,-110.0,-39.618919924356504,-35.96610627077782,-110,-40.33130088791864,-36.531384243357294
115,-5.61654,-0.586466,1.5,-36.11217437639131,-34.01045569524499,-47.92932553514269,-110.0,-40.2411451843257,-28.007100075495416,-110,-41.112291509991,-40.43127792458103
138,1.38346,0.413534,1.5,-40.44638656054486,-55.2799969298606,-39.879519857354616,-110.0,-37.62144802255205,-56.55952407832589,-110,-32.62834602630395,-38.148539034756055
14,5.38346,-7.58647,1.5,-53.734259468318264,-56.04779737749507,-45.09331119576992,-110.0,-32.13869632248803,-35.618275710986374,-110,-41.49373380138072,-22.53707565045872
25,0.383459,-6.58647,1.5,-56.5909342742202,-50.52880411829631,-40.94735553739251,-98.61109670771764,-33.35966176372979,-34.65252459230801,-110,-34.717476794109174,-34.94699113744279
52,-4.61654,-4.58647,1.5,-43.53927215266724,-36.844000930813415,-35.040655171292315,-110.0,-42.73338795925448,-44.92407248737808,-110,-41.60716554849152,-57.30582112626661
62,5.38346,-4.58647,1.5,-39.93566433089985,-40.91570508022627,-47.51175091864015,-110.0,-37.284193326684445,-39.10936202363918,-110,-41.3881238072428,-38.85669172352162
221,4.38346,5.41353,1.5,-43.525548591244295,-39.74858785971893,-52.445881533295584,-110.0,-39.48101862373298,-48.70416206068935,-110,-33.15492138556741,-51.09868178450274
51,-5.61654,-4.58647,1.5,-36.83964874115599,-36.58079552849988,-38.679969002231736,-110.0,-32.94140312445094,-55.76618216553691,-110,-45.100371575642725,-46.97710255731192
189,4.38346,3.41353,1.5,-45.6057120744209,-48.36281543795428,-49.56657830953327,-110.0,-44.67085394847439,-29.54068335050683,-110,-38.8827137182859,-51.68685849463038
219,2.38346,5.41353,1.5,-42.8949356534493,-25.76078710314719,-54.70091713747468,-110.0,-44.65928926591616,-40.9192676883493,-110,-34.59249996368029,-36.69518146873286
127,6.38346,-0.586466,1.5,-40.71993083132016,-34.56476434933088,-44.886077430016854,-110.0,-39.715296850485515,-29.620194324654427,-110,-35.260105073791735,-28.961811427635105
197,-3.61654,4.41353,1.5,-30.58068099594645,-31.44588262236742,-40.961715171928034,-110.0,-39.2688352582638,-52.58277250505242,-110,-36.80496359609937,-45.84912843696178
53,-3.61654,-4.58647,1.5,-35.74688422257246,-35.87138954275867,-30.34465552077673,-110.0,-37.93341126079004,-46.10163335725433,-110,-43.18395395550279,-68.97177286206482
109,4.38346,-1.58647,1.5,-45.9318299758379,-46.933573004679744,-34.11474415738972,-110.0,-39.34166979973516,-32.061347658561154,-110,-35.91764855394218,-38.54774839752936
158,5.38346,1.41353,1.5,-51.60118049952474,-61.7584390109619,-36.71689328964989,-110.0,-32.88332602487115,-52.31693254691268,-110,-47.27533229413915,-45.22925652274693
15,6.38346,-7.58647,1.5,-59.8669094033124,-51.3792125044415,-40.05626631000369,-78.73675536070817,-36.23880895122744,-39.858812497663365,-110,-48.01288033709761,-23.68251349332061
167,-1.61654,2.41353,1.5,-37.55248412796517,-33.06156888712605,-36.46441536800595,-110.0,-42.489398653361945,-34.31851854466139,-110,-32.83663374459052,-47.58632234783693
66,-6.61654,-3.58647,1.5,-56.71607335737202,-43.10597094913435,-36.18017677261163,-110.0,-37.823311524793304,-53.26652620675229,-110,-42.35556464406001,-57.21954766095218
239,6.38346,6.41353,1.5,-49.51768235906701,-35.45144892854801,-53.27600459372668,-110.0,-42.78864163132573,-34.79603366876904,-110,-44.9579431557396,-30.468704408302106
49,-7.61654,-4.58647,1.5,-39.449892479513856,-35.455196746270296,-41.15033309353569,-110.0,-42.98983264860741,-56.32964477075493,-110,-43.26636408636794,-41.489305497813504
146,-6.61654,1.41353,1.5,-40.110761166965325,-46.51515733648408,-37.70432935564696,-110.0,-39.70978628070726,-32.07606963638544,-110,-36.76539772801148,-44.31618904166072
183,-1.61654,3.41353,1.5,-35.73134907021241,-35.19096292965303,-38.55571931204923,-110.0,-48.223810859832774,-39.325125018003035,-110,-26.39700539960864,-41.63490315882513
148,-4.61654,1.41353,1.5,-35.573394696085295,-37.6319045572167,-42.925788434991105,-110.0,-58.05332417382528,-40.14567252431851,-110,-34.30762118549734,-43.96097662140005
164,-4.61654,2.41353,1.5,-40.774624074999736,-46.6234298581896,-36.11280325883853,-110.0,-42.56892504168139,-43.737843178366056,-110,-34.5345750780827,-49.79288213662241
31,6.38346,-6.58647,1.5,-48.333867921448785,-39.852273129559585,-34.516595300447314,-79.98430146350844,-30.26999641509083,-37.66657779292494,-110,-46.62701605519878,-37.25025263758252
151,-1.61654,1.41353,1.5,-29.224481430401553,-38.3800686462125,-26.803355216546652,-110.0,-53.15076358647077,-41.064219339409334,-110,-31.644456855195543,-55.3970598120557
88,-0.616541,-2.58647,1.5,-43.970504725257506,-31.946174698359567,-37.749535432772234,-110.0,-64.87604283095715,-47.549705082970085,-110,-31.863114826828618,-41.13839538760848
70,-2.61654,-3.58647,1.5,-37.05218612153472,-33.223168317596155,-31.96971065265678,-110.0,-45.88715033968245,-44.28301358384781,-110,-36.88952779039049,-35.87167402561047
233,0.383459,6.41353,1.5,-36.60881926152715,-29.73519687290042,-41.752149095127194,-110.0,-46.60294035246936,-38.97393176802518,-110,-47.197940749637965,-50.66027376685589
93,4.38346,-2.58647,1.5,-43.90939581086987,-49.81006283179598,-43.273006877592664,-110.0,-33.74682651142346,-39.37929224003963,-110,-30.45257002161214,-42.82901333615514
79,6.38346,-3.58647,1.5,-38.48962850117702,-53.21818790441037,-39.20710185307923,-110.0,-37.56987422165079,-36.81717472181332,-110,-49.69072645828579,-28.13765355952696
83,-5.61654,-2.58647,1.5,-43.54213723313021,-35.90080097107564,-41.10768455635881,-110.0,-40.00314177808838,-47.09817958122936,-110,-34.19430070450067,-43.41286222576079
118,-2.61654,-0.586466,1.5,-37.76995446089621,-37.54184059299107,-36.663889261403014,-110.0,-51.05608712698079,-36.35698207059338,-110,-35.62623177546053,-42.442202173356264
111,6.38346,-1.58647,1.5,-40.88105605937427,-54.33994274631587,-40.39101892953543,-110.0,-35.851588943636855,-40.80258180958822,-110,-35.01909782000801,-34.602674823873926
102,-2.61654,-1.58647,1.5,-32.39198399949099,-37.40260642221734,-36.62802757119586,-110.0,-38.96990045778591,-37.53864352789767,-110,-35.010701986732194,-44.96173268666602
239,6.38346,6.41353,1.5,-53.846083979577486,-33.17683823746098,-58.28627130678469,-110.0,-45.06267211185086,-36.56482939426145,-110,-42.6458881321313,-36.43574274310645
98,-6.61654,-1.58647,1.5,-38.06834377996993,-33.23171686212184,-40.2836161936502,-110.0,-51.4392730913025,-42.5210716959052,-110,-46.07605707482092,-62.49769833411666
66,-6.61654,-3.58647,1.5,-49.89160686577675,-50.20000777815574,-38.67418797790749,-110.0,-43.68958885422715,-55.956041441798064,-110,-43.56968915079847,-68.92501218113424
101,-3.61654,-1.58647,1.5,-29.90234038145258,-33.241452753384706,-40.58488863110884,-110.0,-48.35073106061933,-62.78251078206585,-110,-44.45490414257326,-48.517934455317736
29,4.38346,-6.58647,1.5,-45.0770385912536,-48.044637343902735,-43.9818028239119,-78.12646933149503,-34.65496849653077,-34.20080396303308,-110,-37.18317539952211,-37.413636534628054
190,5.38346,3.41353,1.5,-56.28342973534741,-53.1860423780408,-42.568804206182975,-110.0,-33.56640033698125,-26.70672686200548,-110,-40.3047876959232,-34.502850888393624
200,-0.616541,4.41353,1.5,-41.97467361416038,-30.07024768156856,-37.23107927658713,-110.0,-52.06544571514797,-42.57229296197992,-110,-34.763517501575876,-46.98003626483783
86,-2.61654,-2.58647,1.5,-47.733294667355686,-50.82569875700014,-36.80732387290264,-110.0,-43.594320266712735,-47.64340458172823,-110,-43.99218661298104,-41.31378701129364
174,5.38346,2.41353,1.5,-44.64347777500917,-53.68544314615026,-48.277084598495534,-110.0,-33.169238237283245,-33.2823425471647,-110,-37.83819129522375,-47.45732277345534
171,2.38346,2.41353,1.5,-35.39598218600629,-59.92276523883397,-39.30835067190956,-110.0,-48.12066692390859,-31.53128743209515,-110,-25.261648998845992,-46.513019842191746
65,-7.61654,-3.58647,1.5,-39.32302511923906,-39.78060771015979,-34.1063210475316,-110.0,-30.04061695306543,-49.29302529934624,-110,-33.36720496109049,-47.45392495005287
44,3.38346,-5.58647,1.5,-44.92625565796352,-56.938993755605985,-34.99999681317567,-99.78165514087142,-41.76613904760695,-32.70122333581864,-110,-49.114039657686966,-25.729578927712573
91,2.38346,-2.58647,1.5,-39.112337252002554,-50.75678087278223,-44.23040078610861,-110.0,-34.952826150331525,-39.740695409665406,-110,-36.59100551803685,-38.302037462081344
82,-6.61654,-2.58647,1.5,-47.66586807014764,-52.81857854865012,-42.565696638124805,-110.0,-56.86009825617913,-63.40433496138347,-110,-55.842246410104735,-35.83610622182689
100,-4.61654,-1.58647,1.5,-48.685406473608985,-41.19692476574785,-31.046211483613977,-110.0,-42.01891279773586,-47.39051088948138,-110,-34.03074406129902,-52.47266543691702
132,-4.61654,0.413534,1.5,-35.144471852907806,-34.124582629530636,-39.48456219098012,-110.0,-41.804015277211434,-43.74242207802188,-110,-50.45093584494304,-48.032036944338614
14,5.38346,-7.58647,1.5,-53.14071503940378,-52.703805467101226,-48.59267066256099,-110.0,-37.93889320350957,-35.783171380695755,-110,-33.60080616537049,-28.12932408946263
32,7.38346,-6.58647,1.5,-42.80763091201412,-62.555353422038586,-42.958013452194784,-76.712284192759,-35.692882185816785,-32.1504895014558,-110,-34.54386102504654,-29.04664018796753
117,-3.61654,-0.586466,1.5,-39.11728445745504,-39.33960751617903,-43.08814650367103,-110.0,-43.32369261487344,-36.22764366168219,-110,-31.8796846845694,-42.79027253812818
16,7.38346,-7.58647,1.5,-39.77914064585611,-48.64084462908829,-51.41118900822512,-84.31031160066445,-49.65750391546388,-38.27815056319822,-110,-30.248374883357535,-29.026870038058934
23,-1.61654,-6.58647,1.5,-37.63110847995842,-36.89131272577384,-24.53441087673948,-95.69911114220456,-38.87358673113002,-43.36550858596039,-110,-35.298072558721465,-40.13613383034017
73,0.383459,-3.58647,1.5,-38.824096791414746,-48.11626123295368,-67.32871953924867,-110.0,-27.85101998222831,-31.711313521463047,-110,-29.560653165710512,-36.247618298131634
74,1.38346,-3.58647,1.5,-38.9523384180726,-44.376371654878334,-33.95395381370315,-110.0,-35.71606714668915,-44.52219572953619,-110,-35.06148937179013,-41.143078607730146
103,-1.61654,-1.58647,1.5,-32.15277877383304,-43.17800007896557,-36.13312306022042,-110.0,-52.93999631333484,-43.278945720605954,-110,-35.47386748586414,-58.89889921230856
202,1.38346,4.41353,1.5,-58.41259890558523,-36.34660801236125,-51.58538486276911,-110.0,-47.33108321143256,-40.402643634095725,-110,-37.18568079998722,-53.62095650785815
221,4.38346,5.41353,1.5,-44.04438233636754,-42.31825491630088,-57.73539519158429,-110.0,-41.27049979829795,-40.79093792473868,-110,-39.21017509875617,-47.75458385109605
106,1.38346,-1.58647,1.5,-40.708289877614945,-53.49086442023453,-46.629733215264665,-110.0,-51.95887634744736,-33.15967167417814,-110,-31.534973551783672,-38.77808319622017
2,-6.61654,-7.58647,1.5,-34.86355033080228,-43.92157649820864,-36.152277639898486,-110.0,-39.66723178079696,-46.6091230327752,-110,-42.40617000907305,-37.744288000602296
179,-5.61654,3.41353,1.5,-27.107841401560492,-51.26466100951432,-41.36671719409856,-110.0,-40.11679257409598,-39.21812181804492,-110,-38.64635664140235,-51.7068532978786
42,1.38346,-5.58647,1.5,-48.07960772003687,-55.602571837864375,-31.49889928182018,-96.39112592530124,-30.68607182380272,-32.01092945219286,-110,-43.7841275473553,-33.90718529049055
178,-6.61654,3.41353,1.5,-25.64375436242292,-34.74749328298192,-35.54176971125243,-110.0,-94.22429864120296,-42.32641777893219,-110,-42.152084585449494,-42.01816928291651
101,-3.61654,-1.58647,1.5,-30.64603061858979,-39.84399790447681,-39.94485244337736,-110.0,-44.26597644032571,-59.92307501440613,-110,-46.80900563102934,-46.648288419076
236,3.38346,6.41353,1.5,-56.23131527812697,-38.7421321449546,-59.71441322072323,-110.0,-43.30381186101152,-38.00423689322339,-110,-44.39998307699259,-53.72679380107702
26,1.38346,-6.58647,1.5,-43.98283513546584,-46.89510942710258,-34.34105599821669,-101.58380134846608,-20.45788269248603,-35.526548385025514,-110,-53.79367922198401,-29.370478893494017
150,-2.61654,1.41353,1.5,-36.548697811415806,-39.67121061804435,-45.54049363908579,-110.0,-42.03523042785584,-48.011042917939896,-110,-31.85516174195172,-37.94486137848247
197,-3.61654,4.41353,1.5,-30.371488090873047,-34.04389203275494,-46.08045176517927,-110.0,-36.457181166661435,-53.239520938859194,-110,-32.34482112865849,-48.34930870492509
20,-4.61654,-6.58647,1.5,-38.84611872131064,-47.124436799101105,-41.433859309685545,-77.86371907451964,-40.45163192701274,-47.68476608274992,-110,-39.06724245898093,-37.97896623079149
199,-1.61654,4.41353,1.5,-42.172640962144584,-35.30649246239903,-46.37795950156237,-110.0,-61.00624535236012,-48.22955834291505,-110,-30.977682222756258,-39.46271241536195
77,4.38346,-3.58647,1.5,-52.29974414403411,-57.03044139702047,-26.66204357469591,-110.0,-36.69814115178937,-36.669596322731344,-110,-35.62079415285744,-36.728443493100485
200,-0.616541,4.41353,1.5,-51.05870459847231,-29.935522269288203,-38.91750995285091,-110.0,-45.70590808598157,-47.133629584240424,-110,-29.462119064962295,-41.912627222402065
226,-6.61654,6.41353,1.5,-34.40103685136875,-26.80914466149249,-40.085272086605016,-110.0,-59.10232058829613,-49.63375981853078,-110,-46.09368543451975,-47.150789938603324
145,-7.61654,1.41353,1.5,-34.8706891603237,-29.12268112133761,-41.79849092633821,-110.0,-53.67985928886995,-38.58131567934469,-110,-37.646445906406726,-44.43369290159886
118,-2.61654,-0.586466,1.5,-36.971183881994115,-36.31255008270528,-30.895071009407552,-110.0,-47.44118353024605,-32.64313764430263,-110,-43.80609686723551,-38.11523669905475
19,-5.61654,-6.58647,1.5,-36.15780156163222,-51.71845333632822,-43.443011586882314,-110.0,-40.51306532514057,-47.84774451298658,-110,-48.92359905542482,-55.18129658086817
211,-5.61654,5.41353,1.5,-24.39697967786847,-51.44802021991953,-28.880004245765164,-110.0,-51.47994021448897,-53.112245375655064,-110,-42.690453594467066,-46.852261404043944
120,-0.616541,-0.586466,1.5,-54.736650399075515,-39.39006864972004,-28.73211948824805,-110.0,-46.80411908356502,-36.53435112011028,-110,-30.639585707498664,-40.28826781522153
208,7.38346,4.41353,1.5,-41.197157116590205,-39.875808825236625,-57.057675798688635,-110.0,-55.20954674868138,-25.83756002680663,-110,-32.46059821251604,-37.66172888605487
47,6.38346,-5.58647,1.5,-36.24859726051191,-51.824395330982185,-35.00385990225302,-98.52807439875473,-30.783254632708392,-35.68348887693395,-110,-37.04150820195997,-40.9631032868804
179,-5.61654,3.41353,1.5,-36.25742862657058,-53.87567745975946,-40.31254871473288,-110.0,-39.20021868198845,-38.48073846889127,-110,-37.68474683227292,-44.55207163164522
197,-3.61654,4.41353,1.5,-31.34809723145048,-31.54230952227973,-48.42539891108107,-110.0,-36.8137327162011,-54.73669626741895,-110,-38.06870279648559,-47.16859238700761
140,3.38346,0.413534,1.5,-34.91061370310677,-55.52516865469353,-54.912710756977965,-110.0,-43.19159802576582,-40.34974792981087,-110,-37.81690233622043,-53.742765260775464
108,3.38346,-1.58647,1.5,-43.53977660979971,-61.16386524078273,-44.958193000303794,-110.0,-35.821149001487875,-44.07692336385039,-110,-46.68140571734079,-35.211238656810096
178,-6.61654,3.41353,1.5,-32.65787202628098,-35.03516700224593,-31.016494840581284,-110.0,-93.3320779451032,-42.63144885161573,-110,-42.991264267647914,-52.42502713437975
219,2.38346,5.41353,1.5,-37.30980097018107,-27.69598403967232,-57.588837633838864,-110.0,-43.14348165704209,-36.51695288790281,-110,-30.69942087435151,-33.73442592504438
104,-0.616541,-1.58647,1.5,-45.169344281774656,-32.42356107905462,-32.78266019708697,-110.0,-44.86766694930154,-53.20088473081248,-110,-33.09087714322143,-37.32213722156223
27,2.38346,-6.58647,1.5,-42.48443634245111,-39.119938770723046,-28.48166942056468,-76.73281840295851,-37.75828501731001,-35.83136722819469,-110,-38.40405436062568,-33.849072708745176
174,5.38346,2.41353,1.5,-49.3899179161452,-58.03276684576658,-40.412787440819095,-110.0,-28.63178442013707,-30.611651673103783,-110,-40.319534814073634,-46.49020386645584
32,7.38346,-6.58647,1.5,-45.70836702910144,-57.74267248683336,-42.51823753800617,-83.55693264429054,-34.287295712001885,-34.5014152641044,-110,-37.728662437807294,-31.108771781731445
64,7.38346,-4.58647,1.5,-45.37631799243748,-39.919283837766784,-41.39274290655942,-95.64943174782589,-44.25770106426714,-32.388650724700845,-110,-45.54465370755973,-27.72235048890412
10,1.38346,-7.58647,1.5,-42.53250100789075,-50.688788187814566,-29.88511562517615,-110.0,-20.415851326963864,-39.27060255878037,-110,-38.69859082486498,-36.62925457253267
178,-6.61654,3.41353,1.5,-32.50828816643585,-31.185972044504325,-36.60889803346817,-110.0,-98.4732982942336,-35.58092089634375,-110,-44.34581072603133,-48.51944620808592
200,-0.616541,4.41353,1.5,-43.763766089487305,-27.998493536656635,-33.74492262480665,-110.0,-50.578798153457605,-41.26764123163209,-110,-34.365547741558984,-44.73420064372602
180,-4.61654,3.41353,1.5,-32.5743357680427,-36.97009380063735,-33.5073628911185,-110.0,-47.62565589609297,-60.153327822292546,-110,-32.571989896741385,-37.8430364102511
90,1.38346,-2.58647,1.5,-53.19632893841529,-42.61440419715155,-42.34505134220513,-110.0,-37.12253452488573,-28.186491329111025,-110,-39.557836911847545,-27.875328353612225
73,0.383459,-3.58647,1.5,-39.11601966756562,-50.75592459496182,-68.67581662287066,-110.0,-32.05454235225448,-32.31355534922673,-110,-30.185546018761556,-27.603212557847
166,-2.61654,2.41353,1.5,-36.61078747257787,-29.38975965790308,-40.82484649821211,-110.0,-43.97562195742933,-45.45883659459554,-110,-28.512103810730856,-57.0129950881255
235,2.38346,6.41353,1.5,-43.2355081422285,-24.605169823130012,-48.178727590476576,-110.0,-49.911164542321586,-51.106428833641814,-110,-45.63576706101723,-49.8642170094127
77,4.38346,-3.58647,1.5,-47.77394603271297,-55.56460590445193,-34.764795195194736,-110.0,-41.77758070028872,-37.41220604438039,-110,-40.93749108713501,-35.222287074947076
161,-7.61654,2.41353,1.5,-33.45135908831668,-41.234414933918856,-43.92302117734987,-110.0,-40.72255145468685,-39.68397603913858,-110,-40.291776355991445,-43.99029980949718
64,7.38346,-4.58647,1.5,-44.742927729705954,-43.50485602103723,-37.35896864723355,-94.54111667483872,-41.11955239314089,-34.839143673727065,-110,-45.43159320909693,-30.23531200792895
191,6.38346,3.41353,1.5,-59.09319471770097,-55.73584329184308,-56.200258497445255,-110.0,-48.55330932775017,-35.78552256299884,-110,-32.43253370254411,-47.181920193583814
31,6.38346,-6.58647,1.5,-45.678972549823456,-40.889919471231075,-33.91340744646973,-81.85548949447593,-36.82449923609656,-34.47050120270483,-110,-43.68828380106227,-38.84780170426977
86,-2.61654,-2.58647,1.5,-45.024454375192576,-38.76248549228647,-32.46222093329991,-110.0,-49.300972351318016,-44.65685466330537,-110,-37.837980189125624,-49.25839174330219
110,5.38346,-1.58647,1.5,-45.11468863017756,-51.67749324679124,-37.23198447738337,-110.0,-36.82543460173783,-31.542195913681685,-110,-42.787304071101666,-38.5593413176688
48,7.38346,-5.58647,1.5,-46.25127417517098,-47.565030926305056,-45.37327718594875,-95.7434664762269,-35.06982719174735,-32.7148207666929,-110,-43.22648939243751,-21.789441026321963
129,-7.61654,0.413534,1.5,-32.39924363169246,-47.850026062128464,-37.33977739709743,-110.0,-43.57304673215972,-43.74150452818768,-110,-48.39511368761525,-42.70430200259418
181,-3.61654,3.41353,1.5,-39.44380232993452,-44.93118633078876,-42.56112763575228,-110.0,-38.17775685443462,-40.18380717095231,-110,-29.46162700560932,-50.16481211142919
213,-3.61654,5.41353,1.5,-49.28210686094994,-33.84228719924131,-37.704536015230595,-110.0,-51.58523333771038,-51.34303830131192,-110,-35.13849107136999,-48.779572296522325
158,5.38346,1.41353,1.5,-49.892882535223606,-57.095762682663896,-39.89714176005906,-110.0,-31.65936644536638,-52.23218129533146,-110,-49.84029730218359,-47.71236697851896
172,3.38346,2.41353,1.5,-45.773069943388606,-38.24046682350837,-53.36184025947866,-110.0,-39.46772318059422,-28.60616979824867,-110,-30.76770025627392,-33.80821474615332
21,-3.61654,-6.58647,1.5,-33.43987655151132,-42.08744902472484,-35.9948307477912,-85.90167745727935,-28.837600108525237,-43.68890375098225,-110,-44.13380171059667,-45.08858175805632
104,-0.616541,-1.58647,1.5,-38.8396576848257,-34.60001750358696,-31.67976345783063,-110.0,-48.8502331710572,-46.75066962071547,-110,-34.38111796824761,-45.647243242403576
229,-3.61654,6.41353,1.5,-55.936384712306186,-36.99260216765329,-53.36999403684062,-110.0,-53.98058962576051,-48.89683817440598,-110,-49.553358519022765,-42.550516186921854
99,-5.61654,-1.58647,1.5,-39.079464467975946,-47.42151123849805,-28.76490517810844,-110.0,-48.08717284967823,-48.52536523629023,-110,-41.884395450957506,-41.357107842475486
8,-0.616541,-7.58647,1.5,-30.56853956147406,-41.265564236186805,-58.586398900223514,-110.0,-46.475214929343565,-45.486577102157774,-110,-47.29769841457981,-51.08480243303493
88,-0.616541,-2.58647,1.5,-50.02936205424151,-38.226455356969026,-36.30307008562639,-110.0,-64.64063441482011,-43.80679533810187,-110,-29.700539919030955,-36.24460136188856
146,-6.61654,1.41353,1.5,-41.5271053477865,-41.86601015378603,-36.89324625427596,-110.0,-52.27683071162173,-35.80753119391814,-110,-43.53560057900198,-42.19588186925907
165,-3.61654,2.41353,1.5,-33.694448842003986,-41.125313036188395,-34.85081448535146,-110.0,-38.70929403233312,-72.63324817133653,-110,-29.1832902226882,-50.09848780415064
46,5.38346,-5.58647,1.5,-41.191993401118275,-47.45439097452384,-48.05534511985039,-96.2278240312411,-36.292392215937106,-41.89169919873017,-110,-37.12979190944594,-29.626460750734623
18,-6.61654,-6.58647,1.5,-42.17066745564271,-39.36245659266438,-36.988209641289906,-79.22040057703003,-40.24055579752761,-44.25589770563639,-110,-42.25751814024038,-47.98783508224862
62,5.38346,-4.58647,1.5,-35.6578471957118,-39.105877086908734,-44.0030213949425,-110.0,-34.85797002440283,-40.653057833160275,-110,-36.7218415888109,-31.058599755949977
235,2.38346,6.41353,1.5,-34.81440511701216,-26.63215874558548,-44.48909381944715,-110.0,-51.35230137900129,-48.12398473536361,-110,-39.36212764455654,-46.36024750912557
108,3.38346,-1.58647,1.5,-46.09983753497124,-58.74775776210946,-38.47694181759232,-110.0,-36.82148443307453,-42.44133377598318,-110,-43.29142143708936,-39.93197235595237
23,-1.61654,-6.58647,1.5,-37.67644481430949,-33.099599045974394,-26.961083799135626,-100.95099031922712,-37.88396436142101,-50.51299812418729,-110,-35.989073938643536,-39.453075187716614
238,5.38346,6.41353,1.5,-68.62292108520641,-38.28116142825417,-45.827182096628384,-110.0,-49.01235875565748,-31.99721534920687,-110,-36.39666717285232,-40.11553660883333
38,-2.61654,-5.58647,1.5,-37.56892358883333,-33.43604450741048,-26.914752034765247,-110.0,-30.981986080905383,-46.17217104863708,-110,-48.19819463703334,-40.56782681446104
87,-1.61654,-2.58647,1.5,-28.59427403593412,-40.66637629469175,-48.10416306014776,-110.0,-48.006002354074965,-47.70925581175062,-110,-33.24653643560138,-41.57013031303861
240,7.38346,6.41353,1.5,-54.34183752977238,-26.658489310479567,-52.67704711906013,-110.0,-55.24039342463211,-36.04112349942894,-110,-38.92259368700098,-37.817401471770715
147,-5.61654,1.41353,1.5,-51.6704148148983,-44.74252452979225,-32.40711351499192,-110.0,-50.932739634616055,-33.46235300688994,-110,-31.39151979227268,-54.58161688789427
16,7.38346,-7.58647,1.5,-41.47917390834355,-50.30858980951511,-43.295544267600896,-81.38801388463354,-43.2613292774132,-33.27998375955263,-110,-37.69915107629722,-28.447372233849485
28,3.38346,-6.58647,1.5,-42.7723467315486,-39.71114325652088,-36.45530774258483,-79.7025761970479,-36.22867113026876,-30.95657250930958,-110,-41.495367175204365,-35.84483255908062
189,4.38346,3.41353,1.5,-50.65569468565033,-52.89144377274155,-49.365480573370405,-110.0,-38.906880077404864,-28.3445670273362,-110,-33.14105480876453,-50.92930389407754
229,-3.61654,6.41353,1.5,-59.73583054385411,-28.85353821058448,-54.13118185902271,-110.0,-55.601790818478726,-51.058428666929025,-110,-45.829638287104586,-43.470511230623245
100,-4.61654,-1.58647,1.5,-46.10117906002486,-48.729427573165744,-35.87578859368802,-110.0,-34.61249916574105,-34.73918951198996,-110,-36.02116271977064,-48.172996593332854
16,7.38346,-7.58647,1.5,-46.58612733065859,-43.92771027439813,-45.41162747166971,-85.49391692462991,-49.89929144951118,-35.35713310724512,-110,-27.079399628194015,-27.85303476845354
117,-3.61654,-0.586466,1.5,-44.02063280280469,-43.53943028950872,-35.70722684469272,-110.0,-41.89815516863923,-38.08872937728479,-110,-29.805308568805167,-42.333997698030885
35,-5.61654,-5.58647,1.5,-27.5904988773265,-42.514763346100416,-35.137411247783454,-110.0,-32.99957732131587,-50.83487202207918,-110,-33.97303551811713,-39.12251178063752
118,-2.61654,-0.586466,1.5,-37.728724264659256,-37.76628018381667,-35.29999706220384,-110.0,-45.77988806991852,-34.50219909774823,-110,-36.79376893631986,-38.38728748114607
97,-7.61654,-1.58647,1.5,-38.20120647611697,-46.95129196416642,-43.01025853310968,-110.0,-42.50811444163293,-35.35534671479866,-110,-46.77183778809899,-43.6753314283199
35,-5.61654,-5.58647,1.5,-30.05579241312051,-43.882550880147114,-36.43652604119562,-110.0,-29.895219339449746,-46.01479574624673,-110,-41.664704262417,-41.26023153028082
38,-2.61654,-5.58647,1.5,-39.96537874747701,-31.351742764824756,-26.081966680595514,-110.0,-28.17743974282176,-46.13581583238756,-110,-41.20261910099916,-45.06037535072067
152,-0.616541,1.41353,1.5,-35.801536205324986,-38.16790195257784,-28.45064591448993,-110.0,-42.914387698593565,-49.24242961626485,-110,-30.99848032431457,-50.096272606135294
64,7.38346,-4.58647,1.5,-41.55860747462536,-42.46064442822117,-39.19953865133489,-100.22085827725176,-46.857447874409125,-34.10284064680561,-110,-44.9722988079475,-27.486810741518887
154,1.38346,1.41353,1.5,-34.04987335732836,-50.99687885492918,-46.98929849482763,-110.0,-37.92528490799284,-40.13314244537993,-110,-40.722343669689366,-36.92657003828234
212,-4.61654,5.41353,1.5,-34.85739177966567,-40.87090855975089,-44.94921357620876,-110.0,-51.45210882644769,-52.167364792542074,-110,-34.97381036995332,-50.16629163736386
223,6.38346,5.41353,1.5,-43.594584393161405,-51.8064212620474,-57.29984669415158,-110.0,-48.41368357781862,-44.210199541638744,-110,-40.15898006496826,-43.25868285753337
186,1.38346,3.41353,1.5,-50.683815324759706,-52.714080224713754,-48.740072598388515,-110.0,-34.71062212864003,-32.61153662173294,-110,-25.404769184298473,-39.02323247555864
49,-7.61654,-4.58647,1.5,-36.01647864007376,-35.64622708883142,-39.456015401019066,-110.0,-42.59403695565835,-56.688259209118726,-110,-42.31911715618282,-39.98691611121029
1,-7.61654,-7.58647,1.5,-110.0,-110.0,-110.0,-68.7313999371255,-87.73488953202155,-110.0,-110,-110.0,-110.0
44,3.38346,-5.58647,1.5,-47.00823814694375,-52.91214991192636,-30.558765519020756,-91.42777723539362,-46.32460801042479,-39.10957236864682,-110,-42.85382662451563,-34.47666304274358
41,0.383459,-5.58647,1.5,-43.98937009446253,-64.82965011763113,-56.83325769816086,-110.0,-37.26074595466269,-39.87184853449853,-110,-25.688923980440304,-49.38633351661926
26,1.38346,-6.58647,1.5,-43.9025324883536,-45.01101252662066,-35.84796442128373,-97.12612673614498,-19.50427692343647,-33.40558566145428,-110,-48.5903277798572,-26.769578800952548
237,4.38346,6.41353,1.5,-84.21902529706797,-42.154244978607366,-48.572087670113795,-110.0,-37.79403858231252,-27.242967111666314,-110,-33.298106263473514,-47.33380654059955
21,-3.61654,-6.58647,1.5,-38.95168758936167,-38.0744714304814,-42.50052788194108,-78.50432993407607,-27.0175334852026,-50.83567177979688,-110,-46.76175649299943,-41.65245202278394
159,6.38346,1.41353,1.5,-54.51937932929871,-60.09796055558888,-39.94312991316973,-110.0,-46.68959113291173,-32.35992183794498,-110,-52.395566393971656,-51.02238147358443
209,-7.61654,5.41353,1.5,-28.79188925671672,-30.684386816028756,-41.84421084945235,-110.0,-49.56441549869593,-50.6387418450016,-110,-37.34601431278985,-62.56532937471746
11,2.38346,-7.58647,1.5,-41.78686996353013,-60.33329917501622,-24.50208935828403,-81.2085589362134,-28.589033099588917,-42.87913984169315,-110,-47.10556425927499,-41.96686304995357
175,6.38346,2.41353,1.5,-59.73315097568646,-51.662336762546595,-40.24404730729137,-110.0,-33.2008442577997,-27.050582613061053,-110,-33.23071062421884,-45.31223802472294
23,-1.61654,-6.58647,1.5,-35.98619654474531,-33.01135539003975,-26.961677137541297,-102.51284064615508,-34.4813675684425,-46.64661014373915,-110,-36.87135680622075,-44.40607121418927
162,-6.61654,2.41353,1.5,-36.15796252063548,-32.86899481550223,-44.75184288336061,-110.0,-43.35364272021448,-39.17853847450324,-110,-35.44558098440509,-43.11063440632812
122,1.38346,-0.586466,1.5,-39.47227607226956,-49.80660049107265,-39.125412938433115,-110.0,-39.26275303981675,-39.94035960238729,-110,-31.749425647781703,-36.15193022604525
171,2.38346,2.41353,1.5,-43.928340289798946,-54.47318170459636,-38.46802039701763,-110.0,-45.7700775888906,-43.33791781008608,-110,-28.548027135542014,-42.38104490102676
6,-2.61654,-7.58647,1.5,-34.30555600081588,-38.572379324587345,-27.00948216209172,-110.0,-42.901653584431784,-59.30397959842352,-110,-39.03543435616002,-40.42538496252282
195,-5.61654,4.41353,1.5,-26.82250351138791,-40.36314576450364,-38.60268462428541,-110.0,-38.92405975545637,-44.15867155998977,-110,-38.25286081630638,-51.23015299634953
188,3.38346,3.41353,1.5,-49.16983192441163,-41.648134835243184,-49.62119390033149,-110.0,-50.95333405427375,-49.269881081915685,-110,-30.8413400779581,-40.102562361165155
95,6.38346,-2.58647,1.5,-52.15528942094652,-50.546866038260966,-41.622931396756826,-110.0,-31.569394045881495,-51.405617910192554,-110,-37.874820861802746,-32.48284679577133
86,-2.61654,-2.58647,1.5,-51.193663132169654,-39.00175026399154,-30.584470574755,-110.0,-44.39418775238163,-40.89003732888501,-110,-36.16976133461923,-47.92453758403732
201,0.383459,4.41353,1.5,-41.87147362673242,-26.5589141916578,-45.06219988221219,-110.0,-40.027623461028114,-40.7749796525904,-110,-24.26524812198037,-40.53791129698217
159,6.38346,1.41353,1.5,-55.060672539446635,-51.30414994114441,-37.27590100406405,-110.0,-40.2240020144885,-27.77178687090109,-110,-50.47747928135292,-55.3749375196539
28,3.38346,-6.58647,1.5,-43.2950487236793,-42.15180632132566,-34.982222788880996,-79.15051482951426,-35.13705996431822,-34.66072393645304,-110,-37.09641713207746,-38.98435594024309
72,-0.616541,-3.58647,1.5,-38.92077114900286,-36.85144893323399,-45.884979668513935,-110.0,-49.268691605757624,-43.469753380532794,-110,-34.344696436005215,-40.258829031460174
114,-6.61654,-0.586466,1.5,-32.63685195311527,-44.653171661836566,-41.55224839790253,-110.0,-53.70218619744379,-32.24355274127254,-110,-44.154813179584465,-39.79316781564335
142,5.38346,0.413534,1.5,-40.58513391490095,-35.82174771059484,-55.51693950374161,-110.0,-51.69667577055468,-28.22359779784083,-110,-36.044500398862255,-36.52167351190204
230,-2.61654,6.41353,1.5,-30.83560766798722,-29.634415522008737,-38.4140482086118,-110.0,-54.309362707323146,-58.80881931488841,-110,-38.22197636865436,-51.830797612705375
97,-7.61654,-1.58647,1.5,-45.336912356349075,-43.69214995489433,-45.47935215908863,-110.0,-43.710575794475915,-40.92602943617421,-110,-46.874618936924215,-39.858810043715906
32,7.38346,-6.58647,1.5,-41.12286740609238,-57.30640048463688,-49.48439136676281,-77.84155692571659,-30.452983774533543,-32.37342312450814,-110,-43.15148316971129,-35.199807742901534
231,-1.61654,6.41353,1.5,-38.75691464763378,-19.350534067338327,-33.79274745888689,-110.0,-46.79940234578366,-50.594269198657095,-110,-41.26178410009309,-53.6582849167248
16,7.38346,-7.58647,1.5,-43.23243801099327,-42.941582869789585,-44.90218415297516,-81.76719939683439,-47.649655720014934,-34.17871335258038,-110,-34.047127486075944,-30.74821171986003
201,0.383459,4.41353,1.5,-42.26528066626992,-32.26982333173128,-44.191649110256215,-110.0,-34.13462833944152,-38.295000924590454,-110,-26.115304428474804,-42.35459846842895
226,-6.61654,6.41353,1.5,-30.582913363861273,-36.617361854249026,-41.50423164681121,-110.0,-57.77866037081104,-45.61828197976918,-110,-44.34910709705959,-56.17649668916573
67,-5.61654,-3.58647,1.5,-32.77941690503871,-36.474691704437625,-38.63141429498697,-110.0,-37.41089042461541,-50.689567410625834,-110,-51.33029671413038,-56.74569399755771
22,-2.61654,-6.58647,1.5,-35.41537164153638,-43.82157020940665,-29.225334883849467,-80.87497859594427,-42.02885013181452,-33.162951591968074,-110,-38.09257882598158,-47.49495735146888
158,5.38346,1.41353,1.5,-50.70237914625445,-61.69220225438311,-37.12925513640118,-110.0,-37.315603533719,-55.64058244641394,-110,-47.53058944548065,-45.05354013227239
6,-2.61654,-7.58647,1.5,-34.763310387615526,-35.080263346190115,-27.936143392540867,-110.0,-41.52678067167674,-56.16195029740763,-110,-37.489197422725915,-44.43529402770666
8,-0.616541,-7.58647,1.5,-37.53369936717638,-33.95636879255784,-49.08397658952472,-110.0,-48.57618093101274,-45.38319405464912,-110,-47.58833321356006,-43.75044825837446
109,4.38346,-1.58647,1.5,-48.21365771789506,-48.33958898693783,-39.32190326300984,-110.0,-39.49524675922625,-35.37563777407295,-110,-30.050476001414975,-32.61203478841773
233,0.383459,6.41353,1.5,-40.47272363998547,-22.90107481906399,-40.75574563354443,-110.0,-49.85573006528797,-45.69493174607561,-110,-40.38338135584393,-45.98097886278636
5,-3.61654,-7.58647,1.5,-39.47961844662304,-31.232379114059704,-37.263089988458844,-110.0,-34.10236481798794,-57.10022376114241,-110,-50.530940213644385,-36.64811950344053
146,-6.61654,1.41353,1.5,-42.50149198235927,-46.176459607188136,-33.26413745905202,-110.0,-48.22494992697212,-34.97961976571483,-110,-35.26190333733995,-45.37433258518865
113,-7.61654,-0.586466,1.5,-38.98306787826654,-43.831262907962056,-42.78230432607554,-110.0,-34.41599687740604,-29.819025885901674,-110,-47.15108734980458,-42.447068720818066
192,7.38346,3.41353,1.5,-59.87586242606597,-56.16668094176677,-43.020521408738226,-110.0,-43.03035445413767,-21.941266978733807,-110,-30.305371504652488,-39.443030461274105
109,4.38346,-1.58647,1.5,-48.14889792330973,-46.62380137592148,-42.05108263998296,-110.0,-39.556008948957086,-34.362545375673605,-110,-37.26786249954253,-43.07354291468036
132,-4.61654,0.413534,1.5,-33.172168407273,-34.852704003498644,-40.700623722174534,-110.0,-45.79635393849807,-46.63224520876794,-110,-50.389556795705296,-46.89713169513542
98,-6.61654,-1.58647,1.5,-44.61442106984841,-33.68558593202359,-40.39938169025308,-110.0,-43.41101164006382,-40.72778272104342,-110,-50.98349807641263,-58.4631997620029
89,0.383459,-2.58647,1.5,-47.656453227130754,-48.93359216896801,-44.73428849436265,-110.0,-26.417811481977186,-33.60850530402386,-110,-31.676838371099535,-30.529961148226263
222,5.38346,5.41353,1.5,-42.586114887300525,-44.85469821886368,-50.5134862917716,-110.0,-44.17753999372439,-32.01788565609816,-110,-45.89973350684525,-33.49817513751161
114,-6.61654,-0.586466,1.5,-34.54596410414262,-40.91517204503365,-38.92150298646536,-110.0,-51.42812042086175,-32.35798353675467,-110,-47.61198889824168,-45.073602579124994
1,-7.61654,-7.58647,1.5,-110.0,-110.0,-110.0,-69.72221831292843,-82.0547553178675,-110.0,-110,-110.0,-110.0
153,0.383459,1.41353,1.5,-56.298517382299984,-56.396484003773445,-36.20898231110722,-110.0,-33.241097268248204,-36.14837075210222,-110,-28.6760306737772,-35.7089046710472
238,5.38346,6.41353,1.5,-66.57048226230499,-35.538926764606856,-39.93112346553405,-110.0,-39.944989451965455,-34.27266149656507,-110,-36.38878611950447,-37.676926400081165
98,-6.61654,-1.58647,1.5,-39.64204224062728,-29.86738433491973,-36.009941292267534,-110.0,-39.78396491561098,-49.371251429101136,-110,-51.24148920599784,-54.64843053574588
191,6.38346,3.41353,1.5,-53.56766543234625,-57.30888617336895,-55.83245532604982,-110.0,-52.43934617998956,-38.00938694072684,-110,-30.257376531235114,-45.53298910660956
207,6.38346,4.41353,1.5,-33.99652892850181,-45.775047591103416,-51.267377982790855,-110.0,-56.84371480530987,-37.01508457899207,-110,-43.35341136720294,-41.95443097501279
137,0.383459,0.413534,1.5,-55.37923737990964,-53.58724728525739,-51.54276330146375,-110.0,-38.435346678554616,-38.274111785925534,-110,-24.457981482678193,-42.86950122011464
163,-5.61654,2.41353,1.5,-28.940198404445628,-35.1837124635867,-46.81054418900527,-110.0,-49.29763687905474,-60.164412013307434,-110,-34.96026104595495,-40.11245257883365
56,-0.616541,-4.58647,1.5,-44.13883344434516,-42.66373571273934,-29.43515694190845,-110.0,-50.43534470353771,-51.07161524776198,-110,-37.85997716403756,-39.0687325830561
237,4.38346,6.41353,1.5,-87.3641171218936,-41.25970644094526,-51.2085666422028,-110.0,-37.97841141035264,-32.10696601053738,-110,-31.962545800656365,-38.71700523753363
30,5.38346,-6.58647,1.5,-46.864771594675446,-46.25684425860791,-44.31573703091725,-78.27463502654284,-39.45473504784561,-46.12919362982838,-110,-36.04865772954069,-25.224626837351305
85,-3.61654,-2.58647,1.5,-40.29624470723216,-47.63331347587486,-39.600245200045606,-110.0,-38.22864609227031,-47.26427278164833,-110,-45.60387138466288,-67.50753045101351
147,-5.61654,1.41353,1.5,-53.32648969746696,-39.87268274192131,-33.812046574422006,-110.0,-43.09362949493296,-39.81233989873994,-110,-34.98883902692443,-51.78366622300651
230,-2.61654,6.41353,1.5,-33.184829293195264,-30.523286658433346,-32.47388020600136,-110.0,-47.842444971365005,-53.398169402242,-110,-40.40553577253575,-43.86304473198472
159,6.38346,1.41353,1.5,-55.55683917603944,-55.247259962890936,-41.44786278606322,-110.0,-37.690077999127496,-30.237519958145228,-110,-56.16990107301552,-50.6490060744122
79,6.38346,-3.58647,1.5,-39.228737453413245,-51.34953216342022,-40.964674118609935,-110.0,-37.96726291513082,-35.938809244949695,-110,-48.129047769173326,-31.564544402229917
184,-0.616541,3.41353,1.5,-40.9775485020892,-37.26500116544433,-28.821435194983476,-110.0,-47.66796889929395,-30.04844550575521,-110,-33.68223282087428,-44.07408362210817
11,2.38346,-7.58647,1.5,-43.30110141206091,-54.890679813784345,-31.15305777373353,-85.17202089808399,-23.024916010472182,-38.75681025268663,-110,-47.93394301318925,-46.31172504341079
39,-1.61654,-5.58647,1.5,-34.58614497502255,-40.36420895732919,-28.137166598685177,-110.0,-30.545546648963388,-53.18610274129437,-110,-39.24902440336077,-40.53133635279026
203,2.38346,4.41353,1.5,-39.930415341782265,-37.897653843498176,-60.62136906391916,-110.0,-41.04586571559453,-32.91157419619921,-110,-48.908516445968274,-35.7216758844229
175,6.38346,2.41353,1.5,-57.16451388052256,-46.24063822683621,-42.291783423226285,-110.0,-37.74158379637699,-32.412494641898405,-110,-36.13411189905223,-50.341911838224696
103,-1.61654,-1.58647,1.5,-26.492059084204776,-36.943676692225715,-31.70229851942927,-110.0,-49.31352851880573,-45.78895572384997,-110,-36.65266437663694,-58.94499759251479
143,6.38346,0.413534,1.5,-48.776270189577104,-55.96280234047457,-51.65120708770959,-110.0,-33.417065191158756,-31.58134356446423,-110,-29.34388991314301,-37.61949640402712
218,1.38346,5.41353,1.5,-36.777475679503475,-32.3302554716335,-49.67492783691103,-110.0,-35.32254372671327,-50.02767792845592,-110,-35.17504726892279,-45.95348068878395
209,-7.61654,5.41353,1.5,-29.572238037940895,-32.19139093921039,-31.841721985337472,-110.0,-44.468033803711386,-51.772641953627094,-110,-43.00296508855024,-58.54871315742017
178,-6.61654,3.41353,1.5,-29.012030416191855,-33.26729187110855,-34.61178330316654,-110.0,-94.18159939676934,-46.98606491387983,-110,-43.87320971169167,-48.971905995227985
79,6.38346,-3.58647,1.5,-37.43562418506026,-56.51407666643926,-38.53225721473681,-110.0,-41.08394797561955,-37.7432064927845,-110,-50.13593500500125,-29.935243042534633
9,0.383459,-7.58647,1.5,-57.73033707449063,-50.84243489957418,-33.26031839195894,-110.0,-32.21318531657667,-34.08387222479578,-110,-37.99061516167472,-31.02623883584793
227,-5.61654,6.41353,1.5,-28.995854834880312,-32.54457220174158,-48.89919688621802,-110.0,-56.8475136467195,-47.06490316542565,-110,-44.61742834239427,-65.73425352808326
167,-1.61654,2.41353,1.5,-39.17770547591638,-37.800476334856654,-39.630767010370526,-110.0,-40.85845623446002,-37.1998804898348,-110,-28.704474949128045,-41.782637049568415
237,4.38346,6.41353,1.5,-86.58347134987908,-43.80273740533766,-47.326921364685944,-110.0,-35.19548887723872,-23.620587879985475,-110,-36.87082645297657,-39.352670846118784
68,-4.61654,-3.58647,1.5,-39.35361296919851,-33.87029172697482,-34.32353783762896,-110.0,-44.695819496362134,-46.48449006486983,-110,-36.576854797076834,-55.9734858298247
101,-3.61654,-1.58647,1.5,-26.497690562911657,-36.482048851172294,-38.3239359702805,-110.0,-47.46498775541215,-66.10323315315495,-110,-49.85302090819625,-51.65349997573568
14,5.38346,-7.58647,1.5,-53.844856415653474,-51.00370951292387,-42.99193295540535,-110.0,-40.270160520875095,-41.186978182693146,-110,-40.18033047897066,-25.41993912201218
4,-4.61654,-7.58647,1.5,-38.01812022389561,-45.37163888660958,-39.19506603400696,-110.0,-32.02087570933436,-39.20654253734469,-110,-44.32397625444442,-37.299035154709294
181,-3.61654,3.41353,1.5,-39.95450761210568,-41.06209279368069,-52.615520647535554,-110.0,-37.34941581976153,-34.719813075886606,-110,-36.954661644679945,-48.874393127354296
55,-1.61654,-4.58647,1.5,-29.20608242504559,-54.31533233038791,-27.25651975323549,-110.0,-47.000974056718555,-51.51639793767277,-110,-36.01349266692762,-43.301087154710345
20,-4.61654,-6.58647,1.5,-38.07344204354623,-47.56059768267949,-28.971671060716897,-86.81792056450803,-40.36695482162464,-53.379582694870585,-110,-38.3653378647835,-44.03096279498663
30,5.38346,-6.58647,1.5,-45.89705016470717,-47.92740709469744,-44.46468565949823,-73.68081358905472,-35.433944769534726,-42.43881013816539,-110,-37.71197882738474,-27.14254866469824
69,-3.61654,-3.58647,1.5,-39.13273473118986,-44.93930385523979,-33.56622199186301,-110.0,-44.54551099069653,-48.87514338171635,-110,-41.19729722762726,-45.47592638125263
240,7.38346,6.41353,1.5,-50.60198806237702,-30.4894152083089,-45.26669306310116,-110.0,-51.106061187696135,-37.95481940253859,-110,-32.54430923601954,-33.28781531727388
237,4.38346,6.41353,1.5,-81.9791828385688,-39.2583689212284,-42.94678449490776,-110.0,-36.59017169299649,-29.65465797291749,-110,-31.04145188271327,-35.996303155663895
128,7.38346,-0.586466,1.5,-55.57711648423648,-52.75279547166743,-39.72316078490205,-110.0,-33.89250414769236,-50.63901883754463,-110,-36.09085170887271,-37.09567361175632
192,7.38346,3.41353,1.5,-58.15736630451925,-59.62991955968805,-43.0672275383703,-110.0,-41.43906747639575,-23.830749335786383,-110,-27.21543686081711,-34.186450408226115
236,3.38346,6.41353,1.5,-58.050749359236825,-39.10468806563371,-60.13947598918618,-110.0,-42.066190551493875,-32.17232534282344,-110,-48.93288646012008,-50.02743134617012
151,-1.61654,1.41353,1.5,-32.59595105035329,-37.44761583101464,-33.22287607822631,-110.0,-53.28280574695548,-37.18145268216507,-110,-31.42656648767152,-57.85691035942868
230,-2.61654,6.41353,1.5,-33.30755502918486,-28.0357494801698,-36.50807868142843,-110.0,-49.977842681982416,-56.211398487340624,-110,-44.35967264887375,-48.93651416877332
186,1.38346,3.41353,1.5,-50.02780201089275,-47.09477793547194,-53.699935969453904,-110.0,-32.7625111648864,-31.637333598432352,-110,-21.38934446806779,-41.12744908515064
165,-3.61654,2.41353,1.5,-34.7228631939956,-32.944524438365086,-36.74367756222976,-110.0,-39.25435536279116,-76.67177898314901,-110,-37.37929528758305,-48.680475866675
89,0.383459,-2.58647,1.5,-54.17965462875462,-50.176355377022674,-41.88218683861665,-110.0,-29.375390112464423,-37.46227623577705,-110,-36.16883081405696,-38.48403444963047
94,5.38346,-2.58647,1.5,-52.34237707364767,-55.046411610935664,-37.73262440205001,-110.0,-49.00370538562825,-47.599934553544486,-110,-29.723914919861784,-39.37963838309789
63,6.38346,-4.58647,1.5,-42.286706548275774,-47.2182656535618,-45.95687400705793,-98.08325227601452,-30.171922822182836,-33.08506687194541,-110,-32.06995199681604,-31.401603000977747
218,1.38346,5.41353,1.5,-41.08710601047481,-37.57900513979668,-50.273422495330024,-110.0,-39.38529011123661,-49.496007036492514,-110,-39.93863515171924,-46.56531808229606
113,-7.61654,-0.586466,1.5,-36.56553739042062,-45.15996432606088,-41.83095674996035,-110.0,-43.10008129988177,-38.977245101340785,-110,-43.977895808419625,-41.737619251106835
140,3.38346,0.413534,1.5,-33.44598639943679,-49.95021244985516,-48.795113022826285,-110.0,-36.58150126801983,-46.64830541817433,-110,-36.507781172846585,-44.09702170359846
27,2.38346,-6.58647,1.5,-45.9975804018254,-38.31193682651346,-28.026801622180415,-69.05216442803652,-39.783196997260866,-39.658530963494904,-110,-39.22702315214957,-41.83860840389376
160,7.38346,1.41353,1.5,-49.433603266992016,-48.08456703069304,-53.121817965714435,-110.0,-48.962636621602385,-31.808060564499225,-110,-43.652760892893696,-50.64807598523354
205,4.38346,4.41353,1.5,-47.495261396312685,-33.058975272254415,-46.678639645900866,-110.0,-38.35451895024511,-40.56420604477841,-110,-44.29360755872686,-41.30479564176734
19,-5.61654,-6.58647,1.5,-31.809686788377924,-49.10331588355292,-43.637743991069094,-110.0,-40.9168437702532,-49.1338822683168,-110,-44.415846101611685,-49.748753302704735
78,5.38346,-3.58647,1.5,-36.788423660956376,-63.309341156269234,-52.88828199850086,-110.0,-32.75780885640922,-34.67962046557804,-110,-33.40527886493122,-34.1301700883495
239,6.38346,6.41353,1.5,-55.041229482779656,-37.21567232995563,-59.49296810353533,-110.0,-33.28168617553773,-34.0940155885654,-110,-45.213615098266,-34.08981340607809
99,-5.61654,-1.58647,1.5,-40.35390062530027,-43.567834370762114,-34.419324877399106,-110.0,-46.211737548769094,-55.22333901464444,-110,-42.46310847752106,-43.8068605701823
228,-4.61654,6.41353,1.5,-27.74721101671856,-30.48672192348199,-40.23867818307766,-110.0,-55.051128605193696,-60.011831139899286,-110,-49.57611226629244,-57.99903467891623
18,-6.61654,-6.58647,1.5,-42.638739419659046,-40.59322501534661,-35.22020803135371,-78.36644920941029,-33.87617071235106,-40.07288654034939,-110,-42.76651377152497,-44.44719552275218
122,1.38346,-0.586466,1.5,-41.85930489256147,-56.017102322299536,-44.50910459672157,-110.0,-46.27753705457115,-45.8207920523396,-110,-40.6862122827049,-39.52647445764267
113,-7.61654,-0.586466,1.5,-31.08118795080117,-55.53222022860308,-38.33103629770584,-110.0,-36.76894446334403,-34.05754472279141,-110,-47.28538365475938,-42.1339063075956
230,-2.61654,6.41353,1.5,-30.442523552439923,-29.606803576317365,-35.32176559343325,-110.0,-50.4471649953496,-58.051554340774935,-110,-45.16015771710516,-45.237695602922614
86,-2.61654,-2.58647,1.5,-47.55970131740688,-40.20822137019165,-34.92544017058792,-110.0,-42.939310933340145,-39.17602275330718,-110,-42.70148234153403,-42.87480842352948
53,-3.61654,-4.58647,1.5,-42.215001233171336,-32.96947513738454,-34.51770397946769,-110.0,-42.63296749785826,-46.14391543771324,-110,-35.08405583879402,-66.50543479763432
30,5.38346,-6.58647,1.5,-45.35906738487898,-51.190012280096504,-44.486644816317245,-76.18291507826851,-34.51280339768321,-48.41459777437288,-110,-41.8997006559767,-26.899355749824213
26,1.38346,-6.58647,1.5,-44.15791630455205,-49.69110445525567,-39.68604001717815,-93.43647278441784,-20.933064949587507,-36.03573314951121,-110,-53.07472993325757,-27.257254684383465
216,-0.616541,5.41353,1.5,-33.002906710217836,-30.68034621285506,-34.10208528936397,-110.0,-52.70013086274532,-55.2048908222869,-110,-41.17624550442802,-64.20781874824289
219,2.38346,5.41353,1.5,-43.271896624943494,-32.48102732358306,-54.61443950312217,-110.0,-39.37644938878075,-37.08433250162202,-110,-33.371190569151864,-38.81286830975893
124,3.38346,-0.586466,1.5,-44.5973287118931,-56.13807737230821,-47.97817750817898,-110.0,-38.119182692930806,-36.700953860092554,-110,-32.69268974599347,-32.52498610505397
55,-1.61654,-4.58647,1.5,-33.338677798689915,-42.77968952949179,-32.398952892318135,-110.0,-44.410799155646856,-52.10585872537954,-110,-40.813962478369206,-43.627613544580306
223,6.38346,5.41353,1.5,-41.47257046351836,-54.31585704277631,-54.73055812726382,-110.0,-46.81514736868285,-42.90526537652436,-110,-32.88136568250351,-50.16405363721401
230,-2.61654,6.41353,1.5,-32.109868322483024,-27.61783256955385,-39.13476458898538,-110.0,-52.300572541452375,-55.89152572494124,-110,-46.08759910501723,-44.40668704862804
217,0.383459,5.41353,1.5,-32.64358863877787,-27.653471862499405,-45.97063861060804,-110.0,-47.980460948386096,-36.46603873614262,-110,-24.606666366071543,-36.72958212008894
65,-7.61654,-3.58647,1.5,-34.08762703816622,-42.44508474496567,-31.07672019923109,-110.0,-38.85368730337119,-51.402601767687784,-110,-36.46852231175078,-51.09054342439862
91,2.38346,-2.58647,1.5,-41.151354162215746,-50.101016700681825,-47.52528634739789,-110.0,-30.411842853835736,-39.63904342975448,-110,-43.352669524034766,-40.93055891518805
40,-0.616541,-5.58647,1.5,-59.44954530926301,-42.5199481938203,-31.035619766111857,-110.0,-38.37281226850894,-47.70338805176258,-110,-46.98853945171676,-50.1158269247708
40,-0.616541,-5.58647,1.5,-56.00749091800311,-40.86544915713431,-30.421725259146314,-110.0,-45.96885388415593,-44.88381539287376,-110,-41.64250213329627,-47.165423568084144
192,7.38346,3.41353,1.5,-53.41144430936794,-57.96833792881564,-44.362379873826995,-110.0,-43.52449097205916,-15.30481400262138,-110,-27.76549142781788,-35.479627836396794
200,-0.616541,4.41353,1.5,-44.48109852632896,-26.159688796158733,-39.620779180913374,-110.0,-53.14361242995348,-39.81633265905455,-110,-34.130700684036505,-38.53906569064967
100,-4.61654,-1.58647,1.5,-49.27874028776177,-43.967854185125624,-29.70296687160429,-110.0,-35.89835593011725,-39.74776870982703,-110,-33.684190614849,-46.02126275636134
182,-2.61654,3.41353,1.5,-29.40703023034385,-34.77621638923573,-41.722733723722165,-110.0,-39.84642463824825,-35.09868875476859,-110,-35.66532038017443,-47.75060732314103
174,5.38346,2.41353,1.5,-47.22418953245602,-58.69337958535786,-44.71233791568349,-110.0,-27.941370219574285,-29.257548690183356,-110,-35.97722558517716,-46.58396132494923
77,4.38346,-3.58647,1.5,-44.22463587517999,-54.1967602974918,-36.159207656605325,-110.0,-36.30173566474438,-32.444461852052235,-110,-40.921952052507805,-32.996777859962044
71,-1.61654,-3.58647,1.5,-42.73253210582299,-51.859284785777525,-33.86923400817753,-110.0,-44.221998949683915,-54.06926226842314,-110,-45.33482372252371,-51.66864555913233
207,6.38346,4.41353,1.5,-36.796050695178806,-47.981575037488,-49.223779581891925,-110.0,-59.93822433068712,-38.729116201516696,-110,-37.75197382917077,-45.43715680162675
224,7.38346,5.41353,1.5,-27.36180910794507,-31.272169585333927,-48.20369303530885,-110.0,-33.95253693561159,-35.39589270537012,-110,-38.80359019420978,-45.95020927482386
5,-3.61654,-7.58647,1.5,-41.28072251979646,-34.33696262625652,-41.814285614402365,-110.0,-31.37411730452724,-54.33006076019609,-110,-51.383417946344096,-37.80969202226536
44,3.38346,-5.58647,1.5,-47.217252417694624,-52.35191335830315,-29.997641372534662,-92.98445254186272,-42.321281124553096,-34.483742563181366,-110,-45.34676806025481,-27.94878518047847
118,-2.61654,-0.586466,1.5,-37.78962274363384,-35.00601549492813,-35.998268935898864,-110.0,-48.48970346685435,-36.92216630101869,-110,-39.570447967287045,-42.15636390323193
2,-6.61654,-7.58647,1.5,-40.16950227216236,-45.06391068563123,-36.591698648320346,-110.0,-30.131188482456174,-46.49804474472497,-110,-44.00870250693234,-38.51019355148067
160,7.38346,1.41353,1.5,-56.13110635608552,-54.42163139771107,-49.12886954101032,-110.0,-47.21021343991194,-26.90598057688916,-110,-44.406315263348795,-54.66359050930161
140,3.38346,0.413534,1.5,-32.02536869396761,-50.88274775956486,-44.98979050535426,-110.0,-41.80611664756057,-47.79867126074531,-110,-36.498698139239245,-51.28153639765409
220,3.38346,5.41353,1.5,-38.039427878373914,-34.90491597216865,-52.994534077462234,-110.0,-35.297894197719785,-42.18467279552047,-110,-44.31416077701171,-46.427132956767856
79,6.38346,-3.58647,1.5,-41.482765000263555,-51.400806256153416,-40.33120233307778,-110.0,-36.727980816970486,-37.82695954338088,-110,-51.28846510378891,-34.452407147996574
155,2.38346,1.41353,1.5,-42.19299346954725,-63.63483275033177,-43.66901961081057,-110.0,-35.4996050300621,-35.8681494003967,-110,-32.42101268161693,-41.24300610936484
49,-7.61654,-4.58647,1.5,-38.37402018584763,-33.82651123750985,-34.349347876868265,-110.0,-43.080873936151,-54.538352384362085,-110,-45.10297614201542,-30.879279334056896
86,-2.61654,-2.58647,1.5,-51.49542856672667,-49.052009816184736,-33.140996111089436,-110.0,-45.52681044439752,-41.04276306878437,-110,-35.15070451081435,-46.57648297018186
185,0.383459,3.41353,1.5,-34.331017286698156,-45.54343123042516,-54.58534456730232,-110.0,-35.6552547673012,-33.92266123092978,-110,-26.746029876384856,-35.71294825499984
232,-0.616541,6.41353,1.5,-32.443998187074456,-22.15307992428946,-40.582154982581514,-110.0,-51.9299805981228,-47.78983296826236,-110,-80.13393130285135,-48.74374356462509
55,-1.61654,-4.58647,1.5,-33.817671043287845,-51.60406414582074,-28.800696493767767,-110.0,-46.98317419198773,-46.62020209058212,-110,-41.408988271068495,-41.7574626006212
196,-4.61654,4.41353,1.5,-30.2157187213572,-33.38023659662952,-37.86819644364094,-110.0,-39.72037548995102,-53.95404037571692,-110,-41.60079822885744,-44.74737035739599
143,6.38346,0.413534,1.5,-52.16179438676144,-56.389372222951984,-46.12349999616283,-110.0,-37.31374663946558,-32.82657386191369,-110,-34.304463606895744,-41.15114025189144
45,4.38346,-5.58647,1.5,-43.28830309792617,-46.785457857045294,-29.970705328228615,-90.31253294105672,-25.42463608244758,-35.850862642712706,-110,-42.39376303975752,-37.5910734107016
205,4.38346,4.41353,1.5,-41.68037583501684,-31.25778061273538,-49.60888913389568,-110.0,-40.35181035227288,-43.5568688166057,-110,-37.74139648855304,-39.27515326624167
221,4.38346,5.41353,1.5,-44.02800702653444,-47.80517033841447,-51.35826564074274,-110.0,-37.92120475578059,-43.81022402556263,-110,-37.9777183911441,-53.04707096929412
212,-4.61654,5.41353,1.5,-33.27197663937089,-43.43132916982712,-48.372515336711125,-110.0,-46.69701441189116,-49.862098347650885,-110,-29.370879002215055,-52.72403777385063
26,1.38346,-6.58647,1.5,-40.4709711457627,-51.01929722978654,-40.98030456214561,-102.4091492478248,-22.67833501138763,-27.4916147143234,-110,-47.83067926980938,-27.650562854057956
37,-3.61654,-5.58647,1.5,-35.31687703425097,-40.68613285584353,-33.41874378295566,-110.0,-33.80535586420713,-49.96675954656707,-110,-49.553663224789865,-37.27990363525486
73,0.383459,-3.58647,1.5,-35.60130616812073,-45.65355649823392,-67.74354455925527,-110.0,-29.489087026932364,-37.15513351104536,-110,-38.08952445148615,-32.20087285404969
185,0.383459,3.41353,1.5,-34.249384235928865,-50.33280859548543,-56.45692861185286,-110.0,-35.31087380360333,-33.585153439362585,-110,-21.587194397569288,-39.33089126280474
226,-6.61654,6.41353,1.5,-37.92234104041421,-35.26980305649178,-37.80608844546184,-110.0,-61.811092194815274,-51.29153696660958,-110,-49.02348621589696,-50.887706465260045
126,5.38346,-0.586466,1.5,-39.85292325444802,-54.5403080541601,-47.41347450962684,-110.0,-34.71716014074022,-32.83895051924572,-110,-34.545208969360026,-44.14903474897267
150,-2.61654,1.41353,1.5,-36.29657519333555,-37.57628872157484,-51.63460336751615,-110.0,-43.57226213273734,-46.18786858400423,-110,-34.88721462446352,-41.56264179905931
107,2.38346,-1.58647,1.5,-52.89640751287141,-46.36668590244879,-51.23437505775176,-110.0,-40.23438347549708,-43.7286793466396,-110,-43.0721488829128,-36.98770689895082
147,-5.61654,1.41353,1.5,-57.0936290354593,-41.570701469559424,-31.41229160123796,-110.0,-50.754685695299315,-36.46224879997632,-110,-39.537617591902695,-50.89096914227475
228,-4.61654,6.41353,1.5,-28.984455500901458,-30.37247988403737,-39.83385597549752,-110.0,-49.22257765152167,-53.978351399235784,-110,-47.18111471425005,-55.90492185636931
46,5.38346,-5.58647,1.5,-38.014471228096426,-43.612292908948504,-48.728446242490016,-98.454027088406,-39.23380526104128,-36.846772713763855,-110,-34.17466900348707,-30.0016372373093
170,1.38346,2.41353,1.5,-41.389195250537355,-51.241751852435954,-46.75098154004018,-110.0,-34.98298415485907,-42.93832522266945,-110,-29.50165273634514,-48.62326347474025
52,-4.61654,-4.58647,1.5,-43.53199476649424,-31.920896991359477,-31.182567304304413,-110.0,-35.78174608503217,-41.79219130195907,-110,-42.93643064077045,-57.3445799654482
126,5.38346,-0.586466,1.5,-32.882268034957065,-50.20186686153284,-43.32271123518445,-110.0,-37.56530292933933,-40.77515408597714,-110,-36.04983220837234,-40.199088035411336
122,1.38346,-0.586466,1.5,-42.06424461339805,-46.67191745672836,-45.59205924242333,-110.0,-38.4327889801455,-44.179880144331925,-110,-37.771538590015446,-33.96348782001435
48,7.38346,-5.58647,1.5,-44.14613287302636,-47.87456074847721,-40.55754625785016,-99.47581071535052,-39.17978981954465,-35.74570210822457,-110,-46.21301638302506,-25.171510024198696
177,-7.61654,3.41353,1.5,-28.92298996540088,-38.3872956558426,-52.18352960815246,-110.0,-41.5288237900279,-36.98800344725569,-110,-39.23377767371248,-41.664146628909606
190,5.38346,3.41353,1.5,-51.70244352245896,-50.1148011669416,-46.27547319650914,-110.0,-37.93851404415834,-34.308370445143694,-110,-40.792723862473935,-37.17299604748649
36,-4.61654,-5.58647,1.5,-40.07673965421261,-48.2388314869888,-25.506420026215533,-110.0,-39.196280765688954,-38.74203095361673,-110,-46.52902562106809,-39.64932787885179
189,4.38346,3.41353,1.5,-52.4118137823768,-50.09823566517183,-52.93109397732668,-110.0,-43.3328267248327,-26.37030268061271,-110,-43.08213792825218,-52.55071702754238
35,-5.61654,-5.58647,1.5,-28.519986774100115,-47.40176987372172,-39.25482764739185,-110.0,-32.33314475684171,-45.23588048927146,-110,-38.906729811672754,-42.1196666540779
36,-4.61654,-5.58647,1.5,-39.55983520694873,-45.3157467157413,-26.058525867825026,-110.0,-32.92583522885887,-41.98379091645463,-110,-48.88603295740303,-34.28109943028074
118,-2.61654,-0.586466,1.5,-32.444634054047086,-33.21760328939754,-33.713127100051025,-110.0,-44.39147810256562,-39.90382665154918,-110,-35.93855948644713,-37.710545525128765
113,-7.61654,-0.586466,1.5,-37.87692986455001,-46.35220232893081,-38.689518957664184,-110.0,-38.09037777318222,-38.060852066601136,-110,-49.52007026163791,-37.68875606264942
24,-0.616541,-6.58647,1.5,-38.34715094949551,-35.57195002090427,-33.836307888947296,-106.80506934047646,-29.60773071518858,-55.30831777341136,-110,-38.111940048907975,-57.929156772578395
2,-6.61654,-7.58647,1.5,-32.373427716461464,-47.7633939565697,-35.07588457737468,-110.0,-36.530298450858744,-48.46335048528729,-110,-38.96787370740034,-45.18461374384018
138,1.38346,0.413534,1.5,-48.926071352884506,-59.89322048570629,-40.802827530297265,-110.0,-34.0273611725154,-59.20655757414126,-110,-33.38636077521496,-43.05604423315953
45,4.38346,-5.58647,1.5,-42.15602833770065,-46.15139551522257,-29.663123905763563,-95.04949061900771,-27.0979021120246,-40.58844379389627,-110,-39.571182354005664,-36.37587632215048
123,2.38346,-0.586466,1.5,-45.504301191611056,-53.10119547937078,-61.746733677496465,-110.0,-43.86368778046409,-44.3003001146629,-110,-37.72094408918069,-35.87114168380489
46,5.38346,-5.58647,1.5,-40.640893835040025,-48.09667049895126,-49.98161281829389,-92.59554672093138,-35.09821129684174,-36.78349471270203,-110,-36.88721792504986,-29.77856782004683
175,6.38346,2.41353,1.5,-55.55827728297331,-52.47889012753601,-45.68217051814594,-110.0,-40.69326710021453,-37.72251523830517,-110,-35.12110067681684,-48.33676931997831
214,-2.61654,5.41353,1.5,-44.41466972333983,-52.012533956542434,-38.11391132336568,-110.0,-42.91314821969778,-55.98795676262511,-110,-39.08470941157333,-46.78074696024417
112,7.38346,-1.58647,1.5,-44.76973627418237,-39.11786418564473,-41.9229560698816,-110.0,-37.47724609457555,-40.9124681997682,-110,-36.16195919594564,-35.12696656227387
179,-5.61654,3.41353,1.5,-29.89720369752383,-48.55593246755196,-43.8125486848307,-110.0,-28.86648414586125,-41.1369762077825,-110,-37.446669826203326,-53.8448868543118
64,7.38346,-4.58647,1.5,-38.42719360699796,-43.62012463147462,-39.89890715461123,-93.26616247612698,-43.903641616447615,-36.312894190859645,-110,-40.60909859264507,-29.77911905267416
25,0.383459,-6.58647,1.5,-55.6382559639804,-48.93193578094137,-38.51742790844935,-95.1064548011218,-34.888601799350994,-30.858663233048254,-110,-43.95495409026979,-39.39451247554695
209,-7.61654,5.41353,1.5,-30.911376146141087,-33.18438661028378,-27.782532636856672,-110.0,-49.26715323184858,-52.52772102123432,-110,-38.528836994230055,-58.0385713241713
149,-3.61654,1.41353,1.5,-29.429902899283285,-39.123058273164055,-43.300413478895024,-110.0,-44.96433620473365,-44.16607726519381,-110,-35.57633966795903,-42.049803449365285
61,4.38346,-4.58647,1.5,-40.20575873864318,-44.208322070057534,-38.25033663867728,-110.0,-32.829068361463285,-40.28665479055771,-110,-42.365795659811454,-35.066149225399286
14,5.38346,-7.58647,1.5,-50.1711884448609,-53.529494491958864,-50.43938255061227,-110.0,-37.1382817382258,-43.941535356955775,-110,-41.2376640917952,-16.77587794043032
50,-6.61654,-4.58647,1.5,-46.64470677371485,-40.90123828926011,-29.842635871532636,-110.0,-37.878609038097224,-42.96485379141042,-110,-37.54129035177842,-45.6838939156151
105,0.383459,-1.58647,1.5,-40.405862977643736,-48.74652361627461,-40.81375850635447,-110.0,-33.87560568289864,-39.81626686638303,-110,-30.942170674071285,-38.825868116754016
63,6.38346,-4.58647,1.5,-37.60292531252446,-52.123817002563655,-42.66705343438426,-96.02116128913576,-25.859603063737666,-36.1226797773672,-110,-37.95412128359408,-30.44664388545876
120,-0.616541,-0.586466,1.5,-55.19597385732868,-30.890229963480653,-26.77677548446679,-110.0,-53.13161084733875,-41.06623908299411,-110,-31.68876456932891,-43.71512136693517
29,4.38346,-6.58647,1.5,-45.10785350890016,-57.77298184265178,-41.562227166411624,-75.27791222187692,-34.38184170641634,-37.19235760118355,-110,-38.26345226895779,-33.6395657598345
72,-0.616541,-3.58647,1.5,-39.25084709108007,-39.971575109874905,-50.59612943979664,-110.0,-52.13647860140994,-40.71560109575413,-110,-35.379857073129855,-40.937798039101615
50,-6.61654,-4.58647,1.5,-39.594435117651344,-39.387180779050695,-31.41157965374973,-110.0,-44.404684267362754,-38.70875121573766,-110,-36.58037482194488,-39.680734094790026
222,5.38346,5.41353,1.5,-40.644360678573335,-43.557667658493656,-47.35112397110818,-110.0,-48.76079511739761,-31.681575479798596,-110,-42.954159008671624,-36.73308043458851
161,-7.61654,2.41353,1.5,-35.99924211281549,-41.20479446686035,-48.21996756793796,-110.0,-38.20102210000394,-36.53024729102212,-110,-35.58062707519415,-42.97709151410509
30,5.38346,-6.58647,1.5,-45.598744747715386,-46.3142083515791,-48.20151794561954,-85.23379928066358,-42.37008102262746,-45.78804621821239,-110,-35.54017933047636,-27.52970914581895
171,2.38346,2.41353,1.5,-41.94767400126444,-58.78724599247521,-40.902749101094955,-110.0,-43.57238519763725,-31.32959565691707,-110,-34.0885316246059,-37.43025385293602
126,5.38346,-0.586466,1.5,-37.30547606983667,-47.96233087875112,-43.89716490604475,-110.0,-44.03508810615343,-35.390912694490474,-110,-31.74988216244811,-43.97891006159991
68,-4.61654,-3.58647,1.5,-42.40708148772548,-37.82155456118381,-33.28699351357524,-110.0,-33.46189878098726,-48.89629240276972,-110,-37.07269184926101,-51.76759713893608
51,-5.61654,-4.58647,1.5,-36.9458432952208,-41.15192008948675,-34.023409579663245,-110.0,-37.84513442506,-47.18819666466727,-110,-51.83447088778348,-49.12662501403978
34,-6.61654,-5.58647,1.5,-52.810016915024704,-30.678498428384945,-33.576908940520205,-110.0,-33.19562571421931,-49.360244667064215,-110,-41.3766020847303,-40.07827603749266
121,0.383459,-0.586466,1.5,-37.5923388131807,-51.31457894860848,-49.14314083420193,-110.0,-32.70132305686051,-35.5771834740252,-110,-32.82105415421209,-38.362715666174594
146,-6.61654,1.41353,1.5,-41.20445772260797,-48.27743522043716,-32.45842539427898,-110.0,-43.48911827744194,-36.91322088401667,-110,-33.78356989755471,-39.02180319106919
23,-1.61654,-6.58647,1.5,-39.99895465269494,-33.35502890743074,-28.69607212672025,-101.90543958035175,-33.747868160702396,-50.96102685349634,-110,-39.8875286728571,-43.00136507569956
229,-3.61654,6.41353,1.5,-58.18630667198775,-32.189700656150514,-55.63862409457235,-110.0,-51.895309490393174,-47.828029274263066,-110,-50.86523759253826,-39.54687138000675
175,6.38346,2.41353,1.5,-60.567702665229504,-48.48242919196479,-42.53442847959381,-110.0,-41.14104637211609,-34.44448651148105,-110,-37.59491586289385,-46.58061671262971
18,-6.61654,-6.58647,1.5,-38.520323438279576,-36.00283780302721,-31.951312306021652,-88.78120805760601,-43.533152767658756,-44.01576621216226,-110,-41.452326134046075,-46.51518889749258
104,-0.616541,-1.58647,1.5,-43.499902858149014,-31.283784751727296,-30.376603504437018,-110.0,-48.36344291362655,-51.91408704350095,-110,-33.09154882060497,-44.869082532664315
214,-2.61654,5.41353,1.5,-53.160111330085584,-52.4087160351776,-32.23593192818583,-110.0,-40.54740086595991,-58.81976057353423,-110,-34.909186426499055,-48.27116875857094
177,-7.61654,3.41353,1.5,-27.880701552344178,-37.46323974468712,-49.48246881581652,-110.0,-45.04783836034541,-35.67508773685048,-110,-37.871341087376386,-44.722841023531586
85,-3.61654,-2.58647,1.5,-42.23125394696516,-50.03934267425086,-42.96935543442131,-110.0,-36.395613744510975,-43.24491794468267,-110,-38.499306240919125,-57.594062069848455
208,7.38346,4.41353,1.5,-39.85835504484292,-41.48536423381513,-57.38043994010583,-110.0,-47.666698042669935,-22.24404691505403,-110,-31.815816589389527,-37.70864710607552
78,5.38346,-3.58647,1.5,-42.24191514513469,-58.40406388978579,-47.88937273482895,-110.0,-27.77587625293294,-34.76485106908421,-110,-35.82573303375994,-34.7666950395149
63,6.38346,-4.58647,1.5,-43.30514736639893,-47.2806019521592,-37.534776856742695,-96.2424253971838,-30.053940344470227,-34.6672159844889,-110,-37.06459401191066,-35.6838779475465
100,-4.61654,-1.58647,1.5,-45.251082198433714,-39.553101086861126,-36.26868415449817,-110.0,-34.06251045482183,-39.19972634428434,-110,-29.80101863533111,-50.383034854833014
15,6.38346,-7.58647,1.5,-57.87154642239193,-51.268188253163174,-35.90107341269673,-86.89206298433584,-38.88249237036218,-34.616393841229566,-110,-45.80468579097807,-34.93454843988747
78,5.38346,-3.58647,1.5,-41.04681821406958,-62.35413912433535,-51.533929185070136,-110.0,-31.29129687533091,-35.06116732751808,-110,-31.922898002527777,-35.96970764532896
101,-3.61654,-1.58647,1.5,-29.45867988823801,-38.58112736551131,-41.855148060494926,-110.0,-48.66571098891459,-61.70221732018313,-110,-51.87833104863192,-47.7197749322597
30,5.38346,-6.58647,1.5,-43.48490886745323,-47.71579393688468,-48.80286349420514,-79.24084201702536,-36.186837192482265,-46.63574945352589,-110,-36.82269651246445,-21.96228173963133
121,0.383459,-0.586466,1.5,-38.254381316302386,-45.51844009386789,-51.38535750810403,-110.0,-37.22636213231766,-32.10343412572736,-110,-34.454169993540354,-39.06163294770938
107,2.38346,-1.58647,1.5,-54.17086588339813,-43.91223339456904,-50.223422776797875,-110.0,-42.46542506881735,-48.88512560710109,-110,-32.581417601383194,-39.614476270364264
211,-5.61654,5.41353,1.5,-26.89806445183079,-49.94211521733978,-38.404928592147854,-110.0,-60.91291244761199,-52.771800775469494,-110,-44.102295333060766,-44.02930268584427
121,0.383459,-0.586466,1.5,-43.15152386124147,-45.96384675246294,-55.7288007028152,-110.0,-34.40831520676127,-33.4721818851133,-110,-32.63370238716772,-36.290373781391466
136,-0.616541,0.413534,1.5,-39.39885721392609,-33.45893027175715,-35.58942531314744,-110.0,-62.84316824873666,-40.31898744710504,-110,-35.90320732008915,-46.123686221325976
22,-2.61654,-6.58647,1.5,-32.79805629027332,-40.117447161044176,-26.57435456149537,-82.19113705630042,-40.58199088889141,-36.05881300643595,-110,-36.13644284284852,-49.39607770910491
130,-6.61654,0.413534,1.5,-28.170512776953153,-55.52742920648669,-39.81241952154063,-110.0,-37.36870800042931,-43.50564550072525,-110,-44.68014447467039,-46.559132938230775
53,-3.61654,-4.58647,1.5,-36.059856591563154,-33.469715950310075,-30.074826009555323,-110.0,-32.118206863253555,-46.72756190993909,-110,-41.459318491431866,-64.35835786193093
185,0.383459,3.41353,1.5,-35.72314115981295,-47.644498144560686,-42.39957714719658,-110.0,-33.9839975341819,-32.38624831567949,-110,-29.730295297065695,-35.525859767902475
220,3.38346,5.41353,1.5,-35.84512965209132,-37.045601779723114,-50.349105985015754,-110.0,-37.61215179419495,-37.489878391512626,-110,-44.38085062360592,-48.63150757514927
28,3.38346,-6.58647,1.5,-41.676260259687695,-38.186950506688106,-30.107934252016182,-81.07945228463026,-39.30179598029476,-32.78637352539451,-110,-39.82476217834533,-37.363867429092615
210,-6.61654,5.41353,1.5,-25.27967212896118,-37.539454777028126,-41.56740506011891,-110.0,-52.55233593849732,-58.80390101901575,-110,-42.51591436363658,-58.58458532362091
183,-1.61654,3.41353,1.5,-34.638375617155624,-32.29795729345298,-48.99231305035848,-110.0,-47.63671860392252,-31.487621571568003,-110,-23.93269472505918,-43.01144713716356
227,-5.61654,6.41353,1.5,-25.9879965462528,-31.54717930209524,-39.89510954197954,-110.0,-53.93239548895959,-45.946963376068034,-110,-49.95192132595459,-64.95889319194391
219,2.38346,5.41353,1.5,-41.28008741051051,-28.38459454002126,-56.183359382232695,-110.0,-44.44313247177323,-36.810745428161525,-110,-29.992649906173533,-37.738944095467595
227,-5.61654,6.41353,1.5,-30.862978578761243,-31.291923633393715,-37.69891623789601,-110.0,-48.70187554366292,-53.464552974717975,-110,-44.18535308215787,-71.59812906806648
238,5.38346,6.41353,1.5,-61.277075179787786,-37.768571930175995,-40.72766614399388,-110.0,-42.6094604942962,-26.98743482008368,-110,-37.601096748074575,-42.56995345909361
60,3.38346,-4.58647,1.5,-40.50312946436702,-57.17420528751825,-39.59597155349388,-110.0,-40.7020927719286,-38.57863881623216,-110,-40.01570763547048,-29.98076275550482
86,-2.61654,-2.58647,1.5,-46.01362466743357,-43.21435555773204,-35.53092367190275,-110.0,-41.254686028755096,-46.21512230712436,-110,-31.48191946093037,-50.5066576858347
131,-5.61654,0.413534,1.5,-35.5056343093189,-34.397662198021344,-46.48714513688734,-110.0,-45.477712111572515,-37.1319845966098,-110,-41.21287884242455,-41.4321382892868
193,-7.61654,4.41353,1.5,-32.38760770488119,-47.4898601549979,-36.68846741363207,-110.0,-41.839079789149366,-55.58500568894119,-110,-47.58269307711099,-49.49899769458946
142,5.38346,0.413534,1.5,-37.48972611125504,-37.484941033953184,-53.3888849842841,-110.0,-52.28099444969838,-29.414364914694936,-110,-35.20776221583876,-35.73227118065594
86,-2.61654,-2.58647,1.5,-46.46041061651721,-44.89620628582099,-27.78382133353798,-110.0,-42.74896937174078,-44.97659793358389,-110,-44.13037574591295,-37.98771470380403
144,7.38346,0.413534,1.5,-41.94913660122484,-64.23076834594669,-37.620876520726206,-110.0,-42.45735807254576,-26.451921608144247,-110,-36.64428451595574,-38.554846760214936
131,-5.61654,0.413534,1.5,-37.65383440799134,-40.035728247547134,-42.059757300074565,-110.0,-37.81247253653661,-42.06342586439285,-110,-45.523262888965306,-42.85687222178323
121,0.383459,-0.586466,1.5,-36.3778865815677,-47.7948982544006,-50.26747215398663,-110.0,-33.51917324308379,-31.576576476701316,-110,-33.89838071044759,-38.37340352313781
107,2.38346,-1.58647,1.5,-55.12547035506498,-46.215045965812735,-51.36352337812703,-110.0,-51.44103730114743,-47.47591552699805,-110,-38.65614803733189,-34.732825230471356
162,-6.61654,2.41353,1.5,-34.27589494584442,-33.84495353824481,-34.896922156058324,-110.0,-49.42569751639404,-48.52929226156215,-110,-33.88142094126284,-44.120606912430446
120,-0.616541,-0.586466,1.5,-51.60981155283441,-33.00314992648586,-29.776306051633934,-110.0,-49.27626426580824,-41.97618445347803,-110,-31.059250286053576,-44.9903545670607
161,-7.61654,2.41353,1.5,-25.323961030667856,-40.83114302871535,-39.998268871838704,-110.0,-40.08931897895573,-35.36146202402307,-110,-42.1817350992936,-47.562562449770375
199,-1.61654,4.41353,1.5,-44.89589593003294,-31.824665719947586,-38.90931978272221,-110.0,-58.52324375924082,-47.37533137389404,-110,-29.733233773256753,-42.958527746981815
65,-7.61654,-3.58647,1.5,-34.841436127987635,-42.501607503649666,-28.485621084564727,-110.0,-31.804643292091633,-46.97933054198943,-110,-36.319956880318344,-40.79321714574019
177,-7.61654,3.41353,1.5,-27.413885653066785,-39.63614757765263,-48.62128348084915,-110.0,-40.16428921889051,-28.43546175551105,-110,-35.32150948685298,-48.82650713377221
179,-5.61654,3.41353,1.5,-28.831306440510694,-50.83576480319781,-39.32298199120603,-110.0,-40.107426138414894,-39.977036387050845,-110,-36.88708692334671,-52.18936395413101
215,-1.61654,5.41353,1.5,-49.86377323328773,-38.09577903778859,-48.81659828699322,-110.0,-44.47420376176324,-44.800962885305495,-110,-35.60183773117509,-54.96383680794628
105,0.383459,-1.58647,1.5,-41.06326285270298,-49.45044986531062,-42.58139134097345,-110.0,-34.87685088950448,-40.8138821066975,-110,-35.44620639105912,-38.48703824839274
95,6.38346,-2.58647,1.5,-41.67536564391382,-51.33098751277577,-41.66264882052244,-110.0,-31.51193123731909,-50.782256827220195,-110,-33.39912246812797,-36.76333898143069
220,3.38346,5.41353,1.5,-45.67145754901069,-36.77257271367109,-55.97858097562264,-110.0,-41.78906928715597,-38.37145672063239,-110,-41.34165488118686,-51.15629894479402
80,7.38346,-3.58647,1.5,-46.42775636930419,-46.88276005925236,-52.26718999154763,-110.0,-44.39363854699751,-32.942206919716966,-110,-35.56897043001002,-50.87971308484541
68,-4.61654,-3.58647,1.5,-38.02944902639674,-34.36457896395324,-33.332451480165695,-110.0,-34.005370344236596,-44.20569336937104,-110,-37.23875275536554,-56.04976428277997
213,-3.61654,5.41353,1.5,-45.793433230605594,-35.98942808235009,-40.1447877503392,-110.0,-46.175250473729086,-47.7140043042093,-110,-38.6456674388853,-47.09955759728728
109,4.38346,-1.58647,1.5,-39.976459240543264,-47.060401351313395,-41.28656597976418,-110.0,-42.57681538298322,-32.62992202525924,-110,-30.975508255980618,-38.87294911492207
120,-0.616541,-0.586466,1.5,-51.87470332907119,-39.35642042801235,-31.92409365987394,-110.0,-40.26128657021659,-40.90367496581548,-110,-26.206504351753765,-43.25562778861231
229,-3.61654,6.41353,1.5,-63.64719856112175,-34.61878224984098,-57.52997611200055,-110.0,-61.3549701542888,-50.57793504437619,-110,-53.62432284267986,-41.24519319769182
114,-6.61654,-0.586466,1.5,-33.52107135803289,-46.67401024843629,-39.02509918510346,-110.0,-48.72332053358788,-34.856205892842034,-110,-43.824503679470126,-45.707324295561754
216,-0.616541,5.41353,1.5,-32.43083045603755,-27.335557572145767,-36.981337782754046,-110.0,-52.46359518580903,-56.307350011983374,-110,-45.38939029510378,-59.41138850663377
156,3.38346,1.41353,1.5,-42.718570877351574,-47.81568594855959,-56.74068634143501,-110.0,-38.006875150621326,-39.61325429901297,-110,-39.064669739351544,-50.34257579007307
57,0.383459,-4.58647,1.5,-48.92071567541156,-45.12359687636879,-53.11375256625464,-110.0,-32.20130731341666,-46.98404736810525,-110,-30.784747215204643,-49.57717759345751
181,-3.61654,3.41353,1.5,-30.96530045339036,-43.28016669117883,-44.39793798143293,-110.0,-35.974737927639445,-36.10101131697316,-110,-26.046408428921225,-51.90160172955598
49,-7.61654,-4.58647,1.5,-41.0458483129381,-42.76824806666896,-40.97878769422374,-110.0,-37.921216926644405,-57.89629264184101,-110,-41.00860723643828,-34.09322190955331
40,-0.616541,-5.58647,1.5,-52.83474258613075,-47.20784333534499,-34.39628265087835,-110.0,-41.71561968391756,-47.842016885721755,-110,-46.376689362269126,-40.44611628172921
152,-0.616541,1.41353,1.5,-37.420469455329375,-36.862243671832026,-31.852363879609875,-110.0,-38.52566868127123,-44.28945343652342,-110,-25.823037879966147,-48.3856568547692
86,-2.61654,-2.58647,1.5,-52.13680598265051,-40.49123897844106,-34.17083159239778,-110.0,-43.0434092398879,-45.910020289909326,-110,-45.210892003979254,-43.583042785443176
2,-6.61654,-7.58647,1.5,-36.25778744529867,-47.508623998440704,-30.455498839242672,-110.0,-34.08485025155635,-48.57894864843687,-110,-41.23920923739288,-45.42191314286046
23,-1.61654,-6.58647,1.5,-34.43045204982978,-28.158957303542053,-27.522945714115497,-103.16357621118264,-33.60344027353612,-50.55996334852752,-110,-39.837845895595265,-40.217409874452464
46,5.38346,-5.58647,1.5,-41.139774536239486,-42.52214315424269,-44.251789505302945,-95.26535132860114,-39.753377586607385,-41.31993635488386,-110,-36.43077711575937,-31.875833558268937
190,5.38346,3.41353,1.5,-56.51369787734541,-49.82457457050577,-38.46641458847419,-110.0,-37.450698228776545,-30.54031448709199,-110,-45.362248944312626,-32.61092421903275
60,3.38346,-4.58647,1.5,-44.94182227661851,-54.8150110409711,-42.5410464238592,-110.0,-37.76910722965518,-34.7368850397896,-110,-39.39805135447461,-35.439682368667846
64,7.38346,-4.58647,1.5,-43.84592856902132,-39.96987127762443,-35.968560415355704,-95.5813997673802,-40.32228294276236,-34.690700480499274,-110,-45.579640178746345,-26.830400051388295
119,-1.61654,-0.586466,1.5,-35.754021757244985,-38.20572982537512,-30.12980412180866,-110.0,-43.09089805351584,-45.03757361361079,-110,-36.54193836534226,-46.312358203451694
2,-6.61654,-7.58647,1.5,-28.3277162886098,-48.76840061854728,-32.05678761555037,-110.0,-30.948434128708396,-42.970681959165965,-110,-47.43073113737403,-40.333259632840736
49,-7.61654,-4.58647,1.5,-33.8218510948282,-37.304202136048126,-39.99800511646518,-110.0,-47.990879741832394,-52.07953545085941,-110,-46.5325999725234,-37.21489715073857
160,7.38346,1.41353,1.5,-49.80501616672572,-42.60689293630079,-54.58806205872344,-110.0,-48.39377563951998,-30.877862041005,-110,-45.40340805363624,-53.54944088954824
50,-6.61654,-4.58647,1.5,-43.63171111388871,-34.912394696117765,-29.641139461180952,-110.0,-41.92491707333575,-40.36125891940559,-110,-37.946480920726145,-45.97778590846345
190,5.38346,3.41353,1.5,-54.86647274997704,-35.69857200493269,-37.708044671625686,-110.0,-38.11065369181263,-31.30461284231534,-110,-42.44268635148118,-33.98119177773576
71,-1.61654,-3.58647,1.5,-39.50215688888542,-56.99373217906935,-29.25126171375595,-110.0,-45.52566116895878,-53.23122354945234,-110,-38.2439297144649,-50.2396339691628
79,6.38346,-3.58647,1.5,-33.54896317196629,-51.72411920384731,-42.019532170245824,-110.0,-37.45126612742023,-41.72095305454363,-110,-52.50645096548191,-32.36851364196322
2,-6.61654,-7.58647,1.5,-35.364524744031634,-50.0585033006484,-29.229572542830624,-110.0,-37.46456274527059,-44.45638122695913,-110,-42.27887855513311,-37.13044892394693
75,2.38346,-3.58647,1.5,-51.14645352521711,-42.294900238668085,-43.458541573076,-110.0,-29.08223905366809,-36.87898302511644,-110,-35.568460050011645,-41.533131929670354
181,-3.61654,3.41353,1.5,-37.96176217745094,-44.88091962070845,-39.98725773578754,-110.0,-31.24857983676751,-31.419113947521183,-110,-24.84258221412761,-51.69441562825691
9,0.383459,-7.58647,1.5,-58.05119249020069,-41.22335587824263,-26.095225988549224,-110.0,-31.810788067844214,-29.290664444927327,-110,-30.20323428519447,-34.945404382008896
68,-4.61654,-3.58647,1.5,-32.81906947992232,-28.684678011126692,-27.551934389770494,-110.0,-37.103865546446265,-45.20149129179469,-110,-38.550747353507035,-50.46346909588122
140,3.38346,0.413534,1.5,-40.50323761407013,-46.38928583770603,-48.91424266811714,-110.0,-39.072755577018675,-38.17610204789998,-110,-37.609171600234426,-51.2954234720708
170,1.38346,2.41353,1.5,-43.65845515101832,-46.00377957542374,-48.412833754383,-110.0,-40.34091932796043,-41.57660416147827,-110,-25.580969838656387,-46.4722784872444
229,-3.61654,6.41353,1.5,-55.62649669980556,-37.048248763969525,-52.155257267902755,-110.0,-52.45006615419768,-48.594498200229886,-110,-50.83725193238092,-45.93654823427327
201,0.383459,4.41353,1.5,-46.481132464402066,-32.65756589736951,-47.730153707669814,-110.0,-41.996019719920994,-44.01263448404233,-110,-31.64971175235858,-41.367166812399695
135,-1.61654,0.413534,1.5,-44.40455682741241,-42.27713430888673,-34.9969137069691,-110.0,-53.50276510333654,-34.8010633129866,-110,-31.516494527995548,-37.64336489094478
188,3.38346,3.41353,1.5,-44.14787917902284,-41.85549231940467,-44.55577653066637,-110.0,-46.64231175984544,-48.04211068116416,-110,-36.575070938457614,-43.77330984634985
83,-5.61654,-2.58647,1.5,-33.93200209228661,-39.08555569386913,-36.079764278252235,-110.0,-40.34095067224542,-43.769306167417525,-110,-36.83181214643635,-38.53797290034637
65,-7.61654,-3.58647,1.5,-38.44286485080839,-41.39441829513961,-32.203345771917135,-110.0,-33.42710860184153,-43.92432605539259,-110,-37.806328166284494,-41.59047802866653
70,-2.61654,-3.58647,1.5,-32.16647134111079,-35.399463826201085,-31.11513482563383,-110.0,-48.38855487589921,-42.32776895408973,-110,-30.734782578715365,-37.667380512288155
97,-7.61654,-1.58647,1.5,-42.821700579763146,-47.21084088347554,-39.014324218154314,-110.0,-45.91701475997257,-39.985192597473315,-110,-50.19395906591486,-48.13609178981122
29,4.38346,-6.58647,1.5,-42.19298823367341,-57.56224466286289,-38.9522613293158,-78.15194493707978,-28.98728945460773,-27.89274869256871,-110,-36.4315786203084,-32.46909985498333
201,0.383459,4.41353,1.5,-49.48448685990135,-28.991433962165875,-48.91302832731949,-110.0,-33.598072388196094,-33.42417844017749,-110,-28.43573344630076,-45.44312578710884
159,6.38346,1.41353,1.5,-44.65030493136793,-57.42995261790178,-38.67299175589625,-110.0,-41.33798695817336,-31.107609983430745,-110,-49.23847499842007,-53.28015098526428
102,-2.61654,-1.58647,1.5,-43.60358229192926,-40.75855457928179,-36.71215220320252,-110.0,-34.794092246920506,-39.25330737768419,-110,-39.28720836514768,-44.31268797558273
45,4.38346,-5.58647,1.5,-43.766392935953185,-50.26996492509247,-34.5663897168414,-98.53757554254872,-31.46080155478834,-39.44047959070079,-110,-40.14268625475752,-36.56048936413155
184,-0.616541,3.41353,1.5,-43.55180899009424,-30.19002765708121,-30.25156026170522,-110.0,-43.92183845553204,-33.20033399934963,-110,-31.42202312708928,-38.922976161679664
40,-0.616541,-5.58647,1.5,-54.497441420423925,-41.76435783300758,-30.222656783423915,-110.0,-40.555438658658126,-45.568550219147795,-110,-41.813106017345056,-43.95760730071862
8,-0.616541,-7.58647,1.5,-38.24983609091785,-33.34566780401268,-48.304047529338085,-110.0,-48.915659412817064,-48.622795848331926,-110,-47.79852693290158,-50.14060611759725
1,-7.61654,-7.58647,1.5,-110.0,-110.0,-110.0,-76.23142680776397,-87.66436246320848,-110.0,-110,-110.0,-110.0
195,-5.61654,4.41353,1.5,-21.02300316352823,-38.23735788060347,-40.67528921504485,-110.0,-42.32070905680948,-36.99569895373587,-110,-24.23586831066457,-50.62708729548726
161,-7.61654,2.41353,1.5,-25.62027748355045,-38.62461592819399,-38.51326056426272,-110.0,-36.87344796466515,-39.79070928806635,-110,-35.365568967894205,-45.23290410297447
106,1.38346,-1.58647,1.5,-35.937478699510265,-51.840429735653544,-51.91671994486558,-110.0,-50.82369361944242,-42.57870092350755,-110,-28.637005789942503,-40.44776827307152
43,2.38346,-5.58647,1.5,-52.92855502865208,-55.65234455409707,-41.88709188932731,-99.8914497215043,-31.17034592032143,-36.91656636926824,-110,-37.36998351968035,-38.2818536327716
137,0.383459,0.413534,1.5,-53.38180243782088,-55.02598384039371,-45.703049953296215,-110.0,-37.68763258785035,-40.512256768311154,-110,-27.724327799167263,-40.86804331324925
124,3.38346,-0.586466,1.5,-44.486246918507064,-54.79171331376787,-53.05156809593771,-110.0,-38.81895743209836,-35.76582952241089,-110,-28.401491516855614,-40.22323686060754
170,1.38346,2.41353,1.5,-47.8246055250183,-48.30359438295275,-46.98952423609175,-110.0,-38.22441276748319,-44.06241157270574,-110,-29.19017320622853,-48.39795962003078
80,7.38346,-3.58647,1.5,-41.586141509243795,-49.19013164513849,-45.84945323712941,-110.0,-36.77504665313356,-44.389449713768855,-110,-35.827755194976874,-49.61281275720815
89,0.383459,-2.58647,1.5,-46.89474670619801,-45.15648976668332,-45.73781627347624,-110.0,-31.961170683141976,-38.26874701495388,-110,-38.86742218310357,-33.95882923113119
96,7.38346,-2.58647,1.5,-40.7400119839499,-44.92072233385155,-37.86481534582053,-110.0,-38.3493110547528,-34.83181209488092,-110,-45.22204206190567,-31.44275581482157
53,-3.61654,-4.58647,1.5,-36.63883856364404,-36.36300208390414,-28.536177040321284,-110.0,-39.042467737175095,-37.80846882517402,-110,-38.60489095156173,-64.43623230336298
227,-5.61654,6.41353,1.5,-33.30691897897184,-34.035181344066196,-43.031398214698925,-110.0,-54.408011380168986,-55.139242650973834,-110,-49.299653681316265,-68.25167775266664
78,5.38346,-3.58647,1.5,-45.29821719342806,-62.570591050366176,-54.46205068778816,-110.0,-31.42562866429957,-28.50065020820938,-110,-32.26990554130364,-33.293397425181425
137,0.383459,0.413534,1.5,-56.08644954118021,-50.42550252672184,-44.90034777366965,-110.0,-35.77726925534045,-38.8142056050721,-110,-27.926388114083217,-40.46624502965013
173,4.38346,2.41353,1.5,-54.99757922076732,-46.725086841253805,-42.179396409921694,-110.0,-35.35791952920327,-33.10029576595288,-110,-27.200523310039177,-47.177606499168114
222,5.38346,5.41353,1.5,-42.34472455306757,-41.185123273416046,-49.23535294675435,-110.0,-41.65303115747289,-35.45317109347607,-110,-45.46720382572311,-35.6018928218985
3,-5.61654,-7.58647,1.5,-40.38646150981178,-56.92098459025041,-37.948752292806994,-110.0,-33.054207554096074,-42.30744338614631,-110,-41.92715794737767,-42.73258077735252
90,1.38346,-2.58647,1.5,-49.42756902989836,-47.670492160036126,-35.25449343354855,-110.0,-32.74605533246676,-33.49094723673447,-110,-36.26344673570416,-34.58136969783885
96,7.38346,-2.58647,1.5,-41.90621557316838,-37.818961032126275,-40.335549931264055,-110.0,-38.324206859938045,-27.809861084551653,-110,-42.00759085866383,-41.64764559843936
202,1.38346,4.41353,1.5,-58.54922252444855,-38.225747562233806,-53.93683204955429,-110.0,-42.726241664926725,-34.54688614215537,-110,-39.434566248627384,-58.57949260981025
128,7.38346,-0.586466,1.5,-57.104402239122855,-50.39000060333715,-45.22338439951267,-110.0,-37.65237641650697,-49.8042772422626,-110,-31.31796538886036,-34.354629082303894
141,4.38346,0.413534,1.5,-40.88837527820895,-51.27894403663603,-44.244664510299096,-110.0,-39.23706712523424,-37.25125127122753,-110,-33.95272958304329,-33.783754399233004
190,5.38346,3.41353,1.5,-56.16607949804472,-53.078958414224694,-41.88828642052702,-110.0,-39.60969921145381,-28.598614673479343,-110,-41.4276746527933,-36.5710884205964
193,-7.61654,4.41353,1.5,-31.54347390967172,-43.70472777291401,-41.09881992082414,-110.0,-39.92399376349783,-58.23323567752804,-110,-44.49672215781073,-51.819734427469264
42,1.38346,-5.58647,1.5,-44.240447038473654,-53.38924070247224,-34.90857450304869,-87.35428726457906,-24.865511170133523,-31.022876732354856,-110,-45.67586154726223,-28.09811818023344
230,-2.61654,6.41353,1.5,-29.32648435330333,-24.905061011139033,-37.51780666013493,-110.0,-54.55889925474809,-53.555273198674506,-110,-43.147447759028715,-41.14658234132835
159,6.38346,1.41353,1.5,-54.427335428708986,-54.00496239298936,-44.96109781051544,-110.0,-40.095936472602475,-26.631438524988916,-110,-52.358939722810376,-43.69975838826941
70,-2.61654,-3.58647,1.5,-35.16203675647327,-33.12468921969626,-31.386417041359188,-110.0,-44.90895893962036,-47.64414131205272,-110,-37.780308713069466,-37.00030836761531
235,2.38346,6.41353,1.5,-41.35967316031702,-26.49855396553762,-46.0629280280588,-110.0,-42.375140733651094,-53.63890867757616,-110,-43.88508803325409,-54.15181491009491
45,4.38346,-5.58647,1.5,-39.49794220783262,-46.37315424569752,-34.84801283932104,-95.61427167207457,-25.628847792128077,-34.8753468114661,-110,-44.867760250913335,-38.319050735782774
192,7.38346,3.41353,1.5,-58.4572906156347,-59.610943676421435,-37.636271328904186,-110.0,-33.44792969960582,-21.555268370032035,-110,-24.72940217068825,-35.846018133152654
81,-7.61654,-2.58647,1.5,-43.19286992843945,-46.978067532472,-41.0256629570844,-110.0,-40.6950985202724,-42.078543780103615,-110,-42.30936564609834,-52.267347770879006
80,7.38346,-3.58647,1.5,-40.242239628789406,-52.08987232479145,-50.77471678824718,-110.0,-41.083313583707536,-33.556697316124286,-110,-38.08627953216072,-50.80456711315719
39,-1.61654,-5.58647,1.5,-34.63159108189612,-38.65696805040417,-30.12419180013385,-110.0,-25.86216278189304,-53.42563613978779,-110,-37.1971266746296,-43.25451464472168
131,-5.61654,0.413534,1.5,-31.556961929418065,-34.44588334577097,-43.110000573634835,-110.0,-41.80507625457438,-47.614124095716406,-110,-44.453622564674475,-41.75554801904515
179,-5.61654,3.41353,1.5,-33.21672553130252,-50.95372823515725,-39.36570639467023,-110.0,-39.597677275444205,-35.334540313643814,-110,-42.81561743573631,-47.00552970196481
114,-6.61654,-0.586466,1.5,-31.89500760721364,-34.54228736763157,-40.53458053904998,-110.0,-48.49718316240818,-28.400559933179153,-110,-50.70026603324568,-49.31456766452
94,5.38346,-2.58647,1.5,-45.44865898904427,-51.14730798134331,-44.735945688207,-110.0,-49.47938777926012,-42.588584898066,-110,-33.75350187791163,-36.379484859144654
55,-1.61654,-4.58647,1.5,-32.75861248004537,-52.84734310349864,-32.727537120809984,-110.0,-35.724073683433275,-53.5654137318081,-110,-43.87566979053569,-47.887452584783546
194,-6.61654,4.41353,1.5,-27.791965055880787,-42.42771849148286,-33.13700751250214,-110.0,-47.502921240209794,-45.900135681757135,-110,-37.75364944147824,-42.75382924944375
67,-5.61654,-3.58647,1.5,-36.68885433561053,-32.43243380558968,-35.58366786260599,-110.0,-37.706555347663375,-50.59719461401821,-110,-54.70541381545443,-54.59335713717857
74,1.38346,-3.58647,1.5,-38.10279473305312,-42.59021378159325,-40.83712210236164,-110.0,-33.48562746088885,-40.785872042572514,-110,-39.38733849339686,-48.06178951149733
41,0.383459,-5.58647,1.5,-49.19544324510226,-65.87418420559439,-56.37674280384533,-110.0,-33.25041738171141,-42.77026893301769,-110,-31.410940582178693,-43.75174036564976
178,-6.61654,3.41353,1.5,-30.940125699308073,-30.852079112661528,-35.47299456495063,-110.0,-96.48693303219046,-47.13984665224489,-110,-46.93384934843969,-54.66394424722533
176,7.38346,2.41353,1.5,-54.83560691746441,-51.84640907808323,-48.53444125730779,-110.0,-40.4669772487309,-29.125357789242052,-110,-39.95859115579613,-39.68841220494215
106,1.38346,-1.58647,1.5,-33.436703340275336,-60.61109012636936,-50.33424721218596,-110.0,-48.63936775640048,-38.596752831151065,-110,-33.69119516468077,-31.64454966740776
202,1.38346,4.41353,1.5,-54.12518160425351,-32.26043768535433,-48.38271184949023,-110.0,-48.41791141566145,-36.67969615472936,-110,-34.06730954815414,-51.735563898009765
238,5.38346,6.41353,1.5,-61.86420761747406,-39.19913022140028,-47.67671730952364,-110.0,-39.630608321213614,-31.35447975048404,-110,-39.62350957327434,-38.47207328633832
112,7.38346,-1.58647,1.5,-40.12164677921036,-44.137669339342075,-42.15205054010686,-110.0,-33.27257993290529,-40.949330221239165,-110,-39.80457109928611,-39.01510790791852
161,-7.61654,2.41353,1.5,-25.49174817187701,-43.3784053848205,-43.654676555134415,-110.0,-39.08157874037049,-43.494504840673386,-110,-36.4842126973282,-42.9155821015062
49,-7.61654,-4.58647,1.5,-42.58759503813964,-36.00196430241838,-38.74297107291195,-110.0,-42.62629685135194,-59.39926877142167,-110,-44.7062362502874,-34.53099145976831
175,6.38346,2.41353,1.5,-61.37456983461671,-50.65344073243393,-41.86321523918478,-110.0,-40.947457360306906,-31.370832958743296,-110,-32.94554740851627,-45.02108526219008
20,-4.61654,-6.58647,1.5,-35.46513150614403,-47.38957971614557,-37.24817023490541,-79.94771189461989,-36.45133997394102,-54.72242093154521,-110,-44.81766656160562,-43.101680276120355
132,-4.61654,0.413534,1.5,-37.42798037848815,-30.697252836146596,-35.878039593017824,-110.0,-48.698402546059185,-48.7662194400702,-110,-45.847302212462616,-44.82925523504046
233,0.383459,6.41353,1.5,-36.82201622272609,-20.74962872250556,-44.35391484570771,-110.0,-49.89554549328481,-42.470451801091954,-110,-47.79526827987082,-46.98190127904519
150,-2.61654,1.41353,1.5,-31.23352903034715,-43.61352064929958,-45.70837203122964,-110.0,-42.58354598029534,-51.19360803151249,-110,-28.7202150280672,-45.93973889030491
36,-4.61654,-5.58647,1.5,-39.989306299977805,-50.49689080991546,-30.884567068180672,-110.0,-35.36346270604605,-38.02306817373901,-110,-50.66779778215432,-45.411575159572315
22,-2.61654,-6.58647,1.5,-31.556676860322575,-41.62727956666337,-28.508469464352057,-83.44081547393336,-39.170289452156595,-35.59327627316558,-110,-37.94433289971459,-55.607671312915365
15,6.38346,-7.58647,1.5,-57.7700653339118,-53.52650890569928,-38.428807453451206,-87.5009219522755,-39.749342406855106,-41.566624330114166,-110,-51.19040785138088,-29.74898322575236
234,1.38346,6.41353,1.5,-27.042871723517873,-25.739417384864183,-55.12476440044035,-110.0,-43.57612639189934,-40.67296112457563,-110,-32.30563006765384,-42.51702757592633
8,-0.616541,-7.58647,1.5,-38.31171567744149,-29.699923124063517,-53.84849195120252,-110.0,-45.20221063493672,-48.765484203474976,-110,-45.65913177266274,-46.14273865362154
237,4.38346,6.41353,1.5,-80.64679021219692,-49.335101509653065,-46.58020595002725,-110.0,-33.68424631685821,-30.986297824978767,-110,-39.71622965359592,-42.326447229974896
102,-2.61654,-1.58647,1.5,-39.091039612629984,-32.70810877578304,-41.02391587883382,-110.0,-41.845076628722495,-36.447029024184936,-110,-41.12614596747844,-42.30409078347716
200,-0.616541,4.41353,1.5,-40.959620205164704,-19.80825639269179,-37.64983443922746,-110.0,-53.59572058517148,-46.3174753822678,-110,-33.72272398943343,-43.84448231963922
59,2.38346,-4.58647,1.5,-33.57019748149757,-57.490197709208694,-41.029608133962384,-110.0,-33.75629684541763,-40.5178551395072,-110,-38.29731775247282,-38.44241571022345
103,-1.61654,-1.58647,1.5,-31.29529861929101,-46.54058227968758,-30.432907695320708,-110.0,-52.76654155323184,-49.656373474491176,-110,-40.338763003202835,-60.28507114317957
132,-4.61654,0.413534,1.5,-37.194941280987194,-35.327353248295374,-40.75961519755053,-110.0,-40.35540908700401,-41.03529445896835,-110,-44.92397829271525,-45.91117971185105
211,-5.61654,5.41353,1.5,-23.044892519256017,-40.94101503435155,-29.849500606245567,-110.0,-53.31615003087076,-55.80820616156045,-110,-42.92589835259384,-45.155462931805666
17,-7.61654,-6.58647,1.5,-40.58654355381662,-36.37448245915141,-36.5508621283289,-98.03897301610225,-50.85817750734723,-48.84331349877987,-110,-49.81357916396653,-48.60300305288584
209,-7.61654,5.41353,1.5,-32.84949829692226,-25.160877485497693,-33.79757506130876,-110.0,-44.59862570002192,-53.338389256972555,-110,-49.042466750618885,-64.04223680144632
149,-3.61654,1.41353,1.5,-38.59643750225343,-39.510814412951795,-43.55550377105013,-110.0,-52.27477453437639,-33.14377407116423,-110,-44.11610172760946,-44.86222464746454
14,5.38346,-7.58647,1.5,-57.69630463826072,-53.67097654742699,-48.95019710946483,-110.0,-36.01246671492745,-37.42569800780842,-110,-35.136743793319226,-28.839459848892435
122,1.38346,-0.586466,1.5,-46.569618739840664,-48.69879122291752,-48.836913909943235,-110.0,-44.3388480146385,-52.356024131304494,-110,-37.323248753989446,-32.115840969452144
64,7.38346,-4.58647,1.5,-37.1284557795218,-45.032906633762515,-34.270042057513365,-96.47457892456218,-43.673507348848794,-34.09664203052572,-110,-48.7647504990404,-29.834574681696743
89,0.383459,-2.58647,1.5,-49.07873879952639,-44.298887742383336,-46.66668246981427,-110.0,-33.10794996136358,-36.314905982012405,-110,-33.7876502608743,-34.4038010085386
14,5.38346,-7.58647,1.5,-55.729973186934785,-54.19423143437329,-43.556051505159736,-110.0,-37.98492269353828,-38.14525461870504,-110,-42.727082706661214,-26.153895969072114
35,-5.61654,-5.58647,1.5,-32.09110833476173,-47.099685304035155,-40.00037216562935,-110.0,-28.51334784008401,-47.369451056261866,-110,-41.72448705942878,-36.166451458168574
38,-2.61654,-5.58647,1.5,-39.96573357408127,-34.17066187843318,-25.523889645219004,-110.0,-33.822237164411,-44.00595086584276,-110,-40.78878195732321,-46.69352969593068
13,4.38346,-7.58647,1.5,-39.72742045645241,-44.79538960859612,-46.210019297841384,-110.0,-43.219227650161486,-42.07084604476345,-110,-39.25014589495452,-40.92799107133265
16,7.38346,-7.58647,1.5,-42.77055319174484,-40.791272349170626,-44.731608332269865,-83.87525203676593,-43.280746347206694,-31.07518883874932,-110,-33.09393857865692,-31.79874431418827
24,-0.616541,-6.58647,1.5,-42.19862215760462,-35.899673033561456,-36.805598411507304,-100.57085402200111,-32.841248363514644,-60.32031982426,-110,-41.05809526862498,-59.2091417160342
102,-2.61654,-1.58647,1.5,-38.13242140920705,-37.89167089858492,-39.56596558239273,-110.0,-39.17682118771857,-44.0342513217223,-110,-34.45606118659077,-40.117539168848744
48,7.38346,-5.58647,1.5,-45.56837466971096,-44.28849526956822,-39.94133653227065,-100.74023984076848,-36.48035758601929,-36.269685356163805,-110,-42.16621738592531,-26.402570801950723
178,-6.61654,3.41353,1.5,-30.319503966879314,-36.64027803719804,-35.93880901158639,-110.0,-92.91712857705689,-43.05764344968988,-110,-34.3115882600614,-48.46083850778864
41,0.383459,-5.58647,1.5,-44.331035921213264,-60.862700970626534,-57.358744940126485,-110.0,-30.31256659478099,-37.37956006051131,-110,-27.36537110390979,-37.41422763213701
197,-3.61654,4.41353,1.5,-31.534232415442688,-32.44479519917094,-41.984110005267326,-110.0,-42.823453801272215,-55.99698480509836,-110,-36.439610282894385,-44.18401248532519
96,7.38346,-2.58647,1.5,-40.62609892388078,-39.11615139759163,-41.31889435847428,-110.0,-42.74969408641624,-37.64104334397892,-110,-44.43181784258889,-33.27591234725627
222,5.38346,5.41353,1.5,-45.43682085295952,-47.06044295155431,-49.62233679439096,-110.0,-45.21040539136448,-31.419030216839477,-110,-42.17130337512225,-36.63825247422074
65,-7.61654,-3.58647,1.5,-39.21924769353971,-40.68543564697173,-34.80361380146831,-110.0,-29.764651781563572,-43.9494683005124,-110,-39.40248188796663,-42.419547391910456
234,1.38346,6.41353,1.5,-25.998118332155254,-26.95134754135691,-52.512026486685286,-110.0,-38.243278775777824,-42.19948561856443,-110,-35.056855655570196,-41.06888413823946
91,2.38346,-2.58647,1.5,-38.445583525312,-47.561158366593176,-46.10446407690239,-110.0,-33.027251792395454,-37.83888627555049,-110,-42.80700778501621,-38.802510200299345
205,4.38346,4.41353,1.5,-41.67112519404296,-28.711780300809863,-54.981932772031485,-110.0,-48.01209526590519,-50.696348677597,-110,-45.35645663221837,-40.48408699772069
13,4.38346,-7.58647,1.5,-53.20967520291136,-41.175615403282045,-49.81781025361243,-110.0,-48.32441641384277,-37.45971874834977,-110,-38.503009077577545,-40.90041245946654
124,3.38346,-0.586466,1.5,-43.23896818962913,-51.76309741472454,-58.829996996031056,-110.0,-37.026402513746,-40.19216259288762,-110,-30.74624829424854,-41.634527824953715
28,3.38346,-6.58647,1.5,-36.61504378676885,-37.85568243726827,-35.71514309751482,-79.02654611697233,-34.9724588032777,-30.72732612714267,-110,-34.14040821031938,-35.341071688844075
163,-5.61654,2.41353,1.5,-31.21677598621855,-34.96278455084232,-47.27367597968111,-110.0,-45.33809087972516,-61.5626956001874,-110,-34.27744889387064,-33.51180213614598
37,-3.61654,-5.58647,1.5,-39.96343577763937,-39.95618959714131,-27.58339108492629,-110.0,-30.15243082269568,-49.054156858743816,-110,-48.670983137767834,-40.0719595409168
16,7.38346,-7.58647,1.5,-42.89524392205739,-47.37346370588997,-53.9517473400451,-77.72294328726892,-46.15337869034878,-33.877875466709874,-110,-33.24116094914548,-31.57087812552379
148,-4.61654,1.41353,1.5,-42.3746747715438,-37.883523477639415,-44.57321907640736,-110.0,-58.23313759823312,-40.70415029981056,-110,-38.089453466121135,-52.85879642441125
57,0.383459,-4.58647,1.5,-55.01906616162388,-44.60170367030105,-50.6060670874988,-110.0,-34.679435780898544,-40.64674366057491,-110,-32.45071890510041,-49.861564826284656
73,0.383459,-3.58647,1.5,-37.85539323575284,-44.62108918560381,-71.58914972847046,-110.0,-30.160556778249497,-33.80934269198138,-110,-37.30875386969171,-36.219973552478145
237,4.38346,6.41353,1.5,-81.75952724510253,-44.94146936120077,-50.77582200996679,-110.0,-35.96348348045791,-31.94325518706491,-110,-35.67501670895075,-39.36478299647787
1,-7.61654,-7.58647,1.5,-110.0,-110.0,-110.0,-74.36143253390854,-83.02241603727863,-110.0,-110,-110.0,-110.0
162,-6.61654,2.41353,1.5,-38.33467640996572,-28.035502684688147,-43.04961173886767,-110.0,-44.454315307589965,-46.59196216706465,-110,-32.79041799981852,-40.8260918748479
139,2.38346,0.413534,1.5,-40.94481593182109,-42.594050086638134,-57.91366262400164,-110.0,-38.40755634170222,-34.85830044034617,-110,-35.22944306883541,-40.88171935477348
47,6.38346,-5.58647,1.5,-41.026429557450506,-50.50088783638488,-31.246959031269473,-93.2770859206904,-26.40998407724026,-34.53004475694588,-110,-40.914061728952305,-40.28412897120413
152,-0.616541,1.41353,1.5,-40.116311601510496,-35.488320589931654,-28.491203992042298,-110.0,-34.40594263707929,-44.80405969874125,-110,-30.38681344835592,-50.23869772932461
200,-0.616541,4.41353,1.5,-38.98714014419008,-27.10508475564946,-35.708889866296,-110.0,-51.522481720736835,-47.207138550764775,-110,-33.25947993166869,-39.379447620030305
128,7.38346,-0.586466,1.5,-56.012094401272016,-49.18645795704629,-34.67242515616684,-110.0,-38.282738157003585,-45.4656684222947,-110,-37.07935557293944,-39.69028170182712
2,-6.61654,-7.58647,1.5,-34.6894753638113,-50.99129785633809,-37.06525284477778,-110.0,-36.25425196237959,-44.88360655127881,-110,-47.1532845091879,-34.14033195465893
19,-5.61654,-6.58647,1.5,-33.162160422078664,-48.93942392284614,-45.83015826798737,-110.0,-44.928466757205555,-46.602665275764416,-110,-46.74233290358648,-50.65238161128481
191,6.38346,3.41353,1.5,-61.56246522162991,-60.313615700151054,-56.10305924017221,-110.0,-57.63462776561324,-39.861171530056474,-110,-28.478928780594114,-47.865739358524394
10,1.38346,-7.58647,1.5,-51.189458701006345,-46.61197922816124,-32.78937167483849,-110.0,-24.253920794963424,-42.46023204221967,-110,-37.49421990141034,-38.2668718495661
152,-0.616541,1.41353,1.5,-40.30333420300824,-34.274750037289024,-32.876766484124715,-110.0,-33.030695432956996,-45.21846041038752,-110,-23.840713148117366,-49.43849023914545
150,-2.61654,1.41353,1.5,-34.1357633547303,-40.20110490404833,-47.25611806815055,-110.0,-42.94145519813864,-46.53794828845385,-110,-34.947593631243194,-38.18316363946174
60,3.38346,-4.58647,1.5,-47.08511519440635,-47.893881178705755,-41.27830836296996,-110.0,-39.80651455022169,-41.6500858946119,-110,-41.62000062970737,-33.06938521134246
143,6.38346,0.413534,1.5,-51.38025865990116,-54.27726954147706,-46.509996150254715,-110.0,-34.43965727841534,-32.06607647302906,-110,-32.248271351475736,-37.02535081181558
175,6.38346,2.41353,1.5,-58.870052060645115,-47.55037912727415,-37.48740336314812,-110.0,-41.837503078953866,-32.29541432543585,-110,-35.711564341540864,-48.39836248142295
57,0.383459,-4.58647,1.5,-54.86933898732005,-37.89746689098768,-53.977139189620296,-110.0,-37.31487047120227,-46.43952306595162,-110,-33.04970542211008,-49.252495728226414
112,7.38346,-1.58647,1.5,-39.97517831081821,-39.01679611250955,-42.72753097783156,-110.0,-32.767136032133244,-40.87201424220064,-110,-36.40075402835397,-30.932495041718216
134,-2.61654,0.413534,1.5,-38.16600528673347,-31.415470083272385,-41.042066794891824,-110.0,-44.278251232001494,-35.88019659094672,-110,-28.57992659131003,-55.20406101769235
215,-1.61654,5.41353,1.5,-50.86468451371673,-36.84005280645651,-46.6718115279309,-110.0,-52.305606717276106,-47.68722641992773,-110,-41.23241855444533,-48.76905964968991
162,-6.61654,2.41353,1.5,-34.42388107445799,-29.0546937678655,-36.2853741805772,-110.0,-46.63376549127663,-48.2981518136723,-110,-36.36946591753363,-40.76233770145442
60,3.38346,-4.58647,1.5,-47.29032871416501,-55.00661872894603,-41.06142729586641,-110.0,-34.54969464970876,-37.49268756242667,-110,-41.98879915103974,-30.353243003162117
207,6.38346,4.41353,1.5,-38.200686342283966,-46.132306815227864,-48.93759472611077,-110.0,-55.86468872448887,-36.835410008054176,-110,-36.67304082893741,-41.44252818175505
31,6.38346,-6.58647,1.5,-47.04413158832125,-47.72899944581425,-35.769432767775946,-83.54202976013526,-32.37069356744765,-36.64281764051795,-110,-40.73994617780058,-32.83117725779108
74,1.38346,-3.58647,1.5,-41.59617704391002,-44.25644900943772,-38.024246967808054,-110.0,-33.5295418853561,-38.536820956754234,-110,-34.51789750179047,-40.55688990433521
21,-3.61654,-6.58647,1.5,-33.24919297228554,-42.24801492684726,-43.40748322822551,-83.68157496388848,-31.012468256308065,-44.24895250965084,-110,-39.26071824056469,-39.92355771247286
153,0.383459,1.41353,1.5,-52.31174801845453,-53.133021421103535,-39.50557149071808,-110.0,-30.85826157656769,-31.600980379003804,-110,-26.813411509628494,-32.728159640187414
47,6.38346,-5.58647,1.5,-33.28207183804816,-49.36934908988909,-33.89608015560406,-94.32140427985416,-33.96152134141882,-36.99950795078589,-110,-31.835258947528615,-42.044230554462885
121,0.383459,-0.586466,1.5,-43.56827838970774,-49.84739265030907,-48.51802062568627,-110.0,-31.535478048312424,-35.53723300615742,-110,-27.806093875091644,-34.39549619799576
233,0.383459,6.41353,1.5,-40.63677577080045,-20.530091540124506,-40.05516357778349,-110.0,-45.700450232001955,-40.719938100858904,-110,-45.02951769412454,-49.86801218280456
217,0.383459,5.41353,1.5,-33.282947097891274,-28.764989798240272,-44.77955250166163,-110.0,-46.44268865906757,-33.67635410320562,-110,-21.41083600827955,-36.81529441561631
133,-3.61654,0.413534,1.5,-38.2911330067292,-35.43957760176992,-48.39105317793758,-110.0,-47.68076706966815,-45.37726385686159,-110,-31.254930505929057,-47.82286083199271
187,2.38346,3.41353,1.5,-55.918011668304395,-44.81836737543386,-63.53955283415693,-110.0,-44.7292878701771,-39.22543393206099,-110,-27.09975414872468,-43.20199698243259
37,-3.61654,-5.58647,1.5,-38.76510129260121,-36.34229628062667,-28.485747314615818,-110.0,-37.796665545749434,-49.43649755873589,-110,-45.35910726949456,-42.03587068262501
42,1.38346,-5.58647,1.5,-42.762471748365094,-57.18893378614178,-35.47953755337018,-92.62973144310868,-28.58932663436829,-28.126832767879804,-110,-44.90156746999578,-32.834476139482895
77,4.38346,-3.58647,1.5,-49.068422082073845,-54.144472770607344,-38.00399259686658,-110.0,-37.65776297551008,-32.191524657141336,-110,-36.4149161643943,-31.41686045790369
228,-4.61654,6.41353,1.5,-25.44077874670776,-29.32772965855726,-40.54242749669867,-110.0,-46.97733592638241,-59.56817690436327,-110,-51.091092716902345,-55.21055930276554
147,-5.61654,1.41353,1.5,-52.35418739309715,-46.07888812955569,-31.43513663454283,-110.0,-46.333321516265435,-31.571999164110785,-110,-26.88158335413101,-51.81207139192311
7,-1.61654,-7.58647,1.5,-35.10502492419186,-45.02522465253472,-39.23691053483028,-110.0,-23.199304405762874,-45.185554734733294,-110,-41.977502007557824,-54.72263570807747
32,7.38346,-6.58647,1.5,-38.691595406597976,-58.20409323065235,-44.0189405625379,-72.8989678868349,-31.436741345483213,-34.88551994973966,-110,-40.35800733721156,-29.997240067835328
17,-7.61654,-6.58647,1.5,-40.86702874640008,-39.021784918747095,-31.83858753034815,-92.43010093864692,-53.208345947666096,-45.08253088983745,-110,-50.69136489465727,-49.01024918174768
20,-4.61654,-6.58647,1.5,-32.7998838622642,-41.27056196127207,-39.69018831616914,-82.64026272086237,-42.01652434125833,-49.64704824051163,-110,-36.74779349624056,-37.14123834928443
211,-5.61654,5.41353,1.5,-28.04990231936061,-44.095427493940875,-34.88122383092047,-110.0,-52.97748529352801,-55.46529421390247,-110,-42.28192316654496,-41.117506855876215
235,2.38346,6.41353,1.5,-37.15393759258368,-20.557425669430188,-43.11333874126409,-110.0,-44.97324344406787,-51.91137101470533,-110,-40.49424629833584,-54.47651840560728
178,-6.61654,3.41353,1.5,-33.20829645177206,-36.65026232164498,-31.471234096638515,-110.0,-94.56194079510814,-45.8174218881048,-110,-45.86434373254885,-51.036206862459544
91,2.38346,-2.58647,1.5,-41.610492582780736,-54.54744658048971,-45.72776011282877,-110.0,-28.50910863521956,-37.222491204234544,-110,-33.82587419195834,-36.54257201847738
21,-3.61654,-6.58647,1.5,-41.639405676879456,-42.1030436353943,-37.75334399896279,-82.14351274264905,-34.373852519348816,-49.29632115191497,-110,-42.618446492893305,-42.45350528487833
36,-4.61654,-5.58647,1.5,-40.84350601177583,-48.66806105346732,-30.807482013891665,-110.0,-30.45627202723519,-39.48352151743801,-110,-44.61228577009443,-38.279745160404794
52,-4.61654,-4.58647,1.5,-40.6300260286437,-34.72736726843484,-35.079901998268184,-110.0,-42.212691929740416,-43.38640373013929,-110,-37.948053854069414,-56.84250871863035
186,1.38346,3.41353,1.5,-54.17961540609308,-54.070250006775126,-48.676291083604134,-110.0,-31.747654947366268,-34.47964065264805,-110,-30.523350340380645,-38.7580995174447
168,-0.616541,2.41353,1.5,-31.87846753276484,-40.2168627247736,-37.23942587204901,-110.0,-45.54291484179208,-38.095654484488314,-110,-30.42646043324793,-39.13345643475819
3,-5.61654,-7.58647,1.5,-38.431973054551406,-55.89260444110912,-38.250068641720475,-110.0,-34.79230576766873,-40.017859453291024,-110,-44.28740545995283,-41.94725237069849
79,6.38346,-3.58647,1.5,-34.21445636196822,-57.70180052663984,-40.47799297655875,-110.0,-39.822188501424655,-38.44429110018633,-110,-56.00910203358553,-26.52528898525265
231,-1.61654,6.41353,1.5,-26.320411978062,-21.81568357875398,-33.96236498883933,-110.0,-52.080740769319824,-53.931338636343696,-110,-47.02281147398308,-61.31627034309814
233,0.383459,6.41353,1.5,-30.16813197524853,-24.309315194848132,-37.99643533250107,-110.0,-47.10289940874016,-44.13304698118197,-110,-42.47940680632611,-48.33557493310484
56,-0.616541,-4.58647,1.5,-45.42693571834183,-44.91839774042977,-29.892324135656057,-110.0,-45.858956205625816,-44.27612455994459,-110,-39.56247510878956,-44.361520931023506
126,5.38346,-0.586466,1.5,-30.70986120170606,-46.11562881414322,-46.152859938509266,-110.0,-39.37089588956819,-38.83155142735626,-110,-34.75841012725859,-40.22741975846282
62,5.38346,-4.58647,1.5,-37.53864328467121,-39.66072554861245,-47.45645159079926,-110.0,-37.38974016520798,-39.06642776766842,-110,-42.14519789135888,-40.286075055260675
189,4.38346,3.41353,1.5,-42.375700683316424,-52.60221739963434,-51.225221238378374,-110.0,-44.056936443151336,-26.368529844603337,-110,-39.29903062157179,-52.20343779017211
152,-0.616541,1.41353,1.5,-39.71041272884132,-34.36425503075436,-40.90306572069977,-110.0,-39.255426984321765,-42.26791705471231,-110,-26.477827734818767,-51.07742442431145
122,1.38346,-0.586466,1.5,-44.04343540884281,-48.25866599325192,-45.39806187594188,-110.0,-49.418032091403845,-47.41912302844758,-110,-37.40757370995526,-34.083223393261875
76,3.38346,-3.58647,1.5,-43.48207723240581,-46.42141416003949,-34.38376957207978,-110.0,-31.19370821011505,-37.935949931898655,-110,-36.721288664947835,-31.929572682240757
88,-0.616541,-2.58647,1.5,-54.426238626149406,-34.53310153847604,-35.27818016675156,-110.0,-64.5502662950638,-42.70208452679853,-110,-34.89970605713758,-42.138772804581485
233,0.383459,6.41353,1.5,-43.64352199905901,-22.298507940381207,-44.372194496127165,-110.0,-45.35323918794104,-41.65469105110917,-110,-43.701440573642905,-44.64967768828506
191,6.38346,3.41353,1.5,-56.25640315097741,-56.57627255686819,-56.42457487485272,-110.0,-52.05404988408527,-38.05046078792691,-110,-32.571381311413454,-45.39273259821821
90,1.38346,-2.58647,1.5,-58.063210116601155,-38.48761894444302,-41.34917622238252,-110.0,-29.885383083053455,-36.88551234400139,-110,-41.71083022353117,-35.74161709408713
17,-7.61654,-6.58647,1.5,-39.53629997537923,-41.32219746715664,-33.430119082991716,-96.32288670874873,-46.98841847772001,-49.02821763058894,-110,-48.136118111897304,-52.95867463516336
11,2.38346,-7.58647,1.5,-42.85847362087307,-54.63585515727182,-33.11726468088077,-77.71412406744274,-25.148834234789383,-38.66474191753201,-110,-33.615818964836855,-41.90242696995058
68,-4.61654,-3.58647,1.5,-39.503675526970625,-34.689899202057155,-33.07461139772631,-110.0,-36.69083038522286,-45.363718763297705,-110,-29.79209707080437,-53.51904494256144
1,-7.61654,-7.58647,1.5,-110.0,-110.0,-110.0,-68.64199992910656,-86.5081054095715,-110.0,-110,-110.0,-110.0
77,4.38346,-3.58647,1.5,-49.10481509603853,-53.648160021732565,-35.18199012337651,-110.0,-34.84501217279336,-34.735436625082365,-110,-40.27180373919485,-40.553369452690234
183,-1.61654,3.41353,1.5,-27.03906481371964,-30.691017520002372,-47.43296105662588,-110.0,-47.86594648051912,-40.69438158940052,-110,-24.3869436190685,-44.366865346840285
176,7.38346,2.41353,1.5,-53.553967461818736,-50.5636136761811,-56.834026923624926,-110.0,-39.956236652061556,-24.188470321382887,-110,-33.81244754716802,-45.54829147951909
151,-1.61654,1.41353,1.5,-35.11676942371102,-36.85243491924997,-38.064188621045545,-110.0,-51.14549359820638,-37.15976338925378,-110,-33.43398396754514,-52.15842675392917
144,7.38346,0.413534,1.5,-44.188705339901695,-62.75865346503412,-39.60811880001019,-110.0,-39.48582427440932,-29.65097483468429,-110,-37.11419402247911,-39.84787680034505
156,3.38346,1.41353,1.5,-40.14160241371523,-38.06667752302566,-60.648075156993386,-110.0,-28.70795627000589,-37.63006388812158,-110,-36.13339347373764,-53.49561663133525
192,7.38346,3.41353,1.5,-59.08299606609901,-60.218139753191736,-37.48130572411865,-110.0,-39.803066856921454,-24.611146158605266,-110,-24.800558997373823,-34.48720344118179
117,-3.61654,-0.586466,1.5,-38.53684567808181,-47.71360775817378,-44.87693525737417,-110.0,-32.96987370157248,-36.390904231287955,-110,-36.550620680542934,-35.37325387274324
129,-7.61654,0.413534,1.5,-34.137385101398635,-48.07211334895851,-33.51072649526379,-110.0,-42.09556593055819,-39.872885727260254,-110,-37.16185364581422,-41.03736568905044
146,-6.61654,1.41353,1.5,-39.45899598823595,-45.63495093219475,-39.44089632062471,-110.0,-45.63721161307049,-35.34998784149346,-110,-38.64086499005582,-42.56458583837608
6,-2.61654,-7.58647,1.5,-28.88974806739063,-43.46957912510742,-24.9053737023498,-110.0,-44.30172456511497,-54.90156750380807,-110,-32.03152794368962,-42.83044012430619
226,-6.61654,6.41353,1.5,-32.45296315186648,-33.069129740693015,-40.153339280371945,-110.0,-62.9765022528001,-52.30267893969631,-110,-51.38479351752462,-44.80129677828405
9,0.383459,-7.58647,1.5,-64.50665447714813,-46.592665051111574,-30.044659029526223,-110.0,-28.9049558774069,-26.2654878252791,-110,-34.974257806739914,-34.99399977421359
6,-2.61654,-7.58647,1.5,-28.965221849796695,-37.20428973104787,-22.85309356826444,-110.0,-42.9132482470146,-57.88605531740808,-110,-37.661689576424806,-39.780219038738174
199,-1.61654,4.41353,1.5,-49.79936120562884,-34.678756036160415,-41.66843937989256,-110.0,-60.31928769827736,-42.94871332289593,-110,-28.27693510902582,-36.85173431326506
240,7.38346,6.41353,1.5,-54.493363624240665,-33.815639298065285,-51.962725399040416,-110.0,-52.83919927102136,-36.83724240437563,-110,-28.349577062148548,-38.23359806765021
207,6.38346,4.41353,1.5,-37.189640713538616,-50.62520263301328,-51.21635604333661,-110.0,-54.722045937787854,-37.35708933814601,-110,-36.410265921050055,-43.190820933328574
189,4.38346,3.41353,1.5,-48.97617796130403,-53.628060331949335,-53.82533584737028,-110.0,-41.93303586116316,-28.87232673614344,-110,-38.77563634834608,-52.39124330627338
180,-4.61654,3.41353,1.5,-28.439460878271877,-31.66563761031799,-32.52479213641313,-110.0,-40.99446284643058,-59.60288792663929,-110,-31.093135500017212,-44.46583046336079
193,-7.61654,4.41353,1.5,-29.67152288221204,-45.62052359593486,-36.10142997027829,-110.0,-40.81125587740826,-52.18097042254507,-110,-42.9166936456979,-51.15567808991642
190,5.38346,3.41353,1.5,-53.16409959562545,-49.9827588639744,-40.03729323339088,-110.0,-31.99200356419233,-31.88090004007193,-110,-36.48119202111275,-39.21787488090584
4,-4.61654,-7.58647,1.5,-33.653930535773405,-47.35561723572109,-39.985668249175106,-110.0,-31.092617142695666,-38.01634674411856,-110,-44.393512535517935,-38.67979307889464
63,6.38346,-4.58647,1.5,-45.27792837442924,-54.22098408774199,-43.86761131285361,-93.34974628053662,-33.20003581645657,-33.11968897232113,-110,-33.31379213590916,-25.85061570198151
223,6.38346,5.41353,1.5,-39.04185690958242,-48.78740800467246,-59.93905433318733,-110.0,-48.44592004293373,-44.59034114801106,-110,-45.08755572280771,-41.18570879807533
53,-3.61654,-4.58647,1.5,-37.74765318328358,-30.741158559384075,-25.63834103246124,-110.0,-36.79902312095768,-38.96300568450984,-110,-40.00016319792379,-67.919578227799
199,-1.61654,4.41353,1.5,-41.45419881466766,-36.92312873154431,-39.04680214855667,-110.0,-59.05865150330037,-48.02051923827697,-110,-34.40040210619701,-39.300191738376405
139,2.38346,0.413534,1.5,-45.22427221175007,-46.75384783154736,-55.28132996684711,-110.0,-37.200897149491496,-32.20942924777286,-110,-42.93446071697809,-38.57337545510738
107,2.38346,-1.58647,1.5,-54.12474961623728,-48.11308914068425,-44.41638449629887,-110.0,-40.029935685933275,-51.77824759034677,-110,-36.554384946114475,-40.309443411158746
77,4.38346,-3.58647,1.5,-46.802245119363974,-51.114061885057886,-39.65794401788866,-110.0,-33.70890322470861,-37.99193062147605,-110,-38.23972356900852,-34.81896494776531
8,-0.616541,-7.58647,1.5,-28.48900852518744,-37.081128131724,-50.11365736879207,-110.0,-47.261807353786544,-46.31815338861629,-110,-50.08100085650014,-49.49432117422958
113,-7.61654,-0.586466,1.5,-40.01134964633534,-44.37937504570847,-38.38446876300318,-110.0,-44.87488894446097,-34.48607111953827,-110,-49.36511971554917,-38.15046893132784
25,0.383459,-6.58647,1.5,-56.16211989087875,-42.699363679193304,-41.08025554645815,-95.96421037904034,-31.226842486755036,-36.93095579432831,-110,-36.68949198273165,-37.590530723163376
202,1.38346,4.41353,1.5,-49.74389771229987,-34.59310735181603,-52.38005286480383,-110.0,-41.13470074423319,-31.825672240630254,-110,-43.35820971525298,-58.749800574144565
207,6.38346,4.41353,1.5,-34.374698408343995,-53.96329075532616,-52.073397687576694,-110.0,-56.5414233332181,-30.61934524548908,-110,-33.08622582370262,-40.72647776520816
193,-7.61654,4.41353,1.5,-36.04953273055562,-44.303097700457485,-42.06092493899859,-110.0,-40.11899600273529,-56.34359869431576,-110,-40.750624226860225,-55.53567092851119
166,-2.61654,2.41353,1.5,-40.48536128191497,-34.245503866196195,-35.331624526614426,-110.0,-44.739463151917775,-46.11868923403916,-110,-32.33452694938375,-54.71038144559745
89,0.383459,-2.58647,1.5,-45.81784001431515,-45.95778191159083,-45.59441898192101,-110.0,-28.64679167958917,-39.30934575922888,-110,-30.74307271269362,-34.908853384187886
231,-1.61654,6.41353,1.5,-32.48799738253989,-23.581022799427128,-35.78781119504933,-110.0,-44.27071637611355,-48.973532199003934,-110,-46.10314557803286,-59.23582689882562
38,-2.61654,-5.58647,1.5,-41.907411343094665,-32.64247373031327,-30.308746220188286,-110.0,-33.93962857175661,-47.18600200220172,-110,-46.906452275173194,-46.408942739723386
90,1.38346,-2.58647,1.5,-51.4599623600128,-48.870423610195665,-41.14424124782974,-110.0,-35.71705129975712,-39.39199576409537,-110,-33.74220109532478,-40.806089467914006
197,-3.61654,4.41353,1.5,-29.81964227101361,-28.103497342220965,-47.47963610564504,-110.0,-38.71500557998574,-51.940484966539515,-110,-31.443511504578257,-48.46914261054198
170,1.38346,2.41353,1.5,-40.14930779699291,-45.39097832967009,-53.61229662987807,-110.0,-42.40657018095836,-38.26585616876883,-110,-26.390558933729515,-54.708334014763025
194,-6.61654,4.41353,1.5,-28.412426692558455,-42.23268901220699,-32.884223161432146,-110.0,-52.21225422507651,-55.10068670341451,-110,-37.32089926635507,-41.21148481403729
21,-3.61654,-6.58647,1.5,-26.451155281439416,-38.83271974825664,-41.46789835265883,-81.36798500121697,-28.622930260248452,-48.853368444393986,-110,-40.83483002663868,-36.17666950795241
38,-2.61654,-5.58647,1.5,-43.93979865897393,-32.87835195627633,-25.24338425790156,-110.0,-36.402974185786015,-43.00126924860957,-110,-46.053281215435135,-42.06381878995616
136,-0.616541,0.413534,1.5,-37.088603751731,-30.57224808910875,-31.468598147916005,-110.0,-61.32543363505558,-46.79042813800941,-110,-38.71594679654379,-47.0348365886944
134,-2.61654,0.413534,1.5,-32.81412650091063,-39.918703005160246,-44.97957656376518,-110.0,-48.222541250631394,-35.427021243916236,-110,-32.00981564351781,-57.44463359379593
188,3.38346,3.41353,1.5,-46.55362277426116,-42.33841366198085,-48.670211577769344,-110.0,-50.4202340643904,-52.254272029217894,-110,-28.642507055049652,-46.50276848200278
5,-3.61654,-7.58647,1.5,-45.262496309217305,-37.95364470662966,-44.181074494529675,-110.0,-38.07832848115906,-58.630274300981945,-110,-57.15047680281536,-35.47880321248022
67,-5.61654,-3.58647,1.5,-31.268993927374872,-35.97495166250012,-29.912528712242608,-110.0,-38.40188746139416,-43.298072095645054,-110,-51.72536541295497,-53.533614501152755
214,-2.61654,5.41353,1.5,-46.18283971015497,-46.670844599332725,-37.31248671025231,-110.0,-39.24396114760255,-54.16089868701777,-110,-33.91224939621144,-40.02107729003204
140,3.38346,0.413534,1.5,-28.999378078417443,-50.05021097193503,-48.11913247608552,-110.0,-46.84015040393763,-42.05311341096555,-110,-35.09778968998196,-52.7267901822812
143,6.38346,0.413534,1.5,-47.673050161377056,-56.54609806723137,-43.14224626254805,-110.0,-31.483853506303213,-30.77255110674299,-110,-35.4968696352943,-35.97837064219642
10,1.38346,-7.58647,1.5,-49.30132341729507,-51.81210350630009,-24.475240199078797,-110.0,-25.865096899748472,-38.93005190727702,-110,-38.22279015460025,-41.8613780409808
186,1.38346,3.41353,1.5,-53.975954653607786,-49.27394057378182,-50.281747228853675,-110.0,-31.75086666599564,-38.73088166449206,-110,-26.532208759061415,-41.13395804991384
137,0.383459,0.413534,1.5,-53.943135016507114,-53.92730334249857,-49.65944707643831,-110.0,-38.45634690385546,-43.36908598449185,-110,-30.572749473962137,-35.90138971854645
103,-1.61654,-1.58647,1.5,-35.51646476087753,-41.19948963979422,-37.41559969688438,-110.0,-46.61181970027624,-46.35929452813516,-110,-36.860081281327794,-66.71012640492157
200,-0.616541,4.41353,1.5,-41.673489118111355,-23.16201365070379,-34.44113427776209,-110.0,-46.234922544923016,-44.6413824410654,-110,-29.912337272263812,-43.04324759427792
8,-0.616541,-7.58647,1.5,-31.88946950254976,-35.70546161136549,-53.997193790490385,-110.0,-45.10651591454475,-44.26116941766997,-110,-40.85596016431446,-46.86279265904969
2,-6.61654,-7.58647,1.5,-36.17489122975041,-51.747275395837654,-36.275469195663085,-110.0,-36.31634639578128,-48.0793014382486,-110,-39.3608698303253,-39.97912949875237
194,-6.61654,4.41353,1.5,-27.406514362994685,-40.396837607251875,-34.27126752826677,-110.0,-47.57530492060469,-49.6638126648587,-110,-38.8027848498431,-39.65256089219575
187,2.38346,3.41353,1.5,-49.14094127930758,-42.44703511997357,-61.24171582262903,-110.0,-47.55272995912231,-37.431716572461816,-110,-26.7830174008638,-40.28412957432245
194,-6.61654,4.41353,1.5,-30.36723650710922,-40.900471946440994,-38.47766870317646,-110.0,-48.1730947429372,-54.464676238508034,-110,-43.021039707093706,-40.808256007947605
35,-5.61654,-5.58647,1.5,-30.998953308525476,-46.86359761292306,-41.66848784736532,-110.0,-29.499583767671403,-49.74323301990411,-110,-38.54580480542617,-43.97159627194292
144,7.38346,0.413534,1.5,-40.34511207913631,-61.97533663241792,-42.19171367385556,-110.0,-35.731677536332064,-29.948255933095144,-110,-42.60695627496669,-32.64724278221073
70,-2.61654,-3.58647,1.5,-34.624574838583946,-32.816755573070104,-29.14968779202264,-110.0,-44.331983950860526,-42.17069595874734,-110,-35.690515921682405,-38.51151232563358
93,4.38346,-2.58647,1.5,-46.24738623043356,-50.871717511589694,-42.46069110790195,-110.0,-41.876575556678915,-35.8881211989144,-110,-38.23298249950588,-41.600488709726434
228,-4.61654,6.41353,1.5,-25.733417419691513,-32.95548062935295,-36.5341304745411,-110.0,-48.5341488830299,-54.203805121291154,-110,-51.80473842940888,-57.85027513589207
195,-5.61654,4.41353,1.5,-22.054544895232013,-37.361507370688955,-41.447567109888034,-110.0,-35.202923020660606,-42.131157501437336,-110,-34.368899393624034,-46.02199953390604
80,7.38346,-3.58647,1.5,-48.78765451361963,-44.624527551955616,-54.30402149304789,-110.0,-36.47907105498933,-30.895160348650453,-110,-33.71798462164024,-51.7529277592599
217,0.383459,5.41353,1.5,-35.10386313623543,-25.192989820603156,-39.72551504080969,-110.0,-50.925599043747354,-41.13671308641394,-110,-28.30768035973285,-32.52873331352922
36,-4.61654,-5.58647,1.5,-43.63250897504176,-51.39716029951777,-28.515781941664784,-110.0,-31.51951218604497,-40.837106023896425,-110,-44.93873463676918,-43.027619988531946
186,1.38346,3.41353,1.5,-54.910539375921985,-46.029328291189934,-47.90451206849133,-110.0,-37.02898849160217,-37.39682081057709,-110,-28.18087094912191,-39.55365351127815
152,-0.616541,1.41353,1.5,-37.158050451615466,-37.04177948561329,-32.589549437727406,-110.0,-47.60236519037433,-49.39555782786768,-110,-29.587635260926017,-51.73750653145764
149,-3.61654,1.41353,1.5,-29.437349372841453,-40.26399590665496,-38.87343297347541,-110.0,-50.792626778041374,-44.89624975647741,-110,-39.56694246406552,-46.33848672025128
213,-3.61654,5.41353,1.5,-42.7550676977316,-32.92587250492295,-38.2391840154099,-110.0,-45.07397273918804,-47.216871581023725,-110,-33.58754142078969,-40.6643776660016
86,-2.61654,-2.58647,1.5,-51.89869001370862,-44.40781455173937,-31.536934241870007,-110.0,-47.43612509953238,-43.09904420221818,-110,-40.5506569764579,-43.193562052853046
148,-4.61654,1.41353,1.5,-36.50470227517221,-34.12450466078426,-48.16278508847165,-110.0,-56.41091733894615,-40.79282095725893,-110,-35.672918302626854,-44.45297440156972
23,-1.61654,-6.58647,1.5,-38.26351765984948,-29.412705026913684,-27.366400258853066,-99.89022607738296,-33.876715653009725,-49.627644125308336,-110,-35.85183361223225,-36.15913869270918
144,7.38346,0.413534,1.5,-48.82216572133961,-58.807285215469626,-37.2349838977767,-110.0,-37.99173406361171,-24.718586024726868,-110,-41.162663176265774,-40.61322723204238
103,-1.61654,-1.58647,1.5,-30.517547537248777,-49.35078176660383,-44.66867245024919,-110.0,-53.852726330990464,-43.089600669052906,-110,-38.46482942484256,-60.623040571072586
199,-1.61654,4.41353,1.5,-48.42995817179393,-34.344300284768046,-38.80131957203806,-110.0,-56.47026891976011,-45.62434637309365,-110,-31.789075923618135,-35.201634409938315
116,-4.61654,-0.586466,1.5,-46.94534051135457,-47.2997363962325,-31.48662633073075,-110.0,-54.95116687269523,-36.49283218715017,-110,-44.96874701267464,-38.27932133160975
31,6.38346,-6.58647,1.5,-49.307138091691314,-43.17671267296289,-32.65168307739847,-82.7726185564997,-34.08392741396749,-34.80870047416006,-110,-45.0797590986404,-36.92557162195807
9,0.383459,-7.58647,1.5,-60.779911853340266,-47.23046411408894,-31.682539650313927,-110.0,-28.085443050481857,-24.878187381322707,-110,-39.14924294621019,-36.711546994902726
37,-3.61654,-5.58647,1.5,-35.517075027850865,-38.66847241113951,-33.859505303381745,-110.0,-33.80633584168936,-48.864282716911056,-110,-46.920589163084664,-41.53205393845463
204,3.38346,4.41353,1.5,-43.882778464361174,-34.9201375217684,-52.42693612189729,-110.0,-52.61214395781702,-39.64632386968907,-110,-51.643400320118246,-38.70787680891778
168,-0.616541,2.41353,1.5,-25.04445588700342,-41.396663355784824,-32.507854935609274,-110.0,-50.46589562143913,-32.84766515836263,-110,-31.571476224503737,-36.806201754256634
104,-0.616541,-1.58647,1.5,-37.54879435447298,-39.85458945280914,-27.519356565318812,-110.0,-45.837179711636495,-52.35953327382068,-110,-35.03380596335352,-41.11998060076922
188,3.38346,3.41353,1.5,-45.65372224621981,-41.399387383140976,-47.55772339407767,-110.0,-47.94438932729456,-47.530846079072546,-110,-26.544156744576267,-34.94141134396401
82,-6.61654,-2.58647,1.5,-46.04844696554987,-43.122879009625,-39.76316555495799,-110.0,-51.0751713292962,-62.46624557942242,-110,-50.51792847723558,-36.01606697345406
30,5.38346,-6.58647,1.5,-48.11998735240711,-49.501078377263816,-50.77888440781858,-73.2948393635317,-42.83403688845627,-46.26755455477997,-110,-37.488443985122494,-29.126077482136814
71,-1.61654,-3.58647,1.5,-42.11937913411351,-54.130171717635406,-22.906819541915524,-110.0,-44.57503649649755,-57.2147766090446,-110,-35.55498460768385,-47.945876692924976
153,0.383459,1.41353,1.5,-52.07323601855345,-51.74337957907318,-44.53628712418983,-110.0,-38.21270000954477,-33.56537870495258,-110,-29.89387566576803,-42.20607308477311
162,-6.61654,2.41353,1.5,-32.46514088401118,-35.54742140137557,-40.38015651426419,-110.0,-42.954185098784755,-46.510604627538406,-110,-38.636662714883826,-45.9876489810332
86,-2.61654,-2.58647,1.5,-50.12565882235318,-44.72658320345149,-35.14815638121212,-110.0,-43.965201687464095,-40.70198860493933,-110,-38.48178309848792,-47.45110652454377
155,2.38346,1.41353,1.5,-43.02362089869892,-56.66442098860851,-41.05033537059891,-110.0,-36.9049354392494,-30.579705520115645,-110,-30.207056801095913,-43.186337291480115
211,-5.61654,5.41353,1.5,-25.14932411421257,-44.96786995983544,-29.514481622674495,-110.0,-52.78330156883533,-57.06172292052709,-110,-38.42021352776248,-37.74368461008663
150,-2.61654,1.41353,1.5,-37.23463401097291,-32.12702032360319,-44.60760505442128,-110.0,-40.64798393087376,-45.7916405989692,-110,-30.11213540013312,-38.13429683782891
3,-5.61654,-7.58647,1.5,-37.52562271964743,-52.99041558273038,-37.64984386305439,-110.0,-31.31351530945104,-42.55783197660575,-110,-39.533505317281254,-42.89119169655103
69,-3.61654,-3.58647,1.5,-37.48576951249757,-46.176924616506355,-36.06638802254071,-110.0,-42.51068483272529,-40.585812563957944,-110,-38.122257243622,-49.53710496254568
105,0.383459,-1.58647,1.5,-44.57190445850817,-45.4513791244231,-45.49583906623818,-110.0,-32.509581142641274,-37.61503861945439,-110,-31.77468154451111,-44.76933824080059
109,4.38346,-1.58647,1.5,-47.44353298919987,-42.89369197636514,-36.1497844890424,-110.0,-42.60764094352092,-31.77969218079371,-110,-37.21570721240053,-33.708057873379786
161,-7.61654,2.41353,1.5,-34.06769858772406,-39.58526082624578,-42.558345884362176,-110.0,-36.99094929489751,-35.698309890630945,-110,-40.70024105007775,-45.82838290482754
145,-7.61654,1.41353,1.5,-33.367963305204036,-30.687981616418643,-36.85420131278569,-110.0,-49.953774268515545,-33.93757500101211,-110,-41.00047410411297,-39.18109366791402
204,3.38346,4.41353,1.5,-43.69360636191714,-29.02692833352856,-53.77710921623273,-110.0,-42.98081819708742,-39.60706518513329,-110,-46.7068681902756,-42.13685552901951
182,-2.61654,3.41353,1.5,-34.88985360295636,-39.815655620355805,-38.95818020487942,-110.0,-42.53284764714293,-33.895164187603456,-110,-31.55483586744461,-43.476523716779035
133,-3.61654,0.413534,1.5,-39.14935313130817,-32.545878408555915,-45.70469508281156,-110.0,-50.71349009258203,-41.95418117461536,-110,-31.570341457648055,-43.76436171633828
160,7.38346,1.41353,1.5,-51.27487191055712,-48.05980078035739,-53.51149851391612,-110.0,-37.066698026922104,-23.522537975776316,-110,-39.22003130810622,-54.48315746334066
104,-0.616541,-1.58647,1.5,-40.605514788274135,-39.881164929135664,-30.39440028818786,-110.0,-50.90233063690462,-47.85006871587917,-110,-27.42727317777433,-44.20488951129655
23,-1.61654,-6.58647,1.5,-33.677690407146045,-37.08570870822416,-25.79525946619723,-98.3149095955793,-38.5189432814412,-44.60154119758749,-110,-38.133793157473605,-42.324592904436045
189,4.38346,3.41353,1.5,-38.57839697944638,-50.53328526982438,-50.10470818407222,-110.0,-44.44566708375116,-30.977985504836127,-110,-35.19594985904523,-54.17560696054426
103,-1.61654,-1.58647,1.5,-26.898581831846244,-38.54696374494087,-40.39201149273605,-110.0,-43.90843920437887,-40.05635115730513,-110,-41.28537759884848,-59.766187716434466
128,7.38346,-0.586466,1.5,-50.839151684627254,-47.86786080611827,-36.94555628340024,-110.0,-37.84783885958978,-45.77523302229775,-110,-29.629556670346403,-30.566889571676167
166,-2.61654,2.41353,1.5,-41.01052604641623,-35.78186847117128,-39.025088813657625,-110.0,-43.2944893430148,-48.25250744251447,-110,-33.40370981729554,-51.14448828858643
66,-6.61654,-3.58647,1.5,-48.67900491217577,-44.621575124074226,-32.14064717293793,-110.0,-39.926066011239335,-50.756445740690936,-110,-50.36750400363698,-60.67176661706316
90,1.38346,-2.58647,1.5,-58.33490297632992,-44.851855539212906,-41.99736218988888,-110.0,-35.09039382827616,-40.73552353055033,-110,-37.8719763037755,-34.124545716450776
232,-0.616541,6.41353,1.5,-33.253268004938164,-22.376095701463463,-28.41904932463872,-110.0,-49.78867020158883,-56.86125233384279,-110,-74.70553981253748,-51.77097473391515
172,3.38346,2.41353,1.5,-42.5564778795326,-37.50494705024316,-46.89928145853426,-110.0,-43.14151011112243,-28.892137550515596,-110,-36.97069188416744,-37.820445881514026
66,-6.61654,-3.58647,1.5,-48.07215211192193,-48.02952949636023,-30.594737912064502,-110.0,-39.77422106965747,-49.68997638741741,-110,-43.98658727463312,-64.58495439085061
12,3.38346,-7.58647,1.5,-44.65650590232723,-41.02717284136241,-43.91078114399742,-80.89726081928312,-43.292630820014544,-51.4780718013905,-110,-45.635975183546805,-39.10387377308819
130,-6.61654,0.413534,1.5,-29.722024767505225,-58.957566957679134,-42.359684804039915,-110.0,-42.134815421356144,-37.32162473054032,-110,-49.23166530228112,-55.83966077659926
27,2.38346,-6.58647,1.5,-42.65117251491736,-40.79864775729759,-31.76566687109737,-76.55719467602125,-39.31935164387328,-41.78632204467707,-110,-40.12597677896634,-37.539622322657785
129,-7.61654,0.413534,1.5,-31.116117333498813,-49.98375407192776,-35.28736429030258,-110.0,-44.512805700028245,-44.70390897772439,-110,-35.55754502384505,-39.23217188045048
165,-3.61654,2.41353,1.5,-34.565628160476244,-34.37181232560426,-35.5885273591112,-110.0,-39.65451245051827,-74.15319795864619,-110,-39.54737095981279,-51.55056437308172
160,7.38346,1.41353,1.5,-54.53625576287287,-44.10810042171772,-53.175783072765725,-110.0,-39.01008554392154,-26.43301616349484,-110,-44.54748735566631,-52.11245533953691
139,2.38346,0.413534,1.5,-47.28466398333675,-52.847492787910745,-48.312925338736534,-110.0,-38.23145643993457,-35.18280595012098,-110,-35.579491168469666,-38.28924901079833
37,-3.61654,-5.58647,1.5,-35.521304850267754,-37.85778035838818,-22.911958597658103,-110.0,-34.346961647420834,-49.98439715813243,-110,-46.78273900052267,-36.394002044555464
227,-5.61654,6.41353,1.5,-24.996964854131537,-28.08682806512125,-44.15778285758528,-110.0,-53.462769356385955,-51.21291644243794,-110,-44.46809521651281,-68.58583698648644
106,1.38346,-1.58647,1.5,-38.78791778540918,-54.543675005657725,-49.0064425233332,-110.0,-48.05137639296221,-35.477616444411886,-110,-35.04204413682595,-35.29432072219703
134,-2.61654,0.413534,1.5,-35.939536905124356,-32.88506566332302,-36.50188252620421,-110.0,-47.82363109214003,-38.50124056838242,-110,-30.589881441275104,-55.826649629032545
162,-6.61654,2.41353,1.5,-34.63966210965813,-35.828613662403065,-32.81030033330651,-110.0,-45.1138655968324,-42.657677151281355,-110,-36.993110936614215,-44.37914496795939
139,2.38346,0.413534,1.5,-49.4201433378576,-53.27705726527332,-51.574946404467234,-110.0,-38.987510473327376,-38.84321832820388,-110,-36.79796356345735,-41.18080559870647
30,5.38346,-6.58647,1.5,-49.57104920166998,-46.2129753856204,-49.89522810242965,-80.9169881105073,-39.1825836898805,-44.21011955832864,-110,-44.56248579839484,-27.24087371046581
66,-6.61654,-3.58647,1.5,-48.19144249783472,-41.81412782778224,-35.96897339443662,-110.0,-40.371804706562834,-53.86508971920686,-110,-47.00713584655072,-64.8234160120965
70,-2.61654,-3.58647,1.5,-37.480631491756675,-37.40771093403533,-28.129497969094043,-110.0,-46.74739878805444,-43.925314761827565,-110,-41.13818439743208,-36.80519147556582
226,-6.61654,6.41353,1.5,-35.64229428903963,-27.917597262465875,-41.09308949163836,-110.0,-56.6623038185228,-46.44512403389646,-110,-44.78956543776887,-44.17898629130669
218,1.38346,5.41353,1.5,-41.888475145789485,-39.164299391310095,-46.35996994289774,-110.0,-42.91545471205397,-47.97610591945092,-110,-37.61019240830763,-43.02520653208333
184,-0.616541,3.41353,1.5,-43.109432652724855,-32.736445275213306,-35.325919857447964,-110.0,-44.18087906139729,-34.97183664983061,-110,-28.847144932832247,-37.9049749811354
95,6.38346,-2.58647,1.5,-46.15000165114555,-50.91666641554538,-46.56864979247724,-110.0,-32.760623791929916,-44.40537081190541,-110,-33.86275655719547,-35.47134561783744
150,-2.61654,1.41353,1.5,-33.993029540886965,-37.18869264320604,-44.12854921704367,-110.0,-37.97462492649984,-49.08018440314971,-110,-30.851839157508333,-40.364683287302974
237,4.38346,6.41353,1.5,-79.49651532692256,-41.71764389878903,-46.905822100016834,-110.0,-35.69932014401775,-32.880821412176566,-110,-35.9457604388698,-43.24856759360846
165,-3.61654,2.41353,1.5,-38.038634165984504,-36.60459940159079,-33.35000452158597,-110.0,-41.95881194371911,-68.83520701294287,-110,-33.19542712370055,-44.46154876574408
46,5.38346,-5.58647,1.5,-43.78493752702356,-46.66749623854022,-55.038763390304815,-97.79191834146104,-34.47927745273315,-46.71225281953642,-110,-34.90763590690991,-32.20345748100516
222,5.38346,5.41353,1.5,-44.30052592351086,-40.43726736499174,-48.89554786197154,-110.0,-45.02111510408561,-35.885931005241524,-110,-43.41255272341292,-35.76383637713319
64,7.38346,-4.58647,1.5,-41.20255666207319,-44.10020052397896,-39.76742783660519,-98.4693085506621,-38.66543549301055,-32.60225007684321,-110,-47.76881236322769,-40.35712972148383
47,6.38346,-5.58647,1.5,-41.126255865165696,-54.61742226723573,-37.03410035409425,-94.63859575524975,-33.648581046346365,-36.68915620421647,-110,-37.96805289308908,-34.416076993168346
236,3.38346,6.41353,1.5,-68.8555781789948,-37.690507649057565,-65.57404718991114,-110.0,-42.125179763418195,-39.76786514564829,-110,-46.92168130784794,-43.92634124837332
116,-4.61654,-0.586466,1.5,-45.574855643648505,-40.744333849920416,-37.00797921472672,-110.0,-44.06600771468237,-37.04090833994897,-110,-46.5631233140678,-38.82655953205869
78,5.38346,-3.58647,1.5,-37.63169503771197,-64.24763190864533,-49.24680515220455,-110.0,-33.48833220771055,-34.05327117838799,-110,-31.82124387085857,-36.90856119361104
218,1.38346,5.41353,1.5,-40.44964684538276,-33.88894571130265,-48.72620925484803,-110.0,-35.52548356962609,-50.085417733598234,-110,-35.08823586622347,-44.37527840245296
160,7.38346,1.41353,1.5,-53.507149785772995,-52.14070300045274,-52.16698578559836,-110.0,-39.10636104595388,-28.154931595257622,-110,-47.699823874590685,-51.346724378774205
214,-2.61654,5.41353,1.5,-43.31319170084523,-47.12444296008603,-35.130479907568024,-110.0,-43.255289980809934,-59.631191444762926,-110,-37.50111511477583,-40.493664843101485
36,-4.61654,-5.58647,1.5,-43.14827822501088,-46.98674321995673,-30.256481012799547,-110.0,-41.599229707758994,-41.86818967608599,-110,-47.242201041371096,-39.87377043250597
226,-6.61654,6.41353,1.5,-33.283922986137355,-28.6122340546039,-47.58171473075706,-110.0,-53.79635493242245,-50.818271974790406,-110,-53.37220805022632,-49.05200076959098
154,1.38346,1.41353,1.5,-32.665047295515635,-55.7774292025074,-43.0971200993781,-110.0,-40.43966304180755,-40.54693498425416,-110,-28.840683849717507,-33.10190476580811
38,-2.61654,-5.58647,1.5,-41.27697535835224,-32.752510111830425,-28.885185398716047,-110.0,-34.65046625465168,-49.08508619769535,-110,-49.92559177684515,-40.496835601652805
180,-4.61654,3.41353,1.5,-30.013660121214187,-29.40235657863787,-33.85129594833089,-110.0,-42.530427085384645,-56.79826961054645,-110,-38.40531698421788,-44.92047179215882
97,-7.61654,-1.58647,1.5,-35.912588344738566,-51.12920092480284,-42.20980683402376,-110.0,-45.698351224147984,-44.09765326867734,-110,-42.45518452534424,-52.38675433139548
212,-4.61654,5.41353,1.5,-38.11825012411383,-40.01558773130544,-44.59922948098164,-110.0,-52.329734385748395,-46.431867696901456,-110,-31.389946379488947,-49.34688609009004
144,7.38346,0.413534,1.5,-42.72379890483999,-62.52266896715474,-33.15968558391819,-110.0,-32.84742911081247,-27.85234111967985,-110,-43.42852242822606,-41.13910274863208
186,1.38346,3.41353,1.5,-55.87163924844276,-49.05628097137309,-52.15999189693347,-110.0,-31.149352555928747,-35.80161422193036,-110,-27.37934162597364,-40.44369471765049
26,1.38346,-6.58647,1.5,-46.631805640966085,-52.81196922345491,-38.301702259588026,-96.66238183698148,-23.637656021651843,-39.03252276333966,-110,-51.14591912426317,-31.185688432785177
5,-3.61654,-7.58647,1.5,-39.85993630630309,-35.83774693144341,-31.947624593250165,-110.0,-30.04644782659652,-57.026208794549504,-110,-55.155529225333886,-31.49910595655889
239,6.38346,6.41353,1.5,-57.37607002301072,-31.55615473873305,-56.64652666377342,-110.0,-35.73131831169397,-33.95832262021435,-110,-48.17042004808209,-38.01312043373527
66,-6.61654,-3.58647,1.5,-54.43923538465546,-40.571315748567216,-37.815970222262656,-110.0,-44.54575792849808,-50.94249186867017,-110,-38.11647706330777,-55.70446311289992
219,2.38346,5.41353,1.5,-44.887185774049264,-29.953778198659432,-57.731829727243415,-110.0,-41.870826616477,-35.88446020026094,-110,-37.25399404100425,-33.88484258877353
46,5.38346,-5.58647,1.5,-44.05326377027405,-38.76019904651848,-53.15470706700019,-96.10604826062544,-41.49243435824474,-36.48234652830374,-110,-36.147396618512055,-31.53340468268595
173,4.38346,2.41353,1.5,-51.41090231934997,-47.10580816684154,-44.46210660901963,-110.0,-42.22104698654731,-30.56001891118009,-110,-34.74383398405651,-43.09586257586279
231,-1.61654,6.41353,1.5,-25.93195176617741,-17.053485436095954,-30.721163137042293,-110.0,-48.91895817021086,-48.93745416836083,-110,-50.101555128949904,-57.909810498569385
158,5.38346,1.41353,1.5,-55.46724553510196,-64.32659187029826,-38.56709880307648,-110.0,-29.45416448385133,-49.479200710591016,-110,-45.26677555204392,-43.41040435248703
110,5.38346,-1.58647,1.5,-47.160164377140504,-44.118628001450496,-33.814687960258695,-110.0,-31.251825112832467,-36.52218203960415,-110,-44.243308088539905,-33.303805552102226
39,-1.61654,-5.58647,1.5,-37.162251450572995,-40.15633166540247,-26.044697138093262,-110.0,-33.43376156809552,-48.23644486133279,-110,-48.19749172271506,-41.88665659533038
17,-7.61654,-6.58647,1.5,-38.08438064151207,-40.04277932083525,-33.708716898568206,-92.24341281267432,-49.60707573878573,-40.92349417598544,-110,-50.85022611283287,-48.902647798289934
103,-1.61654,-1.58647,1.5,-32.12363295067077,-43.151782550649926,-46.12684287840236,-110.0,-51.096724259892426,-45.4933982428378,-110,-37.96564823774707,-61.26225236626503
101,-3.61654,-1.58647,1.5,-23.539599236532553,-35.66123330493282,-40.66723262143954,-110.0,-53.80209588557314,-57.35960048856288,-110,-48.044629498603214,-48.02881433055674
48,7.38346,-5.58647,1.5,-43.95103035180906,-43.75101177961873,-40.41864843210329,-91.2561364820164,-32.40222473419599,-33.3291102869941,-110,-45.95275112208486,-20.548376050399984
42,1.38346,-5.58647,1.5,-47.8329223865348,-56.79823051063821,-36.38648667121031,-90.64151689184143,-27.825662206018364,-33.98475618989735,-110,-42.10202709486206,-34.58817237207444
218,1.38346,5.41353,1.5,-42.94056221824162,-37.669953740306234,-50.47675775176585,-110.0,-39.2559383661526,-47.92369593314536,-110,-33.88533755938331,-46.49564891932839
46,5.38346,-5.58647,1.5,-40.62867184467973,-50.35428223515065,-50.24011274802217,-95.60082851628036,-36.1639761215183,-44.464217630578304,-110,-38.25297164612464,-31.094879422773385
126,5.38346,-0.586466,1.5,-27.628610911123396,-50.063111876772126,-47.103139579120395,-110.0,-37.77064401923027,-36.60398229421772,-110,-31.870055532060984,-38.95395800516293
10,1.38346,-7.58647,1.5,-45.7519542393358,-51.28673678851861,-25.26979050667628,-110.0,-23.277995937602395,-44.07228748336494,-110,-34.07193340486029,-40.926149570009585
9,0.383459,-7.58647,1.5,-58.14207033230267,-43.28360100163435,-24.390362149481295,-110.0,-30.271306722961377,-30.312767360667756,-110,-35.726038229039176,-28.913630097045655
77,4.38346,-3.58647,1.5,-47.69022352423963,-57.455913894366304,-30.217354735665857,-110.0,-37.32474277262131,-38.44620168158033,-110,-38.68007358955039,-32.7123808170082
23,-1.61654,-6.58647,1.5,-41.41775690340087,-35.04007209664406,-25.48174148321412,-97.6209620783491,-37.0859729603096,-46.36008981817372,-110,-36.68157240262012,-36.61726511003968
127,6.38346,-0.586466,1.5,-39.77244133653251,-34.17190804007981,-42.88241697495562,-110.0,-42.91965959589432,-32.809364882210986,-110,-38.03028388179484,-30.28647505357242
192,7.38346,3.41353,1.5,-60.956707265479174,-57.3772902511243,-41.11984606176067,-110.0,-39.31469238496082,-21.060626748475805,-110,-25.2220381052939,-35.835721607975145
230,-2.61654,6.41353,1.5,-31.968297885342302,-27.86658726902026,-37.60290279751514,-110.0,-46.15235643003149,-57.76281326998367,-110,-49.4659802714731,-42.71507214568834
66,-6.61654,-3.58647,1.5,-49.95710339671807,-50.01960849286046,-38.36427315313695,-110.0,-39.53182174231523,-54.55569312719094,-110,-42.015887631524286,-61.73005146524529
158,5.38346,1.41353,1.5,-56.0039918592624,-55.84586452307602,-44.27388731855746,-110.0,-29.635221419268557,-56.05925484293905,-110,-48.5147924791946,-42.36604249664475
56,-0.616541,-4.58647,1.5,-47.43670004553477,-42.42706327453543,-27.595414411597645,-110.0,-49.01531064058081,-43.83134015508202,-110,-43.680366531756746,-38.68927509516786
219,2.38346,5.41353,1.5,-44.13237449430133,-32.34709392573639,-53.118127110078376,-110.0,-37.85626372015468,-27.687615152798628,-110,-33.07675410974977,-38.57574341066824
175,6.38346,2.41353,1.5,-64.39987536232562,-51.61686217037713,-38.72101783591126,-110.0,-35.49108139598468,-32.10143967544144,-110,-32.98755406562443,-43.384518057922264
65,-7.61654,-3.58647,1.5,-39.22425677526701,-43.92128147493928,-35.09094599883885,-110.0,-35.86437944964902,-39.960812602193585,-110,-37.34078455714962,-40.98592598810373
238,5.38346,6.41353,1.5,-68.427696290139,-40.290506238238386,-38.241265659396454,-110.0,-40.01576403779964,-31.16825037648081,-110,-41.11488440574986,-42.056721597290576
224,7.38346,5.41353,1.5,-31.36820717638274,-37.16002231858821,-52.2236059036234,-110.0,-28.135786649688804,-36.802484964435294,-110,-39.76937570155314,-42.21560518030729
209,-7.61654,5.41353,1.5,-33.06248438202403,-28.691227521911152,-36.36258089921765,-110.0,-47.20999264123888,-50.485000516337024,-110,-37.39362721001188,-59.71840432377193
197,-3.61654,4.41353,1.5,-32.3084232632002,-31.809906281586983,-47.597064014201464,-110.0,-35.75919853088726,-56.433456394224464,-110,-28.562778783600415,-49.73928217612264
166,-2.61654,2.41353,1.5,-37.56972409234122,-31.93295583932821,-37.740704387200886,-110.0,-36.91004375291986,-44.33035508460858,-110,-35.695783239511435,-61.44844127982191
166,-2.61654,2.41353,1.5,-37.72854834075439,-40.272991173777385,-42.27502798742834,-110.0,-40.98782497840666,-45.289761506907546,-110,-33.64779332509804,-54.63675848521865
219,2.38346,5.41353,1.5,-39.38612429494705,-31.006210654771824,-49.58205066003177,-110.0,-42.23044253308649,-29.80321262007929,-110,-35.99762884987789,-33.84813195325666
157,4.38346,1.41353,1.5,-43.31639299271562,-30.672276358602005,-52.14411703800596,-110.0,-45.453907281273025,-42.16336019816841,-110,-32.90984120178477,-38.36535595287408
17,-7.61654,-6.58647,1.5,-39.56926002260958,-39.89965387571843,-27.786031285588997,-94.4098172135374,-52.885951520932394,-43.42749062074591,-110,-46.928541537109794,-44.0445362894949
90,1.38346,-2.58647,1.5,-48.51533625504263,-42.78389072844163,-38.60860443769845,-110.0,-36.82437601026023,-33.7924383151246,-110,-35.48905157807212,-37.66587986025791
125,4.38346,-0.586466,1.5,-33.651049048841706,-47.28638257538957,-41.12361814054273,-110.0,-34.36065468683998,-33.43466979746092,-110,-37.906943145506276,-37.89463661405358
101,-3.61654,-1.58647,1.5,-32.27776405104079,-37.31112221334605,-40.39359865134321,-110.0,-55.168154087837934,-57.272685759896085,-110,-45.29541756175953,-44.70253979454857
101,-3.61654,-1.58647,1.5,-27.54058139302228,-40.828777454609174,-39.0638923805727,-110.0,-47.13307063069792,-53.185519580703115,-110,-45.254309734392734,-45.226812622897775
93,4.38346,-2.58647,1.5,-39.12884419824202,-51.04471721947001,-40.789426261464875,-110.0,-34.06795474187346,-44.75081625712399,-110,-30.43637451697297,-44.7265927966502
226,-6.61654,6.41353,1.5,-38.90247476326126,-29.19817969479705,-36.52385804113251,-110.0,-59.90285620437505,-47.356135067318355,-110,-46.08778229639693,-47.13621161849696
16,7.38346,-7.58647,1.5,-45.03960604651456,-46.2031218822694,-43.924669504299885,-85.46524481002528,-44.1630600719084,-36.27026533219178,-110,-32.24647376020586,-24.95195528877432
42,1.38346,-5.58647,1.5,-44.83330232950448,-55.47645072309843,-37.17300318390292,-92.57551011142696,-33.76412170600344,-30.238979220469503,-110,-40.301314620866535,-30.498921815491943
154,1.38346,1.41353,1.5,-30.74610163332132,-55.61592352031635,-42.553522842494765,-110.0,-39.07209580532786,-36.95771705289962,-110,-34.70859102351293,-32.395361796233594
227,-5.61654,6.41353,1.5,-25.520971794979303,-37.27430351345765,-40.40655104730381,-110.0,-57.73377395230549,-49.04034086042728,-110,-48.04556202676838,-66.46406975654162
174,5.38346,2.41353,1.5,-47.82178241173435,-53.67086715155788,-40.11541155789099,-110.0,-31.732650012795805,-32.29627983084395,-110,-38.80334244901431,-43.195445497605746
61,4.38346,-4.58647,1.5,-49.116842824982456,-42.282691093536286,-36.984182580579926,-110.0,-34.43666536800057,-38.89566201136815,-110,-34.25588000167805,-39.67559397602503
211,-5.61654,5.41353,1.5,-21.62747962233783,-43.466004826955675,-33.355522515742464,-110.0,-57.06092102202142,-57.15855697676725,-110,-33.98021206856437,-44.36663964092493
178,-6.61654,3.41353,1.5,-29.489844338677525,-36.31413994798995,-39.008933245416976,-110.0,-101.68300150648608,-44.61623561800627,-110,-44.123430426064864,-54.0694061394267
216,-0.616541,5.41353,1.5,-32.8726282758251,-26.02508291484161,-34.48798941602615,-110.0,-53.15230564522012,-55.31174589312213,-110,-39.11334664185175,-55.0639687155898
107,2.38346,-1.58647,1.5,-54.52319208669476,-49.942387325037274,-47.97902161359206,-110.0,-40.91561576117152,-50.90558732592214,-110,-39.732936918507576,-36.36078808533816
173,4.38346,2.41353,1.5,-49.93413091165194,-45.70631759512561,-40.67001952101637,-110.0,-34.94193620962144,-27.50899172977315,-110,-35.17833528675519,-46.598220876685815
111,6.38346,-1.58647,1.5,-43.82770935126851,-58.81869485688112,-38.5993412362405,-110.0,-38.81462390165082,-33.45936741189472,-110,-30.020487070067404,-36.871337906060106
96,7.38346,-2.58647,1.5,-36.01009839835415,-37.406952800623465,-41.04745592332358,-110.0,-41.974474692772766,-35.918571353069225,-110,-45.14155663855395,-36.60077632248034
75,2.38346,-3.58647,1.5,-53.02059834385486,-40.47552928610196,-44.35941020213181,-110.0,-28.880434884423103,-38.43273274983411,-110,-31.50675444363452,-33.27336024426868
39,-1.61654,-5.58647,1.5,-39.18345797188968,-44.654251826335305,-29.54801648423141,-110.0,-29.49257576039351,-48.861572823526295,-110,-44.93245178842055,-45.10397048632259
40,-0.616541,-5.58647,1.5,-51.64135528668686,-41.658239276832035,-26.755739773751728,-110.0,-45.36947058846018,-46.33948025620453,-110,-43.208996233867424,-45.114915881969075
3,-5.61654,-7.58647,1.5,-42.773560452648816,-54.35401145179876,-30.982979533810365,-110.0,-39.740286879273654,-43.551678607360806,-110,-44.13571452357886,-40.82110972576996
149,-3.61654,1.41353,1.5,-33.43654968325517,-45.07798476813048,-38.73526960366456,-110.0,-50.32316758626212,-45.668162271889464,-110,-37.36367243631778,-50.67881953053003
167,-1.61654,2.41353,1.5,-37.95154014179173,-32.75117122654514,-41.369894638597025,-110.0,-40.1554197514891,-41.29887388765866,-110,-37.94977221850797,-43.45847815208149
97,-7.61654,-1.58647,1.5,-37.54282324264296,-46.26623382398439,-41.68641210206504,-110.0,-45.61505939652841,-35.90530200634436,-110,-45.48424391064634,-43.23760486311324
224,7.38346,5.41353,1.5,-31.326363807151125,-35.79239223043311,-46.28415407341276,-110.0,-38.92569733834868,-41.1247216056423,-110,-43.03999969012289,-43.11162834769419
204,3.38346,4.41353,1.5,-46.34927223775941,-34.66940845518864,-50.14629676185769,-110.0,-43.31633602944501,-34.730948817463215,-110,-45.570074962703075,-38.039646861773825
86,-2.61654,-2.58647,1.5,-51.045385936536825,-43.70694702615662,-33.98642491592936,-110.0,-45.49451785511814,-43.93283701883046,-110,-35.678622089139004,-49.21477614727291
165,-3.61654,2.41353,1.5,-31.139401108412724,-33.31952675923828,-35.32087640626226,-110.0,-39.489410692526135,-71.88100613037427,-110,-32.468989544625074,-49.89025949541731
109,4.38346,-1.58647,1.5,-46.54582374358845,-50.24928332193418,-36.05882695651627,-110.0,-42.244174993178625,-29.916345035711977,-110,-37.23724990702337,-39.19571243388244
57,0.383459,-4.58647,1.5,-56.52982059496704,-41.15688620140721,-50.74388572041205,-110.0,-28.79134758441112,-45.45630584954957,-110,-32.898504501847086,-47.02438503711741
50,-6.61654,-4.58647,1.5,-43.469801335807304,-37.89105481418819,-28.760101418763995,-110.0,-43.28227947320224,-48.78295740129926,-110,-32.40737855250593,-46.039512120224
128,7.38346,-0.586466,1.5,-51.48870181254125,-48.88353971731792,-42.02756570353898,-110.0,-42.263616615598934,-47.85611274565772,-110,-37.08913878574862,-39.69699018309395
204,3.38346,4.41353,1.5,-42.1193893337504,-33.113526934314095,-58.18812804148881,-110.0,-46.75212731756043,-37.46974901751908,-110,-40.70986483532675,-42.862898067655294
153,0.383459,1.41353,1.5,-46.89753283682693,-55.921349878516594,-43.826134874511325,-110.0,-37.28163085354346,-30.86832461581844,-110,-30.12865759542465,-33.68321173960219
163,-5.61654,2.41353,1.5,-24.14365931563368,-32.480691495358414,-46.853584308199615,-110.0,-50.18214931765315,-63.18659573847096,-110,-35.39242591688778,-42.93749093352119
70,-2.61654,-3.58647,1.5,-28.11204554439973,-33.98402887643472,-25.42900247511234,-110.0,-51.80343233447605,-42.46215747430887,-110,-38.5129010888848,-42.351767333176326
132,-4.61654,0.413534,1.5,-31.61519852386313,-33.412009256765,-40.78219052302899,-110.0,-42.679569273621155,-38.17735267329766,-110,-47.104237621032986,-46.01658643318925
39,-1.61654,-5.58647,1.5,-34.142728147863025,-38.06633770402613,-32.341065177249234,-110.0,-32.26694978717199,-49.449754170406294,-110,-40.77741044145529,-48.58651285247698
226,-6.61654,6.41353,1.5,-35.759937109966536,-29.1319066780543,-40.37405665726351,-110.0,-59.3704285161276,-52.50315218523385,-110,-48.11730040461381,-45.07352552184698
155,2.38346,1.41353,1.5,-36.88916543900335,-60.646121820085845,-41.91565295672138,-110.0,-35.90445851260229,-38.08515816475456,-110,-21.73392342651836,-39.556926387587716
175,6.38346,2.41353,1.5,-59.73951473389839,-53.01570412209354,-44.80774756314627,-110.0,-35.430617983603995,-31.33357883318347,-110,-29.772097718959735,-44.06706849734248
161,-7.61654,2.41353,1.5,-23.67719744606518,-43.54285564831006,-38.881468377492624,-110.0,-40.10763776136202,-41.667417077474944,-110,-36.33529324846795,-41.8891756725522
15,6.38346,-7.58647,1.5,-58.64579062380318,-51.47640768787035,-38.7800152885438,-84.69773372970036,-36.79341454047897,-42.263023128246886,-110,-49.64792979786024,-31.559275475349953
237,4.38346,6.41353,1.5,-78.45709592467038,-47.66176301838466,-45.688844003222655,-110.0,-39.32298412049796,-25.99544504846134,-110,-38.91900294960092,-37.89049893006512
22,-2.61654,-6.58647,1.5,-35.43035373723676,-44.173660601364595,-33.772523907432245,-82.42074062391825,-38.99677547559734,-33.57886348272981,-110,-33.84697641625498,-52.844183725784774
214,-2.61654,5.41353,1.5,-51.620257270705885,-53.87224967478471,-33.937720453936286,-110.0,-44.38898896995097,-64.07490972010912,-110,-39.84869534602585,-46.03517613968706
117,-3.61654,-0.586466,1.5,-43.36263863515397,-44.46675404153194,-36.79894524544739,-110.0,-37.45941890812529,-39.095367134104805,-110,-32.36043553821987,-41.06577830783735
136,-0.616541,0.413534,1.5,-33.82746417870299,-31.816882159211666,-37.08969271028455,-110.0,-59.79469482448284,-41.98697584318658,-110,-34.01935398316401,-43.90247401130495
104,-0.616541,-1.58647,1.5,-42.127225713704775,-40.54392384216015,-28.2781877223432,-110.0,-47.8219603192315,-55.29508642519619,-110,-30.14393719706817,-47.082872856483405
170,1.38346,2.41353,1.5,-46.67262399727183,-45.70118578965276,-53.64016114147648,-110.0,-41.47710673825792,-37.076673639696246,-110,-30.878633850714493,-56.83133998735904
37,-3.61654,-5.58647,1.5,-39.88290578725844,-42.89155140620147,-34.578097654209614,-110.0,-33.51460629603756,-51.3444135883121,-110,-45.19284258382593,-36.04376129333066
48,7.38346,-5.58647,1.5,-47.55224518267334,-48.39014632515188,-39.92641984177228,-100.12236692843352,-37.2060162785498,-35.138112205550186,-110,-43.25372191819918,-22.118677029348863
210,-6.61654,5.41353,1.5,-25.74290880932563,-41.25804973274698,-44.48094116691823,-110.0,-50.76567584277335,-60.64702036452459,-110,-43.86659940838695,-53.14755353815189
114,-6.61654,-0.586466,1.5,-29.43417185439653,-48.31910285762858,-41.6668518782575,-110.0,-53.498882050794464,-32.07797702270081,-110,-44.545584813742366,-49.46966608855629
50,-6.61654,-4.58647,1.5,-41.339954711383214,-36.24040613194547,-27.29728784772832,-110.0,-44.91731623688119,-41.7512742744282,-110,-39.61925124738462,-42.97324263578666
161,-7.61654,2.41353,1.5,-31.584083629966425,-41.86580070754464,-39.555206613288,-110.0,-47.445004598885674,-44.97747784558577,-110,-40.31447576643887,-44.62673504490753
88,-0.616541,-2.58647,1.5,-50.40320017239392,-35.55923463476005,-33.25521232367222,-110.0,-73.74718351380763,-41.23156865636798,-110,-32.455450890209974,-40.20203547587688
192,7.38346,3.41353,1.5,-58.736444269917314,-52.45948239815415,-45.85424902669761,-110.0,-42.13495651361021,-16.054388704440267,-110,-24.353170226000916,-39.31440447156877
17,-7.61654,-6.58647,1.5,-38.23764541696473,-41.805697588926805,-31.44392985613788,-95.8531554239589,-50.24645024987522,-46.838998487585094,-110,-42.79100424132093,-50.52695270998812
131,-5.61654,0.413534,1.5,-39.85762091927646,-33.48966476039558,-46.88146460978226,-110.0,-39.44546305351421,-38.09009052603972,-110,-40.39090471023291,-38.575063476287035
70,-2.61654,-3.58647,1.5,-29.7230877277683,-34.02897139638716,-30.28715411520913,-110.0,-47.27694166930725,-42.40785357747613,-110,-38.18754653066937,-39.28488341717819
87,-1.61654,-2.58647,1.5,-35.068692349720614,-45.75976583617408,-50.73822644343078,-110.0,-49.57394963570519,-42.94807630853085,-110,-38.39350331037739,-30.733296295668985
55,-1.61654,-4.58647,1.5,-29.89114325025779,-56.80338587643794,-32.89431635348743,-110.0,-46.709795787919255,-52.9154100223413,-110,-37.07794599524698,-37.24128532947007
127,6.38346,-0.586466,1.5,-40.66139709370409,-39.427472513620714,-44.87666715902944,-110.0,-43.65802513988047,-31.47931030556491,-110,-34.12105235041902,-34.861808472642885
18,-6.61654,-6.58647,1.5,-40.22221537628001,-34.81525449048227,-31.588995385477297,-82.40528243765495,-39.54573080658216,-43.8184131091864,-110,-41.16730412156595,-47.43980149456706
186,1.38346,3.41353,1.5,-47.87889474478941,-50.16678462203063,-49.70155715290925,-110.0,-28.962535826542055,-38.509277266956936,-110,-23.13115646238061,-39.03581812900231
8,-0.616541,-7.58647,1.5,-38.37728550972397,-31.77436249157915,-51.7107628084524,-110.0,-44.289368874718065,-42.93499354575535,-110,-44.70089111618195,-45.83826887261444
35,-5.61654,-5.58647,1.5,-33.145735976243294,-42.10224587248373,-39.791906968757715,-110.0,-29.451942929118893,-43.27254781295383,-110,-42.83117232266641,-42.41692892602829
172,3.38346,2.41353,1.5,-49.21103816208176,-27.22687327548831,-47.85464348076323,-110.0,-34.64513824884827,-37.28669210545522,-110,-30.741401521544443,-33.500426986026504
56,-0.616541,-4.58647,1.5,-43.77271411711516,-37.96138047398134,-28.85510840546712,-110.0,-51.53054059291732,-45.10777943881663,-110,-39.438225924882154,-40.060457884232704
43,2.38346,-5.58647,1.5,-56.64345206130486,-51.043996822580645,-38.896452184674736,-93.43495741967084,-25.3950778840456,-38.391695873818456,-110,-30.389450851862374,-39.73698185821086
49,-7.61654,-4.58647,1.5,-32.83437788757332,-39.67029280714744,-38.68242608814387,-110.0,-48.38992039340958,-60.37223847451352,-110,-43.94146217870024,-41.18660362498345
228,-4.61654,6.41353,1.5,-31.69683156057111,-21.85652495475054,-44.169548869064435,-110.0,-46.21043034700117,-64.6979360099617,-110,-50.95800088985189,-59.37511746692277
75,2.38346,-3.58647,1.5,-51.68476885611508,-45.98207027703239,-47.34120116623703,-110.0,-31.326344464732408,-37.872043238845414,-110,-34.27406209993776,-39.48921849949253
111,6.38346,-1.58647,1.5,-42.42143177003152,-54.02483078163393,-38.39082848796197,-110.0,-32.575863757652684,-37.925141974423646,-110,-36.867482373958865,-34.364897813422054
136,-0.616541,0.413534,1.5,-40.78719882312632,-35.61280001227452,-34.575885107682865,-110.0,-59.47101894100494,-47.24995877974923,-110,-26.40081495222592,-49.88521862960151
34,-6.61654,-5.58647,1.5,-52.12033996989666,-33.1691973133112,-34.261056910454556,-110.0,-35.735871545920375,-46.26864981968702,-110,-37.92714973811918,-41.346134720781166
51,-5.61654,-4.58647,1.5,-35.67795109023291,-39.04294204713031,-44.137759038143145,-110.0,-26.281148730156595,-48.12922753229638,-110,-47.58237386989162,-43.98117108870041
4,-4.61654,-7.58647,1.5,-32.44022205746527,-44.814877724732725,-36.21136862937438,-110.0,-30.70288954330842,-38.30072688693819,-110,-42.8902896657229,-43.84285280570578
15,6.38346,-7.58647,1.5,-53.57187313063639,-46.66804180304317,-39.69748196511228,-87.72008791529164,-27.775584107925468,-38.25380299982679,-110,-48.69017605537641,-28.73209234079798
112,7.38346,-1.58647,1.5,-46.32869643385459,-32.607008064301006,-38.82767222871741,-110.0,-38.474082890332085,-34.358739990638014,-110,-31.406321927089863,-30.41904767820928
227,-5.61654,6.41353,1.5,-28.92561557792132,-32.011362229275235,-38.54666283066536,-110.0,-55.51233090208235,-46.3951830318826,-110,-51.2715155029907,-71.67021361132554
94,5.38346,-2.58647,1.5,-45.38901822517598,-55.08040859027663,-46.25944437816859,-110.0,-46.01412827268821,-43.65427060605443,-110,-39.92182103497416,-34.38556409387621
179,-5.61654,3.41353,1.5,-30.25552940761036,-49.46796601866615,-40.27804767625351,-110.0,-41.146047870323365,-44.50631929770165,-110,-38.21294939668216,-42.97732442350049
234,1.38346,6.41353,1.5,-32.03763984467482,-28.033217813943885,-47.12153060925745,-110.0,-48.95969748370676,-42.21258891404322,-110,-28.69839638336112,-38.57514367494178
61,4.38346,-4.58647,1.5,-44.854847797340696,-48.89355916278613,-34.64761661597115,-110.0,-28.891213710595427,-45.34637841627018,-110,-35.270679499044235,-32.006573671795806
100,-4.61654,-1.58647,1.5,-43.346926349945434,-37.94167284810838,-33.85216506386959,-110.0,-35.84276898229313,-40.48043389416031,-110,-35.08655856931856,-48.738772453151974
2,-6.61654,-7.58647,1.5,-38.3852918592048,-46.5662492756301,-37.734926846842136,-110.0,-27.813050751208696,-46.48926087778549,-110,-41.298427945388795,-36.57091367617334
234,1.38346,6.41353,1.5,-32.28690375809898,-23.805106140739067,-51.79982747475612,-110.0,-43.46763570232688,-41.694327285797065,-110,-30.27287890948826,-36.15699476827791
191,6.38346,3.41353,1.5,-60.267807072590074,-61.75944553845813,-56.26268709332252,-110.0,-50.48381840644353,-37.749666910862025,-110,-30.98670495516166,-52.06903441024293
197,-3.61654,4.41353,1.5,-25.87057474979617,-38.066921286590066,-44.92167384853573,-110.0,-44.74253972019686,-55.64198200672602,-110,-36.83891019793878,-47.13936850727542
39,-1.61654,-5.58647,1.5,-34.96531315501074,-43.15095261593776,-21.16210160583725,-110.0,-35.720228956854314,-49.400412571960985,-110,-46.050742301740875,-41.51896779197645
44,3.38346,-5.58647,1.5,-45.406183342329086,-51.65327491417399,-39.13656813070071,-99.53656787041318,-42.66098365348801,-34.496293411726825,-110,-43.74662362050563,-32.37340171885576
228,-4.61654,6.41353,1.5,-24.119109954907053,-28.67509163181102,-45.56877833976637,-110.0,-48.17016675806106,-53.55452076896671,-110,-52.46052018988051,-59.99188754113192
47,6.38346,-5.58647,1.5,-38.98912683178803,-50.25084886185971,-41.729858475845305,-94.46104845330208,-31.58486810682992,-34.423092679304446,-110,-44.92962633819708,-36.072803733470515
135,-1.61654,0.413534,1.5,-39.82083633611468,-43.5560374393709,-30.516501617851592,-110.0,-52.02810429155193,-40.20182687418016,-110,-36.15944693727892,-37.011759664704336
181,-3.61654,3.41353,1.5,-42.20068119170097,-47.58769886785626,-44.87470403167407,-110.0,-40.735514047260835,-38.19306136267691,-110,-28.26142751906523,-52.71671949505483
120,-0.616541,-0.586466,1.5,-57.108422620561015,-33.18707405478468,-29.265444037351244,-110.0,-49.8185239122168,-41.9900601969224,-110,-24.100596683815304,-43.06323665971951
232,-0.616541,6.41353,1.5,-31.674033350351714,-16.841317032049453,-39.85661105256135,-110.0,-52.784234498461025,-55.54380580532159,-110,-79.16738842869208,-48.73759727318764
240,7.38346,6.41353,1.5,-52.90756745235379,-35.109013835153874,-51.906043007239745,-110.0,-57.8418765887531,-38.08316658639058,-110,-31.24251228840796,-34.05108189113432
193,-7.61654,4.41353,1.5,-28.704589832819405,-43.02757689304847,-36.689965908070306,-110.0,-36.869158999489,-60.3849915680914,-110,-47.480691316237795,-49.112982594467155
20,-4.61654,-6.58647,1.5,-39.67540387339798,-44.09684882163605,-32.51353352148369,-84.3469981686269,-43.91065295675265,-52.23634087893079,-110,-36.83915128830096,-43.548625716865374
210,-6.61654,5.41353,1.5,-22.660644561568652,-38.366413908627834,-40.11308368759281,-110.0,-51.581987435601974,-54.83005318453121,-110,-40.44433415001476,-53.39904441673621
220,3.38346,5.41353,1.5,-39.907622279211154,-42.522791767506725,-51.858277924250864,-110.0,-39.01031776609689,-36.749948780874305,-110,-47.25081800290829,-45.55681752798274
27,2.38346,-6.58647,1.5,-41.2166200281757,-40.1551652102024,-26.624941668220117,-78.23748459074714,-36.71193558115037,-41.0067674885528,-110,-27.463560231937453,-33.329357630464074
115,-5.61654,-0.586466,1.5,-38.43104468111167,-35.15296143264481,-47.16031515858774,-110.0,-38.419418730072394,-29.11639942531007,-110,-35.07839396815602,-49.49054578366196
198,-2.61654,4.41353,1.5,-39.53460752068303,-34.05628019270511,-35.36845926306376,-110.0,-47.78404658787519,-47.61993102810903,-110,-30.03043510725413,-40.71632720405154
47,6.38346,-5.58647,1.5,-35.03000869048873,-47.71441848539922,-35.75038671211328,-94.39269711561369,-30.60253240115316,-40.14266833454046,-110,-42.412852161218005,-39.541447153605326
187,2.38346,3.41353,1.5,-50.97998248485689,-44.84082326182313,-57.10975132247881,-110.0,-46.469381781238994,-34.002775689901455,-110,-28.89211713115008,-50.41245323179312
224,7.38346,5.41353,1.5,-30.81211282438954,-36.33931984599788,-46.433336292217824,-110.0,-35.39604380140653,-34.73187086000393,-110,-40.06720628492848,-45.47685716089649
119,-1.61654,-0.586466,1.5,-35.81510753908636,-34.23439238292178,-34.751830658730064,-110.0,-39.44303373106465,-42.65449987591496,-110,-38.63223001337464,-49.84817982383842
176,7.38346,2.41353,1.5,-50.71011691328857,-49.13397267251143,-48.77800389695372,-110.0,-43.71848402626902,-29.769170468141663,-110,-29.683022785429397,-38.851490748490264
11,2.38346,-7.58647,1.5,-47.84921533583912,-53.13978977266419,-27.715838535536207,-79.0222877014457,-24.63002263071458,-39.039888863115046,-110,-32.951774637133816,-42.75624497722227
161,-7.61654,2.41353,1.5,-29.96348228087725,-43.66347843064976,-40.36075319071976,-110.0,-37.019818992261754,-36.253732469085215,-110,-39.76859442052644,-46.78785507854829
67,-5.61654,-3.58647,1.5,-38.38669898143995,-36.95506819570337,-34.96274868562435,-110.0,-36.283864666138925,-46.4913478847987,-110,-51.86448583278546,-59.5867757750018
151,-1.61654,1.41353,1.5,-28.718686323749715,-37.85478036065027,-35.81554517995735,-110.0,-54.337632562205535,-44.274892424137434,-110,-36.09327412487649,-56.93911809533464
176,7.38346,2.41353,1.5,-48.38474676638928,-57.31372283150805,-50.29582496707964,-110.0,-35.61294887668791,-33.2084717358793,-110,-31.79230394736504,-47.5210645383332
136,-0.616541,0.413534,1.5,-33.9457834425859,-35.88470354440001,-33.35115464024594,-110.0,-69.22507663797208,-43.85224365407606,-110,-29.634524270320856,-45.35400168832723
97,-7.61654,-1.58647,1.5,-42.21370247484263,-48.64127079874276,-45.289509266224705,-110.0,-43.50962135612393,-39.461218751040775,-110,-45.32676473035988,-44.30465470914295
47,6.38346,-5.58647,1.5,-39.50559551088937,-46.812519122653406,-35.90239760704362,-97.71567995845469,-27.24604680582057,-38.86086661046066,-110,-35.37339131204009,-35.691659198569
121,0.383459,-0.586466,1.5,-37.285265415515056,-43.1529697699573,-49.4160296690097,-110.0,-31.96356776847377,-37.10776106499853,-110,-29.42564389239764,-30.07620574691991
29,4.38346,-6.58647,1.5,-46.868265566805775,-53.18547011810136,-44.965391255294065,-72.33599582544848,-33.780643086818465,-38.131854189626296,-110,-40.388314645501296,-29.61364423016512
93,4.38346,-2.58647,1.5,-42.199862341595406,-53.79880871351565,-40.40044750976188,-110.0,-32.879417680026016,-35.34823877678513,-110,-29.922372905927425,-46.78990310845632
215,-1.61654,5.41353,1.5,-55.23512289532514,-40.54187544044029,-47.09485486805955,-110.0,-48.63656904651646,-49.40777798779712,-110,-34.47784796283508,-47.06869708276888
144,7.38346,0.413534,1.5,-44.03451230994756,-65.18865536118696,-39.95815007954646,-110.0,-37.507561902448394,-27.005899868929475,-110,-41.27497209760072,-37.90749261160008
152,-0.616541,1.41353,1.5,-40.11244646037901,-34.50414070753678,-31.869945667207663,-110.0,-41.250943230233155,-48.17560559943363,-110,-38.071203946294176,-50.62041936428295
61,4.38346,-4.58647,1.5,-46.12602375067844,-42.706287084629736,-38.1391692780569,-110.0,-26.35910001506091,-42.13719291606067,-110,-33.445293172305995,-35.753508859611294
124,3.38346,-0.586466,1.5,-44.9585276077523,-51.15050982720313,-51.70944891066041,-110.0,-34.54782361994895,-37.98414315802027,-110,-25.905507448866096,-40.89234645192008
83,-5.61654,-2.58647,1.5,-39.05422970206813,-35.014467728143046,-34.42150164042757,-110.0,-39.63242085526112,-42.37789181299404,-110,-37.14031998861599,-33.92795890377145
171,2.38346,2.41353,1.5,-39.07805168978866,-53.93348838374682,-43.13191741125685,-110.0,-48.219751094722454,-33.74369065031367,-110,-29.410102462466543,-43.72006578483137
174,5.38346,2.41353,1.5,-44.46150807514685,-59.18816308594669,-44.44965774904557,-110.0,-34.423692365071325,-26.081044095918205,-110,-36.43288380456655,-42.79942550262795
201,0.383459,4.41353,1.5,-40.89854665912563,-27.162191567195535,-45.60387172753232,-110.0,-37.221218325208014,-38.41989694576246,-110,-21.56130340725692,-39.67893209897537
144,7.38346,0.413534,1.5,-45.463453885662325,-63.18022366050964,-40.79615963108741,-110.0,-38.31182307642013,-21.961110448715935,-110,-37.87136807628536,-44.14228250409293
90,1.38346,-2.58647,1.5,-50.8228700122239,-44.05164213606064,-41.60538573607663,-110.0,-34.56872391639436,-32.990478823158554,-110,-32.77644581095978,-35.64840536566647
72,-0.616541,-3.58647,1.5,-35.52734327033327,-32.20587563362781,-47.371343465139304,-110.0,-48.32017861271859,-40.51853891498909,-110,-37.987250922811086,-44.91117236612803
142,5.38346,0.413534,1.5,-47.25732408393725,-36.27786677382893,-46.45062555058803,-110.0,-56.14976957270035,-25.89394267018987,-110,-33.488542633815854,-34.97705984556383
190,5.38346,3.41353,1.5,-54.70243143603732,-46.41843905855701,-43.83218585900138,-110.0,-35.59992636188561,-26.1262029674814,-110,-38.78978507391529,-36.70514730893002
169,0.383459,2.41353,1.5,-34.52156995858169,-49.061137338408,-55.980205214359565,-110.0,-27.73310985111672,-32.70950447432944,-110,-27.54044900895341,-77.32182330409078
169,0.383459,2.41353,1.5,-38.13322217723248,-48.997361686004616,-59.28206478507027,-110.0,-33.64563469506329,-30.82248983801469,-110,-29.79421803331177,-74.66434792986252
177,-7.61654,3.41353,1.5,-28.319954703342248,-37.93615389628397,-52.44625376372153,-110.0,-45.82445018901713,-36.25452493983283,-110,-30.76789094882038,-43.18609081693688
156,3.38346,1.41353,1.5,-43.5106827799263,-46.04938033895111,-58.3269089536157,-110.0,-38.73967670488286,-38.62092728207783,-110,-35.56349989271858,-49.127646401340535
3,-5.61654,-7.58647,1.5,-42.50144665126817,-55.64476796747879,-35.02301118815401,-110.0,-30.5873518293088,-39.6058929683392,-110,-47.30973675163665,-45.41906483172076
51,-5.61654,-4.58647,1.5,-37.679489028620075,-41.17665210878362,-35.02279355351298,-110.0,-35.88714757134001,-51.38003325336818,-110,-46.15562629123551,-45.86468553321787
97,-7.61654,-1.58647,1.5,-41.82255469757627,-48.42415423187269,-39.983356316756286,-110.0,-48.16290953631627,-40.2900737485516,-110,-43.28532667697991,-44.275147564531984
173,4.38346,2.41353,1.5,-46.989000019730014,-39.49295992445481,-43.244692286240955,-110.0,-38.438958940083666,-28.482720744505475,-110,-32.74690463930212,-49.73617024561664
31,6.38346,-6.58647,1.5,-46.57198036575238,-41.978699870455166,-32.54325353441932,-77.593235619353,-39.881729364233735,-36.35950790579976,-110,-46.356372861963045,-37.01232157294614
153,0.383459,1.41353,1.5,-47.03421461744013,-50.57509694006113,-42.56060704138755,-110.0,-28.928231392083916,-34.91683926393189,-110,-24.953968237657215,-31.748669887114023
210,-6.61654,5.41353,1.5,-26.342550131205847,-36.886061960045645,-31.962909351374325,-110.0,-52.40482356032549,-51.97428516497968,-110,-51.52860134312644,-53.59971314828919
7,-1.61654,-7.58647,1.5,-39.72936057197975,-38.16389862207843,-31.22092013303422,-110.0,-29.372949356850423,-46.64598132914346,-110,-36.99687786483982,-50.286954856775495
198,-2.61654,4.41353,1.5,-43.27714579523859,-35.51935141987549,-42.783106449588566,-110.0,-52.13481794433091,-45.12449151621647,-110,-32.86893628418341,-45.100950755898126
147,-5.61654,1.41353,1.5,-49.27177619993799,-43.329645555546,-33.286765245971026,-110.0,-45.90932622256891,-33.78193503265798,-110,-38.90517709512633,-47.31474442690537
161,-7.61654,2.41353,1.5,-29.590170319110975,-45.30084628528241,-36.68708577378884,-110.0,-41.78644228511489,-40.61845255520817,-110,-37.46202862901696,-42.90484886729451
68,-4.61654,-3.58647,1.5,-39.04220822796098,-32.84137416593559,-36.51759736359466,-110.0,-38.33137494914936,-42.93232385253691,-110,-34.153859987886925,-58.46066315224882
153,0.383459,1.41353,1.5,-57.15152167956002,-51.191122988455405,-38.43196534254996,-110.0,-33.37911953456621,-28.68995475615176,-110,-26.90103704320093,-46.01525294108298
18,-6.61654,-6.58647,1.5,-40.240376115102386,-37.601261543761915,-33.41075306787187,-91.65611092122482,-41.4167030076842,-46.53072413666401,-110,-36.61898753122881,-46.05955721387996
224,7.38346,5.41353,1.5,-32.36815472908968,-39.305054826457464,-43.6376297366589,-110.0,-35.27187930608863,-41.67636514072995,-110,-42.534321360497025,-44.219974937851035
177,-7.61654,3.41353,1.5,-25.95080374848977,-35.16629994744669,-57.59965404098489,-110.0,-42.655468910753605,-30.671905714008233,-110,-33.597697996390316,-40.218731368318664
137,0.383459,0.413534,1.5,-60.21388483583108,-50.88571718458495,-50.50636487699952,-110.0,-34.10513604973159,-45.0920615527939,-110,-24.587438612868738,-40.95166610417092
42,1.38346,-5.58647,1.5,-50.39359769283676,-60.15553171871285,-32.82154042409587,-90.97853128440345,-28.495810728586648,-34.77134599075718,-110,-33.88849246611625,-29.58934668271976
82,-6.61654,-2.58647,1.5,-48.08796358552642,-53.393890936159856,-41.283390773720754,-110.0,-49.09171119306061,-63.66959010807219,-110,-52.44663842285969,-30.29257408944654
185,0.383459,3.41353,1.5,-41.49377006626653,-47.35086234961545,-50.4371382418618,-110.0,-30.39914401972114,-35.878720860728215,-110,-26.321844787003833,-39.07531668268251
153,0.383459,1.41353,1.5,-51.19272860917224,-55.40938882249024,-40.72626828386765,-110.0,-36.63828988281514,-29.015110902269885,-110,-24.719688564725708,-34.11999638873107
50,-6.61654,-4.58647,1.5,-40.561744139468246,-36.01275836392806,-32.32874438564433,-110.0,-47.866512430444786,-39.6103844101125,-110,-37.33320152574881,-45.4275658577727
165,-3.61654,2.41353,1.5,-34.94951680499539,-32.76555942970464,-34.27578779970709,-110.0,-38.21974862289231,-70.73316166371796,-110,-32.47339354367108,-50.446448844606095
239,6.38346,6.41353,1.5,-52.90016489015433,-34.67057103408532,-53.87155974439425,-110.0,-35.46463326743797,-29.740917751805235,-110,-40.78101395854961,-37.79612228507673
202,1.38346,4.41353,1.5,-54.05275247689022,-39.21004686535387,-52.89239418787728,-110.0,-49.35199697943698,-30.614226716462255,-110,-35.61779844050927,-56.6314727022053
110,5.38346,-1.58647,1.5,-47.815615231505326,-57.49933366554782,-33.55710020175766,-110.0,-32.95173360118948,-35.71936194881675,-110,-48.613140779626505,-33.580092417534594
222,5.38346,5.41353,1.5,-43.25595097075148,-42.454790837712345,-55.494492074739895,-110.0,-46.93769178149207,-35.622405476648346,-110,-45.01448031749527,-34.035914025321155
123,2.38346,-0.586466,1.5,-45.497836743966914,-47.52437091606585,-61.12072279752738,-110.0,-41.12278888888441,-48.71407086079055,-110,-43.233154381644326,-36.03354901187112
19,-5.61654,-6.58647,1.5,-38.66161168371818,-50.98396765931258,-44.13594405558224,-110.0,-41.170034389060184,-42.05336876647551,-110,-46.44863916389798,-52.458039618779765
118,-2.61654,-0.586466,1.5,-38.278408520240625,-37.897051256200115,-37.48021527080923,-110.0,-49.524902199451816,-40.178628624387926,-110,-42.29070831388358,-47.109486123873374
18,-6.61654,-6.58647,1.5,-34.02118469273259,-40.07871184513551,-29.3190911980321,-86.76826535376651,-38.70419475799866,-44.35110515647741,-110,-39.34421628969064,-45.18328258389707
195,-5.61654,4.41353,1.5,-23.860717821931065,-28.988737807183835,-43.467474441907285,-110.0,-41.1301265349532,-46.55579206716143,-110,-33.10830713362414,-47.26363128313119
222,5.38346,5.41353,1.5,-40.94891117814594,-48.507667209430224,-55.616846673814145,-110.0,-43.33011308573309,-32.60778291338263,-110,-42.59709641886614,-35.40322806691643
36,-4.61654,-5.58647,1.5,-34.479881571312134,-47.29919115456797,-25.624842768124896,-110.0,-35.15999433121309,-40.2283821057592,-110,-48.96838566751207,-39.66950119079862
161,-7.61654,2.41353,1.5,-29.13841796950292,-41.647856376912515,-42.062078355238114,-110.0,-41.84181908429908,-36.04139485490224,-110,-38.47085567128866,-44.48561583496227
196,-4.61654,4.41353,1.5,-40.79331546047014,-32.799989959285156,-35.71379839183117,-110.0,-50.10045954447211,-52.492971979585114,-110,-39.8902270251244,-49.2801375969875
231,-1.61654,6.41353,1.5,-31.13568407062584,-23.291328450469777,-34.26423460044527,-110.0,-46.35344942182717,-46.74869152971905,-110,-43.68081084811244,-56.32331353275111
196,-4.61654,4.41353,1.5,-35.704985963922894,-33.12004467438874,-37.603216639952166,-110.0,-44.07715809841162,-54.666249258153584,-110,-37.15796957986754,-49.729399296163535
167,-1.61654,2.41353,1.5,-41.242287162977206,-33.326201351957216,-35.61761225651475,-110.0,-43.67376005646492,-44.1046293584172,-110,-34.19014408038277,-43.329282560082675
1,-7.61654,-7.58647,1.5,-110.0,-110.0,-110.0,-70.52871173274274,-85.2713009400333,-110.0,-110,-110.0,-110.0
85,-3.61654,-2.58647,1.5,-42.31587253749915,-46.951020261482896,-38.04840882591357,-110.0,-41.14110873773003,-42.21526428840328,-110,-38.48164902230553,-58.49221439148662
106,1.38346,-1.58647,1.5,-44.03820054317351,-48.53376541564493,-52.892093931365224,-110.0,-50.67363646982397,-41.23623158330648,-110,-33.92630054994671,-38.75193405535997
228,-4.61654,6.41353,1.5,-33.85963642784697,-32.90187492216229,-39.34968704942907,-110.0,-47.17699203975808,-60.78960842567891,-110,-46.65382050391641,-54.69686072518605
92,3.38346,-2.58647,1.5,-64.27887703880107,-49.08210388507383,-41.755039089826546,-110.0,-45.216191413693906,-31.213518123904866,-110,-41.12463957901963,-32.64327998851479
40,-0.616541,-5.58647,1.5,-51.205166434172085,-45.08409165197652,-33.41845129012348,-110.0,-43.08716480403427,-44.99781324852847,-110,-47.314244110596626,-44.832087018052825
169,0.383459,2.41353,1.5,-39.516700332209176,-48.9141371672424,-57.70218625128864,-110.0,-31.324649598891018,-32.68281671094815,-110,-25.48971716714055,-75.67795812283359
238,5.38346,6.41353,1.5,-66.44133860620623,-41.05484220055949,-36.832085065649814,-110.0,-47.58600884574169,-30.91765030497561,-110,-43.34561546308009,-39.229142036552965
141,4.38346,0.413534,1.5,-31.371334340470515,-49.47745020336587,-46.18106635810947,-110.0,-36.75588204837242,-35.443806688186804,-110,-33.91748068638693,-28.87129442452104
134,-2.61654,0.413534,1.5,-36.68436759598795,-32.335395418221985,-38.11236314671473,-110.0,-49.40523177228472,-31.76354770281025,-110,-31.32895206074748,-58.3657897325529
5,-3.61654,-7.58647,1.5,-39.82876126993923,-40.075839568965804,-37.17505822770252,-110.0,-36.01449564463554,-61.04853052896763,-110,-53.4502738293887,-35.657604082798656
196,-4.61654,4.41353,1.5,-31.343027670278644,-38.531186189179834,-40.75631943204109,-110.0,-49.49923656534787,-48.76470538991776,-110,-39.49971055997336,-45.44128054761155
7,-1.61654,-7.58647,1.5,-42.56260629908589,-42.21033789817109,-33.310133040191836,-110.0,-26.138926964083844,-44.30303184628344,-110,-39.52937906666504,-51.62079949787228
188,3.38346,3.41353,1.5,-43.92853860254783,-40.12546133639508,-43.47725535874509,-110.0,-48.66298970275622,-49.75698920030226,-110,-32.24774703450425,-41.416271820391486
145,-7.61654,1.41353,1.5,-33.07195980266638,-34.7790378112717,-37.45412028995479,-110.0,-53.71862645575116,-40.62022785449026,-110,-39.46305243326595,-40.28448901860144
119,-1.61654,-0.586466,1.5,-38.502380875851685,-36.17901475826636,-33.084924776228775,-110.0,-46.244447338890026,-46.63363181364153,-110,-37.25635724832778,-49.93874341862296
105,0.383459,-1.58647,1.5,-45.17943318515572,-49.84614012200754,-42.464334296145545,-110.0,-33.38370851221127,-32.394594266158464,-110,-36.47109850267454,-39.61737824212132
195,-5.61654,4.41353,1.5,-19.890711306882658,-39.77706908185584,-41.160616180804915,-110.0,-44.38074062554093,-46.30154526338775,-110,-30.59952564015309,-47.60077659074717
167,-1.61654,2.41353,1.5,-39.95672052494761,-32.6346384802076,-43.86176836107965,-110.0,-42.713937875855095,-41.614886474072,-110,-35.298423756849964,-46.87220196065654
213,-3.61654,5.41353,1.5,-45.512731313893966,-38.20704054776322,-46.49763448493825,-110.0,-50.21460062425045,-51.490925405350275,-110,-36.07970495458627,-44.40343834891087
162,-6.61654,2.41353,1.5,-36.54401569484866,-33.242359420454044,-43.60675101098537,-110.0,-50.46664592280128,-45.621110634197734,-110,-40.930150533092075,-46.53600522610718
237,4.38346,6.41353,1.5,-84.78232145105906,-46.40763385178199,-50.536523030395834,-110.0,-37.74544838202313,-31.594707388743338,-110,-34.81165636790869,-40.2950407135454
189,4.38346,3.41353,1.5,-38.58631186736897,-51.5669763119057,-51.35769162887112,-110.0,-38.70985418375257,-28.85150988523909,-110,-40.420112364549155,-59.99311239199815
150,-2.61654,1.41353,1.5,-32.67477353565186,-36.46073942129081,-47.31449146460793,-110.0,-43.61697708839595,-46.743576530142725,-110,-30.423922136286276,-41.05024685769234
114,-6.61654,-0.586466,1.5,-33.331136930522185,-39.75356718644574,-37.1056276990977,-110.0,-55.65222762224921,-33.723317972799485,-110,-40.64713986003857,-43.93363597148917
96,7.38346,-2.58647,1.5,-38.26288544749106,-42.98141614077227,-38.26017095522183,-110.0,-41.671382099880255,-35.62196974662412,-110,-42.09212460877475,-33.33044841183389
114,-6.61654,-0.586466,1.5,-38.28662505612656,-47.3400169746042,-39.626798214320694,-110.0,-55.2832374179794,-33.89094693361244,-110,-48.7429310149443,-45.813101417821315
41,0.383459,-5.58647,1.5,-52.41052652035713,-58.544768794065035,-53.782075013220705,-110.0,-34.60257845207738,-32.194432888491,-110,-32.33456450372287,-46.29786954273212
162,-6.61654,2.41353,1.5,-31.961099062993423,-25.880859378412804,-34.66679021014862,-110.0,-44.725908244614,-41.92108066927501,-110,-33.74434237807344,-42.95970040552461
97,-7.61654,-1.58647,1.5,-36.82945309260008,-47.09433118372992,-42.77068124518034,-110.0,-49.39226573021441,-42.03005666909685,-110,-47.470628151506794,-42.98541594752555
143,6.38346,0.413534,1.5,-43.78959871874053,-49.24695078240576,-45.90019661392618,-110.0,-29.033656625634695,-33.34588044288906,-110,-34.748377348860686,-34.889200633955575
203,2.38346,4.41353,1.5,-40.53701232769251,-46.54214538776048,-53.87369845890044,-110.0,-41.36248758405769,-34.48863900971986,-110,-40.07903054335181,-38.266739633740166
146,-6.61654,1.41353,1.5,-44.40225538699978,-44.026968711662555,-38.22407987044288,-110.0,-42.90666541907523,-38.44534170290846,-110,-33.25005186284497,-48.165696824989105
94,5.38346,-2.58647,1.5,-51.2593850028658,-62.068086683950085,-36.78999092256001,-110.0,-44.08975156269918,-47.413107567654414,-110,-39.488347049275966,-39.77762208068982
83,-5.61654,-2.58647,1.5,-39.806380539996574,-37.21812197832048,-35.78722033182386,-110.0,-36.42197858222063,-44.29399028003392,-110,-37.44965187721081,-40.5918176390042
26,1.38346,-6.58647,1.5,-45.199681055265664,-52.085847922308574,-46.64949403954857,-96.92003039875873,-20.72189542939956,-32.73866704956314,-110,-57.170979204708814,-30.48705011667109
180,-4.61654,3.41353,1.5,-31.429812472481448,-32.793143681735756,-34.05424806692633,-110.0,-41.09328838376576,-57.86778320623056,-110,-33.808500765459236,-41.377787571778285
93,4.38346,-2.58647,1.5,-43.871729321027615,-51.03304719769261,-43.55557033160661,-110.0,-30.02866219585095,-36.53027737638413,-110,-32.6271336247399,-45.898660710157415
133,-3.61654,0.413534,1.5,-40.322415210579635,-33.089879644549846,-42.369963101955626,-110.0,-47.859834019455256,-37.51336989517863,-110,-28.047128100186207,-41.81760485585962
113,-7.61654,-0.586466,1.5,-33.887237627693196,-49.171422545998745,-39.34679460445141,-110.0,-36.91186233568138,-37.2223468033066,-110,-52.187626691375215,-37.37357248419588
64,7.38346,-4.58647,1.5,-44.731459710008245,-51.54803979229828,-41.03063318956894,-88.36445951972189,-39.246319242634335,-37.00771762176367,-110,-45.00934814030578,-30.351408567774257
117,-3.61654,-0.586466,1.5,-40.26257879415276,-42.38528762816659,-37.90412657258248,-110.0,-43.89189516578777,-42.94197459998729,-110,-30.74030119805459,-43.634946600730274
48,7.38346,-5.58647,1.5,-53.6179769238573,-39.31791105898466,-46.06253557374389,-101.32611482227162,-36.42493775258884,-37.6205284698855,-110,-47.569650331032975,-21.07331417242449
175,6.38346,2.41353,1.5,-57.813877820323874,-46.50288576070723,-44.30688583548907,-110.0,-37.55622070199542,-31.822243868510817,-110,-37.401812213953455,-43.10684694303303
153,0.383459,1.41353,1.5,-52.30198095632358,-55.073848871240784,-39.553842565122835,-110.0,-30.003176771417525,-33.10673162101154,-110,-28.80005694015295,-41.165272133247
154,1.38346,1.41353,1.5,-31.491110723485036,-50.62204376979178,-51.92147192514571,-110.0,-37.77427782937793,-39.72227460202983,-110,-35.262098676853284,-38.47831125011942
57,0.383459,-4.58647,1.5,-50.93361384127123,-43.832883711568904,-59.44640567680936,-110.0,-39.41125822507396,-44.04627608934416,-110,-34.09790434849711,-45.72021797771686
227,-5.61654,6.41353,1.5,-28.7195143136051,-31.407199704831548,-41.07370107290063,-110.0,-54.44065629816238,-46.676529466605245,-110,-44.1908380901484,-66.44039194947625
130,-6.61654,0.413534,1.5,-28.71780556123232,-55.75084912004576,-39.25169162879735,-110.0,-42.07697120789032,-41.26344398895081,-110,-49.33537458067056,-51.37369933473504
111,6.38346,-1.58647,1.5,-44.561524374756175,-60.44257506323253,-45.374410241802394,-110.0,-36.90015662071437,-36.41630744735216,-110,-33.08388441166256,-34.6177750518623
21,-3.61654,-6.58647,1.5,-35.719032247045604,-38.93663736207726,-44.856235549343985,-87.02143183317968,-24.81403538334997,-48.39318671002283,-110,-32.91987163491899,-37.464837656992465
47,6.38346,-5.58647,1.5,-38.29469799710913,-47.383583510652755,-28.93741415756252,-100.32520479077016,-29.14253292726494,-41.3349200891405,-110,-38.156884750670535,-33.90784639477254
63,6.38346,-4.58647,1.5,-45.451703479066005,-53.55721935865958,-43.334871201028065,-93.43225861129253,-33.822958868354725,-37.55615909322309,-110,-33.208892718096806,-36.39692569088563
24,-0.616541,-6.58647,1.5,-33.76242228993908,-37.197179512972774,-36.16915763853915,-98.35973268801376,-29.63324579798333,-61.51977163625364,-110,-35.38575248024506,-52.61340404627585
102,-2.61654,-1.58647,1.5,-37.6425542139257,-40.55462803219954,-36.39542047086559,-110.0,-38.577900233503094,-45.15368109118118,-110,-37.663245653187346,-42.09997213750396
206,5.38346,4.41353,1.5,-45.26178659859664,-33.12179307084041,-60.27824257104506,-110.0,-52.20312226795204,-39.44228148408294,-110,-35.065876612600064,-39.47263072124207
85,-3.61654,-2.58647,1.5,-42.2766189765739,-51.87339817883158,-44.75718451945205,-110.0,-41.4094271355812,-45.099672716248115,-110,-34.63635900799585,-63.574700632413006
213,-3.61654,5.41353,1.5,-49.11093336206457,-39.624702282496216,-42.39945317158111,-110.0,-48.7722803609776,-51.32710002935284,-110,-36.67069708780761,-46.25080052515053
207,6.38346,4.41353,1.5,-36.3253007856681,-48.00206233208792,-45.16912107460275,-110.0,-47.87300896577624,-31.837275798931568,-110,-37.10024913287336,-48.24948169125053
179,-5.61654,3.41353,1.5,-28.96022328326326,-52.070931041694685,-41.64033882004888,-110.0,-33.860580128546765,-44.8336415538548,-110,-34.94133990121424,-50.28874738101897
74,1.38346,-3.58647,1.5,-36.83288397476563,-45.146593415739815,-38.61744714482401,-110.0,-29.794067106813117,-43.54700888824555,-110,-36.39547312005893,-41.20772862204563
131,-5.61654,0.413534,1.5,-32.969328701898355,-38.27486387265516,-44.0055536876902,-110.0,-43.19980671546057,-40.160041564644146,-110,-46.9379550359997,-39.13402124229665
61,4.38346,-4.58647,1.5,-35.86945241755801,-39.92518722618413,-37.4039766686843,-110.0,-34.956903860564026,-47.52123751524033,-110,-38.20941001983259,-39.64164128899069
122,1.38346,-0.586466,1.5,-40.64053211794145,-51.19568329800238,-43.012185065272014,-110.0,-48.723226017706494,-45.72824058772121,-110,-31.157984195057008,-32.663825773035114
132,-4.61654,0.413534,1.5,-29.36466576702166,-29.65519930853668,-34.50226961374224,-110.0,-40.713640042352054,-42.66782008115834,-110,-48.307090030162875,-40.556176645030654
84,-4.61654,-2.58647,1.5,-38.43223570731075,-42.51432423913396,-45.74836112644554,-110.0,-44.51654128085564,-47.05269538976634,-110,-39.68685823718937,-51.476935127629105
232,-0.616541,6.41353,1.5,-30.4200797417146,-23.04331387094608,-29.990918474139644,-110.0,-47.833639314716606,-50.06499399757668,-110,-79.94407634470545,-52.03496206868469
99,-5.61654,-1.58647,1.5,-36.52959272305605,-45.53465639979397,-43.36121522169804,-110.0,-44.611524061836285,-47.215347459565066,-110,-39.62955655582092,-39.872898882819854
156,3.38346,1.41353,1.5,-45.67705245248988,-44.066737547206834,-59.76830127882397,-110.0,-33.27570802613505,-42.37927270509952,-110,-38.768977245383525,-54.80790544520573
108,3.38346,-1.58647,1.5,-42.140467461997105,-56.7844865133277,-37.91534877709169,-110.0,-36.25308456375186,-45.70778269945547,-110,-48.85416728235647,-37.55555410393545
185,0.383459,3.41353,1.5,-40.061458804916775,-47.799800049193294,-53.06040003426934,-110.0,-35.169625855903476,-36.94473216412295,-110,-29.452144413475533,-33.619663469985895
42,1.38346,-5.58647,1.5,-47.91505433585219,-58.51227835126664,-32.60574780443771,-88.65341023203435,-27.76813753205152,-31.732803945517865,-110,-40.11499685423636,-34.00113187217378
100,-4.61654,-1.58647,1.5,-46.74547078908014,-40.31653686168741,-34.566746499613025,-110.0,-32.50490530148701,-46.08301610403945,-110,-27.99346741606847,-49.49746683254577
235,2.38346,6.41353,1.5,-41.65554199301876,-25.9898621660062,-49.78395607828613,-110.0,-47.96000524008306,-45.87028068421388,-110,-47.71095203500863,-49.804531321028634
153,0.383459,1.41353,1.5,-48.11999085656532,-59.76051220085781,-39.512646641757435,-110.0,-30.69950411983435,-31.411729086581325,-110,-26.985606350461484,-40.06814726618365
63,6.38346,-4.58647,1.5,-40.090295451699326,-49.00670891689885,-38.90971969649278,-94.89395746234436,-31.213360777188782,-41.76139270139801,-110,-32.54672063179426,-33.50560312675597
110,5.38346,-1.58647,1.5,-46.0725654157389,-44.1848191248878,-32.49772455494213,-110.0,-37.511007915038974,-30.24988989339974,-110,-40.11338421286798,-31.197709344069875
136,-0.616541,0.413534,1.5,-39.81187167645788,-32.53359314372438,-37.19040776153248,-110.0,-60.77574871787647,-40.17399659394694,-110,-32.35661131807421,-44.18159161030074
50,-6.61654,-4.58647,1.5,-40.0663179691491,-35.85264568019959,-30.3363030028956,-110.0,-46.50728133032244,-43.21771083837096,-110,-32.42732376469317,-42.037137451360934
110,5.38346,-1.58647,1.5,-45.57174079371958,-54.2145258587636,-35.97323302153473,-110.0,-34.76165010599429,-34.94947519259959,-110,-44.177303935947165,-33.792461329229006
225,-7.61654,6.41353,1.5,-25.88525663651527,-29.14283134702199,-33.84197707108391,-110.0,-47.59974738891896,-59.75872049928404,-110,-40.090361090087576,-43.823473378540335
53,-3.61654,-4.58647,1.5,-37.79867338503718,-34.63022855684688,-24.55501136111797,-110.0,-35.45843131035977,-45.8231280122226,-110,-39.99759710969076,-63.04848421322323
95,6.38346,-2.58647,1.5,-42.470615033319966,-51.32749033594349,-42.39897272933801,-110.0,-31.950922505870302,-47.43346595268727,-110,-37.97059520383282,-33.754861202094965
124,3.38346,-0.586466,1.5,-42.84246158448837,-53.33388982685886,-57.0560094245152,-110.0,-38.451526638845,-35.9999726292245,-110,-27.927214329011992,-36.94517594753939
186,1.38346,3.41353,1.5,-51.82599978154307,-45.22218497719866,-51.59965834996764,-110.0,-33.28657067500305,-35.25007324118766,-110,-26.804107193023427,-41.56932115955925
189,4.38346,3.41353,1.5,-39.11111696115066,-53.67349875378105,-45.26440330726248,-110.0,-45.31922983515267,-27.023175605268417,-110,-35.93264859427148,-57.402179488675365
143,6.38346,0.413534,1.5,-48.922591124536694,-50.59438369770437,-51.523864498632776,-110.0,-32.41579241823533,-31.52843662233549,-110,-29.49713025541266,-38.76108383034469
180,-4.61654,3.41353,1.5,-30.767995174412867,-31.797210493049977,-37.62788341989725,-110.0,-43.91063506920427,-59.83032533390377,-110,-35.121037287397236,-45.21647206800544
31,6.38346,-6.58647,1.5,-49.591263802673254,-41.07522253929748,-34.967707843061206,-83.29961380711133,-32.54786935368042,-35.14570892503588,-110,-43.31173337935179,-38.67205101161894
66,-6.61654,-3.58647,1.5,-46.757993973005945,-45.2122564855765,-37.37758892450029,-110.0,-35.7669522927149,-53.91812836923995,-110,-49.80784847055209,-59.0831258306836
94,5.38346,-2.58647,1.5,-46.26678937614872,-55.90107655198992,-41.492488713855984,-110.0,-47.989496668503314,-44.61189165156673,-110,-40.40558865620062,-36.55666470128419
118,-2.61654,-0.586466,1.5,-39.27292348335538,-41.36954532784067,-36.818335785142125,-110.0,-46.72590144058147,-39.349163382866415,-110,-35.48579867352206,-43.34016199638731
123,2.38346,-0.586466,1.5,-42.01975506603148,-52.904405628862435,-53.06402344112401,-110.0,-40.92213852013352,-44.72087587753471,-110,-39.64411575617952,-35.890424890198524
107,2.38346,-1.58647,1.5,-52.948614574518615,-52.69984214004615,-42.42106971185324,-110.0,-41.05175811924848,-48.86004699814578,-110,-41.46868043784083,-34.15785408378113
54,-2.61654,-4.58647,1.5,-50.052672954793906,-34.452694354839885,-45.14023710790275,-110.0,-33.312978513777146,-43.0312825017476,-110,-51.3549966414196,-53.57604231000634
89,0.383459,-2.58647,1.5,-43.64925516334438,-47.76263414979032,-45.24314977525569,-110.0,-35.20468283590179,-40.94587973418303,-110,-31.320963050551622,-39.971265049352006
239,6.38346,6.41353,1.5,-56.142979870394214,-30.730709519865595,-51.88372298342212,-110.0,-41.083492364001785,-34.05971471144913,-110,-48.712550874249104,-36.328654521674714
7,-1.61654,-7.58647,1.5,-41.757779800776085,-39.40839692257592,-32.980356412279484,-110.0,-24.46596590585026,-41.92965183392126,-110,-44.814345723483505,-53.01951131934335
204,3.38346,4.41353,1.5,-45.80690888364198,-37.579854882970295,-60.6341929266504,-110.0,-45.70441883741089,-42.081121977127935,-110,-48.25536749683173,-43.190429695770426
175,6.38346,2.41353,1.5,-57.065940099140576,-50.50270409573052,-39.673178220030515,-110.0,-38.23654887274438,-27.09754279369715,-110,-36.73558028442324,-43.67712794141959
4,-4.61654,-7.58647,1.5,-44.77841667234921,-40.597097290347854,-39.63957918035869,-110.0,-35.90266926995361,-36.46920104873134,-110,-48.34667243979831,-43.05315166144032
173,4.38346,2.41353,1.5,-49.34070498716597,-46.96326461347096,-40.24537974255028,-110.0,-36.9902599014303,-30.427227632628743,-110,-33.17625294219606,-41.1607816202893
145,-7.61654,1.41353,1.5,-32.676825965978686,-33.09753157095134,-41.64980107512296,-110.0,-54.38750495475976,-41.84119243902728,-110,-39.77570256182513,-38.226507329279045
103,-1.61654,-1.58647,1.5,-30.48246481620275,-42.580535600172816,-35.726730831113564,-110.0,-48.95391892605006,-40.94755048736522,-110,-42.25128872181586,-59.56784025589496
217,0.383459,5.41353,1.5,-39.633754572208815,-25.828026815348604,-39.63770964860241,-110.0,-43.59203060404788,-39.886465843045706,-110,-27.314665251895352,-30.177550051730453
37,-3.61654,-5.58647,1.5,-38.22859489009064,-33.280508483145745,-31.141831749669564,-110.0,-32.29343851805985,-54.392017935979865,-110,-48.44100000529337,-44.082096806051986
66,-6.61654,-3.58647,1.5,-46.81017024808216,-45.3195071098893,-34.462362967973256,-110.0,-37.17081535809249,-53.858080644196946,-110,-43.89584042494561,-62.01472052843474
143,6.38346,0.413534,1.5,-45.677048648519325,-50.437211192761474,-50.81795313117518,-110.0,-37.4523969127732,-33.42898923719491,-110,-38.59860854220188,-40.678325814162434
93,4.38346,-2.58647,1.5,-43.2303537308903,-48.09007766720814,-38.512873511307184,-110.0,-37.16432745584251,-38.40723396889165,-110,-33.469026070014635,-42.04996632674444
116,-4.61654,-0.586466,1.5,-36.34020665999205,-43.86508346887057,-34.592022923851175,-110.0,-46.01949017728757,-35.608022457943626,-110,-37.72500794793465,-37.98187689764929
230,-2.61654,6.41353,1.5,-24.879159776286663,-30.0344961648503,-42.086860586361254,-110.0,-53.23633019023292,-53.11727131629218,-110,-49.02217664167573,-42.37138882382663
44,3.38346,-5.58647,1.5,-45.815917281973945,-51.73782896720539,-37.75354350809673,-98.5127956639392,-44.78753664012472,-33.934269224630455,-110,-42.027964225727864,-29.650472780429055
193,-7.61654,4.41353,1.5,-31.01765506446831,-49.0789619317501,-37.86804570987671,-110.0,-42.78581971240168,-56.681556848883424,-110,-44.19702589823018,-42.76157814069584
196,-4.61654,4.41353,1.5,-32.96866282419333,-39.33990253720991,-33.893097989882726,-110.0,-41.37426694854071,-49.441156111919746,-110,-42.12806835491661,-48.89245295400275
69,-3.61654,-3.58647,1.5,-37.21340307096876,-46.93439132767584,-35.95250721215407,-110.0,-38.997011654643885,-41.60836425758492,-110,-41.270549827100126,-40.58608206599594
93,4.38346,-2.58647,1.5,-42.522397112241975,-54.052626405142334,-44.71431899624829,-110.0,-34.948554726305154,-38.13033829910895,-110,-33.918167321145134,-48.6075272926188
236,3.38346,6.41353,1.5,-60.20337826142015,-36.265273240166835,-51.77609600777359,-110.0,-46.61706605445427,-38.58325251078104,-110,-46.58860356097589,-50.848324449645794
149,-3.61654,1.41353,1.5,-35.100393654879774,-44.42192886412699,-41.18257425911137,-110.0,-49.118159667340365,-41.83793068283883,-110,-37.670436426138785,-41.31744787981541
170,1.38346,2.41353,1.5,-39.97292952455141,-49.92487892331776,-55.35149833617656,-110.0,-41.29516768188223,-50.017342126400024,-110,-26.097442904159852,-52.32489212142099
66,-6.61654,-3.58647,1.5,-43.90515778150917,-42.30200612009069,-37.44325339675317,-110.0,-33.44748269192853,-55.748167293570965,-110,-43.88346327326401,-58.00755153062744
129,-7.61654,0.413534,1.5,-31.633415014178784,-47.8967252293925,-33.70330200031734,-110.0,-45.31446620476685,-41.498748459285686,-110,-35.05567149383208,-41.525201591348186
236,3.38346,6.41353,1.5,-62.49337636406754,-37.33463657694081,-60.21489869176853,-110.0,-43.227933824620145,-40.83749639703477,-110,-44.95878292565611,-42.81747373871463
132,-4.61654,0.413534,1.5,-31.870714541299755,-30.047368926832327,-39.3754476328018,-110.0,-45.00940036940538,-41.33254663974749,-110,-45.27522206437451,-50.24067791494985
205,4.38346,4.41353,1.5,-45.76702566726748,-31.82607192214126,-54.8998331528245,-110.0,-40.11186605714954,-49.221554232725694,-110,-41.852255433158,-39.01231829772553
177,-7.61654,3.41353,1.5,-28.955223359706142,-43.094267646001285,-54.45341566796469,-110.0,-42.09655737046149,-33.21993439417332,-110,-40.35429766472666,-51.864734581398906
19,-5.61654,-6.58647,1.5,-33.98457706057869,-55.14500908540115,-41.0131050657244,-110.0,-46.242786375564584,-39.43696740896427,-110,-47.591719347899,-52.51132876029848
96,7.38346,-2.58647,1.5,-41.0157963552951,-39.942847828056074,-43.65214906630332,-110.0,-38.03132089255364,-39.23263456425254,-110,-44.94539746714587,-41.18349558454534
17,-7.61654,-6.58647,1.5,-45.37306839576833,-38.97398391478602,-33.65918025267681,-92.8601267089578,-50.79869366150524,-46.50273257448923,-110,-44.877254831469415,-47.416663003528555
209,-7.61654,5.41353,1.5,-30.02168766648007,-25.266592253926557,-43.40107861302742,-110.0,-53.612886145129224,-47.45269633439219,-110,-41.40272072131589,-61.19618317744551
211,-5.61654,5.41353,1.5,-21.976167917460742,-43.36518237157083,-36.564431216248295,-110.0,-53.433412787621485,-51.55613271468163,-110,-40.8599543785041,-42.36993433159488
119,-1.61654,-0.586466,1.5,-40.01631022756288,-41.43024099245463,-31.925226652281985,-110.0,-46.55806430123288,-48.17955300253034,-110,-34.11617936110681,-45.48299496707065
81,-7.61654,-2.58647,1.5,-38.2775800214461,-43.03370845229064,-41.73337953902408,-110.0,-43.68449313802242,-51.6766367218404,-110,-41.515660599838384,-49.625174839057635
195,-5.61654,4.41353,1.5,-23.787568098183566,-35.74750835950803,-45.99261639394125,-110.0,-36.02906566807479,-40.988833172529546,-110,-37.97859354913379,-51.80338937528619
56,-0.616541,-4.58647,1.5,-51.1174320454241,-42.77989403674081,-27.025552610803423,-110.0,-48.60025151646302,-44.95183564525225,-110,-37.61037569106434,-38.97496185841418
184,-0.616541,3.41353,1.5,-40.94547920013561,-32.11726918244831,-30.29388919062416,-110.0,-45.89546709476596,-36.76405587213147,-110,-25.044265937059865,-42.35383394277564
175,6.38346,2.41353,1.5,-58.44445768247331,-53.21433143082903,-46.110223760037194,-110.0,-41.428187415061615,-35.13580178242285,-110,-35.258541896927625,-45.21800810422867
234,1.38346,6.41353,1.5,-28.10197419812554,-24.53662650084813,-52.37994857366045,-110.0,-41.2407394987426,-36.76374828928494,-110,-28.558251143180104,-42.767462759242335
182,-2.61654,3.41353,1.5,-42.76529871046192,-32.70491604934931,-39.9423198055901,-110.0,-40.5575735006904,-33.79100033080306,-110,-32.09514929605818,-44.398023707186745
98,-6.61654,-1.58647,1.5,-39.35744379689659,-36.5423153482416,-42.33892751536945,-110.0,-47.66105804542212,-40.79973043738837,-110,-43.20876850689385,-62.56243578515934
148,-4.61654,1.41353,1.5,-43.078736631458455,-37.72183755868219,-46.47551336221266,-110.0,-55.257471699712546,-35.888780915311706,-110,-36.15345053723469,-44.09682210105251
100,-4.61654,-1.58647,1.5,-49.38329790451319,-44.19190667811822,-33.35845445076526,-110.0,-34.00946354140278,-45.13850299869367,-110,-32.93430620023466,-49.41058626616426
238,5.38346,6.41353,1.5,-69.28822578212962,-33.11185503381876,-48.887223956785405,-110.0,-49.896980503555525,-29.867115120929594,-110,-39.382400363503635,-37.512602680081635
210,-6.61654,5.41353,1.5,-27.96995766930889,-38.51941151765685,-35.63118447753075,-110.0,-51.39968256395847,-47.79754473914653,-110,-39.8120715690762,-59.17447273788945
119,-1.61654,-0.586466,1.5,-39.98240908050616,-32.00681274293168,-35.6891033581033,-110.0,-47.82782064546783,-42.76303277640476,-110,-37.83166172981661,-49.35850285927198
233,0.383459,6.41353,1.5,-38.50606302108859,-26.40260023932675,-41.401326406190655,-110.0,-48.01875641390159,-44.81501384258067,-110,-43.63999035296093,-48.31341472854585
68,-4.61654,-3.58647,1.5,-40.26178701664818,-35.156177715259616,-35.72204968661017,-110.0,-41.25715276433993,-46.203594421042325,-110,-37.32029835465416,-58.72881208815265
17,-7.61654,-6.58647,1.5,-32.82377544960208,-34.92205960787288,-31.21573581350361,-97.3166371071493,-48.14293481963569,-45.741876703168565,-110,-52.74454038753163,-55.19379464076026
81,-7.61654,-2.58647,1.5,-41.92544046248988,-48.82014369046763,-41.15472485797946,-110.0,-42.07947070389551,-45.60923796920477,-110,-41.670802139375745,-51.69442538617106
186,1.38346,3.41353,1.5,-45.617932283822505,-51.61000414979194,-43.9747513976864,-110.0,-28.133908355323552,-35.38666228457997,-110,-26.0030528188915,-40.3420687798609
217,0.383459,5.41353,1.5,-37.123143077444624,-25.430079434041577,-45.36717449886608,-110.0,-44.16906697196148,-32.62267985462287,-110,-23.32275940678498,-35.395273519652335
104,-0.616541,-1.58647,1.5,-45.79311384853584,-34.839053639210746,-31.471399628033016,-110.0,-45.72449851923574,-50.18921786666836,-110,-33.840069387558465,-43.17479790969384
148,-4.61654,1.41353,1.5,-34.646050304923484,-39.35452250354515,-44.524636959886,-110.0,-60.33988159564495,-40.43512475637291,-110,-35.20811736008793,-44.45510630439121
111,6.38346,-1.58647,1.5,-44.26483781431855,-58.71956409559776,-47.56153985817853,-110.0,-31.99131807517545,-32.42619325268494,-110,-34.87004437390461,-31.512608650841777
84,-4.61654,-2.58647,1.5,-38.965013935382146,-39.877231123925654,-47.82603562439623,-110.0,-45.73418703103489,-43.97050237584597,-110,-38.07082483163285,-53.974510028480154
98,-6.61654,-1.58647,1.5,-42.58553463661391,-29.541234143127763,-40.35631886697838,-110.0,-43.41390664230242,-45.24164527956526,-110,-46.55862016149953,-57.670295111282826
14,5.38346,-7.58647,1.5,-52.78639704275952,-55.221838088267,-50.79962370840858,-110.0,-46.66348501439887,-36.40190643329789,-110,-47.30644666752345,-23.4427861859826
213,-3.61654,5.41353,1.5,-46.763382378915075,-31.728977793654824,-39.70403777031979,-110.0,-51.21002614241756,-54.67510706598979,-110,-33.23539310534774,-46.167627367630914
102,-2.61654,-1.58647,1.5,-39.31079825003503,-35.9259898121818,-36.78987652467437,-110.0,-41.96750154817686,-46.521094196084135,-110,-35.40195430525706,-43.8801151663778
35,-5.61654,-5.58647,1.5,-40.57888737738767,-49.30488214210496,-39.59345769815583,-110.0,-28.52036926362078,-43.093127879558864,-110,-39.93880771503435,-38.74126899034355
46,5.38346,-5.58647,1.5,-40.24114436893454,-46.539357077823226,-45.51497415353046,-93.7670049674253,-40.707739691550664,-44.85897839438782,-110,-36.98269722200605,-38.32109922325666
188,3.38346,3.41353,1.5,-47.51859152495058,-42.997435789923415,-48.01757256635924,-110.0,-46.23670599842947,-50.72364084871739,-110,-35.91026768849018,-44.47639307892205
116,-4.61654,-0.586466,1.5,-44.32314207910155,-41.57843623014193,-35.029520332872394,-110.0,-46.82162275013703,-37.77512702102744,-110,-43.423380724547854,-41.528588886442975
102,-2.61654,-1.58647,1.5,-42.35927310147076,-41.44035454453552,-36.167366461407504,-110.0,-45.58845177877869,-43.367141694275865,-110,-28.289508768301253,-41.78250247561732
145,-7.61654,1.41353,1.5,-32.50036651745661,-34.1635479893721,-41.85729653602984,-110.0,-47.18788898214186,-37.11967354017331,-110,-41.33608607820729,-43.63471466788202
197,-3.61654,4.41353,1.5,-25.76751044473539,-26.24489193684296,-49.70317910293315,-110.0,-42.20216139461941,-55.35094393420835,-110,-37.5634751442168,-49.12802747629348
232,-0.616541,6.41353,1.5,-30.161695912545824,-27.90021243773417,-35.109776018188285,-110.0,-45.19830347220857,-52.64861436436121,-110,-71.64934412712498,-51.11387995683831
7,-1.61654,-7.58647,1.5,-44.78103907664848,-37.21808087247414,-28.804991954272225,-110.0,-28.06572879114668,-47.003938950796275,-110,-37.80117691687149,-48.514373298328294
96,7.38346,-2.58647,1.5,-40.194950019060634,-44.65328333234084,-39.173673297929696,-110.0,-42.55825244154876,-35.82354299781083,-110,-43.947277961858305,-40.832306637597384
92,3.38346,-2.58647,1.5,-64.25407142496033,-53.31632366441432,-42.682842460569255,-110.0,-48.312219111331835,-35.04258372540991,-110,-36.11381290571084,-38.1538952377509
79,6.38346,-3.58647,1.5,-37.38455497859723,-51.540929534527926,-38.51303560757905,-110.0,-35.842996462851794,-38.51621290620397,-110,-51.92989910468482,-33.23204102357047
16,7.38346,-7.58647,1.5,-40.383513519386455,-44.85393470320439,-51.302873797132435,-79.46925220177204,-45.46075739903384,-38.33246152693166,-110,-33.09278997587137,-32.466403849070446
33,-7.61654,-5.58647,1.5,-62.19694515350223,-42.733618564279304,-32.577587234041175,-110.0,-32.24897596460725,-51.55281919517689,-110,-39.48311422794023,-39.77843606098228
107,2.38346,-1.58647,1.5,-51.168576098387085,-43.82908797510506,-48.11331456044427,-110.0,-45.223176190294645,-49.44879668909746,-110,-33.730214879027045,-38.17224561150943
212,-4.61654,5.41353,1.5,-30.99924738125607,-42.0855731834912,-41.211719560580015,-110.0,-55.07850086632755,-44.353893037394606,-110,-36.26231076641547,-51.80993424795401
28,3.38346,-6.58647,1.5,-36.594264996105096,-44.18222041353112,-33.75776972949129,-64.8043301431972,-36.254847558400144,-40.03274375348324,-110,-36.55764867912083,-37.61233143618476
110,5.38346,-1.58647,1.5,-39.82239823122894,-50.71479272006644,-41.64454610371094,-110.0,-34.10565475728682,-31.713367423366655,-110,-38.800422704620615,-27.91906543415458
6,-2.61654,-7.58647,1.5,-30.719094204911535,-40.74012482435022,-31.40056460164779,-110.0,-41.81846929694196,-60.07130895462406,-110,-32.54094207336209,-41.6181032357667
27,2.38346,-6.58647,1.5,-50.38731728185833,-47.1362325531878,-28.95441493819194,-76.83774054098403,-37.2234425956354,-40.60765511273204,-110,-34.80085721474016,-35.43627219508476
12,3.38346,-7.58647,1.5,-42.472645231247014,-44.37744702260078,-45.90789229747595,-82.92730846507055,-44.11389620664259,-41.91313650867196,-110,-42.9830164282281,-44.101978264236706
37,-3.61654,-5.58647,1.5,-41.32456850426955,-39.496341657452845,-29.83876333957246,-110.0,-34.96643825071676,-56.772178931054086,-110,-45.856516577201035,-35.894535561555884
216,-0.616541,5.41353,1.5,-34.75116740803403,-22.085730706876816,-38.21071743503203,-110.0,-51.80721099894562,-53.72190728048547,-110,-40.759236395018554,-58.33021362361368
145,-7.61654,1.41353,1.5,-31.396393717309703,-31.668737462356567,-36.80712506874054,-110.0,-49.1341075823548,-37.29259275912931,-110,-34.694572149389536,-41.76795122649202
58,1.38346,-4.58647,1.5,-39.23602346863653,-54.82763294423828,-42.99594888566222,-110.0,-33.966569207817436,-37.13762808345098,-110,-43.48237338021936,-34.7628486399886
72,-0.616541,-3.58647,1.5,-36.48402220250573,-39.774622847410974,-50.882520558255955,-110.0,-49.65837779998087,-42.2788685962083,-110,-32.71816158131103,-43.86878264699276
119,-1.61654,-0.586466,1.5,-36.512141654933686,-39.38175739881907,-32.151075946442276,-110.0,-46.96647090891617,-38.94624583395648,-110,-35.64316557897396,-43.42819214792384
212,-4.61654,5.41353,1.5,-35.658038220402425,-42.56469338126704,-48.74482241933764,-110.0,-47.37538501782127,-50.93316660946139,-110,-30.882147328379354,-54.736976588466455
169,0.383459,2.41353,1.5,-35.89272775911456,-49.34989075743085,-55.35646223074289,-110.0,-39.173154343948184,-31.511673750567603,-110,-21.35374781992138,-72.34915843639327
112,7.38346,-1.58647,1.5,-40.570601136361184,-45.80374839399333,-43.249765209840696,-110.0,-35.63931440299347,-43.042558356222415,-110,-38.6755144515703,-37.34554623901839
73,0.383459,-3.58647,1.5,-34.70517214755762,-45.094435168403415,-71.64702926665036,-110.0,-32.84537774157505,-34.91519767674499,-110,-33.7851835558503,-30.476697129889736
155,2.38346,1.41353,1.5,-40.12640600670604,-55.22956280827207,-36.07705961406421,-110.0,-36.97663466668044,-36.85998763606886,-110,-29.2248927592562,-43.62335481683424
71,-1.61654,-3.58647,1.5,-41.96306670348727,-50.18614436958993,-32.63320852463507,-110.0,-44.511545833505465,-57.25571671230167,-110,-36.0244421036175,-47.78783209535392
139,2.38346,0.413534,1.5,-44.65390572511953,-45.07771113389009,-46.921034948472126,-110.0,-40.23886124350784,-26.188948200587873,-110,-31.841197099357387,-42.91293720780745
43,2.38346,-5.58647,1.5,-48.007172794021,-50.85884497469047,-37.79377397944565,-95.49467961491848,-28.99640463711878,-41.48314643449782,-110,-34.79929358918464,-31.81433567082363
10,1.38346,-7.58647,1.5,-46.6387853301536,-45.41362849806822,-34.871611267169094,-110.0,-19.68323812688881,-38.14876704552216,-110,-39.38697110125829,-40.14194870786406
74,1.38346,-3.58647,1.5,-41.03188068682896,-43.78704551211795,-37.785673835530034,-110.0,-33.878485768710696,-43.544573860562174,-110,-36.89614512470551,-44.629103528901034
132,-4.61654,0.413534,1.5,-32.88139594265154,-29.02831829566037,-40.160486967056485,-110.0,-47.38591874933399,-44.67843015562016,-110,-52.24266271126693,-45.221897897120435
48,7.38346,-5.58647,1.5,-48.14855476519833,-42.69195179516703,-45.43107249171245,-94.47818456965018,-41.59281833506407,-38.655957147751685,-110,-50.431691548053784,-24.99989367491252
102,-2.61654,-1.58647,1.5,-36.74278299647965,-41.73865638479633,-39.64473641232237,-110.0,-42.89347348524545,-37.59550776545686,-110,-38.880300129066946,-42.65712928664386
128,7.38346,-0.586466,1.5,-54.4903114107358,-57.40152459131468,-43.95291433811201,-110.0,-41.187798623483,-47.17494275486014,-110,-38.18289731543759,-35.87349622966941
82,-6.61654,-2.58647,1.5,-47.58698374456882,-45.215071324027654,-40.37803850088785,-110.0,-53.04685840968997,-58.82298042813949,-110,-53.079650019326984,-36.36643544893249
147,-5.61654,1.41353,1.5,-52.78221010937589,-42.284053724210416,-34.83100849810239,-110.0,-52.041065538033024,-36.59107118719062,-110,-33.961095921674776,-52.80372835894536
6,-2.61654,-7.58647,1.5,-37.09986653814573,-41.81340804601015,-26.48481233332921,-110.0,-44.41409633925507,-55.96589844035573,-110,-39.38943888641707,-42.48718325228108
33,-7.61654,-5.58647,1.5,-62.302280766020445,-42.36168708201304,-38.329218113327094,-110.0,-40.82070710118096,-49.89877180575808,-110,-39.11790856289445,-43.36198498874117
94,5.38346,-2.58647,1.5,-48.66705323469165,-57.98800307467699,-40.0318569583601,-110.0,-42.45141791703361,-42.68924383357271,-110,-31.063861649242256,-40.23213155967562
1,-7.61654,-7.58647,1.5,-110.0,-110.0,-110.0,-73.5337647231107,-91.08624666696748,-110.0,-110,-110.0,-110.0
4,-4.61654,-7.58647,1.5,-39.34499697936967,-38.20499804620142,-36.364002337778416,-110.0,-32.63079861172151,-41.476199101530185,-110,-48.12671577623646,-39.35222092346058
88,-0.616541,-2.58647,1.5,-51.84771944553895,-32.69373589143631,-27.605933430096663,-110.0,-65.63251616707579,-36.70813779176868,-110,-29.652359192281107,-38.84413692039767
24,-0.616541,-6.58647,1.5,-38.58436206878529,-32.112313550808,-40.2715444061782,-106.36831089329964,-33.31720025802544,-63.53601705832877,-110,-36.79643744183354,-60.842616707528656
170,1.38346,2.41353,1.5,-38.28141490303402,-48.41935242107503,-52.30615119110227,-110.0,-39.517913868912245,-42.43762903915921,-110,-23.187411678197105,-50.551211143373614
1,-7.61654,-7.58647,1.5,-110.0,-110.0,-110.0,-71.94281620620193,-83.62457313545784,-110.0,-110,-110.0,-110.0
63,6.38346,-4.58647,1.5,-43.74559717015473,-50.91576503877505,-43.05041858078662,-91.09042930707793,-33.94462537713099,-36.19575049976647,-110,-31.10958727188285,-28.344518615205075
46,5.38346,-5.58647,1.5,-40.24615782326826,-46.0676434111143,-48.630776811322754,-93.02071115217308,-37.66548506141252,-40.51044360096238,-110,-36.34300689821188,-34.75000252328223
130,-6.61654,0.413534,1.5,-31.838083179390928,-56.4154763676932,-40.39231773270987,-110.0,-40.6248322110196,-37.9471504495511,-110,-45.04212123422162,-53.91330075336885
12,3.38346,-7.58647,1.5,-38.41855827533172,-47.56757744724447,-38.54978122014987,-78.1693449527347,-44.20016346827874,-39.66023046988086,-110,-40.821675726593895,-43.17770208347926
54,-2.61654,-4.58647,1.5,-44.11670064708641,-34.29815795326004,-38.11474991242808,-110.0,-34.2139389978089,-49.0133076266682,-110,-48.86369083719139,-38.66893963415052
130,-6.61654,0.413534,1.5,-32.8341069394771,-56.601415069578735,-47.35250814121102,-110.0,-35.23423873980832,-39.680095903584096,-110,-45.23218710492815,-51.36939982085097
13,4.38346,-7.58647,1.5,-42.61288220404918,-45.7962604984329,-42.87916348865701,-110.0,-41.82487945795133,-40.61309491443133,-110,-35.847977962363764,-39.02422130835544
148,-4.61654,1.41353,1.5,-32.81684140302182,-30.67221060017924,-52.298005393966285,-110.0,-58.786890910489255,-32.26094258899244,-110,-39.91455104556258,-46.570689179833984
38,-2.61654,-5.58647,1.5,-37.51893100644013,-31.918722448152685,-29.047986431195064,-110.0,-34.692238027050735,-38.213092447189375,-110,-41.73249386824092,-37.189037786907726
59,2.38346,-4.58647,1.5,-38.995778346407846,-49.91674743964761,-42.25404425332868,-110.0,-30.814937704296444,-39.012970945300864,-110,-41.27689765691239,-30.940857553651018
144,7.38346,0.413534,1.5,-43.881401289954866,-65.803226942312,-42.3244738793217,-110.0,-39.18938522261649,-25.443114491546975,-110,-35.10040281872208,-40.40160023662932
187,2.38346,3.41353,1.5,-52.59978741237651,-46.055685613699126,-55.081425458371136,-110.0,-43.280586970616675,-37.51822822266898,-110,-31.036641392367887,-47.29920673652863
82,-6.61654,-2.58647,1.5,-41.25982192587079,-51.932281401413654,-40.644052891856674,-110.0,-53.93434080236366,-62.94710863780517,-110,-51.39739812832203,-34.70360792361258
120,-0.616541,-0.586466,1.5,-53.84462776313415,-36.18541330120282,-29.415274822588874,-110.0,-42.84928870059801,-38.44150603681927,-110,-29.5271281623439,-49.30733371761466
196,-4.61654,4.41353,1.5,-32.39875931531639,-32.026527767634754,-35.24301397452086,-110.0,-42.41799359293165,-55.31328634733035,-110,-38.876398960350734,-39.18820551925322
176,7.38346,2.41353,1.5,-52.384495772890155,-54.009933824438235,-55.282275764219925,-110.0,-37.61069803028096,-31.127840522457607,-110,-25.514181793584047,-48.78379322005318
145,-7.61654,1.41353,1.5,-29.654604933797515,-29.649947671862883,-40.146661270008714,-110.0,-48.1054569140184,-38.08027924364253,-110,-35.58468918384123,-38.17454830836163
172,3.38346,2.41353,1.5,-40.9256541242256,-34.07850854220327,-52.96162930624795,-110.0,-35.87622292144702,-28.53815781124586,-110,-26.761340483697474,-37.53932461133869
129,-7.61654,0.413534,1.5,-33.510030807496584,-50.26396946283471,-28.610432520754152,-110.0,-42.60294289232065,-46.98711736440073,-110,-45.608842013234,-37.896307361219
81,-7.61654,-2.58647,1.5,-41.80506243212423,-42.74354464402748,-38.15072566787565,-110.0,-47.95622048848755,-45.237422954652104,-110,-47.321490625021106,-49.494349075342654
232,-0.616541,6.41353,1.5,-33.0260881732295,-17.659080863618662,-32.85523351945135,-110.0,-51.22450456605003,-52.061769323596614,-110,-77.59953626647233,-50.2029499099637
117,-3.61654,-0.586466,1.5,-45.25448751433866,-43.37475876659923,-44.39515666285027,-110.0,-34.749728417641435,-42.74446116086905,-110,-28.376137487160904,-39.761778589258434
136,-0.616541,0.413534,1.5,-34.53723442975061,-37.846138514998415,-33.63239430777075,-110.0,-59.81089630657163,-48.19062563326305,-110,-30.168646374252894,-48.522609629825254
212,-4.61654,5.41353,1.5,-29.48024038159061,-38.74137754087704,-49.22105302634011,-110.0,-50.002202356893335,-45.39837656370911,-110,-36.36692890776672,-56.40836419345372
66,-6.61654,-3.58647,1.5,-47.90163597274177,-44.190619587659576,-37.37906870055303,-110.0,-42.05844192111425,-49.52041881907115,-110,-48.23976607952753,-56.17681030860514
173,4.38346,2.41353,1.5,-52.30119297448827,-37.53395111702689,-45.55058924713854,-110.0,-36.42298377485785,-33.90316100049797,-110,-33.821586249168966,-51.19082331275078
191,6.38346,3.41353,1.5,-56.99159586823497,-57.59602039308154,-52.49438426734244,-110.0,-51.759909631473576,-37.108054999902826,-110,-39.11776002382954,-51.35707288676517
224,7.38346,5.41353,1.5,-25.704627611661323,-31.1796032028071,-48.78448090400531,-110.0,-33.61070136245405,-41.40237507674194,-110,-36.12983977287293,-33.72584562422801
119,-1.61654,-0.586466,1.5,-37.19493568621454,-33.66341897207747,-31.545589384564305,-110.0,-46.096991345701774,-43.553407417274286,-110,-37.3462298250456,-43.79662271221411
99,-5.61654,-1.58647,1.5,-43.61297192848544,-51.28292839168382,-39.891136135111225,-110.0,-45.046310090690795,-43.924104589685456,-110,-45.76259485915318,-35.425556186627304
176,7.38346,2.41353,1.5,-56.6143496662729,-56.13139092277161,-49.46859407827772,-110.0,-37.2266323167444,-26.69681000248049,-110,-33.045431583067604,-45.00388321541333
89,0.383459,-2.58647,1.5,-50.33406128315207,-49.85201432920723,-47.34842242715123,-110.0,-28.848939157828376,-36.934897285917344,-110,-28.75774510526555,-39.27357889253292
137,0.383459,0.413534,1.5,-55.735751125711616,-48.65835513169938,-45.77475444780202,-110.0,-37.33635550413923,-46.475536243795354,-110,-30.399416775215393,-36.473907120264606
224,7.38346,5.41353,1.5,-27.866324716148977,-34.518644501260844,-49.36612780827875,-110.0,-35.613266563871925,-40.945759969476605,-110,-40.767828317251826,-42.532176799729456
124,3.38346,-0.586466,1.5,-42.00736482825301,-51.77453086947641,-51.323495972583856,-110.0,-36.59109264478235,-32.59219209202546,-110,-35.753968723856104,-43.421680470091744
201,0.383459,4.41353,1.5,-40.33768436802656,-35.74077470336468,-45.74315785681067,-110.0,-38.93144053876325,-34.24174586075812,-110,-29.57259655745357,-42.69603666386008
75,2.38346,-3.58647,1.5,-51.51487829826831,-44.34722871594062,-47.21704998129298,-110.0,-28.50382880230422,-36.872312646335054,-110,-30.40802649783399,-36.62425047520191
108,3.38346,-1.58647,1.5,-44.34528760986704,-62.31098951605034,-43.86773656602371,-110.0,-42.579107749472186,-44.216115606531304,-110,-48.37402366265651,-36.101251130545954
59,2.38346,-4.58647,1.5,-40.9797780618424,-49.60258627555049,-28.94591415607058,-110.0,-34.160234435405805,-41.455797689349666,-110,-36.149239339621744,-38.52387527752324
226,-6.61654,6.41353,1.5,-35.78172427456365,-31.87047802873604,-39.488348512017595,-110.0,-60.685738387988394,-49.571642146000464,-110,-46.70082579338247,-50.33475082486939
12,3.38346,-7.58647,1.5,-40.78563488115006,-45.18232540466781,-45.82203246150145,-79.73226357870699,-47.805717114530864,-42.367648693274056,-110,-43.359190141911576,-40.18270070168726
4,-4.61654,-7.58647,1.5,-40.97138824979193,-39.41069594855593,-38.24476034841584,-110.0,-36.86347124673259,-35.86144308846466,-110,-51.80451461305668,-40.37374146173445
81,-7.61654,-2.58647,1.5,-33.85936738657634,-44.97957828656244,-37.16646914495247,-110.0,-43.11573614913154,-48.07633658921492,-110,-38.72768931681442,-57.00481150702371
165,-3.61654,2.41353,1.5,-34.46581570399266,-27.133610557127348,-35.752943868301706,-110.0,-34.524668371082214,-69.95781153580064,-110,-30.1135392791776,-47.76913059739235
180,-4.61654,3.41353,1.5,-28.172594043710117,-31.077937715031883,-34.918214531475535,-110.0,-47.85519896703428,-59.09117821265524,-110,-36.672134395143885,-50.548227713682
7,-1.61654,-7.58647,1.5,-37.52525206287982,-43.85368326673576,-34.825456994317896,-110.0,-25.771823511131885,-46.14130568600069,-110,-34.97511759025265,-52.345258147784016
65,-7.61654,-3.58647,1.5,-39.19754304794189,-43.54470883462218,-38.87941176749014,-110.0,-35.60134128128977,-47.72107212272997,-110,-37.76709459549358,-49.52581223654947
99,-5.61654,-1.58647,1.5,-41.31692380310807,-48.46735123861704,-39.49548082736461,-110.0,-44.44141011085137,-50.55693899474338,-110,-45.67266943458987,-39.759263027225494
218,1.38346,5.41353,1.5,-40.8114142885616,-32.715072695266734,-50.36118606163268,-110.0,-35.488605642830954,-47.91097955364899,-110,-40.119956471869834,-50.444529863332555
216,-0.616541,5.41353,1.5,-31.26988886380991,-23.37390052842508,-34.77452254980544,-110.0,-52.283212410308,-58.58183468945151,-110,-44.948501121867714,-61.13563314347779
104,-0.616541,-1.58647,1.5,-39.12824678625572,-36.25911016500966,-35.2840262463258,-110.0,-44.398442641611105,-47.89628196759664,-110,-37.44157051488656,-40.34106300420488
155,2.38346,1.41353,1.5,-39.03670309414105,-63.36653713253034,-34.60854368979989,-110.0,-39.27631728913099,-28.055177256901025,-110,-29.43111422860551,-44.28091757749995
215,-1.61654,5.41353,1.5,-48.41451998264965,-37.723471030692814,-50.21686097503977,-110.0,-54.566326490556065,-47.61213983176486,-110,-36.17447336242474,-43.01076844304414
168,-0.616541,2.41353,1.5,-33.603500520857715,-39.66794245037064,-28.073210681287723,-110.0,-39.03680339019518,-37.15763665162569,-110,-27.09375467466008,-37.80088248744832
215,-1.61654,5.41353,1.5,-53.32441179331838,-32.09223495603363,-48.304872550918546,-110.0,-47.06210525376142,-45.62628880108458,-110,-33.7437694130439,-52.69545344234149
140,3.38346,0.413534,1.5,-36.41464671875602,-49.98465412043589,-46.95647362590896,-110.0,-42.84565554955467,-43.720655400403174,-110,-35.17455365114694,-51.18799296190675
46,5.38346,-5.58647,1.5,-36.78538968847796,-44.083810741759635,-47.981012977750275,-100.10912208899046,-36.66045667326495,-34.42618980047641,-110,-37.95793746509283,-24.61363252096223
83,-5.61654,-2.58647,1.5,-41.60754326231701,-37.310665132946,-37.69764170465745,-110.0,-36.233091705725315,-44.485685179894645,-110,-31.767613545194727,-37.207065071541386
19,-5.61654,-6.58647,1.5,-33.626142265595476,-49.87352724513338,-49.38004631825763,-110.0,-45.29204493075195,-48.14971832070404,-110,-37.545493707280514,-50.76422732563645
165,-3.61654,2.41353,1.5,-36.945356587808035,-40.7528546364377,-37.82732903200182,-110.0,-36.69370186111519,-69.00386661051093,-110,-30.763778780360845,-48.71135934441973
107,2.38346,-1.58647,1.5,-55.03107238727324,-52.40011183259696,-46.41574659118428,-110.0,-40.37514083708521,-45.9450630810535,-110,-37.542134034999954,-35.53923026526835
207,6.38346,4.41353,1.5,-32.929087820165165,-55.638008910192646,-53.527231655983286,-110.0,-52.27431123367782,-33.6915976636199,-110,-32.86288863526276,-49.541837837267394
27,2.38346,-6.58647,1.5,-46.93306461007763,-40.184806334578,-27.435428638253292,-74.02626476053359,-36.4609785623853,-41.885858600829714,-110,-41.84528170218348,-36.570649162085545
3,-5.61654,-7.58647,1.5,-41.2985725579204,-56.51010151517794,-37.532897196560405,-110.0,-30.529897440307415,-42.96349676231395,-110,-37.92614214410058,-41.4185999231376
32,7.38346,-6.58647,1.5,-40.434164377208816,-59.39069302887414,-44.91278972706665,-77.426005685077,-33.10881072542759,-34.98786139621252,-110,-37.90346131011246,-29.312356853629343
16,7.38346,-7.58647,1.5,-40.81525684929885,-46.27824828781981,-44.3881205917559,-84.40702268886307,-44.0990238889956,-38.31053952540241,-110,-35.035657080550756,-27.3718257738902
139,2.38346,0.413534,1.5,-46.06888609518853,-49.60441168451934,-49.79275136732243,-110.0,-32.136507395638446,-39.28546645973394,-110,-32.66331868437305,-41.605750404597885
64,7.38346,-4.58647,1.5,-42.75420256367001,-49.73400900303062,-32.76674775859276,-96.3802897301964,-38.47164108292051,-39.05543036208686,-110,-52.03060897927284,-27.828380703062862
103,-1.61654,-1.58647,1.5,-33.50682497647882,-44.31819638305809,-40.88107939456802,-110.0,-51.44884490132597,-47.70966257765305,-110,-39.4012060200476,-61.05096294295234
183,-1.61654,3.41353,1.5,-31.768716259892887,-29.638091793815413,-40.35430303032873,-110.0,-45.87529931956146,-38.687174338008205,-110,-23.273737677937227,-40.343300400542
208,7.38346,4.41353,1.5,-38.32219399293805,-35.67359821610677,-48.104203829549256,-110.0,-48.6873501620107,-23.5387439742309,-110,-29.2303286822274,-38.73967963172942
144,7.38346,0.413534,1.5,-41.94496620664586,-64.46083823617118,-36.40501547697742,-110.0,-35.222183194448526,-29.57228694828629,-110,-41.41284249616939,-35.82714107158432
115,-5.61654,-0.586466,1.5,-33.104526467272045,-32.319325904411684,-41.6148705793937,-110.0,-37.660829376118784,-31.599976651752407,-110,-41.44345430423397,-41.622882450411474
114,-6.61654,-0.586466,1.5,-32.88593162904303,-43.90129394194739,-39.362594860967974,-110.0,-52.61528448039753,-37.4818103160195,-110,-50.01671798605566,-47.25828338645494
115,-5.61654,-0.586466,1.5,-35.09676593538102,-34.37819151342013,-40.89613912737761,-110.0,-33.29258965339572,-35.75591258709766,-110,-36.434662760012344,-43.467128557334
88,-0.616541,-2.58647,1.5,-44.34287014445579,-33.14899696867502,-36.02128414064874,-110.0,-63.794576129387266,-41.886345236591794,-110,-37.65157843450258,-43.780047112269855
99,-5.61654,-1.58647,1.5,-40.619818508998904,-53.70195244678554,-37.520930679957445,-110.0,-40.576696777161104,-42.762303121568856,-110,-45.45923267617074,-36.560698123985915
210,-6.61654,5.41353,1.5,-29.50042479685189,-33.07313304546749,-41.6813260834599,-110.0,-55.63926855472344,-52.11673001700863,-110,-45.71001970145737,-52.70022397368622
156,3.38346,1.41353,1.5,-36.52661910151297,-46.07724683759034,-60.16163655501253,-110.0,-39.636104024614255,-41.68903901291395,-110,-33.358837298546625,-46.6809250348214
120,-0.616541,-0.586466,1.5,-55.75579918844821,-30.68937240539542,-32.34755483352392,-110.0,-48.3677543960528,-36.292433070150075,-110,-34.50392810462602,-47.779066942862165
27,2.38346,-6.58647,1.5,-48.47483777708111,-47.21942499138135,-35.57161892868137,-76.22440106815905,-33.70449217403059,-37.347157765795856,-110,-41.33223997748557,-31.316258767725195
196,-4.61654,4.41353,1.5,-31.936897161437376,-31.99697352620308,-41.2541963837025,-110.0,-44.01440558635297,-48.96905086588815,-110,-35.756150852187865,-49.05423392824313
157,4.38346,1.41353,1.5,-39.33167397922022,-33.30486680726111,-43.497790461742824,-110.0,-50.17217515268399,-41.680902520229154,-110,-30.12330849976989,-39.87775172407011
208,7.38346,4.41353,1.5,-41.59161945921319,-39.17063042215508,-57.651630076669704,-110.0,-50.20192482457082,-26.43369517180743,-110,-34.30337529645104,-37.305036886717
99,-5.61654,-1.58647,1.5,-40.14831284004442,-51.612473604463375,-37.247863393366046,-110.0,-42.6071618525545,-50.148720321528295,-110,-44.0365066998949,-42.263540402520825
34,-6.61654,-5.58647,1.5,-49.67621032256712,-37.38727867743803,-33.856852122569585,-110.0,-35.26645277297247,-45.61323765842882,-110,-35.478117550055295,-45.528762685873374
34,-6.61654,-5.58647,1.5,-52.98486661652628,-33.40048846349963,-33.633304747074924,-110.0,-35.68776373149482,-47.03077918337432,-110,-35.89660952462796,-41.68631769239944
209,-7.61654,5.41353,1.5,-30.139534558230263,-29.29969183271563,-35.77320607811106,-110.0,-48.00238217049362,-50.67513128606112,-110,-37.64019400336151,-60.68793094191808
95,6.38346,-2.58647,1.5,-44.838909834074194,-54.493601603113035,-42.11520870404985,-110.0,-34.907789525671944,-47.05161915583594,-110,-37.79810296353416,-34.22506247608313
164,-4.61654,2.41353,1.5,-38.883953262705106,-48.10842007629514,-41.728221115604654,-110.0,-42.49951793689897,-41.27713446287296,-110,-34.781039457247,-56.52109466443129
15,6.38346,-7.58647,1.5,-59.271805230694866,-44.73961576392348,-43.103857259752594,-79.70678275078356,-39.195842707893405,-42.02740778239298,-110,-46.3872519786735,-30.504577571757675
86,-2.61654,-2.58647,1.5,-47.82047130654689,-49.73209532882575,-36.21728803642153,-110.0,-45.452813542183705,-42.390028666599314,-110,-38.21327251203446,-44.99830197204352
148,-4.61654,1.41353,1.5,-40.95194186284085,-36.0822412676376,-47.724439273507265,-110.0,-59.42728042152857,-38.83656534791477,-110,-35.96978915287729,-41.23249129733208
45,4.38346,-5.58647,1.5,-49.67707489627465,-45.6891450910812,-30.51866860041486,-95.54500671279978,-31.722309185381555,-36.994997973713126,-110,-39.059227847974995,-34.38573298653339
239,6.38346,6.41353,1.5,-54.477636819031254,-36.31288303229154,-55.61913544693569,-110.0,-40.31456877966502,-34.79519672242254,-110,-47.76531476468383,-32.28878336621647
39,-1.61654,-5.58647,1.5,-38.40137597526317,-38.87436387235958,-28.876241348604488,-110.0,-29.37509656258805,-47.09376883468846,-110,-43.4374290020147,-48.94608582990127
96,7.38346,-2.58647,1.5,-39.7937115635478,-44.27906978974563,-35.860309542243456,-110.0,-39.63280745689675,-37.737089308750264,-110,-50.357011398869005,-28.78991411745031
203,2.38346,4.41353,1.5,-39.0040450928188,-38.31861058458801,-53.8796925655968,-110.0,-37.33813211960246,-39.70532561269147,-110,-44.9975695297907,-35.6909586261502
192,7.38346,3.41353,1.5,-56.24522988945006,-56.811753785348685,-41.84647562305764,-110.0,-39.83362361403568,-18.681698868108786,-110,-31.31436479489074,-31.308870330155266
207,6.38346,4.41353,1.5,-32.38823682433441,-54.52017024325705,-52.54168581117119,-110.0,-55.29437962513583,-40.8990556796775,-110,-38.06043498326318,-46.61940301807349
191,6.38346,3.41353,1.5,-54.47337384977688,-60.55312585015123,-58.31864219315716,-110.0,-52.934156024547654,-32.69366350480067,-110,-32.159876332433285,-52.20521138999961
130,-6.61654,0.413534,1.5,-26.34948703154302,-49.52801021059122,-41.53225858554779,-110.0,-41.175974975526486,-35.38250751507365,-110,-44.349498633854104,-56.3790146429436
209,-7.61654,5.41353,1.5,-28.85274151462343,-27.250886036241113,-37.03930052193839,-110.0,-52.43685856404345,-54.24677594534967,-110,-39.167353248779634,-56.67575039152992
152,-0.616541,1.41353,1.5,-41.61647602192865,-31.742336038746675,-29.463730970296503,-110.0,-39.684936174267456,-46.062286078826574,-110,-23.883684057740943,-54.54730140956456
179,-5.61654,3.41353,1.5,-32.735938922361356,-46.71950971967809,-40.954187298051295,-110.0,-37.38485600325463,-38.7264547287481,-110,-39.49753011140093,-52.84166659361336
142,5.38346,0.413534,1.5,-40.42690186554187,-30.381379500501566,-51.79310715629625,-110.0,-48.15251473744022,-30.748332134331218,-110,-28.08687559043272,-43.02079154069805
174,5.38346,2.41353,1.5,-44.37651763498988,-60.66489931218628,-48.762774293314976,-110.0,-35.85642708953871,-25.819195274564276,-110,-35.38343758738935,-47.01153667737654
7,-1.61654,-7.58647,1.5,-33.492161982575276,-41.845968428471885,-38.31917582388214,-110.0,-27.810279797162544,-43.342712023754,-110,-40.270781841277454,-63.33389881530003
110,5.38346,-1.58647,1.5,-48.4409964391056,-46.909641499619205,-35.54242771921677,-110.0,-35.25367343166692,-39.323313177682415,-110,-46.02260677099737,-29.241009534313765
107,2.38346,-1.58647,1.5,-59.1861570741269,-44.39963834001535,-45.435090249458575,-110.0,-37.427361138986754,-51.17636787336619,-110,-41.056871731639895,-33.35814688491707
159,6.38346,1.41353,1.5,-54.6800225840116,-53.45699697887738,-41.37709871104034,-110.0,-36.90363379984591,-30.454069815008385,-110,-48.91770182071885,-50.31368567806878
210,-6.61654,5.41353,1.5,-21.367958443843023,-40.24049426564622,-41.731742367325786,-110.0,-53.33447445320245,-51.66088067459172,-110,-46.546854819297565,-64.95771692332137
67,-5.61654,-3.58647,1.5,-34.035370650678615,-27.81216219623234,-37.180313811968254,-110.0,-43.35494479062384,-46.12757455355534,-110,-50.39645220726549,-51.79615768969312
101,-3.61654,-1.58647,1.5,-30.84296437250498,-42.906669229884955,-38.58594097556383,-110.0,-55.70612856637517,-60.759962097720205,-110,-54.11467151005566,-47.47753444593818
125,4.38346,-0.586466,1.5,-28.925242078009653,-52.61326100657573,-42.314737521943,-110.0,-32.130167432222734,-32.59352650226448,-110,-45.78347580828641,-37.01515673258612
68,-4.61654,-3.58647,1.5,-40.726034092244014,-29.02047021165319,-35.2883119273151,-110.0,-35.79260557536181,-51.02438603690905,-110,-41.24011207275164,-53.123857220746096
67,-5.61654,-3.58647,1.5,-31.04218615149263,-34.61606003429741,-33.36949584588356,-110.0,-36.658243231675705,-53.91524819667854,-110,-56.49363339914964,-55.46882261703099
108,3.38346,-1.58647,1.5,-48.86246214171862,-57.872453370956,-41.230239085552306,-110.0,-37.98282177280958,-42.25652045660657,-110,-47.02303286194606,-40.18777669995902
107,2.38346,-1.58647,1.5,-52.90378204871297,-48.653445958249726,-46.04807344724543,-110.0,-42.42115036091979,-49.56474200892378,-110,-39.05712174790251,-39.9956375694173
200,-0.616541,4.41353,1.5,-46.4464400655958,-30.66001329409441,-33.68344230555891,-110.0,-51.17343269900606,-42.48248612096468,-110,-37.308918097029704,-45.78424204311105
63,6.38346,-4.58647,1.5,-42.03061935819982,-52.85024836283176,-42.961619316048704,-98.03395381482864,-28.66700370468255,-31.012989229157185,-110,-34.45442790862898,-31.08478553015677
164,-4.61654,2.41353,1.5,-41.62508879658529,-44.94718393181358,-38.71890005182607,-110.0,-46.990304359897394,-37.4178850378344,-110,-35.40827736104115,-56.506610438976665
169,0.383459,2.41353,1.5,-39.16516096594191,-50.3736490841571,-59.92878968133761,-110.0,-32.822960740829636,-34.658212167761086,-110,-27.28883288539015,-74.85631179153748
141,4.38346,0.413534,1.5,-38.16706356457716,-52.53675189356117,-49.843740954216514,-110.0,-36.69428906271721,-35.89771957956077,-110,-41.673398838000466,-35.5072456427647
93,4.38346,-2.58647,1.5,-42.63032453835926,-54.100095812911135,-37.23713036515203,-110.0,-37.447787090331545,-32.334102138148054,-110,-31.988945476881064,-48.65828354706182
152,-0.616541,1.41353,1.5,-35.389144487268524,-32.54000178230071,-32.13725031816068,-110.0,-40.40658070339892,-45.96437828776233,-110,-35.14138252022872,-54.26399769369867
20,-4.61654,-6.58647,1.5,-44.360067051162254,-40.04191208563789,-35.79794533416662,-84.08242450218886,-40.096756485227424,-54.87018078672464,-110,-40.191679682523215,-44.21145176747433
12,3.38346,-7.58647,1.5,-43.53059428021393,-50.59028597191427,-48.40166250382548,-79.25535408709177,-46.78916044316711,-42.89671184276669,-110,-42.703513648149304,-41.60861540355653
54,-2.61654,-4.58647,1.5,-42.34791791299582,-37.24841319190239,-33.66299035908812,-110.0,-39.04955136537872,-53.209752293339854,-110,-46.095280646641854,-43.68080837020411
100,-4.61654,-1.58647,1.5,-42.775374109180845,-37.29628786221324,-34.285501850225174,-110.0,-34.753054997843996,-41.54778429120972,-110,-34.25999720232813,-51.26992530397936
199,-1.61654,4.41353,1.5,-47.34870468619476,-32.551096920079054,-38.39596937657087,-110.0,-58.86000611173675,-44.960038201269825,-110,-31.058478878178157,-36.11279273904936
39,-1.61654,-5.58647,1.5,-37.9490503710619,-37.56269067864709,-26.193645784657797,-110.0,-31.520382887887884,-50.25782094362675,-110,-39.81726362302692,-45.74214406261866
109,4.38346,-1.58647,1.5,-49.67662896066378,-46.96641291531327,-36.072239999675546,-110.0,-39.917710463181955,-32.764915841271325,-110,-30.880233357745183,-35.56249971187587
34,-6.61654,-5.58647,1.5,-53.33702026320541,-38.83697138122947,-37.57915530980316,-110.0,-41.413500327140014,-42.95716915763864,-110,-43.145413878615784,-41.633090392766505
13,4.38346,-7.58647,1.5,-43.151213093530856,-47.0438112542395,-42.578921764743114,-110.0,-41.69775794246471,-45.557174721786275,-110,-31.11724461505736,-43.57786199790144
79,6.38346,-3.58647,1.5,-40.30483211002428,-56.821103711492654,-43.667920032847626,-110.0,-36.70658767474032,-35.24189801563424,-110,-51.47657041624811,-31.930440628679236
171,2.38346,2.41353,1.5,-36.6710263037713,-51.601317515207654,-40.55791650083961,-110.0,-42.60542490507577,-38.935078151155814,-110,-25.835695940505992,-45.32453527151296
105,0.383459,-1.58647,1.5,-46.198364999979475,-51.6213358981902,-46.77059081215621,-110.0,-33.28887700499271,-42.615893211988585,-110,-31.27113516645757,-43.49112782980276
92,3.38346,-2.58647,1.5,-56.487776442640566,-55.12325048142783,-41.22157943807638,-110.0,-45.3679284592147,-36.51708725845626,-110,-39.57356312676543,-35.187942105901726
36,-4.61654,-5.58647,1.5,-35.46149901380842,-44.934643232907106,-26.79806004124276,-110.0,-37.40261773398273,-47.02637206777722,-110,-43.27338689604745,-38.26341844264356
225,-7.61654,6.41353,1.5,-27.060659293798036,-32.02899390131383,-35.77006360349402,-110.0,-42.57391409790028,-62.57761831801379,-110,-46.65866295308977,-34.289101343471245
103,-1.61654,-1.58647,1.5,-32.923519617060116,-39.61520875901075,-33.74782562076447,-110.0,-44.49121699537584,-42.12797727409981,-110,-36.69613749609156,-56.87039113892483
209,-7.61654,5.41353,1.5,-25.77745441005281,-33.252896200634666,-32.781208897738175,-110.0,-53.079195337783155,-50.4844966693581,-110,-41.56473587173668,-67.8424409744342
137,0.383459,0.413534,1.5,-50.20785316929498,-48.02598920011449,-49.302105460539416,-110.0,-35.90341564024771,-39.79223285515805,-110,-25.65614591007148,-42.132713819022854
218,1.38346,5.41353,1.5,-35.760457407641354,-36.64148434093733,-50.07563973275104,-110.0,-37.05007590371553,-42.843201721795744,-110,-37.25266421338111,-49.06777701345709
74,1.38346,-3.58647,1.5,-42.43025159571575,-49.093965338120384,-44.06385052122513,-110.0,-33.37247246422278,-42.62122880148059,-110,-38.352127542281934,-46.56954291821341
84,-4.61654,-2.58647,1.5,-39.262636558416595,-41.09624520464018,-41.567577015542575,-110.0,-38.238822423331776,-44.32147709462293,-110,-41.02925812312128,-46.77967450273936
138,1.38346,0.413534,1.5,-38.52052899284553,-53.27578481266809,-43.13358779384684,-110.0,-36.84253912429414,-52.542413162191195,-110,-26.507427336481797,-38.79427107133492
101,-3.61654,-1.58647,1.5,-32.54217239443614,-40.1682584193753,-41.37796597251177,-110.0,-42.578991465804066,-53.15775598025565,-110,-49.84628030899673,-45.89787415690309
21,-3.61654,-6.58647,1.5,-37.34282301964151,-39.86235005612917,-34.26601035026153,-79.89898968853187,-34.51937606685406,-47.34923129170202,-110,-44.76371436847591,-48.04511641692278
20,-4.61654,-6.58647,1.5,-37.06760364627567,-44.25558144916726,-36.23485907378314,-84.67731868996168,-37.83136082241798,-53.35587467381376,-110,-36.774404186311926,-45.20513108832893
216,-0.616541,5.41353,1.5,-27.99154908785325,-28.818018302329214,-36.92957471701377,-110.0,-51.41066595651689,-52.45888623912246,-110,-39.84587354071108,-61.98152075895847
108,3.38346,-1.58647,1.5,-38.08424698222591,-63.24813909873335,-44.98976481464995,-110.0,-38.50993105753793,-46.21291267101654,-110,-41.59035405722292,-36.59314721359212
82,-6.61654,-2.58647,1.5,-47.590542209191845,-54.863187656572855,-45.711627703989095,-110.0,-52.66619065617939,-63.30769204033482,-110,-48.55482939320459,-36.49063232344931
221,4.38346,5.41353,1.5,-44.77981124129521,-39.27094203604513,-52.91720309912368,-110.0,-33.662993480966634,-39.832801290391785,-110,-34.49820113020222,-54.7834270842143
197,-3.61654,4.41353,1.5,-25.75466660341847,-27.5713140900588,-47.504941164093566,-110.0,-42.12323555433012,-53.44411260356056,-110,-37.786555732693365,-47.06720314131593
208,7.38346,4.41353,1.5,-43.9561807333735,-41.48415013454317,-55.69954322691101,-110.0,-54.274152511985555,-21.47334799022026,-110,-31.728806125074076,-31.029648413508816
12,3.38346,-7.58647,1.5,-40.80092989958408,-45.21542170357114,-40.907062799566994,-83.06981861300575,-42.831315006483656,-47.821179354441455,-110,-42.022412027698174,-43.58504729070137
110,5.38346,-1.58647,1.5,-48.86900521042743,-56.127087995001865,-32.958637114486464,-110.0,-36.99578829094484,-33.72934116261686,-110,-38.45364012557741,-29.830075858676377
157,4.38346,1.41353,1.5,-38.51206587736467,-35.02697799642408,-52.86519469640142,-110.0,-43.70264014696487,-46.15630141480415,-110,-34.41416387842387,-38.119770070188856
92,3.38346,-2.58647,1.5,-62.51137852689276,-54.761184238456,-38.583970381436835,-110.0,-47.66468584197372,-32.8651144157214,-110,-41.91168399635993,-37.524298055938864
222,5.38346,5.41353,1.5,-42.421142130769304,-43.31609640923135,-50.85149440417223,-110.0,-48.939954879169015,-32.81936657814057,-110,-46.80477705257591,-36.29280773414765
40,-0.616541,-5.58647,1.5,-51.23435945608587,-41.850760739985766,-27.338548514265163,-110.0,-41.67124198399153,-45.206555760708795,-110,-45.710097132446336,-45.0794336038574
144,7.38346,0.413534,1.5,-41.34512815106723,-62.55858447615635,-35.12436504427371,-110.0,-44.425337067853576,-22.631879043142614,-110,-34.42793721369952,-38.55856503989656
1,-7.61654,-7.58647,1.5,-110.0,-110.0,-110.0,-66.7400035167064,-85.26029657110885,-110.0,-110,-110.0,-110.0
98,-6.61654,-1.58647,1.5,-42.70517656327878,-34.020910192430875,-39.61743512182677,-110.0,-49.05487074837065,-43.015312571371496,-110,-47.73860965236236,-58.34526501981071
92,3.38346,-2.58647,1.5,-60.2960929460988,-53.36456070273387,-38.68384971613997,-110.0,-41.704516427617115,-30.657159308461647,-110,-44.80169309837012,-34.6655623721072
13,4.38346,-7.58647,1.5,-43.92334638110185,-47.69296868264027,-42.99368901220898,-110.0,-44.0329527363215,-40.197074220300294,-110,-38.533918378424566,-41.38949702685037
217,0.383459,5.41353,1.5,-38.38787746776138,-27.58313512283228,-41.79455625034858,-110.0,-40.31618392541456,-37.133687115843415,-110,-25.1896941235517,-34.28712968104318
80,7.38346,-3.58647,1.5,-43.295208887352366,-52.32931699207897,-54.287982013990934,-110.0,-39.14830975499794,-36.50750940056595,-110,-33.21910200644509,-50.36546339685876
148,-4.61654,1.41353,1.5,-35.06658616951142,-38.62907270805505,-46.72204992987518,-110.0,-56.90970417612818,-41.59840600154833,-110,-34.17503733517431,-42.8070897702536
47,6.38346,-5.58647,1.5,-38.54274393971502,-49.706855324913306,-30.898171490490924,-95.1934492898654,-30.7055421678656,-41.316731084473936,-110,-44.186874995914145,-42.398028744113965
213,-3.61654,5.41353,1.5,-48.935936502988056,-39.75647265544683,-45.218486803486655,-110.0,-49.73417958520372,-50.19667363733065,-110,-42.67822032822333,-43.38258828808836
126,5.38346,-0.586466,1.5,-31.389912832664876,-48.24355346677144,-47.71963032416269,-110.0,-37.188329766301905,-30.347349347200826,-110,-35.11866573251345,-47.92096791124916
189,4.38346,3.41353,1.5,-41.28365229285477,-55.51949333917591,-48.74032702338094,-110.0,-39.07445969736821,-28.68314260170616,-110,-35.452071028502985,-55.444359599808415
207,6.38346,4.41353,1.5,-32.758687058043876,-51.59852050961359,-54.96815430464679,-110.0,-55.73599076553775,-41.13891711993823,-110,-35.055927674053805,-44.972583819061825
139,2.38346,0.413534,1.5,-45.404117505407314,-48.171661040298595,-48.87268023551609,-110.0,-32.60461600333471,-37.52399563917687,-110,-40.031933307567016,-41.57902832728117
27,2.38346,-6.58647,1.5,-48.90507460375109,-49.010950049611125,-28.297431365235145,-75.40342485706024,-30.479181496751327,-42.9127281634412,-110,-43.1932416657837,-40.72021964964471
138,1.38346,0.413534,1.5,-43.98707916410049,-56.53938664982794,-38.77077963182302,-110.0,-35.32266812544083,-56.59631918652093,-110,-33.54565602616393,-39.89229759164073
217,0.383459,5.41353,1.5,-36.996846758950554,-28.97207926227294,-41.26167454485388,-110.0,-47.33304869454552,-36.21259651851059,-110,-25.89679360082484,-34.31973888174931
220,3.38346,5.41353,1.5,-41.7278371913634,-36.28333543189632,-48.80805474020296,-110.0,-37.55360611853392,-38.42390444730287,-110,-43.13953189082674,-48.26406616548189
58,1.38346,-4.58647,1.5,-40.511726652332435,-47.81288010685934,-38.24738856515606,-110.0,-30.89431053505588,-32.63614411876352,-110,-45.30219137353796,-37.72610661496349
34,-6.61654,-5.58647,1.5,-50.13527572137112,-34.464085716346894,-35.207425061339364,-110.0,-42.1751203619521,-47.19494666389093,-110,-43.030774072493976,-40.86131197500703
151,-1.61654,1.41353,1.5,-37.18341857050906,-38.5098020594889,-34.36919662170383,-110.0,-53.52251809731659,-41.33423828451383,-110,-26.924811215739236,-61.08631133025283
18,-6.61654,-6.58647,1.5,-40.55198314429296,-38.57111636107521,-33.405007806179,-79.22313861693621,-38.413952457272266,-39.33012441265544,-110,-43.16579775017189,-45.30407743516024
142,5.38346,0.413534,1.5,-39.5442205275653,-42.042289934767055,-51.22418035148054,-110.0,-50.54456897774636,-29.58478762027287,-110,-34.13925807467083,-32.971025467724225
140,3.38346,0.413534,1.5,-35.01123552624604,-51.71119951971799,-49.64971894239541,-110.0,-41.67949029268399,-41.89502445884539,-110,-31.85411552704453,-53.39672185143206
68,-4.61654,-3.58647,1.5,-38.28886504365759,-34.171608491259185,-39.25916679472168,-110.0,-39.54525159442101,-47.15264507797336,-110,-34.2356631841429,-54.64002510664164
24,-0.616541,-6.58647,1.5,-36.93577766099043,-32.32682670366049,-27.865464665274857,-101.0895490206652,-34.7108745171649,-68.429073865773,-110,-39.01530148903734,-56.245692291692485
136,-0.616541,0.413534,1.5,-39.74457909918003,-36.04410675791405,-28.98881479530353,-110.0,-58.78655757042024,-42.667117033477226,-110,-27.818535544225647,-44.21453133640892
167,-1.61654,2.41353,1.5,-40.963505442443775,-31.763645255097337,-38.455050940060126,-110.0,-50.800734580165425,-41.005290776763744,-110,-29.082513352459515,-38.792486595319474
182,-2.61654,3.41353,1.5,-40.26014505263415,-32.276302775640154,-37.67831787577576,-110.0,-34.48873312603315,-32.568261360022184,-110,-32.50774534638984,-43.92686392549971
70,-2.61654,-3.58647,1.5,-31.228498739702136,-38.8322076446517,-31.236052008378145,-110.0,-49.49241063595666,-48.75266620345788,-110,-33.47666413798005,-40.23463171201786
180,-4.61654,3.41353,1.5,-31.876091484268343,-26.17535325725631,-41.25738859326452,-110.0,-46.49952015996613,-65.10853481130266,-110,-33.92230119988886,-49.56797932328336
216,-0.616541,5.41353,1.5,-33.58810648092528,-21.288036029585314,-36.00764659152756,-110.0,-52.20242754738652,-56.0915180951202,-110,-48.44802417459029,-61.83420344380097
169,0.383459,2.41353,1.5,-36.726417319462584,-50.12238545861736,-61.298645289143984,-110.0,-35.17791152817556,-36.22457702575637,-110,-23.136091355217783,-81.20978689915145
63,6.38346,-4.58647,1.5,-37.59340784980132,-51.48859031345221,-40.42478411509145,-100.71304603443988,-33.279658739863905,-32.438878256461585,-110,-30.156827331910485,-35.005176785562796
176,7.38346,2.41353,1.5,-55.21464270777422,-51.01123123898609,-54.80109525238595,-110.0,-36.116006608964405,-26.891557586092393,-110,-36.741333776346856,-48.07355873186296
63,6.38346,-4.58647,1.5,-41.439674331263966,-53.18478466542516,-42.963841476950016,-95.20985226560138,-29.510040417668083,-34.17485236917151,-110,-32.03564071549262,-28.832093005321394
231,-1.61654,6.41353,1.5,-27.481903127909742,-25.395246994627847,-37.32058427435394,-110.0,-48.96813515327173,-46.87591361671056,-110,-42.661320003998625,-52.9434279699193
165,-3.61654,2.41353,1.5,-39.02593983667349,-32.53801406243725,-33.78702872443103,-110.0,-38.91089147174117,-70.26110122940085,-110,-25.18464186945999,-49.845204054620815
147,-5.61654,1.41353,1.5,-58.2253861348533,-40.679878831498144,-34.91272358749052,-110.0,-49.77114427241002,-38.274637736308165,-110,-36.740920314984926,-50.54237789265951
209,-7.61654,5.41353,1.5,-28.603015955008416,-33.98306789136661,-40.01968838301544,-110.0,-51.723493653273906,-51.00987445418794,-110,-38.34350630763707,-52.71414766050881
93,4.38346,-2.58647,1.5,-43.69968674270428,-47.194590417661615,-38.4527708090966,-110.0,-35.37158060275985,-38.21361186198308,-110,-33.65685710591125,-48.43600203579119
234,1.38346,6.41353,1.5,-26.186782355018952,-20.773752986272513,-58.94829860689031,-110.0,-43.88772639915899,-41.43388209119365,-110,-28.05763027745124,-37.40276797355478
106,1.38346,-1.58647,1.5,-45.30721608622597,-53.65124466671118,-52.69864882094584,-110.0,-50.26428827772563,-38.94697385290195,-110,-30.36717750404856,-41.35781158697525
7,-1.61654,-7.58647,1.5,-38.628380082769795,-38.97665302376528,-30.38443645234421,-110.0,-23.91237869807968,-44.69894710287407,-110,-44.09818049349084,-54.619902480326594
47,6.38346,-5.58647,1.5,-42.58898020530964,-47.32510232849869,-34.21659397788659,-100.2609521375382,-33.94533479146324,-36.32858630069664,-110,-40.39932994045195,-34.774418277317416
42,1.38346,-5.58647,1.5,-45.07893925747087,-51.51861238925275,-38.99141513475006,-86.26354587394559,-33.53432278584612,-34.23202132968585,-110,-38.65458991247832,-35.06859798028793
219,2.38346,5.41353,1.5,-39.03312755085214,-33.500693981103296,-54.50437240783321,-110.0,-41.467880931851894,-38.44521687811388,-110,-31.25775586354198,-35.62422116499769
77,4.38346,-3.58647,1.5,-44.54119578170204,-48.69711746160411,-39.56203330077781,-110.0,-30.090720536452583,-35.53711074473739,-110,-38.536394509419125,-40.38175387202072
61,4.38346,-4.58647,1.5,-48.86049146586848,-41.36717240299949,-35.52534229047255,-110.0,-29.05860290426901,-40.92299877520218,-110,-40.62343434822042,-38.23498601008156
26,1.38346,-6.58647,1.5,-43.00465833092441,-48.172521717772305,-38.92736093038831,-95.50478198328916,-20.329346477214767,-39.71969797400247,-110,-54.223507773331626,-32.64119077877328
215,-1.61654,5.41353,1.5,-46.06435563035909,-37.71097721981412,-50.03642000595132,-110.0,-50.39251778453632,-46.748610429517896,-110,-38.024892591280704,-45.00853893002443
100,-4.61654,-1.58647,1.5,-47.878476312953275,-39.09503956649717,-38.32093958218818,-110.0,-35.96950782191601,-42.95698071163011,-110,-33.35423590794352,-45.445060692853446
154,1.38346,1.41353,1.5,-29.97321048010439,-51.256684748625325,-48.07399919761808,-110.0,-40.245166769783545,-41.09905314096262,-110,-37.05754341994355,-41.63920107931036
98,-6.61654,-1.58647,1.5,-34.90316154164266,-31.10617668459617,-43.01794502430316,-110.0,-43.36718187212964,-48.12698608018758,-110,-47.83457907007759,-59.1976591985847
70,-2.61654,-3.58647,1.5,-32.019569278464544,-34.261776092459165,-29.15453750572826,-110.0,-49.88458267636103,-43.31832495337048,-110,-40.56613395533984,-41.77743970730297
45,4.38346,-5.58647,1.5,-44.36500581987231,-47.591084240817224,-28.860154811872768,-96.7246296736418,-32.74045530701989,-36.12528569882833,-110,-36.68513315557617,-42.35865867807123
23,-1.61654,-6.58647,1.5,-42.9429738195367,-35.96830038632362,-21.52939573727104,-102.0537251286386,-38.81502405177956,-50.38038078512699,-110,-35.206453298627416,-37.7355916311095
223,6.38346,5.41353,1.5,-44.78747422868308,-53.067570782003216,-55.67532087518492,-110.0,-54.55582525596893,-50.3653336507988,-110,-36.19560698788979,-40.412817475054425
186,1.38346,3.41353,1.5,-50.992536531944346,-45.39287194603531,-52.68003317107251,-110.0,-34.999881732468886,-37.467774041143194,-110,-28.592460999439886,-41.796964467200326
222,5.38346,5.41353,1.5,-46.46386460531759,-45.48737639220345,-54.95119057869525,-110.0,-41.188588810826325,-33.630006935835695,-110,-41.18067644934868,-36.879902510520765
214,-2.61654,5.41353,1.5,-46.83408522607409,-45.15266817110826,-29.44805194029227,-110.0,-43.36817499301186,-55.10160773780429,-110,-30.887812006965365,-50.18710826818125
177,-7.61654,3.41353,1.5,-26.115736393062793,-40.90517518775425,-57.7450329213871,-110.0,-43.871164511226944,-31.279710285040643,-110,-37.35650037612732,-44.0518656921217
207,6.38346,4.41353,1.5,-38.09083109606577,-51.27464317647872,-52.48869240292774,-110.0,-60.35961978950001,-35.69730387686676,-110,-40.19448299725947,-48.58450347133204
181,-3.61654,3.41353,1.5,-45.30119991360272,-42.793569960430695,-45.17624720928417,-110.0,-35.33572069802028,-36.28534027442429,-110,-34.17206280272351,-44.87245787595417
36,-4.61654,-5.58647,1.5,-40.95978296790061,-51.16324358427518,-28.561266421429995,-110.0,-37.47544832073525,-45.8904103345732,-110,-44.57833621470238,-40.82688368144928
210,-6.61654,5.41353,1.5,-25.376150755187155,-38.7894637246377,-43.593514723629184,-110.0,-47.238966597568194,-48.96699019210029,-110,-46.12189342735978,-60.75394376973618
111,6.38346,-1.58647,1.5,-45.9595750488216,-53.22772582598988,-40.81876239684365,-110.0,-40.359027754371965,-36.67687111556438,-110,-35.31955138940939,-34.136265822646244
147,-5.61654,1.41353,1.5,-50.85971344234338,-39.721225593101934,-31.160787481352457,-110.0,-53.28517761701287,-31.049647471462062,-110,-34.99885112302965,-47.17771789690106
91,2.38346,-2.58647,1.5,-33.071058296039375,-51.960986142573375,-49.1488225433433,-110.0,-32.4039579608614,-36.82000595843604,-110,-42.234813260928824,-38.12163284271955
175,6.38346,2.41353,1.5,-62.514220913210245,-50.67901716458603,-42.62228568388934,-110.0,-32.50283667210821,-38.22097238257002,-110,-33.466839723432685,-47.94896405305614
158,5.38346,1.41353,1.5,-55.32399496636368,-61.62537800731357,-50.03613935613305,-110.0,-34.85287998207696,-54.16922812069093,-110,-43.346478680141274,-45.901681385337774
92,3.38346,-2.58647,1.5,-61.65797065582641,-59.994558446780474,-40.70231753661215,-110.0,-47.36522431737256,-30.93274789992645,-110,-38.990189229924866,-28.772968158002673
58,1.38346,-4.58647,1.5,-41.40665733722962,-49.674180024552214,-44.645220385469905,-110.0,-34.28076869475553,-35.218588988673204,-110,-42.97537257886327,-35.32768032391613
67,-5.61654,-3.58647,1.5,-35.05440383638008,-36.034963099436794,-33.955727428159236,-110.0,-36.11497759238233,-45.77015421982854,-110,-48.98034178165465,-52.87443840265258
216,-0.616541,5.41353,1.5,-34.263180393398045,-27.86715081459953,-36.25853601195607,-110.0,-50.5785064739921,-51.008597512131914,-110,-49.939787568695486,-55.94676464426402
26,1.38346,-6.58647,1.5,-44.36036292972515,-45.00657774687349,-36.89841528523204,-97.80570811474423,-19.986919429529387,-30.29921844530618,-110,-52.33190127754772,-29.2445327842348
85,-3.61654,-2.58647,1.5,-37.47427730023802,-53.314261713559446,-44.1226910789521,-110.0,-39.32636481507903,-42.598945793522034,-110,-39.923436791565805,-63.9591158094815
25,0.383459,-6.58647,1.5,-54.394062474709365,-45.29994209488254,-38.52680382713241,-94.29678574107896,-32.90580045335084,-38.056587632140214,-110,-39.23713799592997,-27.71940756039566
218,1.38346,5.41353,1.5,-35.84991566623673,-36.35918867029615,-45.12209041689745,-110.0,-38.31413437327748,-43.52290083593847,-110,-37.79561552052349,-48.319747395377675
93,4.38346,-2.58647,1.5,-39.86939080637434,-53.74099110709848,-41.55778287298947,-110.0,-25.637725703439664,-36.56311719284123,-110,-35.97578682239353,-42.61124988497891
70,-2.61654,-3.58647,1.5,-38.58443685263158,-37.94102324302891,-27.976010699202565,-110.0,-46.27697018704989,-39.74509616451565,-110,-38.39066901997492,-33.74759459228972
186,1.38346,3.41353,1.5,-51.46231683751061,-48.06361509938606,-48.73487960473851,-110.0,-29.209949492837907,-38.32579239846875,-110,-29.467734231612265,-41.408126323537935
120,-0.616541,-0.586466,1.5,-55.1307666249523,-32.08883899969951,-33.18471510733895,-110.0,-44.503766017510735,-45.502992822902584,-110,-30.947145662074615,-43.28545229559446
162,-6.61654,2.41353,1.5,-36.31691855959685,-31.893906575857024,-40.03846975866275,-110.0,-42.53936657540568,-41.48846474961755,-110,-32.007845923917074,-45.02420499248201
78,5.38346,-3.58647,1.5,-40.8563048969968,-64.37347329891516,-45.14075509031129,-110.0,-26.631927499733884,-28.65290034885776,-110,-28.180991432757825,-37.30057528153932
61,4.38346,-4.58647,1.5,-48.578576496032774,-44.79585542460059,-36.147474761445565,-110.0,-27.64947666750905,-40.03631876043364,-110,-39.20389749886837,-32.621197245654955
135,-1.61654,0.413534,1.5,-44.97818343409179,-32.99645439274519,-36.81822279648977,-110.0,-55.640886737470666,-40.74979648821042,-110,-31.6648079690326,-41.8592071561154
150,-2.61654,1.41353,1.5,-36.67608633367868,-36.67004590148006,-45.38051545632807,-110.0,-43.69794743910228,-47.73193368533496,-110,-31.151259338362745,-38.73130158308397
60,3.38346,-4.58647,1.5,-50.26888412312333,-56.19843049369555,-40.94495989676937,-110.0,-36.72077540086701,-38.99440261346006,-110,-32.93012999355449,-31.232835001089228
78,5.38346,-3.58647,1.5,-43.12725774970711,-65.42113524846884,-51.02443728933902,-110.0,-27.092523337744566,-34.77690411785647,-110,-27.004852665427293,-34.36609384148933
166,-2.61654,2.41353,1.5,-38.874264722183014,-35.90140227785404,-36.108823562560595,-110.0,-40.60259895435588,-45.2340799171564,-110,-32.67380085984219,-51.035960564456495
167,-1.61654,2.41353,1.5,-38.349540952337634,-33.45757325110988,-38.3881461369044,-110.0,-40.33939988158768,-40.1892276218317,-110,-29.835167769863855,-40.602870424722376
127,6.38346,-0.586466,1.5,-42.57606026962343,-34.515763234186934,-43.69826110571633,-110.0,-49.0423380915784,-35.544641087185006,-110,-32.92633984626208,-31.383736289403323
48,7.38346,-5.58647,1.5,-52.549301971745926,-45.248081697228415,-43.5200801944386,-95.84028810896218,-33.94915653183896,-33.0350288160507,-110,-45.17510625840471,-24.493617621222747
217,0.383459,5.41353,1.5,-35.659198813920796,-26.47416934142672,-47.14443066773561,-110.0,-41.2216005407315,-33.668280710634924,-110,-27.169547190029824,-30.919561211208396
37,-3.61654,-5.58647,1.5,-34.77266833473878,-35.98792874160566,-30.444681964859072,-110.0,-29.276557138500785,-52.25003602100098,-110,-45.02415825197037,-38.37207263848791
58,1.38346,-4.58647,1.5,-47.44767851724439,-51.65394875816908,-42.15082842423923,-110.0,-32.38977213848942,-36.90157193402937,-110,-37.04759060764683,-36.71976806839706
165,-3.61654,2.41353,1.5,-33.96178481190454,-32.04072741691255,-33.20814291445593,-110.0,-42.86457078332107,-72.13882690958339,-110,-29.59753371379475,-50.2854613614351
150,-2.61654,1.41353,1.5,-29.827422396468265,-33.52271020460074,-42.37343831857752,-110.0,-40.040517417631314,-51.95497003275759,-110,-31.397046667863933,-48.3549306601004
108,3.38346,-1.58647,1.5,-44.21424811079473,-57.29432324759206,-39.53389740086731,-110.0,-36.71651520752276,-46.180291981465686,-110,-47.621979755318115,-38.213883926349936
54,-2.61654,-4.58647,1.5,-46.3445425936017,-35.66325393394308,-38.61091873365903,-110.0,-32.86535429613497,-44.41791025265369,-110,-47.24385789178329,-43.47095370450482
131,-5.61654,0.413534,1.5,-29.057773531952137,-32.930718508462526,-44.74685951261219,-110.0,-42.19682172307759,-41.16138593299002,-110,-39.58474426618152,-39.96297118763616
59,2.38346,-4.58647,1.5,-42.71997740056255,-53.172176962082006,-33.19104394548588,-110.0,-25.05700038262211,-39.61837729616163,-110,-38.96799140721179,-37.67053143595947
162,-6.61654,2.41353,1.5,-35.10975672294631,-24.699079699994503,-36.130288982444654,-110.0,-45.191868302985746,-39.5199215428246,-110,-37.84353721937629,-42.00288053303054
182,-2.61654,3.41353,1.5,-36.07086869016801,-36.00091690623697,-31.410012445162884,-110.0,-35.65881044092585,-36.87572070606238,-110,-28.082841533154912,-45.43835573372264
147,-5.61654,1.41353,1.5,-57.57663974080856,-43.336077745693515,-28.18814282611844,-110.0,-50.15014879814782,-34.89031170867448,-110,-31.221823239635864,-54.04552823702134
158,5.38346,1.41353,1.5,-52.250562912802486,-64.11908622300051,-45.23886859034861,-110.0,-36.15979988873765,-52.40364164347881,-110,-47.00228318673376,-47.00398124347155
8,-0.616541,-7.58647,1.5,-32.28959798299489,-32.083280248444254,-53.65206758943796,-110.0,-37.213162160143966,-48.91891159978893,-110,-53.0484101300661,-49.07343289542553
179,-5.61654,3.41353,1.5,-37.50237337494999,-54.82288786777977,-42.89006147510346,-110.0,-37.17552594753376,-40.56649638322994,-110,-37.45172904246661,-48.73980772003194
140,3.38346,0.413534,1.5,-33.50559965026099,-46.96320328672788,-49.05103178073665,-110.0,-42.01905012851545,-45.52048686559205,-110,-33.007849581334355,-56.930368715575455
36,-4.61654,-5.58647,1.5,-42.6882220647832,-47.615124685131576,-30.973016885047382,-110.0,-32.008518792140364,-39.36676594561509,-110,-42.87756103117742,-38.840364520344224
91,2.38346,-2.58647,1.5,-34.14589103226825,-48.05261028300415,-44.56795683035252,-110.0,-24.588100679000856,-36.985426705703695,-110,-41.68537387743498,-37.34187016017773
126,5.38346,-0.586466,1.5,-36.15324324651735,-53.69602377965218,-39.856850953772614,-110.0,-32.73334034698812,-38.722592207977605,-110,-38.51814942986529,-49.213498438675465
209,-7.61654,5.41353,1.5,-29.711588126719505,-33.70256013546148,-32.5578449189824,-110.0,-55.85126129653843,-52.71625964360684,-110,-38.26874551892965,-55.5747109070645
20,-4.61654,-6.58647,1.5,-35.471530999432154,-44.96227907810409,-32.94913047198441,-82.35120477899682,-37.64438027127798,-47.611583438372314,-110,-37.91604423992243,-44.99789966116821
233,0.383459,6.41353,1.5,-42.390915440535295,-25.07901493233471,-43.07755255266734,-110.0,-46.163584282931104,-41.08905027152479,-110,-42.1719065828036,-49.63193443906784
69,-3.61654,-3.58647,1.5,-36.19508079900181,-47.846004088619985,-33.41083773792014,-110.0,-36.777494460968896,-45.78526874551348,-110,-37.21658666298488,-46.5932235629246
221,4.38346,5.41353,1.5,-46.220861616889394,-36.83482695521972,-52.04668804922578,-110.0,-38.85388244038575,-42.7629947743928,-110,-34.429227296292765,-51.58449687536332
30,5.38346,-6.58647,1.5,-40.3384001710643,-45.693928673756304,-49.20639818834805,-76.3735207646316,-38.74627958485824,-43.100644392634926,-110,-41.36038930847362,-23.417850380004868
198,-2.61654,4.41353,1.5,-39.286608295667406,-33.728402093414665,-38.59165840031283,-110.0,-51.68049676507068,-47.933383832226994,-110,-29.501542393292457,-43.75872876474688
146,-6.61654,1.41353,1.5,-41.108514247854735,-45.08408801611931,-40.774764291410555,-110.0,-44.21155246061273,-30.82302927781177,-110,-37.90062836534716,-41.35034834522982
117,-3.61654,-0.586466,1.5,-44.82494607794293,-50.14130382309302,-44.51244136352727,-110.0,-44.40456133844317,-37.17875552908142,-110,-31.84089287338974,-38.1182721472253
189,4.38346,3.41353,1.5,-47.729976927908965,-49.75207613859129,-49.86725039124147,-110.0,-43.88250063118735,-23.677241672448417,-110,-37.219839525299435,-54.42839262955368
173,4.38346,2.41353,1.5,-52.77344209240549,-44.8343451358168,-40.93505033932776,-110.0,-38.299523088527145,-26.829584335342297,-110,-30.8238603608355,-42.85702713732092
193,-7.61654,4.41353,1.5,-26.505005637774275,-43.78796408528031,-36.317508202288,-110.0,-35.067351894573456,-53.10739340386348,-110,-40.74984808623677,-48.45740509909945
207,6.38346,4.41353,1.5,-43.14855369281054,-50.7028164851204,-52.50956775648461,-110.0,-55.37579584444419,-37.91957407237249,-110,-41.61473680556952,-40.03118294343873
234,1.38346,6.41353,1.5,-27.54561328824696,-30.45262644714829,-57.12657209373957,-110.0,-42.93826791691087,-41.79192214471828,-110,-30.123646443149845,-40.51869849665571
108,3.38346,-1.58647,1.5,-48.021487152191945,-58.9121845935227,-41.34778748494509,-110.0,-38.858695579909806,-39.711525925121755,-110,-47.96534363288431,-35.95823434813069
79,6.38346,-3.58647,1.5,-41.00911233631863,-51.08319645741558,-34.50534629949388,-110.0,-42.59659054226202,-38.60294596808217,-110,-50.264913711801,-31.33264617003417
204,3.38346,4.41353,1.5,-44.369891821274585,-33.984556766323074,-52.23135629489675,-110.0,-40.55810273202355,-38.65244883656509,-110,-47.098350137247735,-40.816809980056874
57,0.383459,-4.58647,1.5,-52.68578190667882,-39.40968198516022,-53.87976719002826,-110.0,-36.80826255233805,-47.40064395790148,-110,-33.72403485611207,-46.9010093489219
140,3.38346,0.413534,1.5,-35.35607721262902,-55.17485173978745,-48.82547838657019,-110.0,-48.32715478236363,-51.26074676484111,-110,-34.98469456562429,-50.09156596161962
149,-3.61654,1.41353,1.5,-36.48996883105268,-41.7376378316693,-45.785136970277286,-110.0,-49.7863685643172,-38.34523410954933,-110,-38.09537934130757,-42.835036248820465
126,5.38346,-0.586466,1.5,-32.59802652917032,-50.97345937812482,-39.058898762813875,-110.0,-32.34730502768298,-34.64500853834888,-110,-34.82168727244362,-40.63669754275338
174,5.38346,2.41353,1.5,-49.8817240198721,-58.55738560155669,-47.7613475129376,-110.0,-35.31379193212986,-23.897297966686637,-110,-38.82503707396959,-47.297311187834225
34,-6.61654,-5.58647,1.5,-54.43379523715825,-34.61211930018709,-29.267383695218623,-110.0,-37.20249737070219,-45.49103437848227,-110,-41.18663128332397,-44.45937172548701
141,4.38346,0.413534,1.5,-39.88131796641816,-46.47957748928375,-41.09031065892163,-110.0,-41.75584678843899,-35.33322107117965,-110,-37.055907125739175,-36.461401371677944
168,-0.616541,2.41353,1.5,-30.64809888157203,-42.796049150533904,-34.968174599044715,-110.0,-34.56404776416689,-34.19952147567207,-110,-31.82463690958773,-40.6582361121888
37,-3.61654,-5.58647,1.5,-34.779121524077176,-36.81451066359145,-29.273462277361936,-110.0,-32.69579914692844,-54.955190745321495,-110,-47.63386913235887,-36.98436240398891
21,-3.61654,-6.58647,1.5,-38.42303840839502,-43.326637765247305,-39.75732626184004,-82.73506650724322,-29.95092780170732,-46.22494453063959,-110,-42.58780395518095,-43.91835025297323
158,5.38346,1.41353,1.5,-52.758187759247114,-56.40172664353889,-42.30187429139577,-110.0,-34.692398052909425,-53.566721248119784,-110,-45.05894439322444,-39.07205746488735
76,3.38346,-3.58647,1.5,-39.25029695664063,-47.43655910140395,-42.219514931600195,-110.0,-30.122069307107004,-39.48660388132983,-110,-32.383968389573745,-33.39832416334449
42,1.38346,-5.58647,1.5,-44.14670432268831,-54.52911421974727,-32.05491036334672,-88.1467915566638,-24.23518787914127,-34.165818718617885,-110,-42.14896438717138,-32.79125941801314
164,-4.61654,2.41353,1.5,-37.19831423229809,-46.95885436597743,-40.02267895223655,-110.0,-53.005745321757495,-42.38136131296149,-110,-30.858877526472433,-58.73650338043003
199,-1.61654,4.41353,1.5,-45.9964290196882,-34.42484086980697,-40.0004786807028,-110.0,-61.60098854645942,-44.49200438401613,-110,-30.37762376413934,-37.184540108893266
31,6.38346,-6.58647,1.5,-50.21350165376708,-46.514092386736,-40.00326709643299,-78.15485682242449,-33.75451654567301,-31.29147216420578,-110,-47.84960447278662,-32.58319090491459
6,-2.61654,-7.58647,1.5,-37.749423482341186,-42.283297603343335,-23.793664760400564,-110.0,-44.85252293737439,-54.341832792449814,-110,-35.98516991195943,-48.50090832490456
21,-3.61654,-6.58647,1.5,-38.15034714699048,-40.68005674563071,-44.065121939133206,-77.57617184680295,-35.70804654328203,-47.39901828233099,-110,-44.79978233263556,-44.09211646787967
154,1.38346,1.41353,1.5,-34.08214581039988,-49.40964854444903,-42.87566015807136,-110.0,-35.36563013642021,-45.27953919929358,-110,-30.28999533451016,-34.90890576644555
82,-6.61654,-2.58647,1.5,-47.322806087476344,-47.63681606456275,-41.12185376123961,-110.0,-46.327335255725195,-65.95158528613379,-110,-48.26967928067259,-34.47501722468019
238,5.38346,6.41353,1.5,-68.2607899522454,-35.76032330636373,-42.62111268381725,-110.0,-44.77445388214265,-27.59472317063478,-110,-35.70365794894743,-39.90814976668942
210,-6.61654,5.41353,1.5,-27.872096942933695,-37.68476768778601,-42.733475356590866,-110.0,-49.57105980835026,-56.918164242781934,-110,-47.696819155172626,-54.54097508199335
145,-7.61654,1.41353,1.5,-35.16722145540578,-34.279646779313246,-42.11901392931373,-110.0,-52.42637489495757,-37.365079357720795,-110,-38.17915507318327,-41.09239193557414
225,-7.61654,6.41353,1.5,-30.020827050495555,-26.67941166659582,-36.0315989097962,-110.0,-49.75198328166664,-59.19239144833493,-110,-38.16665246127332,-41.81333304197128
105,0.383459,-1.58647,1.5,-47.34579987308493,-44.804063959475464,-38.96094332970243,-110.0,-36.239106445413626,-36.4324729795306,-110,-32.100741777634205,-40.15919437966863
38,-2.61654,-5.58647,1.5,-36.53088915859189,-33.05324126680369,-26.860256804322717,-110.0,-26.957535436721876,-43.562698338489945,-110,-43.08345264880283,-41.694139517561496
128,7.38346,-0.586466,1.5,-55.35341313571377,-48.24498884319611,-38.271390900121766,-110.0,-42.34843743506657,-45.57571515935855,-110,-36.28621746426538,-35.32607244445845
199,-1.61654,4.41353,1.5,-51.28755394934055,-35.39988372429681,-39.82759337676829,-110.0,-61.37036167962079,-45.98017790146446,-110,-32.65250530372378,-42.834108933863874
169,0.383459,2.41353,1.5,-36.209271547015966,-52.457751785861014,-58.23499201725403,-110.0,-34.90494941164057,-34.729764093604985,-110,-21.66783242079405,-78.45927699760814
206,5.38346,4.41353,1.5,-41.674686410665416,-32.28088824638186,-58.16950001668226,-110.0,-53.47842446985555,-36.615574954757946,-110,-38.025079494256346,-38.67314609201081
123,2.38346,-0.586466,1.5,-48.86857504545688,-56.38041016946463,-58.59531804082666,-110.0,-43.23734266460422,-43.45973216246363,-110,-37.16106251073526,-40.476862850786475
220,3.38346,5.41353,1.5,-40.95988316647479,-38.2511153019667,-51.335036379395056,-110.0,-40.14061699641407,-40.67555671778764,-110,-43.90213114400633,-46.50464215171888
54,-2.61654,-4.58647,1.5,-42.896442740578735,-32.26976513984074,-38.58748830598691,-110.0,-30.723624098277423,-52.14289485954974,-110,-52.21740399125967,-47.40866433537762
196,-4.61654,4.41353,1.5,-23.62613237841186,-38.50482894950441,-40.92635407076772,-110.0,-49.537718095334206,-46.87303598029571,-110,-41.57617407701721,-42.056311865262536
175,6.38346,2.41353,1.5,-57.02723541370445,-51.34865413698422,-41.916565028310224,-110.0,-38.30311865726886,-28.093535378288905,-110,-35.009810771341265,-49.44475890495522
137,0.383459,0.413534,1.5,-56.067713684634384,-47.23181353988391,-47.68629552881449,-110.0,-35.06097283591751,-43.532387721104115,-110,-31.83681720790779,-42.370575048959765
201,0.383459,4.41353,1.5,-39.86487294379295,-36.237948215985384,-48.31962617064916,-110.0,-34.93974293093313,-38.88281574775304,-110,-31.162120317932153,-43.60271432101438
79,6.38346,-3.58647,1.5,-35.31870208566584,-52.975998877909454,-38.604530350361,-110.0,-38.33869737124233,-34.5051034948636,-110,-46.2115393862493,-30.177650852104485
122,1.38346,-0.586466,1.5,-44.18504700168195,-48.28936028160369,-48.937315520968205,-110.0,-43.03843746158823,-43.92777021119663,-110,-33.55432492436861,-35.204345399248965
188,3.38346,3.41353,1.5,-45.025433000260186,-45.084588304324065,-45.25706624985636,-110.0,-51.575286606267355,-53.80347431585166,-110,-28.990571199124787,-41.516180277560785
223,6.38346,5.41353,1.5,-33.817100462402536,-48.48492166699385,-54.42625282006709,-110.0,-50.55645927057616,-45.62938360411432,-110,-36.2745280700963,-42.59151086191448
85,-3.61654,-2.58647,1.5,-37.98890984271087,-46.10283565262945,-39.60221770953088,-110.0,-39.64216551840374,-38.59405677084487,-110,-40.16861011371525,-69.08390553346587
43,2.38346,-5.58647,1.5,-51.95415383359536,-52.02308646296608,-35.44485240308819,-96.48273495034164,-31.15598591305351,-38.473996218772285,-110,-38.325462786461244,-40.27860488069936
178,-6.61654,3.41353,1.5,-36.38716950341676,-38.20924861681727,-35.88579134756411,-110.0,-94.888459020142,-40.81461031548338,-110,-46.43626561465359,-50.33742568478443
45,4.38346,-5.58647,1.5,-42.004499650804334,-50.58437150183622,-28.958094513497077,-93.90339373143534,-30.199773767128946,-34.54753944541251,-110,-37.06617127552442,-28.70247485238427
17,-7.61654,-6.58647,1.5,-41.96519081980989,-37.67415093992239,-37.45319394482126,-101.49045537728033,-51.06727708429968,-52.45499185672216,-110,-48.10483682047333,-48.17772652844416
142,5.38346,0.413534,1.5,-42.297731864061255,-41.95537682563577,-50.97510920600561,-110.0,-49.62973799738419,-30.269493030450786,-110,-37.37220502949033,-37.76220174091822
155,2.38346,1.41353,1.5,-43.488402996606155,-60.69541426637526,-41.13543838719633,-110.0,-35.68762411487851,-32.5354520485263,-110,-27.194771077242372,-43.68443397718534
68,-4.61654,-3.58647,1.5,-36.14870748597702,-32.215944068825564,-35.18396248820714,-110.0,-36.6409213979153,-40.20949249665814,-110,-36.48327168488881,-52.35105038537112
51,-5.61654,-4.58647,1.5,-34.81656482205862,-38.989708804229984,-45.13779160618242,-110.0,-32.195059288474475,-52.312366538793746,-110,-43.663956777096274,-47.16465540791961
141,4.38346,0.413534,1.5,-34.01522351379343,-49.84832377603214,-39.52051493061917,-110.0,-37.54413536483408,-42.583924157600286,-110,-36.02852324517252,-32.200075439372775
82,-6.61654,-2.58647,1.5,-46.57289866046925,-49.77014876026598,-44.66009838842325,-110.0,-48.85287304659902,-59.49505724023711,-110,-52.50547339802081,-34.705928192874794
125,4.38346,-0.586466,1.5,-34.11432817371669,-59.19151643467907,-42.658078760115835,-110.0,-35.4564874094991,-31.951393235845053,-110,-48.19925108145202,-41.804219943537376
187,2.38346,3.41353,1.5,-52.10665779049092,-42.228117655572674,-52.738949715259054,-110.0,-42.25593603458726,-36.556525633764345,-110,-27.589365815092805,-43.441724819967185
163,-5.61654,2.41353,1.5,-31.870530467207175,-34.85600878714324,-51.98246828926538,-110.0,-46.98246735021933,-58.562931820876074,-110,-31.98473010081675,-36.8708933493592
223,6.38346,5.41353,1.5,-36.6893295386275,-53.53701951005778,-55.00616630483739,-110.0,-54.163400345471,-46.601401378457595,-110,-42.46989896721166,-49.54297770410374
104,-0.616541,-1.58647,1.5,-39.06984446586188,-39.18520399269613,-28.97589145660733,-110.0,-47.459199414150255,-48.113879132676146,-110,-34.06756967961492,-40.692837724923464
235,2.38346,6.41353,1.5,-35.575970571539415,-30.78551832987413,-49.079103219867534,-110.0,-47.6757431921137,-49.79390272721593,-110,-46.08230450033794,-47.879100506374584
82,-6.61654,-2.58647,1.5,-43.2734525329181,-44.656054930014214,-43.68138251754297,-110.0,-54.69429669037918,-67.27866572134424,-110,-52.728787465438074,-27.14600348385201
124,3.38346,-0.586466,1.5,-44.04315171530468,-47.45461917937764,-41.74782947893499,-110.0,-32.1715274198244,-35.47544999320765,-110,-32.58578947988973,-37.01798790235468
114,-6.61654,-0.586466,1.5,-35.469287961442916,-40.697693090899904,-38.83525195378978,-110.0,-51.33195850917231,-36.67981475350199,-110,-50.95550715750638,-48.871868406716814
148,-4.61654,1.41353,1.5,-37.02366153586743,-31.568191822852057,-41.85078439922469,-110.0,-53.56636799750932,-38.29900535071936,-110,-33.523771653957155,-43.20621604753938
153,0.383459,1.41353,1.5,-49.5110063145277,-58.56698683731054,-44.42510013392374,-110.0,-31.762048436498056,-26.50496852049128,-110,-28.66355915172553,-37.94785300956438
108,3.38346,-1.58647,1.5,-45.36932170760732,-61.16736248632835,-36.11811598819071,-110.0,-38.72978984411917,-40.08100439282737,-110,-44.20754406035619,-39.84627967234149
156,3.38346,1.41353,1.5,-47.83334021708297,-43.552670224508,-59.065775479871064,-110.0,-34.93959532319199,-42.99683576856698,-110,-32.98803580039739,-47.64806479737758
228,-4.61654,6.41353,1.5,-23.293487129897144,-26.44237591533209,-37.77440200984271,-110.0,-47.32761703210007,-56.610133487599775,-110,-49.302635665541466,-64.07310464604102
203,2.38346,4.41353,1.5,-38.91250840995701,-39.875489877676515,-57.54097525148139,-110.0,-39.58152562741963,-38.995138071812065,-110,-44.43359292173988,-39.5549933338706
168,-0.616541,2.41353,1.5,-35.617187857629204,-42.92566127881794,-28.542656871026935,-110.0,-39.1833077939569,-35.85430539631393,-110,-26.50810630961949,-38.11566649746179
138,1.38346,0.413534,1.5,-46.946676304735256,-57.09175215192198,-39.085158170027576,-110.0,-39.19828266425463,-63.392740000326086,-110,-33.40121218669363,-38.07267513620522
176,7.38346,2.41353,1.5,-52.326593034717185,-55.47719995457837,-55.29140504154165,-110.0,-41.13783213807336,-32.30362994464913,-110,-37.58628486429183,-39.451336907110175
84,-4.61654,-2.58647,1.5,-35.718936733699444,-34.261027180851585,-47.765063638968314,-110.0,-39.33677676332874,-43.14641742291558,-110,-44.014346533032416,-47.60775371546807
213,-3.61654,5.41353,1.5,-44.63885160953035,-42.368043419130586,-39.51981594083459,-110.0,-53.6546581898633,-54.06062298860507,-110,-36.254556278235704,-45.54041681466036
158,5.38346,1.41353,1.5,-52.65185557385625,-59.95824256055808,-46.09634321557171,-110.0,-38.88265003143779,-54.02715627830004,-110,-44.58884075676214,-44.54137589764311
115,-5.61654,-0.586466,1.5,-38.89458295394181,-41.230395598200616,-39.35164692637126,-110.0,-38.37632739709271,-30.050469608106575,-110,-40.90914588345798,-44.96677282877807
30,5.38346,-6.58647,1.5,-50.1409129827866,-45.12641019179775,-44.54672589413991,-74.63398322596676,-41.92556241320964,-47.81642357380052,-110,-39.17612788167154,-22.73700355931006
74,1.38346,-3.58647,1.5,-42.87336059135265,-51.57136045241284,-48.05248279068043,-110.0,-31.308481982064073,-52.980406143466325,-110,-39.95671414406776,-46.01962694599375
204,3.38346,4.41353,1.5,-41.86622072626096,-34.263758525933575,-53.0002629923696,-110.0,-43.35341978079279,-39.38546310633873,-110,-49.29037329885329,-40.87239341277329
168,-0.616541,2.41353,1.5,-36.739726881146886,-42.369676293531185,-33.427280064631105,-110.0,-44.564452890146725,-34.06404345287789,-110,-24.2607403113349,-41.27151925775283
184,-0.616541,3.41353,1.5,-38.200898807413786,-32.60696827358684,-32.96763064960282,-110.0,-39.36116110988505,-34.28999638886965,-110,-31.992766013142553,-40.88024260789444
28,3.38346,-6.58647,1.5,-40.72654257443179,-46.44142200211309,-30.962666135708048,-77.0637761977048,-37.472152462874334,-32.679980446451886,-110,-37.37575472948356,-41.03641283140904
143,6.38346,0.413534,1.5,-45.77243154255589,-51.92429117030501,-49.63543942985605,-110.0,-34.974520801317986,-31.228260639798833,-110,-36.18061969042208,-38.0436891945669
26,1.38346,-6.58647,1.5,-41.13431124301136,-49.10504222110667,-44.39311176456876,-95.7973625280574,-24.1761917589388,-33.7620890042355,-110,-55.04856540507384,-27.88441643237783
55,-1.61654,-4.58647,1.5,-31.728488479762905,-48.918601770545,-32.63248083593513,-110.0,-40.2745132362776,-51.53423900479292,-110,-37.14542898529603,-44.382068180269016
84,-4.61654,-2.58647,1.5,-39.513674433211506,-42.244108479428206,-46.95408380050334,-110.0,-48.88601270233934,-43.02625956404626,-110,-38.49003833600421,-52.708696767456566
51,-5.61654,-4.58647,1.5,-32.78607695061696,-38.84426112908429,-34.937545292127034,-110.0,-33.026051143236316,-45.45963929911453,-110,-41.56762063584062,-46.22703012951482
97,-7.61654,-1.58647,1.5,-42.708682910878295,-45.522163813731595,-45.236151998759595,-110.0,-48.77713706401246,-43.89419401993252,-110,-40.35819726593466,-54.05839125908211
58,1.38346,-4.58647,1.5,-44.04752497364946,-50.3666770150905,-35.079391077712216,-110.0,-37.970038672008194,-34.08214545425371,-110,-43.127923071329725,-37.647855114676474
142,5.38346,0.413534,1.5,-38.03230549098079,-37.76979351052716,-49.14165226577132,-110.0,-47.076538330676335,-30.10181788055541,-110,-36.25447273706377,-35.593001821040794
6,-2.61654,-7.58647,1.5,-36.83654180137347,-40.353604281252466,-22.127851565767894,-110.0,-47.154212145156194,-61.22191189599814,-110,-32.260859209440916,-45.5042395980019
38,-2.61654,-5.58647,1.5,-36.185694346661776,-32.26579391969119,-24.993857735675284,-110.0,-32.0492705901987,-39.68840563627776,-110,-48.389573288174574,-40.83014901623875
231,-1.61654,6.41353,1.5,-31.98777460546441,-22.976519108112456,-37.48012327471211,-110.0,-49.065930914588904,-52.97365424334546,-110,-45.46697406321822,-54.42377832514523
184,-0.616541,3.41353,1.5,-41.925797939059926,-35.73809201506573,-24.452947216091076,-110.0,-42.59661020489754,-30.82844235479445,-110,-31.01521313871837,-37.96582322637312
42,1.38346,-5.58647,1.5,-43.92373666135795,-56.139126287307406,-36.97656136735263,-92.66758132432896,-25.006852305044458,-34.18334183453453,-110,-43.87102515178016,-36.76485104089023
6,-2.61654,-7.58647,1.5,-32.538658204197944,-41.4450040776493,-20.51343113730059,-110.0,-40.38624018101286,-55.91256202651465,-110,-37.98736869226366,-44.2729123344873
230,-2.61654,6.41353,1.5,-31.98628562292753,-29.350419462243053,-38.82757737783552,-110.0,-52.45741350606862,-55.84835317483656,-110,-42.34451009366937,-51.31765778355253
228,-4.61654,6.41353,1.5,-28.019342828041385,-26.31136257159212,-44.69918448849563,-110.0,-46.05750443544817,-56.36163812474434,-110,-46.88003310157614,-55.57971071872263
32,7.38346,-6.58647,1.5,-48.5800036058271,-55.93897122029976,-45.73647717355973,-74.23563361117044,-33.53712528728105,-37.70201096442924,-110,-35.88800152193574,-28.381153237176218
224,7.38346,5.41353,1.5,-34.46019293782422,-31.075213839162117,-52.45432583594064,-110.0,-40.266166735827895,-34.358192365222735,-110,-45.75794500352933,-46.35930723169975
219,2.38346,5.41353,1.5,-41.79387989979977,-31.999351986064337,-58.8900954059724,-110.0,-41.31987190890934,-33.840664648686044,-110,-29.464172928117044,-31.38373514604515
208,7.38346,4.41353,1.5,-42.17614462341091,-35.00194374853941,-63.24342952202397,-110.0,-48.14912083452634,-25.926973453996048,-110,-30.90865473995699,-36.10187047264422
50,-6.61654,-4.58647,1.5,-47.11376455271983,-40.91570755877889,-29.802249640417543,-110.0,-44.24625336413468,-44.24153631894443,-110,-32.00956975229343,-39.575087075910936
44,3.38346,-5.58647,1.5,-44.02003920442122,-56.79181393674918,-40.32143396884936,-93.0054438983572,-44.10314247435227,-34.77147350566063,-110,-46.495204877097905,-27.55024958849412
1,-7.61654,-7.58647,1.5,-110.0,-110.0,-110.0,-72.03691764193911,-87.67705233030621,-110.0,-110,-110.0,-110.0
153,0.383459,1.41353,1.5,-53.51163031464281,-60.024726692902,-39.15553314889726,-110.0,-36.74652422282499,-33.23817840842022,-110,-31.31090497298133,-35.2117095353784
157,4.38346,1.41353,1.5,-36.79267309371313,-34.54574731444575,-49.3125326572543,-110.0,-44.589557493217,-41.22057663001674,-110,-32.742663642644395,-40.174365677689295
134,-2.61654,0.413534,1.5,-35.21715541138555,-34.658206300694516,-39.29158188196322,-110.0,-46.77203840740366,-33.75222530461902,-110,-31.53127789868749,-60.25234364861423
125,4.38346,-0.586466,1.5,-35.422788012336284,-56.716979305642255,-36.90407957297476,-110.0,-32.28737493782297,-32.66474590923612,-110,-46.51727690441894,-47.631827020143035
193,-7.61654,4.41353,1.5,-24.26245150717333,-44.13296408792278,-40.27917681853664,-110.0,-43.89203599144044,-58.50274051098037,-110,-47.92920650269582,-48.89794952240785
86,-2.61654,-2.58647,1.5,-44.84039627690595,-42.20377323133641,-32.886118614266096,-110.0,-42.31361581197461,-39.85256278529101,-110,-38.31571625253727,-43.88026267560358
58,1.38346,-4.58647,1.5,-39.57867017932955,-54.461224171372024,-47.51234022703593,-110.0,-33.214195503074365,-35.39843584491797,-110,-42.611476965241906,-37.36173328633281
164,-4.61654,2.41353,1.5,-38.31389173826554,-48.330239375028114,-45.160452498855285,-110.0,-49.95385364423556,-39.19210023978482,-110,-31.571623344660217,-55.21635529222877
29,4.38346,-6.58647,1.5,-43.57579416739849,-55.63921777716627,-46.73968304016555,-73.59205469293315,-33.79910046548963,-30.118610669569257,-110,-39.48264401919014,-29.324360427519228
189,4.38346,3.41353,1.5,-43.87876261905432,-51.91269804884181,-46.94471823452013,-110.0,-45.38220271087978,-25.423280154859537,-110,-38.21353223208008,-50.60694692053749
187,2.38346,3.41353,1.5,-56.48653714917524,-46.495177391068694,-58.01865780817081,-110.0,-47.16182822978936,-40.63647944088838,-110,-25.241214417130067,-42.821891575209165
208,7.38346,4.41353,1.5,-42.817319441858416,-42.86549733483271,-53.75418047335766,-110.0,-47.008547656889675,-24.434630557290916,-110,-34.21205290755593,-40.973694757286374
43,2.38346,-5.58647,1.5,-52.667752301927976,-54.82620994504223,-38.98247736981004,-98.34579343585644,-31.6083747106081,-39.65094948092985,-110,-32.3775750625889,-38.42061894060081
100,-4.61654,-1.58647,1.5,-45.22477785256973,-43.31883993900467,-33.585817364395886,-110.0,-34.96734778661672,-46.85351921076401,-110,-33.4762570004437,-47.42836556647997
139,2.38346,0.413534,1.5,-40.98158583449416,-48.05310134107283,-50.87153370846843,-110.0,-46.350630218405385,-34.263351575751955,-110,-32.29292760670298,-36.93257622833333
59,2.38346,-4.58647,1.5,-39.15442410567941,-53.48643192371096,-35.32069626700261,-110.0,-33.377242257357786,-31.250820363033583,-110,-33.451240385708644,-33.71978354345089
49,-7.61654,-4.58647,1.5,-37.87493411475766,-32.3567983662791,-43.68228846515559,-110.0,-47.20770830677954,-54.3099864153111,-110,-45.34101549278193,-42.27093862720533
136,-0.616541,0.413534,1.5,-37.37506594995287,-28.843356168824513,-39.34391588628618,-110.0,-60.37340372083816,-46.384172871068806,-110,-37.27994709334898,-46.34160498264077
193,-7.61654,4.41353,1.5,-30.61392128562784,-45.507514997461655,-38.37123863455596,-110.0,-41.53448483238856,-57.99788765877407,-110,-45.95290687561022,-48.0414246600213
119,-1.61654,-0.586466,1.5,-36.64180854646913,-36.02703577951705,-32.57208442146313,-110.0,-44.189671325223614,-44.46422950750346,-110,-33.51359530087905,-48.87221838772585
206,5.38346,4.41353,1.5,-45.30442760957192,-34.80434748059643,-52.961296373772,-110.0,-50.96149611345462,-41.30927493765987,-110,-33.92343546103429,-38.55376945083613
207,6.38346,4.41353,1.5,-34.544321454787564,-50.82738398087811,-54.80992997662533,-110.0,-54.08233592669128,-29.993071645189517,-110,-39.21482159382138,-42.99338710806035
148,-4.61654,1.41353,1.5,-37.452539932129994,-40.7000748811015,-41.11971202243736,-110.0,-59.4913004374295,-41.11888099364718,-110,-40.32011952796489,-41.140785429874754
27,2.38346,-6.58647,1.5,-48.72624577674319,-37.503120816695315,-27.8637120321422,-75.01605961358896,-35.27661815411886,-38.70507656137502,-110,-37.46050735028582,-37.44390991997381
123,2.38346,-0.586466,1.5,-51.268236326899306,-54.34270435653156,-61.84419636972832,-110.0,-42.8118697161804,-47.71188594497201,-110,-40.33323035801124,-38.345660336162624
93,4.38346,-2.58647,1.5,-40.25466919654048,-54.04571464937001,-34.900033026252196,-110.0,-31.19629815189391,-40.93036361145092,-110,-31.718629194381748,-45.91813301672882
27,2.38346,-6.58647,1.5,-45.45232428482293,-38.855991352077574,-28.004980850676507,-73.22176663422114,-30.7104125850667,-40.00521763151158,-110,-40.093020122991305,-31.287035415786868
141,4.38346,0.413534,1.5,-45.30731936734743,-44.34081057184483,-47.448798374330394,-110.0,-37.59722202351601,-43.03521292679661,-110,-29.345702191430178,-30.61884099577657
218,1.38346,5.41353,1.5,-43.45689762597858,-37.687657917158845,-45.23723558711038,-110.0,-32.89889794574295,-49.67862904939618,-110,-32.865741510274816,-43.08539333235061
159,6.38346,1.41353,1.5,-52.43927727126037,-56.696261746374034,-45.92849108190175,-110.0,-35.30022896550336,-30.669989415050583,-110,-49.943888231923175,-52.14629727542833
40,-0.616541,-5.58647,1.5,-47.6290138810833,-44.504802557714925,-29.35001686440847,-110.0,-46.26733696517327,-46.366061821568664,-110,-43.77442466012376,-48.15545402681056
203,2.38346,4.41353,1.5,-41.641043491750914,-37.16553512525617,-54.694750095122544,-110.0,-42.877634988162114,-35.147674734861326,-110,-43.49361642650803,-39.88005558609453
71,-1.61654,-3.58647,1.5,-42.46288658667227,-48.9723003445329,-31.40584201718176,-110.0,-39.77768328179248,-56.524288306883655,-110,-35.88083479262506,-49.21664079205001
127,6.38346,-0.586466,1.5,-41.34282029595852,-36.75713069405517,-43.3314429530021,-110.0,-43.40132248207368,-28.358154775092235,-110,-39.178484848720245,-35.98193463919732
8,-0.616541,-7.58647,1.5,-27.38908246355625,-34.262134899363886,-51.58679492353844,-110.0,-45.06078272548806,-47.059547584534336,-110,-43.201854808796526,-44.41298139679584
151,-1.61654,1.41353,1.5,-37.103616971551496,-43.40712326567083,-32.66911598413586,-110.0,-50.55173548936752,-39.39928781483982,-110,-31.576065199570465,-55.822713721256264
85,-3.61654,-2.58647,1.5,-38.83896997182112,-41.532618409952384,-40.17610874919916,-110.0,-40.02169058364778,-42.587711339381414,-110,-34.42702952317543,-59.21395070774212
146,-6.61654,1.41353,1.5,-39.5654838853858,-46.234201876818936,-35.042106199808416,-110.0,-48.61361462810253,-33.23491099732694,-110,-34.15016875946748,-39.31469270185255
238,5.38346,6.41353,1.5,-67.9219182189629,-39.0352731241557,-38.51433381505814,-110.0,-45.24877221069052,-28.21142340047018,-110,-37.43288348980002,-42.34553219628398
194,-6.61654,4.41353,1.5,-33.315178250002205,-42.34824248794121,-31.87150941518325,-110.0,-52.44831703801793,-56.37229158597684,-110,-40.25165884929438,-44.31350272420713
137,0.383459,0.413534,1.5,-58.16139202817388,-51.15868135665198,-45.96846908798436,-110.0,-32.08135354672211,-40.44737710893339,-110,-25.57002923750264,-36.492653371668766
95,6.38346,-2.58647,1.5,-44.801073010924185,-53.35327238819796,-42.188498503739105,-110.0,-34.02463839067631,-51.01789463599394,-110,-36.64943217345578,-35.21895346650276
29,4.38346,-6.58647,1.5,-44.37996431924821,-50.75795335293858,-41.66087132933534,-73.34892102074356,-19.955532370696535,-35.31785305071545,-110,-40.77058864724296,-32.70856914477039
91,2.38346,-2.58647,1.5,-37.45255831251512,-51.43348180063885,-46.31176917422426,-110.0,-35.42176943683584,-44.44976577648072,-110,-42.72644005499341,-37.70942039482423
104,-0.616541,-1.58647,1.5,-43.128223305259894,-38.33894853398689,-26.528988660505277,-110.0,-45.05173175781175,-50.027549177762495,-110,-34.61276264163418,-44.57677946042138
7,-1.61654,-7.58647,1.5,-40.23696843464094,-36.888370695456885,-31.678257964597375,-110.0,-22.847226604968093,-46.48880788294785,-110,-38.210812880197025,-53.58546855043115
170,1.38346,2.41353,1.5,-45.23874638612709,-45.539772328291626,-55.99520803755323,-110.0,-44.30319866245169,-38.94814568456903,-110,-24.30167335028497,-45.71038791135419
167,-1.61654,2.41353,1.5,-38.65717784789083,-30.80487882275096,-35.06241115312844,-110.0,-44.97864640687449,-37.65656193236151,-110,-30.375757333566092,-40.68648171321953
240,7.38346,6.41353,1.5,-49.067471322814114,-34.261627180434196,-48.79631381950151,-110.0,-56.094562564519315,-29.3031415871772,-110,-30.362898619120894,-38.50040755247652
149,-3.61654,1.41353,1.5,-34.05620063516642,-44.055730439656365,-44.70813342819885,-110.0,-48.95490823659803,-37.769923229861774,-110,-40.54687270909801,-47.703401240083366
50,-6.61654,-4.58647,1.5,-42.78653420364719,-39.174236339756376,-33.39059975996599,-110.0,-43.707762543274896,-47.9074498404761,-110,-37.55224474040027,-50.91926757996709
116,-4.61654,-0.586466,1.5,-39.117942737970225,-40.58499616200712,-33.0708502012089,-110.0,-44.938060563746205,-38.72377550763472,-110,-45.894268664650696,-39.37863214793784
10,1.38346,-7.58647,1.5,-44.10051727977954,-48.34612832983911,-30.39430164049855,-110.0,-20.81876036229956,-41.75136168439369,-110,-32.6143547740111,-36.316754701130385
57,0.383459,-4.58647,1.5,-56.98083210040116,-37.579181298474765,-52.27908580842736,-110.0,-37.443561667331075,-49.274310192836296,-110,-36.55480941138623,-43.94103677399333
35,-5.61654,-5.58647,1.5,-31.407302572759065,-45.15582749305476,-40.84392956734852,-110.0,-31.266194836014694,-45.41079597911675,-110,-37.11764287427183,-39.61358355016127
230,-2.61654,6.41353,1.5,-25.058223729492894,-30.330044135032647,-33.19474295243805,-110.0,-54.54338991883378,-52.72032745612113,-110,-38.390583005148926,-44.41783543331764
31,6.38346,-6.58647,1.5,-44.715441503649174,-45.85612607835143,-40.79627692328826,-80.74551262944,-35.94343788801877,-38.47824666037492,-110,-46.16252465694929,-38.3709257407353
214,-2.61654,5.41353,1.5,-47.54103588895467,-55.34939004803655,-38.15687327198301,-110.0,-45.43145013264221,-56.01579924142699,-110,-28.73384158762189,-47.66378067438555
16,7.38346,-7.58647,1.5,-42.47617201705867,-46.51936474486016,-48.22015045058883,-86.82204965675075,-51.67763715474622,-32.82678989138031,-110,-29.624121378532575,-31.883111134626688
172,3.38346,2.41353,1.5,-42.55685283402087,-33.51808382912448,-50.786466471703555,-110.0,-35.76942660560494,-29.74162025304781,-110,-33.72965442515653,-35.33568583432305
232,-0.616541,6.41353,1.5,-35.2387329484162,-29.598966310931846,-29.71346257928132,-110.0,-47.75835109319546,-57.451098368340965,-110,-73.28788312363211,-51.058254747364664
54,-2.61654,-4.58647,1.5,-50.156384528182656,-33.236422044668046,-37.8160667327761,-110.0,-35.36190233398623,-51.8030184302956,-110,-46.56538026760858,-53.778947825238966
129,-7.61654,0.413534,1.5,-33.253828041717945,-43.3806371410359,-35.836171571104174,-110.0,-46.14024845170985,-38.35265131639349,-110,-40.20637910296306,-45.98421472002334
240,7.38346,6.41353,1.5,-52.64555345150308,-31.260179010027063,-49.85422663850463,-110.0,-54.27001006372137,-36.74914566361333,-110,-35.294683847928376,-37.91258355559897
54,-2.61654,-4.58647,1.5,-52.02271058200611,-33.82295139355188,-39.669765381330805,-110.0,-35.66182689837523,-44.547085946413446,-110,-43.379079348790015,-53.000054659312
127,6.38346,-0.586466,1.5,-42.33098307566001,-37.15791176304023,-41.65627957634644,-110.0,-47.046543697470085,-29.148171487562355,-110,-33.81338831870469,-34.477684772362515
111,6.38346,-1.58647,1.5,-38.704245710147646,-55.65819215316272,-37.14980133506051,-110.0,-37.12768078842234,-39.77396049797231,-110,-37.068751917216986,-28.81448755753796
63,6.38346,-4.58647,1.5,-41.92838058637659,-50.90398217759863,-42.240333994969866,-95.13909981762092,-31.618458435341125,-33.82256039740053,-110,-31.241277235272825,-36.20680629055005
1,-7.61654,-7.58647,1.5,-110.0,-110.0,-110.0,-72.94821558073788,-85.62068943858746,-110.0,-110,-110.0,-110.0
157,4.38346,1.41353,1.5,-42.163312118911875,-37.015477710279754,-42.42699166054702,-110.0,-46.219995401915625,-36.99512050471982,-110,-28.009945501996935,-46.732928971107775
41,0.383459,-5.58647,1.5,-50.424447536844454,-56.617796138265504,-57.58432277557944,-110.0,-31.548354718470755,-42.05696656789473,-110,-30.91793241864144,-47.02520329758277
154,1.38346,1.41353,1.5,-31.16207502240333,-52.90151709304765,-42.95577655606069,-110.0,-39.83805197087247,-37.40955277500221,-110,-31.962821918451425,-41.87750297768508
48,7.38346,-5.58647,1.5,-52.283089779130584,-47.30611876000889,-38.44760492284036,-99.4723034177298,-37.65587528328639,-40.770362495112195,-110,-43.06677537310264,-22.049365715238647
12,3.38346,-7.58647,1.5,-38.27685988367314,-50.610379749972424,-43.08402732280202,-85.2391044407518,-44.634571997861535,-43.10835673969262,-110,-37.89480108701261,-40.4857538969306
168,-0.616541,2.41353,1.5,-31.49518454069068,-45.68445842720217,-33.634036498048616,-110.0,-40.31645119341925,-32.57154320756782,-110,-31.442534277384787,-38.48986564782789
125,4.38346,-0.586466,1.5,-33.557756754397445,-52.43825273720397,-47.2369536723446,-110.0,-31.699818499050977,-32.065829673102805,-110,-44.37506720928402,-40.24182930459661
29,4.38346,-6.58647,1.5,-46.08526312399957,-52.52971748765745,-45.44129302698,-76.12985446375997,-29.993657173315633,-40.1190825831296,-110,-32.572837600306414,-30.551247832515426
172,3.38346,2.41353,1.5,-51.76475369002221,-35.47407741828973,-53.94307838095767,-110.0,-37.86426239864933,-30.510705369627445,-110,-35.70029742882144,-35.27505870119256
85,-3.61654,-2.58647,1.5,-40.68541031500862,-51.88750304261172,-44.69764087676956,-110.0,-38.41580076021616,-44.35175377149197,-110,-42.74312175354507,-59.21099241074725
53,-3.61654,-4.58647,1.5,-34.077823341328056,-35.17092784866869,-30.86038461095469,-110.0,-39.30101703205796,-45.82166496797986,-110,-42.72975013632028,-60.32313241487343
173,4.38346,2.41353,1.5,-45.97503852315999,-38.36305243404838,-45.85788303712679,-110.0,-33.67007454707147,-34.248828147306156,-110,-29.417516249182672,-41.40720317189304
48,7.38346,-5.58647,1.5,-47.12355445794293,-46.32459207897974,-41.90976079773401,-97.15987517577402,-41.37160702556831,-39.491139948065275,-110,-45.90086088778958,-25.57802150486334
240,7.38346,6.41353,1.5,-53.68044475970952,-32.84302546363322,-51.700269208220575,-110.0,-49.4221639401487,-40.40985336506761,-110,-28.8531068350232,-38.04525275438681
137,0.383459,0.413534,1.5,-53.92119447640815,-53.84105337258493,-48.44955733294144,-110.0,-32.22053925797418,-40.69476172403507,-110,-26.389328274143026,-34.84237476405792
236,3.38346,6.41353,1.5,-55.46618371655751,-39.566205667741194,-64.70936229584278,-110.0,-41.007757124762776,-40.591468752598935,-110,-46.834466493785136,-47.91683648818347
232,-0.616541,6.41353,1.5,-31.712867444415348,-20.815288207691864,-34.50927640147167,-110.0,-54.0132453165806,-53.987243228622894,-110,-82.17246239114527,-53.82686422792366
61,4.38346,-4.58647,1.5,-43.564224442739246,-42.95854611876064,-35.719834932741925,-110.0,-28.438331634348827,-43.4967149515692,-110,-33.43427649175162,-34.5019512391968
77,4.38346,-3.58647,1.5,-46.42720194901885,-51.65985387503262,-32.71786663920764,-110.0,-36.39060786800905,-39.06294842791825,-110,-36.7126067056117,-37.16922789926678
200,-0.616541,4.41353,1.5,-42.01021888392765,-31.877659622534075,-38.694170377081974,-110.0,-52.90807545024375,-42.79224650249617,-110,-32.77934343231177,-51.46937195638276
66,-6.61654,-3.58647,1.5,-54.86532900921032,-43.911434089617046,-32.290715390883435,-110.0,-37.92426454668752,-47.0023615493063,-110,-45.37825354156422,-58.60926293208267
235,2.38346,6.41353,1.5,-37.29287106765356,-29.527236198915528,-43.16352722011541,-110.0,-45.32303575022439,-51.58611068093799,-110,-49.05780891144932,-48.23867281281505
9,0.383459,-7.58647,1.5,-55.888210441835334,-47.067678619972696,-34.73797340708443,-110.0,-32.46725492173583,-32.03064569719129,-110,-36.9736792205046,-31.414936726900873
204,3.38346,4.41353,1.5,-47.82544409556902,-38.11087792131753,-58.72239637598779,-110.0,-48.99082303241707,-38.61880834035599,-110,-39.82608059783168,-41.81145640604936
48,7.38346,-5.58647,1.5,-51.33435508876247,-52.3916427662036,-40.70488191579884,-97.17834631684543,-43.544228997971544,-37.55609770134114,-110,-39.95157573116526,-22.32012232360326
190,5.38346,3.41353,1.5,-50.93419902809747,-47.86202680620163,-43.8088230788926,-110.0,-35.650112466795186,-33.52082326642553,-110,-36.833836482888955,-36.15014557740139
162,-6.61654,2.41353,1.5,-35.860814297707655,-31.004948674139563,-38.62474310076632,-110.0,-53.37900402326559,-47.06918805115422,-110,-34.0586996121904,-43.423724821489145
144,7.38346,0.413534,1.5,-38.15008974608004,-61.270317846715145,-34.74179310844611,-110.0,-37.4922594143884,-31.84621781283802,-110,-41.14365049528713,-35.78656774551965
189,4.38346,3.41353,1.5,-40.70068198433928,-54.465060866581965,-50.56998571575529,-110.0,-42.04836312427779,-25.477419737209477,-110,-33.679746341486705,-53.18403818477363
222,5.38346,5.41353,1.5,-37.31853021100071,-44.9855341565198,-51.27512979113489,-110.0,-44.00357976539383,-36.77821162872126,-110,-43.109764478098874,-30.127357019981233
149,-3.61654,1.41353,1.5,-38.75846985674048,-41.39527971991764,-43.11431282902214,-110.0,-51.27153982403249,-44.578150074386755,-110,-34.155038822765945,-40.379927632375995
111,6.38346,-1.58647,1.5,-40.04728871746756,-51.494298706940995,-40.82318678320917,-110.0,-35.959971030719984,-37.30034556583757,-110,-32.89624608249087,-32.557921323604425
5,-3.61654,-7.58647,1.5,-43.27938743241415,-38.078684032301105,-39.45230411250611,-110.0,-36.10694519954393,-60.94804109395601,-110,-54.45989121230717,-32.62690814316575
128,7.38346,-0.586466,1.5,-56.04980469298915,-48.38674201333544,-42.12580657867659,-110.0,-38.26956797793023,-47.96666849741667,-110,-31.33085244196407,-36.195405856737935
160,7.38346,1.41353,1.5,-51.35655135530664,-50.11635143643294,-54.88625920195709,-110.0,-44.587357668615915,-23.76207924167769,-110,-45.32731910302292,-49.85137783388341
13,4.38346,-7.58647,1.5,-44.78577330002236,-49.27145541618088,-43.99738861914884,-110.0,-43.92418678586257,-42.07829410060292,-110,-37.01809159366021,-42.94716617252555
197,-3.61654,4.41353,1.5,-25.049886965549305,-32.93568731619184,-41.772623739392344,-110.0,-41.36893509565337,-49.577971832106954,-110,-33.23552582510056,-49.56613166080388
210,-6.61654,5.41353,1.5,-28.113639590522276,-33.79506204587989,-46.4716173207649,-110.0,-47.796070049247184,-58.33360455125792,-110,-47.315108340517455,-58.36966444466112
73,0.383459,-3.58647,1.5,-39.58187496090253,-42.30901479940063,-72.18694840800399,-110.0,-24.85768111851816,-36.862770342329185,-110,-33.551911263376496,-32.77963007215554
83,-5.61654,-2.58647,1.5,-40.653759283590034,-39.7651714349023,-43.77778317165114,-110.0,-41.69249357726037,-44.170993851575986,-110,-37.63344138063541,-40.37721373906252
200,-0.616541,4.41353,1.5,-40.39193140620283,-29.55100336907334,-34.83415816727998,-110.0,-49.11609924343267,-41.27147153235758,-110,-36.67323592461887,-45.19836023999351
85,-3.61654,-2.58647,1.5,-37.68034217777548,-45.22001213234159,-43.76350133464699,-110.0,-39.900305398575455,-42.27069965705309,-110,-43.118737806314726,-65.03489805732664
160,7.38346,1.41353,1.5,-53.26135208700608,-50.70093169814832,-50.14095521758195,-110.0,-44.60078370471885,-34.44529329830691,-110,-44.57015513414243,-51.75795254702818
225,-7.61654,6.41353,1.5,-27.645579261523427,-31.056680280146747,-44.779878014553,-110.0,-44.31851794196432,-55.53097741017646,-110,-36.621985847833656,-40.31618929409672
58,1.38346,-4.58647,1.5,-38.721969537884014,-48.53288176084344,-47.02723309033002,-110.0,-32.73328787739368,-32.289784228028125,-110,-42.26715217844735,-36.80352802961723
113,-7.61654,-0.586466,1.5,-37.29624724142931,-53.66864280789882,-40.059220600333035,-110.0,-41.55307780771855,-35.66580926157957,-110,-50.938365282962614,-38.92943742620846
85,-3.61654,-2.58647,1.5,-34.63386374928599,-44.01250085066144,-48.07131080392695,-110.0,-48.26023551385492,-45.04534088454076,-110,-40.854275494099625,-68.57222256403884
159,6.38346,1.41353,1.5,-51.51160551103018,-53.24788846163338,-43.3508583237196,-110.0,-35.933058243963146,-30.27306996278021,-110,-53.04879228428986,-55.43443572624802
103,-1.61654,-1.58647,1.5,-30.845439643591536,-44.83812502035231,-42.39830112440998,-110.0,-44.90090802772848,-45.578537683299494,-110,-39.98514222088848,-60.25577697108414
205,4.38346,4.41353,1.5,-44.10983046142723,-34.394020470574105,-47.03724457113951,-110.0,-40.224867109687544,-49.53984792823334,-110,-43.52593131103177,-36.6179761359013
156,3.38346,1.41353,1.5,-45.066452346068054,-46.5332959414446,-61.8763465351331,-110.0,-30.1836695426718,-39.699553692064384,-110,-36.87234931766705,-48.97423760134312
228,-4.61654,6.41353,1.5,-30.953843120339155,-30.5580244125926,-41.93476344728065,-110.0,-44.5204296280281,-60.64940282464288,-110,-47.80963012170382,-63.83962037030115
187,2.38346,3.41353,1.5,-47.200483907545795,-44.988144892162715,-55.53383031641166,-110.0,-46.73933583137156,-34.49061891603574,-110,-27.57159189287753,-44.54083215446635
103,-1.61654,-1.58647,1.5,-25.26318854187361,-42.075290230352955,-40.98125850602331,-110.0,-46.39299512553733,-41.80862669139964,-110,-42.11465991056825,-58.77396611790611
183,-1.61654,3.41353,1.5,-27.8190092250844,-27.77145325915594,-42.28988252589444,-110.0,-48.36946232216592,-36.748027146124095,-110,-30.069416870266743,-48.18556291034317
237,4.38346,6.41353,1.5,-86.70340257720676,-40.34213059028011,-42.55058394703051,-110.0,-38.223962079116184,-26.10914229161649,-110,-35.60783996032131,-36.8398800271619
32,7.38346,-6.58647,1.5,-43.46176666876396,-60.714110968661714,-46.611822133676384,-77.0433293125274,-41.87022658668471,-34.522149533296805,-110,-39.37511069122083,-29.536193062589643
14,5.38346,-7.58647,1.5,-55.02630127533859,-51.85200236710276,-44.62667209250425,-110.0,-41.30444785330019,-35.72154781428127,-110,-35.0597484298923,-28.211239481449823
169,0.383459,2.41353,1.5,-39.763868652531535,-49.51249515431797,-63.98972722447258,-110.0,-30.69301564414031,-27.85696937472697,-110,-25.650559091753475,-77.05363815216776
204,3.38346,4.41353,1.5,-51.45513643426631,-35.19949711837476,-55.98675656354068,-110.0,-45.459883912242304,-39.62130936422798,-110,-46.630517096737385,-41.596309005656046
91,2.38346,-2.58647,1.5,-40.04991102650859,-59.028883027530185,-46.35126196458109,-110.0,-28.66038715500697,-35.733410690386336,-110,-45.32835021197563,-40.25248980067187
240,7.38346,6.41353,1.5,-53.36690100480032,-35.03915880838216,-47.7894812396348,-110.0,-54.304082682285944,-32.79510325026183,-110,-33.18886246201174,-32.81498207389711
120,-0.616541,-0.586466,1.5,-50.880436029983805,-33.609632323891184,-26.476808336304643,-110.0,-47.80349171957955,-42.47333746494704,-110,-33.07363734154304,-45.79956027500351
98,-6.61654,-1.58647,1.5,-43.93734774333662,-28.395696539877637,-37.09913419227867,-110.0,-42.4772000150558,-45.87821009039532,-110,-44.12782437364546,-64.32356317777366
149,-3.61654,1.41353,1.5,-40.23868373309099,-44.709072532995506,-42.31347380369488,-110.0,-48.978953882807595,-42.65815363660376,-110,-37.01622634195999,-41.63605769539085
25,0.383459,-6.58647,1.5,-56.68408190602748,-48.2538062804569,-36.76007543331218,-97.32373560798986,-32.93444803166661,-39.31890737496087,-110,-36.90662308862823,-34.27320647106713
93,4.38346,-2.58647,1.5,-42.7410034085056,-56.99454441407129,-42.88015162535939,-110.0,-35.36707402917121,-41.18524086510223,-110,-33.067376425128046,-41.93165899402581
87,-1.61654,-2.58647,1.5,-38.86665099700203,-45.56692700934581,-46.62104343363684,-110.0,-54.05436872934535,-42.00461978040407,-110,-35.71106069058254,-36.85998329390567
146,-6.61654,1.41353,1.5,-42.07309080696884,-45.02530427200908,-33.34399016062376,-110.0,-37.32625838077912,-33.07722100138004,-110,-38.393231667818554,-43.55362414401995
161,-7.61654,2.41353,1.5,-35.89710711731148,-45.36535170848775,-38.9574019247205,-110.0,-36.94084077650261,-40.54266521460844,-110,-35.683301192844176,-40.47556052832823
8,-0.616541,-7.58647,1.5,-30.14266058367291,-32.83302755396053,-51.835544764522155,-110.0,-46.97366120630534,-43.1256896762748,-110,-52.712448799073954,-52.44668653056671
100,-4.61654,-1.58647,1.5,-43.91070201212611,-44.79164320855822,-33.453184370184466,-110.0,-39.238181983474554,-43.00803943428288,-110,-33.70658163323706,-41.41704866881954
69,-3.61654,-3.58647,1.5,-38.06827637411988,-50.56290927147385,-30.896437623504493,-110.0,-36.39173033411531,-40.87547785661197,-110,-45.1032500624524,-49.309571030396704
141,4.38346,0.413534,1.5,-37.220351915265624,-49.604666271003545,-42.436270076759534,-110.0,-38.00970166422331,-31.01041380931702,-110,-30.98845879586651,-35.43999487695572
33,-7.61654,-5.58647,1.5,-63.10777852798283,-46.37921632458905,-36.2333986449151,-110.0,-33.937017895352305,-47.1021399028491,-110,-42.81794697246632,-50.05398059124517
90,1.38346,-2.58647,1.5,-50.797209407711435,-45.76030803732909,-38.37146416114079,-110.0,-34.27209929622455,-32.60543882474176,-110,-37.383863175708235,-31.748276159965226
126,5.38346,-0.586466,1.5,-34.98421606165228,-43.90882263936785,-48.71600940824952,-110.0,-30.978044527681032,-38.53892478378339,-110,-34.432017063587494,-43.37097597412934
170,1.38346,2.41353,1.5,-36.4338503520036,-37.99263199633118,-52.14341849080203,-110.0,-35.88769901784751,-42.69131763932159,-110,-30.9474588611941,-51.88656552173154
215,-1.61654,5.41353,1.5,-51.05226435865948,-37.89530540815509,-48.924133552164506,-110.0,-51.22972486280879,-48.9238195019005,-110,-32.03852214489071,-49.051781262822544
58,1.38346,-4.58647,1.5,-42.450585326709344,-54.07484172296926,-44.59419998412419,-110.0,-29.66677797189628,-35.5369112202848,-110,-45.299851687556554,-38.93635845555995
164,-4.61654,2.41353,1.5,-36.79163358403592,-43.67858233180093,-41.523219220264345,-110.0,-50.55399884165264,-45.21122744318895,-110,-32.80507480847035,-58.81350672377945
31,6.38346,-6.58647,1.5,-48.04069586997958,-40.82638834395868,-33.42219273832333,-78.43263265708488,-35.67830635595463,-41.371023221766535,-110,-44.20483680030726,-35.39706176727487
180,-4.61654,3.41353,1.5,-27.901565143567673,-32.59194379031503,-36.18363335852694,-110.0,-42.17615082444107,-57.489830808083205,-110,-38.25547416194048,-47.02468552268349
97,-7.61654,-1.58647,1.5,-36.99559385740572,-48.51353014172958,-41.23735173824404,-110.0,-46.8164184702376,-39.85552835383937,-110,-43.55052872670856,-49.440700413732
10,1.38346,-7.58647,1.5,-49.32312936969167,-52.574811708398656,-23.805715230788977,-110.0,-22.17771215923165,-39.40019831551865,-110,-41.261536209503575,-39.70268328995178
147,-5.61654,1.41353,1.5,-50.11264954766783,-43.17714901499525,-36.950513193327765,-110.0,-50.90235192217197,-31.329878696247885,-110,-35.509578419160746,-55.728786801005725
117,-3.61654,-0.586466,1.5,-45.55949927259263,-40.067757020738625,-43.745662430223305,-110.0,-35.63950516499563,-38.32172787651167,-110,-36.46198425647556,-43.8854345891113
220,3.38346,5.41353,1.5,-39.57922312614805,-33.726435276489354,-50.44566960672105,-110.0,-40.00232069112879,-40.73047882398422,-110,-44.79103641521133,-49.16418468763176
39,-1.61654,-5.58647,1.5,-30.25953151862503,-35.29266358898013,-34.51058270135768,-110.0,-29.871762490081892,-49.49703804347758,-110,-42.58131790830135,-46.61852702353555
225,-7.61654,6.41353,1.5,-27.083733089666147,-31.50437343761986,-42.28357658887838,-110.0,-50.96030134107097,-56.47174705831155,-110,-43.01146186599525,-40.172246303753454
211,-5.61654,5.41353,1.5,-32.37294959342927,-44.19924312027878,-35.07633371681508,-110.0,-56.951592959318305,-53.62487802377888,-110,-47.9570605695234,-37.47533635434794
163,-5.61654,2.41353,1.5,-35.651801811768344,-34.50372780038771,-49.562040909311726,-110.0,-53.28715673865224,-58.54928631563834,-110,-34.02948469911474,-44.60269835462533
11,2.38346,-7.58647,1.5,-48.81437916134989,-51.951224620156175,-28.11911073498139,-84.8359845374378,-24.341530043817546,-41.32453255157498,-110,-40.67039676404675,-42.42474494100401
176,7.38346,2.41353,1.5,-56.04758421030784,-52.09835707608314,-49.80415474480991,-110.0,-41.226404082439664,-30.47360810437554,-110,-35.152454294896074,-41.53114741359531
87,-1.61654,-2.58647,1.5,-35.57241977027563,-41.10568967735448,-54.00955616215643,-110.0,-46.28493823508177,-43.93884568019091,-110,-37.374607423186134,-37.45213104278832
139,2.38346,0.413534,1.5,-53.24317454859035,-46.3913022002194,-50.08748559242359,-110.0,-36.101645027128384,-36.568539602533505,-110,-38.67160824711793,-41.78314523867904
86,-2.61654,-2.58647,1.5,-50.72631817390321,-45.52478850741127,-30.73058308212875,-110.0,-47.73567375654181,-47.64736334241519,-110,-39.681227766888426,-47.53446739237006
174,5.38346,2.41353,1.5,-45.63822626395165,-58.93893155295955,-45.50986625228999,-110.0,-37.51433087088592,-29.846094269614003,-110,-41.75884293866291,-40.84548306884897
43,2.38346,-5.58647,1.5,-52.508229954763536,-59.09734894283447,-42.30318994754726,-94.7061274619,-25.816419669041196,-35.43519966500683,-110,-36.97466665652642,-35.51918885207214
205,4.38346,4.41353,1.5,-42.29057223507943,-31.691421499508575,-48.40989202672555,-110.0,-45.42363343714463,-36.407039414666286,-110,-41.58303896249492,-41.159303875871416
109,4.38346,-1.58647,1.5,-48.3721728888698,-48.83810503520931,-38.90117250834464,-110.0,-41.28477397484689,-32.49764589855391,-110,-32.00758087143109,-36.15499058649969
35,-5.61654,-5.58647,1.5,-28.1736310890404,-44.921058075261925,-35.87111794195362,-110.0,-31.783480143366734,-45.75796068302731,-110,-37.88942382808408,-36.65820318519023
238,5.38346,6.41353,1.5,-64.68207903351068,-35.260157899043264,-43.580698997041466,-110.0,-38.854239513731926,-36.078349666115656,-110,-44.25799803760257,-39.63871398500596
150,-2.61654,1.41353,1.5,-38.24853729974467,-33.08710639094523,-46.87880013344882,-110.0,-44.83250148735878,-45.88027702435299,-110,-36.2384451922113,-39.93919525769593
185,0.383459,3.41353,1.5,-42.55093656518438,-49.097910764375555,-52.15930449894266,-110.0,-37.402308331385875,-34.12688090027422,-110,-26.20702765404146,-33.52544325604807
82,-6.61654,-2.58647,1.5,-45.888118616997595,-46.547868051159405,-43.57226859834735,-110.0,-55.9976948715301,-65.22786931725783,-110,-48.46320226738003,-40.89147443741757
173,4.38346,2.41353,1.5,-47.438441305746984,-38.088686383605335,-41.01945911474807,-110.0,-35.89161589992218,-30.243692671768265,-110,-30.565358493555426,-38.62465306397099
180,-4.61654,3.41353,1.5,-30.800841847641184,-33.831242880701176,-37.526672550761795,-110.0,-43.8633588307637,-60.67630349052396,-110,-34.922295325234494,-39.95558843064522
65,-7.61654,-3.58647,1.5,-36.14885664636802,-44.57066583022117,-36.62234000732797,-110.0,-31.86593989078938,-44.255976403355646,-110,-34.90036772854135,-46.73802879224756
93,4.38346,-2.58647,1.5,-39.87870386720683,-56.93281778496641,-39.56834199383064,-110.0,-34.924326450168046,-42.05634317300304,-110,-36.29153302137365,-46.96522643511385
189,4.38346,3.41353,1.5,-43.164348237071266,-53.202100585844235,-48.296665589452616,-110.0,-46.78948147295297,-25.77951770330878,-110,-33.9510191800523,-51.01440060583805
166,-2.61654,2.41353,1.5,-39.022662179382415,-32.79639560446405,-38.30194910566111,-110.0,-43.68237451653539,-41.76415714042538,-110,-32.62410017479465,-49.297399066383306
236,3.38346,6.41353,1.5,-62.75174334505824,-37.69518936139781,-59.533340737327165,-110.0,-49.7709680603583,-39.3966175341117,-110,-45.01807629380479,-47.615121293297506
188,3.38346,3.41353,1.5,-46.58031748761971,-38.58878827466153,-45.57411370521744,-110.0,-52.58349240338819,-55.46256954169068,-110,-28.418050597191876,-39.04252848424717
173,4.38346,2.41353,1.5,-48.50101278726959,-40.952954263760525,-36.90661721453438,-110.0,-43.64048284350828,-31.79636889924074,-110,-31.354735107704656,-46.1555632140993
100,-4.61654,-1.58647,1.5,-47.28868890108956,-35.949236015424376,-34.45399605861915,-110.0,-33.62892761487146,-42.513673103292184,-110,-33.05840853933564,-45.435157414216974
34,-6.61654,-5.58647,1.5,-53.18421010142254,-37.29223188442855,-31.022704827385656,-110.0,-38.57040518217813,-45.591782221317025,-110,-36.30658341155868,-35.59707347165514
188,3.38346,3.41353,1.5,-42.660608446400374,-40.37601865545585,-42.17177009276679,-110.0,-48.076782905290145,-44.46239971351953,-110,-27.62116835829892,-42.82058266788512
221,4.38346,5.41353,1.5,-47.220789653188376,-41.07300367246894,-56.94592195520618,-110.0,-39.05548979944684,-46.03921299001319,-110,-38.88274910000653,-49.521961802705015
36,-4.61654,-5.58647,1.5,-41.46245600362904,-49.88836618161824,-31.13286782315553,-110.0,-35.39662165719226,-37.26145456132468,-110,-49.11757178921526,-38.26844312267418
65,-7.61654,-3.58647,1.5,-38.54489527533998,-43.252132574365525,-35.09736115531158,-110.0,-34.04793104702199,-42.33091172730477,-110,-32.02572783442643,-43.65928286169623
134,-2.61654,0.413534,1.5,-35.130760728412,-33.644753241525436,-36.99216659584462,-110.0,-49.04656131012275,-35.99706349824895,-110,-26.167038803115616,-56.43250429343158
202,1.38346,4.41353,1.5,-58.46156521236423,-35.290528948070275,-55.759880660407354,-110.0,-45.69592750205689,-33.318928778117375,-110,-34.56464343530781,-57.38639374576583
66,-6.61654,-3.58647,1.5,-48.136896015153646,-48.76469420896788,-38.13641996850329,-110.0,-39.65354222113384,-53.60686529981032,-110,-46.13300424812378,-59.70669692210506
112,7.38346,-1.58647,1.5,-38.53250659783623,-44.12619657610747,-36.219920113296254,-110.0,-30.271786597605395,-39.4762619427672,-110,-34.218440593925074,-35.320808784275165
166,-2.61654,2.41353,1.5,-38.32787443635759,-38.08711130070476,-35.2859977379483,-110.0,-38.02695798192438,-46.70404326089928,-110,-34.659979768351086,-55.15540493656372
102,-2.61654,-1.58647,1.5,-39.55600922682251,-37.33865964598653,-36.7581910911189,-110.0,-43.85560195508502,-43.96813283736677,-110,-36.530390711156834,-42.462902048836106
77,4.38346,-3.58647,1.5,-41.40071743453328,-60.354581252230766,-41.40055171738093,-110.0,-39.805357929611546,-37.14674198217448,-110,-36.93279588902143,-32.90317360965605
84,-4.61654,-2.58647,1.5,-39.60583720491064,-38.71448512623286,-42.11750880719353,-110.0,-44.518705263963184,-44.4553024228386,-110,-34.64089293439381,-40.29481079717024
237,4.38346,6.41353,1.5,-83.08833151526518,-43.012264405676895,-52.06537632245035,-110.0,-34.746179750836426,-33.940121633731685,-110,-34.02872844667545,-36.128665946223975
238,5.38346,6.41353,1.5,-62.924477211639534,-35.05007362389653,-40.72975141495546,-110.0,-38.19560574239648,-29.763060650488587,-110,-41.68395666295,-40.84550097677833
182,-2.61654,3.41353,1.5,-34.5599450358435,-38.4100652696609,-39.596622313217566,-110.0,-42.84418204672874,-34.66406708798096,-110,-36.88289191947525,-40.098679975286615
135,-1.61654,0.413534,1.5,-44.75549730850109,-33.64172325016747,-33.744612005355094,-110.0,-55.03421929137251,-39.999664489510465,-110,-30.87732596938796,-43.98201445795359
154,1.38346,1.41353,1.5,-30.881251291946505,-53.90015451041913,-48.28315084680819,-110.0,-33.23530214862834,-38.24972954914082,-110,-35.39886164609946,-40.45174788359835
80,7.38346,-3.58647,1.5,-40.876372108592285,-54.106253502985,-48.72027815664788,-110.0,-38.61219462897778,-39.378681436115514,-110,-38.80472433904905,-50.51646352703254
137,0.383459,0.413534,1.5,-56.03444627266504,-52.155871651423574,-42.78407306764755,-110.0,-34.81497361605995,-41.87033158053953,-110,-30.5436161263139,-40.137314565683
132,-4.61654,0.413534,1.5,-29.43986674890494,-29.80481422013975,-35.70298304249039,-110.0,-47.459135085529375,-40.60158231764119,-110,-50.01094289442842,-42.778646962134246
158,5.38346,1.41353,1.5,-51.138720153277355,-61.88555609966507,-40.42810752782215,-110.0,-39.84945883548374,-55.057613615239056,-110,-47.27651091771406,-45.63094485892182
166,-2.61654,2.41353,1.5,-39.89819540430617,-33.25346277753587,-38.40650499512291,-110.0,-45.17668615799447,-44.77562348068444,-110,-31.431087582891852,-50.95190172327754
87,-1.61654,-2.58647,1.5,-40.14042937753156,-45.566413369239584,-43.951484240865376,-110.0,-44.98367898320731,-43.12959294378997,-110,-32.08969647495622,-40.70815591214379
53,-3.61654,-4.58647,1.5,-34.74518361019609,-37.76478196640639,-29.40500262046194,-110.0,-37.51950353964327,-45.543178785981105,-110,-39.52765904420357,-65.52523845429967
232,-0.616541,6.41353,1.5,-29.43872532196618,-20.785480350964978,-31.462928736347443,-110.0,-56.94248545250237,-57.33379141819777,-110,-76.47443281784372,-52.80956583467666
163,-5.61654,2.41353,1.5,-32.247369915103555,-38.27634305332194,-45.866988014447706,-110.0,-52.850553296130336,-59.11898115364792,-110,-33.42945340030687,-38.69745688862094
84,-4.61654,-2.58647,1.5,-37.835745852157295,-38.04634434879896,-45.619642173151554,-110.0,-46.98964246672978,-39.67101419856405,-110,-41.50536991044872,-48.4432254481562
88,-0.616541,-2.58647,1.5,-44.96460533523583,-34.469350925991115,-33.19534773330751,-110.0,-63.15433634272499,-49.197679742625475,-110,-36.26865954590964,-44.56528994826871
210,-6.61654,5.41353,1.5,-22.06567102553953,-38.04953248189685,-42.72874672763451,-110.0,-50.98874120799702,-51.170008159449345,-110,-42.97396277652642,-56.46518475624608
29,4.38346,-6.58647,1.5,-45.78156504112594,-51.56977427302993,-39.47792055794041,-71.72791657494541,-29.607362994473743,-37.1957025135805,-110,-32.60054032510682,-30.257841401647553
140,3.38346,0.413534,1.5,-42.33366942778012,-49.31358923809054,-49.413361315261234,-110.0,-43.13996287204209,-40.16261785630053,-110,-38.910067777104665,-47.6119408565311
44,3.38346,-5.58647,1.5,-45.222641427340314,-52.68612448483274,-37.40179421197842,-99.7297044031562,-40.71519339554997,-43.394697504695415,-110,-36.162423311237205,-29.96597665909285
75,2.38346,-3.58647,1.5,-47.501224766906354,-41.27719989475615,-44.456008842422584,-110.0,-34.657014553373486,-35.771568125801714,-110,-31.721047830161623,-40.83197582088289
11,2.38346,-7.58647,1.5,-41.36741924752896,-57.685115853405506,-34.655435109415166,-85.58870094530755,-32.16497191750166,-34.645427285288065,-110,-39.66314161446683,-38.423837657371315
225,-7.61654,6.41353,1.5,-25.664617844930575,-28.53540145421703,-44.45193206600256,-110.0,-45.53087836124068,-62.6825191848619,-110,-34.17178672137162,-40.966518548164174
44,3.38346,-5.58647,1.5,-50.74913706757027,-50.73614309792947,-34.95602772569771,-92.83589945695375,-43.54684200864794,-37.678910264282635,-110,-37.17882884322285,-26.124914141775875
225,-7.61654,6.41353,1.5,-25.519941827038434,-36.248300741535445,-42.66830997097968,-110.0,-47.16163389424361,-58.42975798251749,-110,-37.723799065674974,-42.197350679068386
26,1.38346,-6.58647,1.5,-46.09975252773453,-49.556457563211914,-37.0212403000745,-97.30895455780984,-23.23901355513333,-37.16376874886751,-110,-44.90743210789333,-35.95481170980714
52,-4.61654,-4.58647,1.5,-45.45026644638161,-33.61479370068847,-34.94387003281812,-110.0,-37.1612070262133,-43.56776998870486,-110,-38.72842306229998,-58.16397388976283
193,-7.61654,4.41353,1.5,-33.152623393542044,-46.47319809179009,-38.06984611856686,-110.0,-40.63238909356722,-59.74517477751101,-110,-42.643571246721486,-50.56353595712565
135,-1.61654,0.413534,1.5,-44.92198480936346,-36.95352134507205,-36.23209725371021,-110.0,-54.593485031984066,-37.83996784683351,-110,-35.936226646237394,-44.65088850908163
79,6.38346,-3.58647,1.5,-31.782206197066284,-52.79961244243985,-37.965207559969386,-110.0,-40.88282056792545,-36.82184823040728,-110,-51.54287504188597,-30.540801599664366
139,2.38346,0.413534,1.5,-52.89353249342,-50.2791033335727,-54.82379393679572,-110.0,-40.39821658563605,-29.918252990735684,-110,-39.0601714448051,-41.80769534727434
137,0.383459,0.413534,1.5,-55.63063390661335,-41.05776098756142,-44.15181463423804,-110.0,-31.660333281359964,-38.37346441934765,-110,-28.924955884361605,-41.98061334833692
41,0.383459,-5.58647,1.5,-49.52738403025526,-61.05067688417488,-52.66882443465467,-110.0,-32.75168398993768,-46.30613047121408,-110,-35.44485561253869,-44.06026426186712
183,-1.61654,3.41353,1.5,-26.261234272819845,-38.85693008540698,-42.42841634046642,-110.0,-42.93711466958131,-33.318794151968056,-110,-23.59043313653952,-38.47079827024254
123,2.38346,-0.586466,1.5,-44.45012270305127,-49.5431884910564,-60.3027615786822,-110.0,-49.41854062887866,-47.70459543369151,-110,-33.84206423860397,-40.0095656234766
230,-2.61654,6.41353,1.5,-29.14630107267069,-27.332753104973275,-40.61821647995124,-110.0,-53.276961444567206,-55.755290047277725,-110,-40.94349498761157,-45.80912641055271
156,3.38346,1.41353,1.5,-43.22983678937259,-48.930628085481466,-61.11386496719374,-110.0,-36.52820520511758,-45.565308429894735,-110,-33.28198727228455,-56.88197438067738
11,2.38346,-7.58647,1.5,-47.337168019761975,-48.00180985837889,-28.288568937962452,-76.38273334660516,-24.927041339090092,-37.11455934826478,-110,-36.68935047804752,-39.83536716996829
155,2.38346,1.41353,1.5,-41.61159581094092,-58.30829762059025,-48.38885465031327,-110.0,-31.654771917451193,-31.649437516005403,-110,-28.254774752028467,-43.01924915869928
114,-6.61654,-0.586466,1.5,-31.6045340235499,-45.78412744363608,-37.79402179205198,-110.0,-57.00172667825461,-39.40514349781652,-110,-45.17804328705876,-45.7325030913117
179,-5.61654,3.41353,1.5,-25.9374999508707,-41.155630209727995,-40.745383056081344,-110.0,-37.38034100137365,-39.64158336488223,-110,-35.81597618610009,-52.89100572498868
224,7.38346,5.41353,1.5,-33.20877135251667,-33.13063961470357,-50.21362140373713,-110.0,-34.95053634309391,-36.00403083517241,-110,-37.929189732967785,-45.97396235144102
226,-6.61654,6.41353,1.5,-35.24574208352841,-30.718978107779193,-38.10648682674548,-110.0,-52.71484164638918,-47.58647176035448,-110,-45.03735275541979,-47.505381260852886
20,-4.61654,-6.58647,1.5,-37.72384677659257,-44.95676204034188,-36.29634837215359,-87.60692342677028,-39.7971260266007,-50.289562483626426,-110,-38.03410619021055,-44.10244946385926
75,2.38346,-3.58647,1.5,-46.716515812067705,-46.529186467545344,-47.35410169552297,-110.0,-30.89945730714048,-37.39414395543541,-110,-31.62064215383066,-36.25531204022544
135,-1.61654,0.413534,1.5,-45.947900151731126,-30.623393428727308,-34.79643452298686,-110.0,-56.386962550064,-40.826637978083895,-110,-37.98134163338567,-39.74021393649824
102,-2.61654,-1.58647,1.5,-35.33073357863816,-35.768346440830854,-33.606371552643104,-110.0,-40.51872299383717,-40.988798267103746,-110,-32.746846662943355,-37.2172041966859
129,-7.61654,0.413534,1.5,-32.88360274371357,-47.103067013703736,-36.364937675221974,-110.0,-44.36928007037157,-44.2683087827604,-110,-40.29882861252267,-46.76557043350991
4,-4.61654,-7.58647,1.5,-37.87829714907493,-44.775974094199874,-40.141118840889405,-110.0,-27.758369541850954,-36.50288549280349,-110,-42.89690302430489,-42.68136371441257
195,-5.61654,4.41353,1.5,-26.565494367667664,-33.598355514829876,-42.96704827108075,-110.0,-36.71265874127046,-50.906201650820485,-110,-39.24927665486412,-50.465843613403344
104,-0.616541,-1.58647,1.5,-42.896415906086546,-38.41569767536906,-32.018452074954226,-110.0,-50.71997486669404,-50.5461119856428,-110,-27.717252717345655,-42.63624014996553
25,0.383459,-6.58647,1.5,-55.75886386484349,-46.15733464257482,-38.08079711229816,-97.86587551269037,-37.11381536528379,-34.725757720728254,-110,-37.47143948865474,-39.49599326985497
19,-5.61654,-6.58647,1.5,-33.865119581666164,-58.781625265887634,-49.49506581108785,-110.0,-49.31975800375389,-45.64860780723216,-110,-47.72525826575607,-55.146109734542534
200,-0.616541,4.41353,1.5,-40.197374269186625,-28.89437601962832,-37.54298467224556,-110.0,-54.13144822476654,-41.00150669413202,-110,-36.3525124775088,-50.76558240123403
54,-2.61654,-4.58647,1.5,-43.53949182511205,-30.599419606684897,-38.40564133505678,-110.0,-31.74144654499928,-48.008364990637304,-110,-46.20968028105112,-48.048651661134706
44,3.38346,-5.58647,1.5,-43.79660565704464,-49.59065162734824,-32.00884783251941,-96.06772700411128,-40.12412326612065,-31.513474474354105,-110,-41.71711377317473,-34.51623068781432
17,-7.61654,-6.58647,1.5,-37.711807657182064,-42.34722873138607,-36.6357415838599,-91.5411416365326,-44.654527227751046,-46.01848126276818,-110,-46.09724470837519,-49.15029939132971
51,-5.61654,-4.58647,1.5,-33.4714958535921,-35.99796255662033,-33.83260673046896,-110.0,-36.15566666924035,-49.250261420731015,-110,-46.70812605005897,-45.21059738521061
64,7.38346,-4.58647,1.5,-44.29759186956145,-40.336308019549435,-42.755344493438486,-98.26882999765218,-38.38991780192053,-36.30078368958367,-110,-45.378610206138625,-24.93038732472175
190,5.38346,3.41353,1.5,-60.55032010924453,-54.26288346885234,-44.251499322470856,-110.0,-35.95604640414742,-27.467358501559037,-110,-38.00025465188284,-39.18983432142469
228,-4.61654,6.41353,1.5,-29.713821026099335,-36.131993164637734,-40.16784275459535,-110.0,-51.014083267262485,-58.57724314196451,-110,-45.445123937770376,-54.667097972618535
168,-0.616541,2.41353,1.5,-29.81247226194672,-42.28489702808412,-35.975238380064084,-110.0,-41.91857788992285,-37.02300083473748,-110,-28.488627899229712,-40.72494125267487
50,-6.61654,-4.58647,1.5,-46.17984488633893,-36.30592101214998,-30.434288127489275,-110.0,-50.364066560740255,-44.6530013455084,-110,-37.99954351857941,-49.5825832853465
100,-4.61654,-1.58647,1.5,-43.49920554120026,-43.65532298536062,-39.0298517564538,-110.0,-34.32414241365207,-38.1972904750854,-110,-34.08464469434996,-45.39606295751248
215,-1.61654,5.41353,1.5,-51.46284200666471,-37.816676589371795,-52.75075038966955,-110.0,-50.000894692622545,-51.53349582052907,-110,-38.43180589481652,-46.72655103859833
9,0.383459,-7.58647,1.5,-52.83436980465491,-46.81857930101647,-26.36703860560635,-110.0,-28.10351258561555,-29.13188600246179,-110,-37.385282799625664,-28.453737591559857
76,3.38346,-3.58647,1.5,-36.35506808811492,-38.72075896983986,-44.065451248919985,-110.0,-36.39100414549813,-35.949189717067924,-110,-36.86310739867552,-33.6178710071349
193,-7.61654,4.41353,1.5,-29.61223158298753,-43.79849758930624,-43.85323886954648,-110.0,-47.871566728267304,-56.79068411360506,-110,-45.239965771489736,-49.31081489512316
131,-5.61654,0.413534,1.5,-32.68246598543198,-31.520239170519652,-48.06911597611007,-110.0,-39.011343212911335,-41.90837751485043,-110,-43.632115507911635,-35.453747075052306
174,5.38346,2.41353,1.5,-47.019054367814505,-53.51118896801355,-48.482225822040625,-110.0,-31.921378380932772,-21.844502452110305,-110,-33.918981003181514,-43.28417039245621
52,-4.61654,-4.58647,1.5,-46.65843722051065,-34.935003303984296,-39.70564076517482,-110.0,-39.13269482917332,-38.31035803748116,-110,-43.53220734524023,-60.48881536587253
154,1.38346,1.41353,1.5,-31.02545866134027,-54.07520479015098,-44.22687283213182,-110.0,-40.62858371647782,-42.714191878075695,-110,-34.15211712793685,-39.6382712819393
198,-2.61654,4.41353,1.5,-41.02115114191922,-31.741645281864095,-42.67341390122687,-110.0,-44.51340272966287,-44.40195836608016,-110,-33.412870118197944,-39.05317536125111
80,7.38346,-3.58647,1.5,-43.260515614070634,-46.51827464664467,-53.652748745736616,-110.0,-37.95527063981088,-33.55120473320231,-110,-34.296501530673,-52.92344408885795
98,-6.61654,-1.58647,1.5,-38.394036575389975,-32.1812312036088,-39.77186821665946,-110.0,-47.55197107591883,-44.07796772284466,-110,-49.12333591450562,-56.53917967564321
158,5.38346,1.41353,1.5,-51.36474628666093,-62.49187112752431,-40.07661167015456,-110.0,-31.76325414854827,-57.20354051666427,-110,-44.99015306935616,-46.005055429188985
2,-6.61654,-7.58647,1.5,-36.87231819082819,-51.41254217661479,-36.60706928525283,-110.0,-33.07571157524021,-49.449376801888114,-110,-38.31508448688987,-41.37908349182967
201,0.383459,4.41353,1.5,-41.129912370370334,-29.032589743246625,-48.878909538906626,-110.0,-37.29915346389688,-43.81251033445734,-110,-29.5116268070206,-44.05179350043418
39,-1.61654,-5.58647,1.5,-33.53171352655978,-38.71178813927039,-28.247240912560684,-110.0,-24.22059255215061,-47.01263219603016,-110,-40.10614765142362,-45.20363040362672
128,7.38346,-0.586466,1.5,-52.647029131566974,-51.14903197419235,-38.337765614661,-110.0,-38.00911355170769,-47.83626880627314,-110,-31.136217727382288,-39.213026892198336
74,1.38346,-3.58647,1.5,-39.67596732912424,-44.843553438146934,-38.82461766264796,-110.0,-33.70859167790658,-39.67957538029782,-110,-34.34386180474874,-45.8795931770683
69,-3.61654,-3.58647,1.5,-36.94928712036857,-46.77038359728007,-37.24763052273562,-110.0,-33.38167149549126,-42.2744851748614,-110,-36.283245766030696,-44.695601153365544
131,-5.61654,0.413534,1.5,-35.32794184838509,-36.34957323090905,-47.05693138659951,-110.0,-44.165518689636386,-39.95840373564393,-110,-41.62419493684648,-36.63380245969302
142,5.38346,0.413534,1.5,-42.15654918541844,-35.705809348399605,-49.15214114014462,-110.0,-47.96804460192079,-32.2656827423354,-110,-33.257328616106385,-39.75000962930512
103,-1.61654,-1.58647,1.5,-37.05027691529305,-39.9449329359188,-40.29223012372971,-110.0,-43.01002075975496,-46.46102871224825,-110,-35.05832217684526,-59.11751174832477
13,4.38346,-7.58647,1.5,-44.74295345876086,-43.96227630312953,-48.28924626452937,-110.0,-41.902240323374215,-46.09343388276875,-110,-42.84035068783833,-41.81162679564067
104,-0.616541,-1.58647,1.5,-47.03129478821101,-37.4230932661616,-31.840764441465826,-110.0,-46.14730986220925,-54.32691781635917,-110,-28.99541566345449,-39.27110488377234
119,-1.61654,-0.586466,1.5,-36.18127045277291,-36.84200367657111,-24.264902130625515,-110.0,-47.726604968308706,-45.0283719077345,-110,-38.828842414406495,-43.54256564303661
31,6.38346,-6.58647,1.5,-47.03838236561503,-45.66706688178813,-36.85958982730719,-78.55290099777903,-35.43547239205874,-37.7751316014187,-110,-43.56463105379438,-34.628551136491424
122,1.38346,-0.586466,1.5,-42.969194353467536,-53.15884932665324,-41.47401508596205,-110.0,-39.1801608194652,-51.25624523246124,-110,-40.63513434315376,-31.646604601502418
145,-7.61654,1.41353,1.5,-34.703829490160246,-32.62047554143951,-42.86853781912673,-110.0,-49.722835075576064,-38.791645487930055,-110,-43.472085004568456,-45.41960598357163
33,-7.61654,-5.58647,1.5,-61.18158684793264,-41.15342842324913,-32.05992120347315,-110.0,-34.567866786993086,-46.74630240873188,-110,-35.1602902874,-38.65864856886336
195,-5.61654,4.41353,1.5,-25.838111041816795,-40.90719201535463,-49.433543278895215,-110.0,-45.39666761125471,-43.61655661376857,-110,-37.01762437002555,-48.112826447949566
178,-6.61654,3.41353,1.5,-32.19927557577533,-35.042967905124684,-33.96922715497909,-110.0,-93.27615873748606,-46.411949503762806,-110,-43.34624186645868,-42.365116642733135
161,-7.61654,2.41353,1.5,-30.754700442391496,-47.24229674971877,-43.688046831470366,-110.0,-47.14584822931115,-31.39496177836497,-110,-38.372438832475865,-48.27787103517639
77,4.38346,-3.58647,1.5,-37.72692017653635,-56.71404871381285,-37.842119563921194,-110.0,-34.740331966352635,-37.937547025033545,-110,-40.27553588420648,-41.37398937352268
64,7.38346,-4.58647,1.5,-40.81083928768145,-41.5900977558835,-41.02913301772195,-99.56684095513694,-33.775250116335236,-33.292077315459956,-110,-41.92517019705848,-27.499395214915328
95,6.38346,-2.58647,1.5,-46.78500468509901,-47.90109644153763,-41.23751484866888,-110.0,-35.7073266622075,-51.02538336109382,-110,-38.892291465287485,-36.67567877517743
233,0.383459,6.41353,1.5,-36.3049653018794,-25.854920349989545,-42.09496686958275,-110.0,-44.22969676242848,-42.90798972049875,-110,-47.16107435856988,-46.51686983136915
151,-1.61654,1.41353,1.5,-30.053601076873743,-40.427330251058585,-33.549368405702694,-110.0,-51.870939083998834,-41.75287740465257,-110,-29.382171961855345,-50.776985411735254
137,0.383459,0.413534,1.5,-52.00844547087649,-48.541676252292895,-46.19659851287462,-110.0,-42.619957745062706,-48.1326103092653,-110,-30.35922924261764,-40.33313966658192
10,1.38346,-7.58647,1.5,-49.71135854788209,-49.30934234947541,-28.95337125374986,-110.0,-27.47439309763931,-41.58963999658,-110,-38.85477663612502,-43.84572430312412
91,2.38346,-2.58647,1.5,-40.6487410422159,-47.72907182289831,-44.93080995343077,-110.0,-28.860308180085728,-36.17715268861686,-110,-42.554358858321585,-40.65836610086931
49,-7.61654,-4.58647,1.5,-36.88559786084394,-45.53708249467565,-44.110421058876256,-110.0,-42.431132388538025,-54.339262404602565,-110,-43.635587761697366,-37.191310821779446
138,1.38346,0.413534,1.5,-45.218208937745075,-55.608160538665025,-40.94821305431188,-110.0,-37.0514207877159,-58.44986272438659,-110,-28.145386811672367,-31.90564044981533
103,-1.61654,-1.58647,1.5,-33.04282313125215,-45.593679009074336,-40.103447194556686,-110.0,-48.60479115616076,-49.95256614772591,-110,-37.47433897336289,-68.69512599470507
128,7.38346,-0.586466,1.5,-49.380596571441735,-50.26123233684383,-38.1192799516072,-110.0,-41.89771424898059,-45.67710295043679,-110,-33.64257536820484,-37.843175154569856
55,-1.61654,-4.58647,1.5,-29.92441793683282,-54.92830376528683,-30.617723749340968,-110.0,-43.561064311027025,-52.219090031015014,-110,-40.918166881628935,-41.87966840207484
24,-0.616541,-6.58647,1.5,-37.354013693519995,-43.204231086791474,-29.440518932949473,-103.84168107949743,-33.32652748094912,-63.52593391326299,-110,-37.79071502309963,-54.76004610671564
146,-6.61654,1.41353,1.5,-39.38947333305375,-36.43346653881726,-31.52749455786148,-110.0,-45.20370339083816,-35.496109227335715,-110,-35.9189525591695,-46.06392251989865
206,5.38346,4.41353,1.5,-45.737281819763105,-33.509806227502644,-57.40239707121775,-110.0,-54.27014760442383,-39.699202806823074,-110,-38.677606363903706,-42.01152547143344
170,1.38346,2.41353,1.5,-40.41696425475959,-45.144896439870145,-49.65886865457953,-110.0,-37.32995435545929,-39.51149380376943,-110,-29.186457957821435,-43.15031299109916
228,-4.61654,6.41353,1.5,-25.935855702867023,-28.138936253129145,-42.07716926880273,-110.0,-50.655870099249576,-54.682212191141225,-110,-51.757212214555,-63.10052694340681
60,3.38346,-4.58647,1.5,-40.23453065489356,-54.53198139632714,-38.29501874954836,-110.0,-32.30856301700993,-33.594454136184595,-110,-38.04917891028336,-28.586523725844568
122,1.38346,-0.586466,1.5,-46.97155334656823,-54.70864933185254,-43.77113175103583,-110.0,-46.805588129759904,-41.982210497271595,-110,-33.81904340938115,-35.642378989878964
120,-0.616541,-0.586466,1.5,-57.89698827044532,-34.13528196449615,-34.33253396195365,-110.0,-45.84285922770125,-34.61785449420772,-110,-30.81385566852067,-45.920451479868
39,-1.61654,-5.58647,1.5,-32.05609209070715,-39.46744565910278,-26.45324449911284,-110.0,-29.46342278920054,-42.12904974810743,-110,-36.50378033534554,-44.42046870200208
85,-3.61654,-2.58647,1.5,-37.466793799908935,-50.506408861685586,-45.16249359327027,-110.0,-39.96742133224188,-42.27377366223163,-110,-44.570188801943274,-65.4011065855443
7,-1.61654,-7.58647,1.5,-44.05946624568455,-41.09685912774185,-32.456507576109274,-110.0,-17.17729592363468,-46.1580527831817,-110,-34.317622295822865,-55.02069116124546
146,-6.61654,1.41353,1.5,-39.24131812169621,-47.31000554981431,-36.34800745829531,-110.0,-47.62251323767176,-32.53444968657049,-110,-33.66622974753493,-41.27901516799909
159,6.38346,1.41353,1.5,-52.58855976029817,-56.77671842460068,-42.44316917120558,-110.0,-37.54093447695292,-26.904215794930785,-110,-49.56004836436509,-51.712621174830055
173,4.38346,2.41353,1.5,-43.92076051880375,-35.49149215780833,-42.674247013528905,-110.0,-38.64773528015291,-36.36043794921757,-110,-31.108685598328407,-41.35455697416763
222,5.38346,5.41353,1.5,-35.72220697769558,-44.532552442786475,-49.69494780857483,-110.0,-47.43500921092886,-36.4155140247631,-110,-47.03914652212204,-37.799887468829326
24,-0.616541,-6.58647,1.5,-35.04563679167289,-39.92965873117704,-41.402891377138914,-101.617660692405,-37.35704075016314,-63.201794564523894,-110,-38.744878964861854,-55.25526863579182
155,2.38346,1.41353,1.5,-40.06347502110685,-55.39369479672579,-43.01261855208613,-110.0,-40.984460750536066,-35.85377615470537,-110,-33.73621362584794,-39.89903079412269
189,4.38346,3.41353,1.5,-42.84378823774255,-52.31753234767535,-52.87679634193354,-110.0,-44.62079114850312,-26.366521142355538,-110,-37.80509404604645,-54.05677533145034
44,3.38346,-5.58647,1.5,-47.26040839311594,-53.0759957501954,-32.93986530601419,-90.9556103862271,-44.56734703410454,-35.48898415450109,-110,-43.55430194623281,-32.658448799765665
