rp_id,x,y,floor,ap0,ap1,ap2,ap3,ap4,ap5,ap6,ap7,ap8
129,-7.61654,0.413534,1.5,-34.708265184776735,-42.57104048994669,-38.163140455210346,-110.0,-45.42859099729112,-40.61724060987216,-110,-35.26680710046382,-45.90940840605111
215,-1.61654,5.41353,1.5,-45.15330339709415,-37.575197923705005,-42.99963692525851,-110.0,-44.288372920488115,-47.38622138612487,-110,-29.418228990909345,-45.72657748960307
102,-2.61654,-1.58647,1.5,-43.63188595041229,-39.42100897679663,-35.0916613381287,-110.0,-41.3477250743362,-42.667890080389725,-110,-34.54306981351563,-37.778412098529394
27,2.38346,-6.58647,1.5,-56.45899715950087,-43.62276861012456,-28.80053511071048,-75.47490366632645,-38.14018892333587,-40.92486670400076,-110,-38.85339929211529,-36.60298986606957
233,0.383459,6.41353,1.5,-33.599446056260334,-20.913080463254826,-45.72891614733777,-110.0,-46.649235797880785,-44.73292205298948,-110,-39.03271538814231,-48.12887465265191
59,2.38346,-4.58647,1.5,-43.35296983932672,-58.180741772814265,-36.97733025966124,-110.0,-30.081294588576046,-34.97094809871976,-110,-40.148452611281634,-33.51471819519233
94,5.38346,-2.58647,1.5,-45.62679103861247,-49.64943321070045,-40.271852339522106,-110.0,-49.939621096946794,-45.586919737850046,-110,-33.45801820222262,-39.731691423284
37,-3.61654,-5.58647,1.5,-36.4282848684047,-39.18051046390905,-33.194970827607385,-110.0,-32.172254012516724,-47.89504314564856,-110,-51.6265354641476,-35.69208395031508
166,-2.61654,2.41353,1.5,-44.58314462000713,-32.45735890390691,-43.35740358491823,-110.0,-44.07387531060317,-47.611026728308104,-110,-28.02734683663345,-54.36389912216104
205,4.38346,4.41353,1.5,-37.50514842132611,-27.106032771045044,-49.47282926348121,-110.0,-45.53693683918633,-45.76725010591608,-110,-41.179329725518734,-44.67130363918035
195,-5.61654,4.41353,1.5,-29.644535895013,-48.859395874974055,-44.30265842505183,-110.0,-42.42671437667785,-43.87058435656519,-110,-32.22557836304563,-60.67831797411099
87,-1.61654,-2.58647,1.5,-42.99559992103956,-39.42740407403305,-44.424687746041286,-110.0,-46.79214322228879,-46.6477528163682,-110,-42.7714625248596,-40.06824127471052
197,-3.61654,4.41353,1.5,-47.83515050075357,-49.36669227576497,-47.693619476753696,-110.0,-45.273879969389625,-52.42839565055675,-110,-35.85004043917781,-51.45749937286891
77,4.38346,-3.58647,1.5,-48.92086526237752,-59.173681954286735,-39.691983561924275,-110.0,-38.43002013933853,-38.3463910532962,-110,-46.07252377015292,-31.566947573894677
58,1.38346,-4.58647,1.5,-49.08580648206416,-51.79013629313403,-38.69399912702964,-110.0,-35.873147212946165,-35.51015807033396,-110,-41.252574000963,-38.612443552240194
21,-3.61654,-6.58647,1.5,-35.1493422845507,-40.07627308345754,-36.88188719037707,-83.59028360888026,-30.72545390977961,-49.743878685299975,-110,-43.11136938752621,-42.719267345637014
12,3.38346,-7.58647,1.5,-41.195081757652744,-51.277552516515875,-42.33273419316535,-83.34103188901415,-37.06987945810466,-42.915276486033214,-110,-37.701329079388714,-41.851331101653955
188,3.38346,3.41353,1.5,-66.38059277476704,-47.71089015906374,-49.40123964186255,-110.0,-53.07508651078666,-51.71743925494301,-110,-27.148233804684747,-38.98732146130441
126,5.38346,-0.586466,1.5,-42.86891212708748,-50.476870717208485,-52.50862487667275,-110.0,-35.361874655550245,-39.8139462811274,-110,-36.28291111842821,-44.49050822566969
108,3.38346,-1.58647,1.5,-52.57449000362233,-56.69834889218329,-40.87532176679828,-110.0,-36.31959482925713,-40.65809342538347,-110,-45.96856405081653,-39.67724509084366
4,-4.61654,-7.58647,1.5,-38.783815717924114,-41.67437251013969,-36.07504198855427,-110.0,-27.9463435284093,-44.296080586480265,-110,-45.20408624792935,-42.9963941063894
151,-1.61654,1.41353,1.5,-32.90522997114786,-39.397547939378015,-34.60737758564761,-110.0,-54.83224619441005,-33.71403829116244,-110,-26.29828714100341,-50.0804173126504
52,-4.61654,-4.58647,1.5,-47.634479275525074,-40.41481834133939,-33.00886489187932,-110.0,-37.95926033881041,-43.05631090370087,-110,-33.469110659507486,-68.16157604714212
120,-0.616541,-0.586466,1.5,-38.68295950402669,-29.076434283715717,-26.02049339624797,-110.0,-43.9184331706452,-40.909290411629506,-110,-36.13507933264254,-47.09354590583472
122,1.38346,-0.586466,1.5,-50.599593923174105,-47.12548368200085,-47.717188905925994,-110.0,-44.75244688376928,-57.07854921584139,-110,-34.04623065868012,-39.43238048280871
191,6.38346,3.41353,1.5,-57.06001771698705,-62.07123090374875,-54.69180407053482,-103.84049460437863,-48.970195344935625,-32.046328931713774,-110,-33.29928626336959,-43.849777273421765
148,-4.61654,1.41353,1.5,-41.45529180194537,-31.395992620097193,-45.96389636622408,-110.0,-58.20847238335175,-36.748254342269114,-110,-36.99542494777263,-45.90339404028983
51,-5.61654,-4.58647,1.5,-32.51591830513638,-38.51421966291431,-36.07255898019886,-110.0,-35.716934624710305,-49.67911455813908,-110,-41.87055635137241,-44.06502883244275
212,-4.61654,5.41353,1.5,-44.00211008895376,-42.81120495359768,-37.477823850338055,-110.0,-50.33665659288186,-50.05893671031403,-110,-31.071292358545065,-46.00997204977805
143,6.38346,0.413534,1.5,-48.86722842743126,-51.76305446600047,-43.78185562241755,-110.0,-35.81164147409505,-28.666585605863258,-110,-33.35115140037994,-34.78817079902741
123,2.38346,-0.586466,1.5,-46.516055912381546,-69.43944545146564,-61.66157787044106,-110.0,-37.52046797095154,-47.56547621575997,-110,-41.3499156283753,-36.506930337143125
70,-2.61654,-3.58647,1.5,-34.412723359047966,-38.809442760994294,-31.092690739529804,-110.0,-47.8255967096475,-44.07202517870249,-110,-38.37411927451349,-31.85624213345428
20,-4.61654,-6.58647,1.5,-34.40489968841071,-42.670983192288205,-33.128213142880504,-82.63115981955075,-45.80025588631676,-50.86311032478129,-110,-37.7437481086467,-48.11861983732221
219,2.38346,5.41353,1.5,-54.00043776681215,-26.97765136150656,-54.765190286839776,-110.0,-44.29996592634857,-34.83808041407138,-110,-38.593075621625815,-40.56074890922565
200,-0.616541,4.41353,1.5,-48.25209457033532,-31.04643339053225,-36.65665125862789,-110.0,-59.39001102063169,-46.166782211356136,-110,-33.85914929981186,-47.1926658998588
103,-1.61654,-1.58647,1.5,-30.65614709901582,-34.71352903312557,-39.94139835161206,-110.0,-47.400547125499166,-42.0706508662263,-110,-34.36909859618031,-55.24939999690972
182,-2.61654,3.41353,1.5,-38.79507712319331,-38.3558302256696,-41.177524815876296,-110.0,-47.54729828796262,-32.49002766776609,-110,-37.01547727413586,-45.02568362596656
174,5.38346,2.41353,1.5,-50.88678003716659,-59.333214030490254,-41.952223072366706,-110.0,-30.660729269383793,-32.344723910924344,-110,-34.83748932021856,-44.352363953203906
156,3.38346,1.41353,1.5,-57.088461271293546,-48.30647375107262,-54.43140079977606,-110.0,-36.49184999063825,-40.98845498221446,-110,-31.412805826099152,-45.28302919666298
185,0.383459,3.41353,1.5,-47.538152786564495,-43.60547953904224,-47.37137980597519,-110.0,-30.20635524851332,-34.26672371365335,-110,-29.27012280581094,-32.237838020011
13,4.38346,-7.58647,1.5,-45.678323036110505,-47.480260268801054,-39.95846356734785,-110.0,-41.8724920182321,-42.649358901583625,-110,-34.47978286551186,-42.958858628235305
65,-7.61654,-3.58647,1.5,-38.5496908980678,-48.57277642766,-32.501081518438575,-110.0,-39.56342148340338,-44.88479224284571,-110,-37.19102219753933,-46.3682901173803
170,1.38346,2.41353,1.5,-50.99912591006672,-46.75569641436344,-45.09312495545738,-110.0,-44.83687663034245,-44.46889040961377,-110,-26.01457423576831,-45.075766226124394
208,7.38346,4.41353,1.5,-53.04372213889652,-33.24323190829162,-56.608170848851834,-110.0,-53.31787843858773,-23.786383521838317,-110,-26.82686148116182,-40.706714227010075
123,2.38346,-0.586466,1.5,-45.85696302680699,-66.7006880577103,-66.61134084729143,-110.0,-39.9773584751581,-47.65312947094452,-110,-38.353219169273025,-28.558745395268673
122,1.38346,-0.586466,1.5,-47.64976467315535,-51.03565864696476,-43.242979627698475,-110.0,-37.48788157724211,-52.04042185853873,-110,-33.723366344513025,-32.46810165788126
79,6.38346,-3.58647,1.5,-48.24896754775522,-53.754069761993065,-40.87145909986118,-110.0,-39.515664337221295,-38.80671653548371,-110,-58.02270059763523,-34.92003559710579
143,6.38346,0.413534,1.5,-49.85677619614861,-51.23700986502982,-43.608060321749306,-110.0,-31.796170989855963,-32.17207655283211,-110,-38.27547445687149,-35.61635900723085
150,-2.61654,1.41353,1.5,-32.647470969383,-48.47274698087592,-43.07808679561483,-110.0,-38.43118973428848,-46.29707499241593,-110,-31.483866544927952,-40.897170332875035
217,0.383459,5.41353,1.5,-48.70133450474365,-28.24446852298469,-44.380678469030066,-110.0,-52.87228840599697,-38.22460529775451,-110,-20.90809199640916,-38.45711352381025
125,4.38346,-0.586466,1.5,-45.1905590610697,-53.6746983396597,-45.68243506510295,-110.0,-30.229974960476373,-30.693700480119176,-110,-41.89606256794909,-39.690118972955254
148,-4.61654,1.41353,1.5,-38.8586082196564,-35.286920490424336,-43.03347680738524,-110.0,-63.26561450815554,-39.20396632061351,-110,-25.856474684791493,-43.25892072805373
166,-2.61654,2.41353,1.5,-50.06252275744665,-35.31498728937018,-46.88917889515055,-110.0,-45.78453817602461,-43.74011357225152,-110,-31.68370641423539,-52.1723501780432
167,-1.61654,2.41353,1.5,-44.86170058923797,-36.34603453660782,-41.61027456225971,-110.0,-42.34365648990473,-42.0120725016583,-110,-30.144962712306793,-44.73513064821107
40,-0.616541,-5.58647,1.5,-53.507822645337285,-48.298080145520416,-28.561184870133708,-110.0,-37.59933477480688,-46.79136828943406,-110,-48.179532782285435,-45.59160496786635
156,3.38346,1.41353,1.5,-55.87896687345216,-50.050376613084985,-54.314045677192254,-110.0,-35.57455479312856,-44.39121805282724,-110,-39.0308165266941,-51.16396958088929
48,7.38346,-5.58647,1.5,-51.553466790669326,-40.24943051565996,-44.38594063535044,-95.92777735826736,-38.65837990632272,-34.58642119530561,-110,-41.63468349625269,-26.090483370260472
216,-0.616541,5.41353,1.5,-55.9994886313104,-19.744164547652936,-37.514700556003646,-110.0,-51.02158153840208,-61.821389444710974,-110,-37.227432052803664,-59.68512715136079
219,2.38346,5.41353,1.5,-48.09973460486245,-34.27232741574384,-56.82696705585561,-110.0,-42.78971755192638,-34.93698217566691,-110,-40.682695669328595,-35.385175731027374
158,5.38346,1.41353,1.5,-57.91928741538012,-68.1775866987673,-44.17471458262479,-110.0,-27.33784156292369,-54.38892852672535,-110,-47.37673924744091,-45.94244315032418
30,5.38346,-6.58647,1.5,-45.34050453129784,-50.115114273404835,-50.436060592887856,-76.82774561851329,-39.97519413793171,-40.00825703633203,-110,-38.94982232112027,-22.68239379750313
77,4.38346,-3.58647,1.5,-50.40675532982637,-51.81176704720004,-39.77711155268552,-110.0,-35.10271423424202,-35.73136793965388,-110,-42.23314276751968,-34.53570856962904
89,0.383459,-2.58647,1.5,-49.63776321253639,-58.22292817687255,-48.13258211966741,-110.0,-26.803775149904872,-42.24032772447524,-110,-32.30166952284754,-37.861341276847135
238,5.38346,6.41353,1.5,-58.35912815759212,-34.16550107020108,-40.92561209371455,-110.0,-42.50621350961114,-30.442983235850917,-110,-35.24962878853085,-38.78817430284333
29,4.38346,-6.58647,1.5,-50.34565259084785,-57.83232687556507,-46.04415058279642,-77.55054661710369,-28.38019222367185,-31.474882406843307,-110,-42.357332088058406,-32.07583025799866
20,-4.61654,-6.58647,1.5,-38.02608073035989,-42.469907114380895,-33.21625657757502,-82.54470099742524,-41.56078656300105,-55.509454478386225,-110,-36.07585365704379,-38.46526777716547
7,-1.61654,-7.58647,1.5,-37.21608824147561,-41.07392075514489,-37.15764943919952,-110.0,-23.19635352152481,-42.42630016392138,-110,-38.32159635159939,-57.878839382887264
55,-1.61654,-4.58647,1.5,-30.33454725566791,-52.310983368977105,-29.556042906708917,-110.0,-42.687221786330326,-48.39902945496176,-110,-41.738908630877056,-41.802360453062875
68,-4.61654,-3.58647,1.5,-44.6514122736679,-35.39730748091919,-32.85494464656389,-110.0,-37.8416990660559,-46.25953748647798,-110,-40.2896095152448,-59.64673456397605
109,4.38346,-1.58647,1.5,-56.61425581725948,-67.56598590088079,-39.62040240881785,-110.0,-40.606286694744135,-30.900877655636823,-110,-36.628750802332455,-36.69353433863446
187,2.38346,3.41353,1.5,-46.43869417140543,-40.82268164404286,-59.89237343986983,-110.0,-46.08527656485215,-34.15756690084093,-110,-29.949554529335305,-42.190774419817856
31,6.38346,-6.58647,1.5,-53.1103494834198,-47.603225370624095,-27.718442132081336,-80.01070223091902,-37.146542246008224,-41.51201352717629,-110,-42.55001393501652,-40.386211238628775
22,-2.61654,-6.58647,1.5,-36.53160401609347,-44.52821738945755,-31.11341373197711,-80.10042804095265,-41.14254165287744,-39.45888776372374,-110,-42.184594947715745,-43.37522515135131
170,1.38346,2.41353,1.5,-54.390742448563806,-48.43047461152732,-43.40545389878137,-110.0,-38.3077776454472,-41.60817433812398,-110,-29.806678347751543,-48.388453649616615
154,1.38346,1.41353,1.5,-41.93371007142537,-50.82981483107155,-46.94016030046877,-110.0,-43.85807030360226,-37.31022971890498,-110,-31.45116842425537,-34.143088401851095
66,-6.61654,-3.58647,1.5,-49.59807787508424,-44.612393119476415,-33.92863896975373,-110.0,-41.62542684522929,-55.73593254465725,-110,-43.25005367695224,-54.901878954690666
6,-2.61654,-7.58647,1.5,-35.87103141121667,-46.30964776720244,-30.657568929465448,-110.0,-47.54863792315474,-57.26448487007695,-110,-38.21321788708333,-43.19741964535088
164,-4.61654,2.41353,1.5,-35.32171164805807,-41.0401852777572,-38.58553763274721,-110.0,-50.73856748786989,-46.26222740508629,-110,-32.82479926155121,-55.468503982661815
216,-0.616541,5.41353,1.5,-48.14446803222173,-24.78792806504173,-35.72450998134068,-110.0,-49.61416815416785,-51.90758299610961,-110,-46.617947139644066,-56.757506691705615
153,0.383459,1.41353,1.5,-49.298776488090446,-52.75472606185914,-41.60114871938194,-110.0,-27.959563381868417,-31.36587065590459,-110,-26.51536227704487,-35.94275258332666
30,5.38346,-6.58647,1.5,-47.37170252442113,-50.58133827401866,-43.04867252085215,-71.83012810164335,-32.205025735287805,-43.17660005615431,-110,-42.18649600692954,-24.57488682869108
48,7.38346,-5.58647,1.5,-55.29724053433195,-51.98379192761365,-40.00724230786738,-98.00498514099893,-36.01195005261864,-37.817055197006475,-110,-43.44537374936116,-23.973916190547836
203,2.38346,4.41353,1.5,-53.970006429960065,-45.09115149047491,-59.46061279539459,-110.0,-40.93735823132242,-40.2837507420118,-110,-42.8536117735482,-32.4476032722578
168,-0.616541,2.41353,1.5,-47.775108640302335,-43.01106417975793,-29.24846287792549,-110.0,-37.9997681568978,-42.0334300363225,-110,-30.221101269292404,-36.56344700793286
171,2.38346,2.41353,1.5,-46.90938096626458,-54.41230895863106,-42.70923282138631,-110.0,-46.06539743504914,-38.70825944650972,-110,-30.77495660043304,-40.334823708378366
96,7.38346,-2.58647,1.5,-55.15940621261905,-36.087781535961994,-42.97622847249583,-110.0,-45.597667239438685,-36.61730521482614,-110,-48.43168983958291,-36.66650875545153
63,6.38346,-4.58647,1.5,-45.796233535814224,-51.0462028978775,-38.049610532280006,-91.91719252958862,-31.271511924291136,-34.52183411138486,-110,-28.632895527469024,-32.15518167522051
89,0.383459,-2.58647,1.5,-43.03842125286726,-61.20837514454796,-46.21878011556795,-110.0,-31.138311794624688,-40.70152664764488,-110,-30.60711179710742,-42.08776166788291
113,-7.61654,-0.586466,1.5,-40.789295908281815,-45.836107151208594,-40.43364602640149,-110.0,-36.83460342997853,-37.628867248571694,-110,-48.94207724090744,-47.76734951665804
221,4.38346,5.41353,1.5,-40.94335560858116,-40.97151331642728,-47.82890446812502,-110.0,-34.96963098386066,-46.21638045087845,-110,-40.760883636244294,-48.57692996938682
159,6.38346,1.41353,1.5,-56.96344343485559,-52.32156090099658,-38.01934981165383,-110.0,-39.35183266512827,-30.44527474027716,-110,-61.15043564090949,-44.57445930339962
112,7.38346,-1.58647,1.5,-49.3727524305944,-33.490993224459,-38.78371635434375,-110.0,-38.23609046391021,-36.82851684453058,-110,-40.79546201902831,-34.719919772721795
197,-3.61654,4.41353,1.5,-44.59792178578075,-46.922175284891665,-41.23863954358376,-110.0,-47.709137454183384,-53.88589553754493,-110,-32.01211987394027,-54.539065907912786
181,-3.61654,3.41353,1.5,-42.51573681143682,-43.26127493058422,-46.00530969106397,-110.0,-44.1538288592959,-38.7834465622205,-110,-31.966194943979367,-59.89949037341645
167,-1.61654,2.41353,1.5,-43.53549165475006,-33.80302226205673,-39.50185369048303,-110.0,-45.9297748496934,-48.945690717368215,-110,-30.22078397763509,-47.33669844761763
70,-2.61654,-3.58647,1.5,-29.27898534615295,-31.807104725862,-29.589023976646267,-110.0,-45.31164893139723,-38.90293583846698,-110,-34.43342930013295,-38.28888411971704
67,-5.61654,-3.58647,1.5,-37.96359669953717,-36.61930517674925,-30.77545790964718,-110.0,-37.29935946471386,-49.762271063536666,-110,-49.56846028431089,-49.980904034241675
19,-5.61654,-6.58647,1.5,-39.04624247825189,-64.29848789659108,-42.57246137305236,-110.0,-40.46603295672986,-45.0311021112455,-110,-48.83518626481107,-46.70731136190698
49,-7.61654,-4.58647,1.5,-39.39426033998104,-45.45727269544486,-37.987259160179306,-110.0,-40.665831460046455,-49.76113531422467,-110,-48.79542489256509,-38.78748209466352
239,6.38346,6.41353,1.5,-59.73361123336095,-30.174405620214735,-65.08402550389705,-110.0,-39.91221518462575,-30.67510087091331,-110,-39.718716065597945,-34.59605636258661
88,-0.616541,-2.58647,1.5,-58.41112312536747,-38.67331392132036,-33.07975592847496,-110.0,-66.05659733689458,-49.41026962427926,-110,-33.85492678996657,-44.041798353923035
64,7.38346,-4.58647,1.5,-53.49610810166129,-47.13199058315095,-38.6577425125712,-93.72352596540624,-44.59455981014785,-33.910758365655845,-110,-41.14124119218287,-29.965962747823557
190,5.38346,3.41353,1.5,-53.21256043042485,-53.85936444111416,-43.76686603664829,-110.0,-36.46963929898251,-29.69562480029879,-110,-38.19107064359532,-37.05104857543736
92,3.38346,-2.58647,1.5,-43.628232446940416,-68.91747490271999,-36.790937292560976,-110.0,-43.33974691317675,-31.828128754393884,-110,-36.709205311873994,-39.5569963408665
63,6.38346,-4.58647,1.5,-45.387199905235754,-51.676272607601234,-38.84380493466461,-94.1496102120634,-35.083734348378435,-34.24871745865659,-110,-28.714217167001134,-33.45038712033659
232,-0.616541,6.41353,1.5,-35.00245940154171,-19.124144486801377,-38.52676702928841,-110.0,-59.906815849083536,-57.06708100631924,-110,-53.46843929551695,-49.90289277922093
70,-2.61654,-3.58647,1.5,-29.051976672888053,-35.119508663731224,-33.11750171112434,-110.0,-45.42158062628271,-36.77231049593025,-110,-34.201648137382996,-37.67955600759076
209,-7.61654,5.41353,1.5,-24.281554639560667,-65.49318993475868,-31.757564909058154,-110.0,-59.64682690402968,-56.85118990464832,-110,-38.501235342240776,-50.63080085531358
216,-0.616541,5.41353,1.5,-54.52411668724892,-24.63726236493201,-32.1586418915998,-110.0,-49.12980079665349,-48.791109615915474,-110,-46.181860044177306,-52.60574936666514
28,3.38346,-6.58647,1.5,-44.059773560411365,-42.34252829534813,-31.147324091490052,-80.1222737642087,-36.78352500569483,-39.020531503153414,-110,-32.54552147864504,-38.97777846705745
116,-4.61654,-0.586466,1.5,-40.11689021485827,-40.42099204630963,-31.13408363974332,-110.0,-48.52893901282302,-33.22792748438604,-110,-40.75549044840755,-37.1852298707554
205,4.38346,4.41353,1.5,-48.257062951577176,-29.739407916470427,-46.821783008111176,-110.0,-35.882954375700315,-45.56877747737519,-110,-41.19806202234248,-42.55623558024967
73,0.383459,-3.58647,1.5,-43.472097911313384,-47.51643731973242,-54.69182461293023,-110.0,-35.489786873919755,-35.44739882321001,-110,-35.791188987257414,-38.144759449850255
236,3.38346,6.41353,1.5,-54.05025563974379,-33.79204578021986,-59.604579124599205,-110.0,-42.1081536541655,-30.3891828596091,-110,-50.347065879696544,-48.57918743430939
205,4.38346,4.41353,1.5,-43.790970539452275,-27.846928061203545,-46.52875872390718,-110.0,-43.34387762481777,-47.60351049015674,-110,-42.47057883481805,-37.12622089879118
14,5.38346,-7.58647,1.5,-55.22627047079895,-54.11017518258322,-43.77282985612888,-110.0,-40.13312681639204,-39.859835766278685,-110,-43.15151432046305,-28.84622453993423
68,-4.61654,-3.58647,1.5,-46.228701592971504,-38.64067130135023,-33.39440632221161,-110.0,-36.33550115639107,-49.46034326855588,-110,-33.32270057382034,-60.33870289479637
231,-1.61654,6.41353,1.5,-34.58183491382563,-24.50217738237441,-38.74412844789998,-110.0,-54.375625682047875,-53.926898171553034,-110,-45.68889903326208,-63.99755638682042
43,2.38346,-5.58647,1.5,-53.879408647948694,-60.44215623230846,-41.30953774802199,-94.02425347709648,-27.512866267355985,-33.89855284851603,-110,-32.02353970168463,-32.81250495797654
169,0.383459,2.41353,1.5,-47.502427432950775,-53.578062449905914,-49.8672205858794,-110.0,-30.777162439255036,-31.7981249728647,-110,-23.47333971221855,-65.03080414259634
176,7.38346,2.41353,1.5,-56.87803502657199,-63.866819551298114,-55.35370151302859,-110.0,-36.65874950545189,-30.38685658973155,-110,-29.297811795158605,-49.8376170985414
142,5.38346,0.413534,1.5,-46.784549330323394,-39.496560540913165,-50.72984751032061,-110.0,-50.11698134464672,-24.979444532323928,-110,-29.060206093499293,-38.46245488032044
62,5.38346,-4.58647,1.5,-52.325174709804166,-52.92103952902728,-44.2235817764865,-110.0,-34.962383182818485,-42.90557175016551,-110,-41.31882288688274,-39.15381122130414
34,-6.61654,-5.58647,1.5,-46.306053829147416,-41.068210981322714,-37.04609694231802,-110.0,-36.826898675346584,-50.69198862409418,-110,-40.90263505799228,-41.85389112257774
45,4.38346,-5.58647,1.5,-46.81295164084663,-43.93044885941228,-28.98280822419325,-97.24996106138512,-29.81163940580899,-36.486093669184726,-110,-43.54820949536732,-37.953342165644465
149,-3.61654,1.41353,1.5,-38.677852725558495,-39.72699647342845,-39.64418188993908,-110.0,-43.26292114786652,-39.889872384506745,-110,-37.443991209222276,-50.71580036062856
16,7.38346,-7.58647,1.5,-43.059891821509936,-55.38301933942927,-44.31416738058648,-82.23665686146697,-48.44201764097046,-37.4326287662335,-110,-33.8772829913566,-29.90898144022299
94,5.38346,-2.58647,1.5,-47.39408481342286,-49.65767455673768,-41.15226622178722,-110.0,-44.3592987691495,-45.605580116133964,-110,-40.3191716620131,-38.19046099253429
180,-4.61654,3.41353,1.5,-38.658717655765045,-48.50192694485001,-36.81869598411993,-110.0,-52.21831097001906,-53.14409973258147,-110,-33.90221312011531,-41.758001011637575
56,-0.616541,-4.58647,1.5,-45.15048621653652,-37.61440354313035,-30.595606708035117,-110.0,-56.93661098142863,-50.53644895947085,-110,-34.83406008171465,-36.22435391964356
223,6.38346,5.41353,1.5,-55.44806578722991,-37.69289005717287,-54.1386004018517,-110.0,-45.521743446275075,-39.96679554319525,-110,-40.35831150319343,-38.3650960418275
206,5.38346,4.41353,1.5,-57.23228711948547,-32.618220004687316,-48.75452819603045,-110.0,-46.807341756242614,-41.41148854734463,-110,-38.74729741877907,-39.37745155536291
85,-3.61654,-2.58647,1.5,-41.75471106085821,-49.60386770164683,-40.16709774928298,-110.0,-42.4021629925404,-39.61400144811455,-110,-37.03896338428531,-52.20974514178709
41,0.383459,-5.58647,1.5,-58.42628046505676,-61.09654390123659,-60.47448321281088,-110.0,-29.10046611157367,-43.99242427720518,-110,-36.01561249398873,-39.85370810600226
156,3.38346,1.41353,1.5,-56.01206949883198,-42.39567665242603,-54.989945119527945,-110.0,-37.84726704863301,-38.37253394274501,-110,-35.875576347816704,-48.55775203160004
185,0.383459,3.41353,1.5,-45.66687287245914,-47.217946543682146,-54.39602440810264,-110.0,-32.84662401059423,-38.833166546263726,-110,-29.450152223727898,-37.27772081628459
151,-1.61654,1.41353,1.5,-30.45551570607088,-32.011355553772354,-36.15011458984463,-110.0,-58.55344854603708,-41.6259651640755,-110,-33.733810233890196,-54.44834447572538
29,4.38346,-6.58647,1.5,-50.31593304357027,-55.18792259095215,-38.52013019665899,-71.74872837482062,-31.765504936990187,-33.50829187717832,-110,-33.499435280754454,-31.02972938456796
100,-4.61654,-1.58647,1.5,-46.30049266092081,-39.692129794627874,-36.10327010702783,-110.0,-38.05604981212971,-47.822425394019746,-110,-31.179888408144063,-46.57735556914613
19,-5.61654,-6.58647,1.5,-42.19248474428136,-56.61599578670623,-44.439121932314784,-110.0,-49.61219807817095,-44.2052473553089,-110,-39.250887185334065,-45.152672214110744
38,-2.61654,-5.58647,1.5,-46.36590449417324,-39.69766274036934,-28.843468840948653,-110.0,-35.67845525485512,-44.45911556859542,-110,-46.55541309768706,-38.47571588323115
239,6.38346,6.41353,1.5,-60.308601963146984,-33.95579696258098,-62.48044237992146,-110.0,-40.39125217959379,-35.349626382135575,-110,-45.07746502291379,-37.1457369417115
114,-6.61654,-0.586466,1.5,-31.374550830958007,-40.07347528573073,-40.76997082218806,-110.0,-53.32932070023415,-37.219661934088926,-110,-54.40711604219907,-48.910301751714464
173,4.38346,2.41353,1.5,-45.02417777484357,-37.048406187453566,-40.97999542484005,-110.0,-38.974916434436864,-27.268702753745025,-110,-34.591776459663144,-49.49929637181196
99,-5.61654,-1.58647,1.5,-37.17094272523659,-45.726715316334875,-39.699227651237635,-110.0,-37.88988512155494,-50.592343272737885,-110,-46.18970898406846,-42.53116563927002
139,2.38346,0.413534,1.5,-49.34839773200101,-55.71739669726838,-51.4778076417387,-110.0,-35.397457772869934,-34.158734615922334,-110,-40.792803693922856,-37.0194541461676
109,4.38346,-1.58647,1.5,-50.00624675299884,-68.36483834972061,-39.94304467528527,-110.0,-40.15368542142968,-31.716052951523693,-110,-32.89165533088395,-34.474905877938816
156,3.38346,1.41353,1.5,-59.67689596149991,-46.32209443372204,-50.26647611720784,-110.0,-41.30666335545833,-39.25015998384461,-110,-41.22830081007692,-46.767899339252395
237,4.38346,6.41353,1.5,-57.20869089422284,-47.94900627175145,-47.97708784670751,-110.0,-36.58361528211934,-30.102374286621735,-110,-32.65920301889974,-41.96282721526377
87,-1.61654,-2.58647,1.5,-40.04511075946821,-38.38315538126373,-43.80733918609322,-110.0,-44.389437454168544,-45.864587765704904,-110,-39.04302287583157,-40.45866722034983
94,5.38346,-2.58647,1.5,-47.41295717072752,-56.24835156624925,-42.82094372123543,-110.0,-47.18209811357336,-40.76384025263502,-110,-40.01920626736491,-37.80309399749262
235,2.38346,6.41353,1.5,-48.731870080831,-31.376618722666247,-52.419994147312835,-110.0,-48.96304818802842,-52.33883396443082,-110,-48.91092590427436,-51.00788783889978
208,7.38346,4.41353,1.5,-48.847221433025254,-33.62331495734424,-57.07829100187987,-110.0,-52.40346538531119,-27.130504257621496,-110,-34.66650033278201,-40.995758802108845
165,-3.61654,2.41353,1.5,-39.72417660691379,-28.278017226312095,-34.50864773398327,-110.0,-42.18511482765811,-60.09740130486278,-110,-31.856239609700847,-50.75902087172333
120,-0.616541,-0.586466,1.5,-38.89330282395358,-27.742307329468854,-28.072159165092664,-110.0,-47.36100479415153,-41.8428571405636,-110,-30.55836968926559,-43.42637258110737
208,7.38346,4.41353,1.5,-54.37881669615896,-37.74267154898839,-58.990472501225504,-110.0,-53.69287745473877,-22.006625891710417,-110,-31.34047687890897,-30.767277113076265
205,4.38346,4.41353,1.5,-46.26412730031145,-34.638548054427126,-49.16803520432391,-110.0,-37.239448755609615,-43.95950991708548,-110,-38.77895662953037,-37.30266172813472
88,-0.616541,-2.58647,1.5,-53.7134701597578,-38.322933612253195,-34.944786357239636,-110.0,-63.01725441816078,-49.274060608245485,-110,-38.740486454612174,-44.13965053766976
200,-0.616541,4.41353,1.5,-47.55222831534896,-20.18515216507567,-38.66143984269074,-110.0,-57.89636412842806,-49.654868212315215,-110,-32.9078631011379,-40.82545796661461
153,0.383459,1.41353,1.5,-46.24135276154457,-58.07230326742971,-37.760214788900825,-110.0,-33.4039107494324,-33.029929034368216,-110,-25.766150038389007,-36.540965661328926
37,-3.61654,-5.58647,1.5,-42.30351576737173,-39.34155316593532,-33.97632137676342,-110.0,-29.096236497452367,-49.90006804441256,-110,-42.84189528625384,-30.7584755914012
143,6.38346,0.413534,1.5,-49.368409220814904,-54.694886759720056,-52.354683584422034,-110.0,-34.26840866949719,-36.91782845622423,-110,-34.02768161232172,-37.55170408659941
70,-2.61654,-3.58647,1.5,-30.716701657694745,-35.745748880207664,-24.994831056054775,-110.0,-46.66613568410451,-44.77477867592842,-110,-35.59863087796318,-36.76420992179344
82,-6.61654,-2.58647,1.5,-57.79642895517282,-41.97657602079578,-43.60768813244139,-110.0,-48.860642334548366,-70.05764219627265,-110,-50.04484197517779,-38.25066015550188
68,-4.61654,-3.58647,1.5,-39.56372759694154,-31.443850713137167,-32.053545922513024,-110.0,-29.554444867619775,-53.961143819242,-110,-37.41357441426632,-62.0280299086436
185,0.383459,3.41353,1.5,-48.38634366679801,-41.151918865303216,-47.92370628187914,-110.0,-36.60254715594065,-31.44377037666775,-110,-30.485342875529028,-38.38672882809832
8,-0.616541,-7.58647,1.5,-29.80704109270177,-38.78996599893884,-46.92598480737193,-110.0,-45.388640267589544,-51.04551668682094,-110,-48.302067928445894,-44.99247503833732
34,-6.61654,-5.58647,1.5,-47.5008491221752,-37.11111530602034,-29.265518103901695,-110.0,-40.513550258943226,-49.37652650270727,-110,-43.32856057014995,-40.07490876934574
65,-7.61654,-3.58647,1.5,-36.06157134963748,-44.09530998084222,-39.91150493257575,-110.0,-40.563840182639545,-43.097596224912074,-110,-34.71416594332067,-49.02339098532872
213,-3.61654,5.41353,1.5,-49.10769102358418,-53.18679007463548,-46.51940884489359,-110.0,-55.98950415260448,-49.39749409462376,-110,-34.954718071190804,-40.73976990479079
47,6.38346,-5.58647,1.5,-37.70348943477863,-51.67654802482998,-34.83234547159753,-89.97192215983522,-35.861023240467205,-32.679248336760686,-110,-43.17193404810698,-39.66001303350932
73,0.383459,-3.58647,1.5,-41.80494024298463,-43.36893069341952,-54.49966569979309,-110.0,-27.26012348759026,-36.65378829749371,-110,-32.72672551691719,-36.57879151972732
24,-0.616541,-6.58647,1.5,-36.10652270492356,-33.52364480177667,-36.44991488294052,-101.4406254869048,-30.52863894860407,-58.21676745348445,-110,-43.99160468927434,-60.3296529009154
38,-2.61654,-5.58647,1.5,-46.81643667515792,-41.5903834639745,-25.1921901570136,-110.0,-27.4280211007628,-45.18442162016142,-110,-45.53934403083331,-38.56326943253387
130,-6.61654,0.413534,1.5,-34.584511856572135,-45.14412640627188,-50.984387275249226,-110.0,-32.90026280713375,-41.23510253414528,-110,-48.80050342890709,-62.98933729020996
60,3.38346,-4.58647,1.5,-50.5071108241237,-48.35383352888184,-43.188885005138374,-110.0,-33.52298105753245,-40.00320756317978,-110,-35.726768724594706,-29.226542559062903
206,5.38346,4.41353,1.5,-57.17801901481598,-32.14827423704705,-51.0212573571905,-110.0,-46.30619982751851,-38.792774164612176,-110,-37.25422737790815,-36.30482732009406
88,-0.616541,-2.58647,1.5,-55.70840793402916,-37.38182727302282,-34.81799827139407,-110.0,-71.83534510744045,-46.36440692498677,-110,-34.27819486718267,-40.222471557848465
117,-3.61654,-0.586466,1.5,-34.97080333702589,-43.11934644089333,-40.95601923110805,-110.0,-39.1930434383761,-42.93833002944978,-110,-34.865257566655906,-44.69092612150769
35,-5.61654,-5.58647,1.5,-38.21052210684275,-40.07467436591749,-42.073987690639825,-110.0,-35.22407676156069,-50.589122044403666,-110,-35.57695138576646,-34.4788674934212
76,3.38346,-3.58647,1.5,-46.90345042362858,-54.65396733222756,-40.36210865754953,-110.0,-31.76768562481088,-30.08999519544339,-110,-32.53529447478504,-29.959837472058396
199,-1.61654,4.41353,1.5,-49.529884633200055,-40.653174134821086,-43.54154960010393,-110.0,-62.96877045433966,-39.39680746699983,-110,-28.138582468231103,-42.02627956700492
238,5.38346,6.41353,1.5,-64.47948345376112,-37.61904961985333,-41.143790775780275,-110.0,-39.67102410290222,-29.594365498552136,-110,-41.25729877693542,-43.84952121153759
11,2.38346,-7.58647,1.5,-43.97573226415312,-54.7117835051725,-28.75123655445585,-82.40260672730902,-20.626040410829788,-37.0061613432414,-110,-42.22634913810037,-40.73082872546749
89,0.383459,-2.58647,1.5,-45.73412013867392,-61.51387122388037,-51.65443101509544,-110.0,-29.29618241476309,-40.06978794702992,-110,-32.24649925013697,-34.888212614810605
77,4.38346,-3.58647,1.5,-49.05304960919656,-52.547242105602265,-37.65908591044571,-110.0,-35.10019716907829,-41.19527180371524,-110,-45.65235592519437,-32.567008838917594
172,3.38346,2.41353,1.5,-55.90145432382847,-36.81717784506955,-52.759276731650345,-110.0,-38.81963127387738,-30.812391803585054,-110,-35.817122231410764,-41.87726582183272
85,-3.61654,-2.58647,1.5,-35.69001923671668,-43.13880561422549,-46.22077304826265,-110.0,-40.18754908069454,-40.26155371328973,-110,-43.34367151928853,-51.3721592970534
72,-0.616541,-3.58647,1.5,-26.012819555719886,-36.71198430146746,-56.02613029376706,-110.0,-54.72146239261128,-40.601065139694455,-110,-31.876034889452622,-44.24581634078965
105,0.383459,-1.58647,1.5,-44.5122431946448,-43.28513568193219,-51.40754295920975,-110.0,-36.1318812403687,-37.08293397843567,-110,-38.368528112277694,-35.17633811060705
229,-3.61654,6.41353,1.5,-35.67108907793908,-35.84550794246756,-40.988808559780814,-110.0,-66.01132194224539,-66.33457041749372,-110,-49.73428244589409,-50.54423994870717
133,-3.61654,0.413534,1.5,-37.81002374350264,-35.57043131409801,-39.43033908684176,-110.0,-51.55558171246052,-38.31352127166002,-110,-37.68122596325976,-42.62068600258874
48,7.38346,-5.58647,1.5,-53.79499976132786,-47.99579077495005,-38.63589159771114,-97.68271381309908,-40.98150219574517,-40.12086105889151,-110,-42.20327827529359,-22.409825433378323
170,1.38346,2.41353,1.5,-55.78257293783869,-52.328832146322185,-37.19983636110187,-110.0,-36.50568752933464,-42.62092197959089,-110,-29.14307285517441,-45.879051259566864
85,-3.61654,-2.58647,1.5,-38.88209146061646,-47.07057674635848,-43.18465766707961,-110.0,-39.069112937935415,-43.01012562852453,-110,-39.74654856029661,-49.02407090769102
154,1.38346,1.41353,1.5,-46.04753703151673,-56.32419610364419,-48.19230715075602,-110.0,-43.7171496871724,-46.30159178855639,-110,-31.94204005573106,-33.69781595157369
178,-6.61654,3.41353,1.5,-31.730984571485457,-52.9428020222457,-31.220032180220382,-110.0,-59.36198764297937,-38.017250039967706,-110,-42.25826627974359,-46.20075733151472
15,6.38346,-7.58647,1.5,-51.8920583275949,-53.58126124410862,-37.585079964860306,-84.35751342301576,-29.162275510747136,-43.30484707458099,-110,-53.859506958021306,-26.995973565934584
151,-1.61654,1.41353,1.5,-32.36885178045767,-34.331667537818774,-31.037586069587334,-110.0,-56.06508280056904,-39.19984052537753,-110,-34.76717113149491,-47.4245500559752
43,2.38346,-5.58647,1.5,-48.45957058539895,-54.39016958311489,-36.871731790755334,-97.8557209052405,-28.924823294372125,-34.16884167562128,-110,-31.99959194653553,-33.183134594231234
125,4.38346,-0.586466,1.5,-42.40654060775018,-46.856911080149274,-39.4260092270162,-110.0,-31.89729642982312,-29.796561183897015,-110,-35.948399983069194,-42.928219053113594
13,4.38346,-7.58647,1.5,-42.808863037045384,-41.57533276217902,-43.917304055105966,-110.0,-45.47206616234848,-40.74916738642651,-110,-36.867270973888616,-46.22261641919211
228,-4.61654,6.41353,1.5,-28.703667865879066,-34.20726380937199,-48.317693415375786,-110.0,-56.15292446128888,-67.78984989424869,-110,-44.56588283340015,-47.75928093714236
192,7.38346,3.41353,1.5,-57.58346460919234,-49.2427197293328,-40.51753056185963,-110.0,-36.10252019933426,-19.13130019729343,-110,-24.245492542284985,-35.2942891701616
83,-5.61654,-2.58647,1.5,-35.743839027329884,-28.79827439970188,-42.266478714949294,-110.0,-38.8056672295452,-39.98468980265718,-110,-37.2311001753951,-44.4410468009925
1,-7.61654,-7.58647,1.5,-110.0,-110.0,-110.0,-75.72493288365739,-85.97265226345273,-110.0,-110,-110.0,-110.0
69,-3.61654,-3.58647,1.5,-40.64809597581251,-45.683028123444686,-35.394934030993134,-110.0,-38.81715323338743,-43.159152570484295,-110,-38.31991903357988,-48.4064676543224
56,-0.616541,-4.58647,1.5,-45.10296090963008,-35.06441393560115,-25.512236413756508,-110.0,-51.321558578680424,-41.90672921362961,-110,-41.7463348078216,-38.94964613271785
24,-0.616541,-6.58647,1.5,-31.725280510347098,-37.23191363089639,-43.70146332628411,-102.6843890917206,-34.71080736584329,-61.73999097034253,-110,-41.97437730742007,-61.21538958646052
174,5.38346,2.41353,1.5,-51.16983004010094,-54.43550922542034,-42.37139361862773,-110.0,-32.52414503996773,-26.981348594286235,-110,-40.84158985654679,-41.07367305018275
92,3.38346,-2.58647,1.5,-48.85364523317008,-66.19082075913887,-42.60690333001352,-110.0,-42.020151035438616,-35.42468121339269,-110,-38.92778140420584,-28.600731223108056
46,5.38346,-5.58647,1.5,-44.99527963487451,-65.44022054440235,-48.03323034169606,-97.36195952224028,-37.30275936763515,-37.92051322453047,-110,-36.210829368795075,-32.43419636902658
204,3.38346,4.41353,1.5,-46.24808571295169,-30.326886882367695,-52.87569476294142,-110.0,-46.81568463411358,-42.207873902672894,-110,-43.08598885907774,-38.777674228084294
83,-5.61654,-2.58647,1.5,-35.17469592841878,-37.139661629155455,-35.07966213978022,-110.0,-47.38193783477581,-45.54798551689142,-110,-33.2542608264361,-39.0951556485528
126,5.38346,-0.586466,1.5,-37.98563145136317,-43.72125662202356,-46.407650418267565,-110.0,-35.951827373475794,-37.79118022647128,-110,-34.46944128102295,-42.1187315527673
78,5.38346,-3.58647,1.5,-46.245817476081974,-57.7927238353573,-53.36544944471737,-110.0,-37.50811681585659,-35.286612166654635,-110,-33.425986175315,-30.4583056757611
16,7.38346,-7.58647,1.5,-42.61825406664767,-53.48088696616026,-48.05390348043869,-80.18681464824483,-50.30488395320606,-38.502212541829536,-110,-28.329441262572768,-29.830803937681292
140,3.38346,0.413534,1.5,-46.381662665919755,-50.56242703035428,-47.08209929516211,-110.0,-42.5624933037518,-44.992178241071315,-110,-27.39737763642807,-47.50803537706435
137,0.383459,0.413534,1.5,-43.508576021073246,-49.13763923721419,-48.52129644518827,-110.0,-38.505378639175326,-39.722860497522646,-110,-26.16354250590527,-34.454957267919575
50,-6.61654,-4.58647,1.5,-40.27692128490926,-34.986439920161175,-31.378793465072565,-110.0,-42.30208955159322,-37.95228972440804,-110,-37.78791808440787,-45.24442325152515
123,2.38346,-0.586466,1.5,-48.66968676725541,-71.73397651629026,-63.73853289517119,-110.0,-41.68074428168206,-51.49466970947413,-110,-41.883387114167746,-38.22621438674994
10,1.38346,-7.58647,1.5,-48.99357758683644,-52.62183001581117,-28.57061785228207,-110.0,-22.19492983320933,-43.841213768477864,-110,-33.30510114250419,-39.874795002035505
144,7.38346,0.413534,1.5,-42.38659908384235,-53.64813972423233,-39.81461070998459,-110.0,-40.0449575592588,-25.756320276610143,-110,-34.84036845146145,-36.420707705522055
118,-2.61654,-0.586466,1.5,-39.847654541299995,-42.13753070689779,-44.659508831694225,-110.0,-48.29115056317784,-42.96901853278129,-110,-37.21664424324417,-40.68988455169146
169,0.383459,2.41353,1.5,-41.39159327688334,-53.57260126360413,-50.115773609876385,-110.0,-34.26815101092095,-37.89924302916255,-110,-28.37384371161533,-69.99090275195947
87,-1.61654,-2.58647,1.5,-36.34767745645788,-42.263160876623246,-47.70079250592646,-110.0,-46.977224052388046,-45.613316083715226,-110,-33.31069318523553,-36.41884745566633
46,5.38346,-5.58647,1.5,-47.75026918308378,-64.48290357242811,-39.336056972235234,-99.98111918438649,-36.919793756280285,-38.02045551322428,-110,-38.7562570291677,-34.31311670196941
217,0.383459,5.41353,1.5,-45.47368720759275,-26.88452049434341,-42.537049748913255,-110.0,-49.60202106629348,-42.09686903387771,-110,-26.26388492767393,-33.88558019544566
207,6.38346,4.41353,1.5,-43.41678214916277,-52.58783296925318,-53.234259736714506,-110.0,-53.4729311281272,-37.60398742387932,-110,-35.50343173347401,-39.53142502945621
20,-4.61654,-6.58647,1.5,-30.71258149190359,-43.33283410656982,-39.18095460620388,-84.36165827714055,-45.59496463673499,-52.30821201346221,-110,-39.12022160051337,-44.50165208699235
146,-6.61654,1.41353,1.5,-39.41242615680572,-47.81462942497076,-41.898914800384354,-110.0,-47.85851555872601,-30.21273086453633,-110,-33.8429851473834,-41.258763877888185
236,3.38346,6.41353,1.5,-59.473110107639855,-34.686675186384896,-54.29803143811679,-110.0,-41.956985552755725,-36.81918377005769,-110,-46.80030582237041,-44.83810988037568
239,6.38346,6.41353,1.5,-56.03809100066486,-37.173457856976405,-61.087116621734864,-110.0,-33.556286039577735,-37.63445061171394,-110,-49.24612952291171,-34.98559692754086
227,-5.61654,6.41353,1.5,-32.41595463890685,-41.547166570855666,-26.596017980828844,-110.0,-55.93353579827437,-61.5291929715969,-110,-53.12214082321948,-70.30797330759633
225,-7.61654,6.41353,1.5,-22.545356440195786,-35.78124108679819,-45.647698507531665,-110.0,-60.53935077525845,-52.86710362770391,-110,-53.11650424211329,-46.900164979324046
116,-4.61654,-0.586466,1.5,-44.451145918065706,-40.67223941219759,-37.999995992896984,-110.0,-45.15968323081163,-34.891557655441886,-110,-34.800774097159675,-34.986005069767295
153,0.383459,1.41353,1.5,-45.6001107897699,-56.54439211978532,-40.192604384137304,-110.0,-28.420147448036253,-30.434090337155027,-110,-25.169705613584693,-36.272811794273174
100,-4.61654,-1.58647,1.5,-45.0767216279478,-34.73215474703296,-32.778561137168516,-110.0,-34.41037343754736,-47.58723390116801,-110,-38.54005249401353,-45.67680408702462
214,-2.61654,5.41353,1.5,-38.35463228328168,-55.898947317231965,-35.30731434520055,-110.0,-41.16752388763543,-64.51156379202205,-110,-35.66987310468838,-48.19193869259482
85,-3.61654,-2.58647,1.5,-35.52717864816843,-49.68619432808768,-40.848513402275394,-110.0,-47.17874492101898,-43.76158140185797,-110,-47.47354911255182,-48.35843669363515
178,-6.61654,3.41353,1.5,-29.841499096065835,-54.736093745582,-35.613732458272644,-110.0,-63.0552605103851,-35.11928382482519,-110,-41.92986166608616,-46.90607896527551
214,-2.61654,5.41353,1.5,-41.65668365702354,-49.53456465945669,-32.18454346431753,-110.0,-43.952806882162925,-58.94127606744124,-110,-30.76584830195876,-46.741060406832005
136,-0.616541,0.413534,1.5,-45.480236763947616,-33.06745583814363,-35.14689200241418,-110.0,-56.64252123144651,-34.99975560924118,-110,-30.69816065984283,-43.448967970182785
133,-3.61654,0.413534,1.5,-32.649924901682155,-34.371683763167844,-40.52754194104786,-110.0,-42.36006772460396,-45.755154172265186,-110,-36.89447850916142,-41.478439950670094
232,-0.616541,6.41353,1.5,-40.061078277352415,-22.16483187445012,-37.2612274782455,-110.0,-58.75827818088115,-57.990537727525584,-110,-61.63048907327254,-55.85038576272797
23,-1.61654,-6.58647,1.5,-35.98410138919593,-41.798491928459555,-22.233850901690182,-100.10769885990877,-36.46756680129664,-46.731211747155605,-110,-35.54539722067014,-43.439055074168266
153,0.383459,1.41353,1.5,-44.791848418669474,-52.26108844484711,-47.6189856711636,-110.0,-31.411143664431076,-33.320095590112366,-110,-27.63650459099372,-34.775904261826426
109,4.38346,-1.58647,1.5,-51.76386204366336,-69.35503576216601,-36.41631798144736,-110.0,-39.23806589877476,-29.627776439436264,-110,-28.947067927402543,-37.26010909400451
200,-0.616541,4.41353,1.5,-45.295276870434535,-29.750748361924767,-35.726222490320524,-110.0,-64.55331414776919,-47.96628182574027,-110,-31.94014159056188,-44.79784296840008
137,0.383459,0.413534,1.5,-41.96217854185766,-45.36050023894057,-44.11470391048453,-110.0,-33.669047191507325,-42.58146762026522,-110,-25.59271492886496,-40.05819281042331
95,6.38346,-2.58647,1.5,-54.25660743266989,-59.75071440171937,-37.7409774398124,-110.0,-30.648426223073297,-50.503582161786994,-110,-31.800879719883373,-27.47811335851006
124,3.38346,-0.586466,1.5,-50.53830233797936,-57.53684300783961,-58.682956738651846,-110.0,-42.18320049973934,-37.01220052719829,-110,-32.98090627666932,-34.740812866237476
135,-1.61654,0.413534,1.5,-38.8186247529908,-32.7993333398765,-35.255907082199826,-110.0,-48.68858679172008,-43.84061240076026,-110,-31.024782393246717,-49.44374096182169
75,2.38346,-3.58647,1.5,-46.36558908508047,-49.598576784710744,-48.52037941151893,-110.0,-33.09149509367943,-39.110800668626446,-110,-35.64208500516191,-38.37771244904222
175,6.38346,2.41353,1.5,-62.84568842017366,-55.84723258569976,-43.93966650192129,-110.0,-39.71096280373814,-26.987753383817005,-110,-34.342434534967694,-45.92474694292303
78,5.38346,-3.58647,1.5,-50.65558414372135,-57.82962227000832,-58.93582970040613,-110.0,-29.941373763910484,-33.2133309554762,-110,-33.036874590075485,-30.709822300520564
18,-6.61654,-6.58647,1.5,-37.13046082025109,-33.60982714378482,-37.62884555762114,-83.2932878347488,-39.7114067896995,-50.23598254373756,-110,-39.01442120740669,-46.9597379968184
18,-6.61654,-6.58647,1.5,-34.73155952583961,-40.114911162948225,-31.462137291242332,-82.61136194063359,-41.22462378816086,-42.16137758117732,-110,-37.66729503852332,-42.81879353629659
232,-0.616541,6.41353,1.5,-44.144688414561,-22.134786237868887,-33.1375245760748,-110.0,-59.6200183529692,-56.28837474167514,-110,-56.429218980175,-50.16233446551893
236,3.38346,6.41353,1.5,-51.072372117713506,-33.85755661077231,-52.94657612536911,-110.0,-41.5537138997612,-34.5454732882066,-110,-51.777025460744184,-47.00926498754255
232,-0.616541,6.41353,1.5,-41.29264260699609,-20.609923015057237,-31.140753383903757,-110.0,-61.38771834922984,-59.54174245332837,-110,-58.00222883409414,-51.1385736977688
181,-3.61654,3.41353,1.5,-42.70120207433485,-41.986864228136106,-46.165561496183194,-110.0,-37.04094743762089,-36.009650674354845,-110,-26.87469555254777,-63.20835784552808
27,2.38346,-6.58647,1.5,-44.84950959529668,-46.378710596446034,-24.004743810686293,-71.9228800897535,-30.269490876231572,-36.93838477699111,-110,-39.47853925245968,-39.28591811083861
188,3.38346,3.41353,1.5,-66.42149729690068,-43.21026639223598,-47.272064169667914,-110.0,-44.94114529643646,-50.73580858792568,-110,-22.986358274151208,-46.03832052811985
163,-5.61654,2.41353,1.5,-29.457308817805444,-42.98014582231008,-46.26075168980758,-110.0,-39.8133446460857,-46.26890733318217,-110,-38.67755013965387,-42.48428573415704
22,-2.61654,-6.58647,1.5,-37.67115231559826,-46.49831003073799,-33.964026188286645,-80.57829295132392,-36.82109972485077,-36.5252727698652,-110,-36.28849600654082,-50.03838456023433
212,-4.61654,5.41353,1.5,-47.887909689532776,-44.55956208394185,-46.58434794525258,-110.0,-48.698418278815105,-51.03272333018234,-110,-37.906185629300765,-45.47635356062691
74,1.38346,-3.58647,1.5,-45.61824047056854,-45.71549063213776,-39.424811927639254,-110.0,-33.83591895431924,-44.74367745030964,-110,-39.589925025525346,-46.15799113164138
13,4.38346,-7.58647,1.5,-45.484032996012466,-45.99522156297006,-46.67782391964116,-110.0,-44.748841446345125,-37.60369151305892,-110,-32.846802751626626,-46.43370437849954
157,4.38346,1.41353,1.5,-55.21182198539281,-37.547518054535104,-51.48538369794232,-110.0,-46.5616973870627,-45.88700706260196,-110,-35.983129259925704,-36.02485616974587
141,4.38346,0.413534,1.5,-46.25373184266986,-48.96157676762116,-44.17888918086922,-110.0,-35.076702036453106,-37.332971281545134,-110,-35.87903830537341,-38.715695605675094
13,4.38346,-7.58647,1.5,-42.82193202161267,-40.820869071613615,-46.014373582251245,-110.0,-44.64432741753649,-40.27859012461135,-110,-33.48304916815246,-45.7632358612925
169,0.383459,2.41353,1.5,-46.48385972944415,-54.59570550047965,-46.769644973286034,-110.0,-34.07267110815897,-27.79921123094308,-110,-29.24133571823091,-65.35940702969313
74,1.38346,-3.58647,1.5,-49.970827105542,-43.12087600724819,-40.91829859059864,-110.0,-35.47060283150294,-46.1696913188049,-110,-39.42994296797637,-43.31538078707412
183,-1.61654,3.41353,1.5,-48.935247966269635,-38.65192695466427,-40.56952190802781,-110.0,-48.20071724766462,-30.580811210405955,-110,-23.20680781175647,-42.424385350647434
54,-2.61654,-4.58647,1.5,-50.46703298600422,-34.779337984386764,-37.501591452901934,-110.0,-38.207964777711815,-44.52896670407014,-110,-45.479727486751855,-43.3196330214656
216,-0.616541,5.41353,1.5,-52.49830224199971,-22.044175836342877,-37.43715714949247,-110.0,-49.21437757527755,-55.69123290876411,-110,-47.7372099701558,-58.45950175563267
122,1.38346,-0.586466,1.5,-50.791873956719925,-49.10643884307582,-43.98801486146454,-110.0,-46.094230935167666,-53.58634031989681,-110,-32.97695934837146,-36.91864248462345
33,-7.61654,-5.58647,1.5,-45.26841364085589,-42.891536767587525,-32.18646793406084,-110.0,-30.72215070971972,-46.06619420975041,-110,-37.736342419082725,-47.59338388063232
216,-0.616541,5.41353,1.5,-58.03344048481988,-24.954327589626548,-35.2136772343549,-110.0,-49.38927706552359,-58.6739344122018,-110,-43.372669853305,-57.79082076607947
226,-6.61654,6.41353,1.5,-37.43790733388069,-47.81136250868362,-42.04944496732508,-110.0,-47.614754300265254,-59.67754485840115,-110,-47.66600179869115,-57.50982693362128
183,-1.61654,3.41353,1.5,-49.45428630852232,-31.448516360401477,-43.12878284783427,-110.0,-50.88179058506525,-32.50463824817607,-110,-24.972546130487864,-43.76626751097696
12,3.38346,-7.58647,1.5,-45.1348736781647,-43.45213085906921,-42.35817848300277,-79.64104317269563,-38.81312520322742,-46.34943081949003,-110,-41.39028962599309,-46.010817081654785
128,7.38346,-0.586466,1.5,-54.7408164537468,-52.4931458066262,-41.446457276905925,-110.0,-38.11277172265467,-46.40882425318252,-110,-31.489238955463556,-36.22094224698394
212,-4.61654,5.41353,1.5,-41.84496090178527,-39.57816031968332,-39.08942472838365,-110.0,-48.70558320508883,-49.20188228742213,-110,-31.532522201013737,-52.4300993066459
42,1.38346,-5.58647,1.5,-40.348635865877625,-43.0624715487456,-32.49015585139952,-93.6429456657309,-26.07161418712901,-32.11696040231074,-110,-43.8992999215787,-37.2170595566301
167,-1.61654,2.41353,1.5,-47.65223067404203,-34.962276523493586,-41.31092284511284,-110.0,-40.470687825039846,-43.15485267132165,-110,-32.77713523756754,-43.94560376286635
124,3.38346,-0.586466,1.5,-57.92516880389088,-56.33655729342459,-58.05218827911924,-110.0,-33.107981072349865,-38.198870109944075,-110,-26.906648383041517,-38.0375869394506
203,2.38346,4.41353,1.5,-54.50204845662679,-44.95472895553533,-65.14948859893032,-110.0,-41.67280146664967,-33.709904235080245,-110,-49.23768385057536,-39.33322401973848
86,-2.61654,-2.58647,1.5,-38.63873382801237,-44.255783711198504,-26.7984890215769,-110.0,-43.64839086109425,-40.863803019091755,-110,-43.62898163126499,-47.24632625570896
115,-5.61654,-0.586466,1.5,-38.49267534207321,-36.00658870895363,-44.05299719687998,-110.0,-42.25932021977895,-33.5468237407333,-110,-40.73251544561289,-35.510198170646234
68,-4.61654,-3.58647,1.5,-42.441744469036664,-28.563057919932668,-32.32725456851502,-110.0,-37.9971694000304,-56.91147423011059,-110,-36.289178852489535,-64.15073808524396
26,1.38346,-6.58647,1.5,-39.064457347839586,-53.561650671546225,-35.561117645274095,-93.95210824784206,-19.0210507520738,-31.72014603686149,-110,-45.74384494677092,-32.54532818693398
225,-7.61654,6.41353,1.5,-23.716467292884875,-39.9754879882733,-43.30408827534292,-110.0,-58.735581078116624,-55.917938696720455,-110,-56.010389314940035,-41.46214384976102
119,-1.61654,-0.586466,1.5,-43.73056901862835,-35.56890276381922,-31.249736899113536,-110.0,-49.91591680109583,-42.50190619149279,-110,-39.92113970038698,-55.39717458670561
228,-4.61654,6.41353,1.5,-27.55282117666253,-35.442906373002344,-57.46583009275452,-110.0,-59.10919215006496,-59.67513440047287,-110,-46.441142467294746,-60.924474429193694
220,3.38346,5.41353,1.5,-42.306713893167974,-33.87237826386173,-46.559835235605846,-110.0,-36.520237661376825,-36.62505050351584,-110,-41.00117413203816,-45.28158167620179
166,-2.61654,2.41353,1.5,-43.40519210973452,-33.59919535056425,-44.51978016574215,-110.0,-38.437112294297066,-46.28405186284763,-110,-30.525675375620988,-54.13273605625238
152,-0.616541,1.41353,1.5,-41.136375661945785,-37.237653523449005,-27.7997987822384,-110.0,-43.99722473132928,-44.26125499403783,-110,-23.840785712919303,-47.088644820550016
56,-0.616541,-4.58647,1.5,-43.30814242595001,-41.2496541504443,-25.88347005240791,-110.0,-50.92157966406516,-47.73486145302659,-110,-43.11955275092154,-37.89536206305652
13,4.38346,-7.58647,1.5,-36.94622237730594,-49.53499287164314,-49.30377582417874,-110.0,-41.88937510849742,-41.83859929352246,-110,-38.556694579100885,-41.57706885292906
158,5.38346,1.41353,1.5,-56.74946326246097,-66.21581175959541,-43.93679639467776,-110.0,-30.257857192732004,-52.367204747123075,-110,-46.83540104707777,-51.652768268696725
155,2.38346,1.41353,1.5,-45.54921351173692,-64.87268844765516,-45.18159598681666,-110.0,-35.07626630022881,-30.34248492552981,-110,-28.008877351072886,-38.80069347355672
145,-7.61654,1.41353,1.5,-26.145943009626265,-35.24621726739542,-40.54114047789725,-110.0,-38.44890163823288,-40.51282261944587,-110,-39.56861441229877,-32.62800222514018
5,-3.61654,-7.58647,1.5,-44.81247865851849,-37.385872371704494,-43.21649648543355,-110.0,-36.928822803052945,-58.956084340107,-110,-60.98660024329091,-39.1024483777306
211,-5.61654,5.41353,1.5,-43.69723459776187,-46.73166715788142,-37.675155005156846,-110.0,-55.80712229870432,-46.3578380362956,-110,-46.019395761207896,-43.97014623404755
103,-1.61654,-1.58647,1.5,-29.697007437218662,-38.45780806152964,-44.60228802692645,-110.0,-50.594164102718146,-43.721813205129315,-110,-38.88111234473622,-58.703463861007734
190,5.38346,3.41353,1.5,-51.30375479614803,-47.87285844225518,-44.15385818406564,-110.0,-35.91165285240427,-27.74244522680502,-110,-37.49083381075512,-36.10722241270961
14,5.38346,-7.58647,1.5,-55.6558405167599,-53.77483313188982,-40.30574870374176,-110.0,-37.92808549119133,-41.170709941755305,-110,-44.411992265227816,-32.525540668720076
222,5.38346,5.41353,1.5,-50.09797779362139,-42.1589497060274,-47.80576099615912,-110.0,-42.63011419607258,-33.85776513777258,-110,-45.58282158386845,-33.08968759773936
116,-4.61654,-0.586466,1.5,-41.77637046210545,-45.26206950618735,-37.48869753977077,-110.0,-45.046117387573574,-31.315306428554425,-110,-44.67803026113576,-38.954922702566925
140,3.38346,0.413534,1.5,-46.48107173559933,-52.1834621955807,-46.45646147019789,-110.0,-43.10545447426059,-58.1857420493965,-110,-37.22228375073054,-46.82630906450163
120,-0.616541,-0.586466,1.5,-35.51619583360164,-34.94434474041489,-36.133078141565456,-110.0,-49.624936262576774,-39.84005015492174,-110,-27.35240576063681,-49.81503078873103
110,5.38346,-1.58647,1.5,-44.1437261353191,-49.00148479187347,-36.76662625014514,-110.0,-38.61008550720215,-33.97128316941389,-110,-41.276432236427354,-29.38596896236036
35,-5.61654,-5.58647,1.5,-37.535375372191645,-37.415476114587634,-34.57628856272075,-110.0,-34.13907254755031,-45.82090906559029,-110,-42.752320215758616,-37.16547947318457
172,3.38346,2.41353,1.5,-56.106536436722955,-37.63196030554777,-50.31180919332423,-110.0,-36.81496282107108,-30.788103368029542,-110,-32.53793704523576,-40.72042065141301
29,4.38346,-6.58647,1.5,-44.70794792500937,-61.973715174707635,-40.2281835153839,-76.74255857886808,-32.335467753300335,-30.865716333707873,-110,-35.75277866405647,-28.714282821895104
131,-5.61654,0.413534,1.5,-31.344587291959265,-36.58050349004836,-51.7266011614021,-110.0,-47.008335988899425,-41.781532118449825,-110,-46.63462951299229,-40.47034912595201
3,-5.61654,-7.58647,1.5,-38.88413441017344,-53.64728685445496,-40.72053606863928,-110.0,-34.66889950538786,-39.72940478184934,-110,-43.17361681864156,-42.48533989225327
75,2.38346,-3.58647,1.5,-45.05828274897277,-50.00753784824012,-48.95448960318095,-110.0,-36.743615598750495,-41.11310980925896,-110,-31.884693954257024,-38.7719329392007
188,3.38346,3.41353,1.5,-63.3202741642197,-46.3711961071624,-50.32130758559021,-110.0,-47.27967119275949,-47.344106671995526,-110,-25.93935876005232,-38.997292737861486
220,3.38346,5.41353,1.5,-43.131405767551904,-32.97432102566829,-51.594776272370574,-110.0,-40.65278849830517,-37.05974984325003,-110,-40.59874505324359,-49.01512237757271
235,2.38346,6.41353,1.5,-42.59942013677766,-23.707797138597137,-54.286766133600565,-110.0,-46.07760563596892,-53.73268669062373,-110,-50.68290749038001,-54.2840383654482
165,-3.61654,2.41353,1.5,-30.62935946926658,-33.786085463059734,-34.63698449390207,-110.0,-40.78126945449466,-60.74917827741479,-110,-30.96399613086279,-53.179604190850014
27,2.38346,-6.58647,1.5,-49.00852124176082,-40.10115455534145,-24.513527840457773,-76.0745524859235,-37.111009762514385,-36.729832486969336,-110,-37.23783488749601,-33.01930366643014
76,3.38346,-3.58647,1.5,-52.24937102399925,-50.68787592684331,-38.83191148988967,-110.0,-25.43034937319697,-37.91099910750857,-110,-33.02261805191531,-36.4543389856338
137,0.383459,0.413534,1.5,-47.550308187364685,-45.58322678728667,-48.12566104563827,-110.0,-33.10038544632234,-38.41219320264008,-110,-27.781119209137987,-37.155109595467266
130,-6.61654,0.413534,1.5,-31.725096171580397,-42.60993648559451,-48.7212521894897,-110.0,-38.00582036119557,-39.39968089127721,-110,-42.52408308044142,-58.29449730827977
156,3.38346,1.41353,1.5,-56.402538684746354,-48.98958835375362,-53.24714719066552,-110.0,-33.13664062718716,-41.29082753879374,-110,-32.51458361408819,-46.02875764690551
200,-0.616541,4.41353,1.5,-45.7162875275004,-26.73953657347445,-33.18959661863604,-110.0,-60.31098046869587,-46.14053483120859,-110,-36.39845951799627,-51.421861313805934
122,1.38346,-0.586466,1.5,-52.51636650504015,-50.27249617465123,-47.91981930552503,-110.0,-38.16674981258589,-55.12683819725066,-110,-41.79483199536765,-37.56242972022082
180,-4.61654,3.41353,1.5,-42.128909994378546,-38.83264792305376,-37.590164043424,-110.0,-44.30313888350794,-51.06541230557881,-110,-32.02392293950023,-49.374572103202475
15,6.38346,-7.58647,1.5,-52.53688454803158,-43.95237704699315,-42.5429318783866,-84.35938183840925,-35.280627236940674,-40.85523926567315,-110,-52.6318768980892,-22.6386350330488
14,5.38346,-7.58647,1.5,-56.727384620044305,-55.43392191048727,-47.30180412048951,-110.0,-36.3440731686603,-39.276929265860346,-110,-39.554154737234995,-37.772878467296785
179,-5.61654,3.41353,1.5,-34.824011008511015,-43.26032568474429,-32.191914232899,-110.0,-40.747871405320005,-41.613439360972976,-110,-36.48007333061383,-49.61489329245929
227,-5.61654,6.41353,1.5,-28.339870136628548,-37.56584682668192,-36.13995737230095,-110.0,-52.221948918678756,-70.08503276265039,-110,-50.250502936125294,-68.25587181653609
141,4.38346,0.413534,1.5,-47.71575154249624,-48.48173036045687,-41.63231243071762,-110.0,-41.10351756822415,-33.709841053658664,-110,-32.15550536807331,-38.203599657622405
90,1.38346,-2.58647,1.5,-49.05942985516246,-53.08221206514499,-41.2487776072862,-110.0,-33.37491000619626,-32.83910639006612,-110,-32.94091476208517,-41.342324160133934
220,3.38346,5.41353,1.5,-44.146771652771385,-39.0693867645698,-55.36930452689184,-110.0,-37.51354164846904,-33.05719135276471,-110,-37.76039040024574,-45.151257427760285
190,5.38346,3.41353,1.5,-53.35250470525311,-50.22784821204792,-39.620717188254346,-110.0,-31.20419979715456,-28.58746409621372,-110,-39.48576366204321,-37.13906970470779
117,-3.61654,-0.586466,1.5,-44.05296071969254,-43.33767479781424,-44.69138373956398,-110.0,-41.648271792864456,-43.42314333614722,-110,-27.65081369061224,-42.42015726623058
49,-7.61654,-4.58647,1.5,-39.64717379481186,-40.63453260638848,-34.24931330227048,-110.0,-38.45941467552122,-53.70264782283608,-110,-47.67189655367327,-35.30551488497715
173,4.38346,2.41353,1.5,-47.97697393019117,-43.715391228285846,-44.38991212058574,-110.0,-41.48931473303382,-31.23314709612093,-110,-28.15761107899077,-50.26479142199135
159,6.38346,1.41353,1.5,-53.75227528185477,-51.34298330375928,-41.72537534016947,-110.0,-39.32989046623372,-29.678031545768444,-110,-56.30001118772969,-51.78425310203896
128,7.38346,-0.586466,1.5,-53.29434686964384,-54.15029536917335,-36.12442966203722,-110.0,-40.02016912498802,-47.483067102436195,-110,-28.760502299487516,-37.98570380137812
186,1.38346,3.41353,1.5,-49.53651525491482,-46.59614153667201,-46.25421883865325,-110.0,-31.587946286648993,-34.17538238782256,-110,-25.20118274186166,-41.97312490690812
229,-3.61654,6.41353,1.5,-39.582849139225054,-28.71162810623387,-46.53725113472969,-110.0,-71.93228793915807,-68.66118639818775,-110,-50.63853112680493,-46.7727222037977
187,2.38346,3.41353,1.5,-47.87190675439322,-45.617920581382336,-60.593073374073654,-110.0,-43.33455704106867,-41.00002273151791,-110,-27.11126868853537,-38.13395550401833
79,6.38346,-3.58647,1.5,-53.08970642013339,-49.54001302094685,-42.31758181354868,-110.0,-42.71538839276841,-35.2869823685103,-110,-54.94441389566175,-26.117303196664007
82,-6.61654,-2.58647,1.5,-58.398960977049285,-43.9039583745101,-45.92448653818422,-110.0,-50.39602949620032,-64.52233246317164,-110,-46.33197062378268,-29.969192205479423
221,4.38346,5.41353,1.5,-46.62934379552597,-33.163175337548374,-50.849573933828985,-110.0,-38.13793211595858,-45.82706606936894,-110,-36.52831060968447,-48.27345375187804
187,2.38346,3.41353,1.5,-51.69339054968634,-47.747091915898174,-58.23663961369924,-110.0,-49.27469955418313,-37.681619865286414,-110,-24.940979225078912,-40.042763559983655
16,7.38346,-7.58647,1.5,-46.55995144809176,-55.23732589690453,-43.0028878440351,-87.09127308302486,-42.95310040014498,-38.68009533497543,-110,-30.162068553847934,-25.332595769521383
6,-2.61654,-7.58647,1.5,-30.46030369350123,-40.99738117283351,-21.12451671489562,-110.0,-41.99104473497196,-53.51588672568934,-110,-38.90564711106624,-48.03938427163701
208,7.38346,4.41353,1.5,-52.280990520530786,-37.07557565841974,-53.323990690023095,-110.0,-50.207562578737125,-24.132687837076062,-110,-33.47561817603632,-44.01169135667327
215,-1.61654,5.41353,1.5,-48.78408055482809,-38.59867308689283,-45.94017866109815,-110.0,-43.484185336022016,-43.925088076619815,-110,-34.862986659669076,-42.32879729304351
230,-2.61654,6.41353,1.5,-31.373662450885195,-28.492525395615868,-37.08022166223025,-110.0,-72.81852744509584,-51.24020041209054,-110,-52.90057368207985,-70.44352232515773
238,5.38346,6.41353,1.5,-61.06670879007898,-33.62486778380607,-44.662755196501266,-110.0,-37.688012749653645,-33.29325463285862,-110,-41.24716992316402,-44.29392920900645
67,-5.61654,-3.58647,1.5,-33.04626450524891,-38.13281829683768,-35.813137414636074,-110.0,-39.69987568500552,-44.105862999512794,-110,-47.84528417177186,-49.49171026545582
103,-1.61654,-1.58647,1.5,-30.613427110287997,-36.14914497559065,-40.59377489857289,-110.0,-53.91992639855627,-47.94375260502053,-110,-35.363107630515806,-55.63735422523197
31,6.38346,-6.58647,1.5,-52.237883493117344,-49.985424790953104,-30.295991000623083,-80.34415742255858,-30.1110831904179,-36.10584153892816,-110,-45.75864972593901,-35.436569308786005
188,3.38346,3.41353,1.5,-64.80247473499978,-38.85684848756534,-50.63129347741587,-110.0,-48.69904381697133,-45.95244157025398,-110,-28.4425391196873,-42.565180336152494
77,4.38346,-3.58647,1.5,-49.08550686299519,-51.40474265792274,-37.56534320972364,-110.0,-33.48094022039753,-38.30099152317852,-110,-42.859290717056005,-32.03145608304975
150,-2.61654,1.41353,1.5,-35.21904947418042,-42.54891213370532,-37.3858610166488,-110.0,-43.88434732738368,-46.168483683248695,-110,-32.92626218904506,-41.38792767790815
154,1.38346,1.41353,1.5,-45.66480261764982,-50.10321739749515,-44.51495485833816,-110.0,-41.48284365421962,-42.15098752343606,-110,-34.06856375658922,-38.96486177145321
124,3.38346,-0.586466,1.5,-52.7852065879553,-51.56975206639138,-49.90978902374384,-110.0,-41.64981384329795,-31.90618618819776,-110,-25.262977775666887,-36.640689949734146
200,-0.616541,4.41353,1.5,-41.59623277449993,-27.60768189233831,-35.9188315457979,-110.0,-60.97213657645108,-41.37248100835235,-110,-32.364653514913186,-38.07880585712402
59,2.38346,-4.58647,1.5,-41.75582784870575,-58.97493824963751,-39.4596965259408,-110.0,-32.684172201866716,-37.912105729443105,-110,-43.874372216730336,-35.83572885058024
52,-4.61654,-4.58647,1.5,-47.84432558794269,-41.88286682246835,-39.89394993591448,-110.0,-38.96488102312233,-46.2084328132512,-110,-40.82422173143435,-65.30274714248877
101,-3.61654,-1.58647,1.5,-25.602673857380275,-41.322678222531046,-44.39278526087453,-110.0,-48.50847006794436,-58.91647892949487,-110,-48.001328527699144,-51.50674038648665
216,-0.616541,5.41353,1.5,-50.967537780680864,-23.920849127258258,-36.99870319256482,-110.0,-53.62927967231545,-55.98395246718424,-110,-46.53536227789029,-50.665299334175565
69,-3.61654,-3.58647,1.5,-38.301733255881146,-42.72283200672131,-33.11394468871617,-110.0,-34.67110543671992,-43.758655005531395,-110,-42.29899655584457,-44.88900666419417
26,1.38346,-6.58647,1.5,-47.51888387954832,-55.42330675506374,-40.24437711865847,-99.45922927642808,-20.65344892096787,-37.660402591523706,-110,-51.776239404374714,-34.9609066716807
51,-5.61654,-4.58647,1.5,-35.06299384511066,-35.87629120109592,-42.71678931239238,-110.0,-40.92009680240474,-45.350159010152126,-110,-50.89023841112354,-51.34174663680218
234,1.38346,6.41353,1.5,-34.83760934462345,-25.794629512466173,-50.59515319670303,-110.0,-40.46418879770066,-44.289129123574085,-110,-31.518450402515903,-36.28111061411301
151,-1.61654,1.41353,1.5,-35.77012996499753,-37.43561766279152,-34.73176346276766,-110.0,-55.49851848960565,-43.07085087011539,-110,-35.13967578501441,-49.584254045600105
141,4.38346,0.413534,1.5,-46.74153521332802,-48.25651271812494,-43.22692395268136,-110.0,-41.485923808564955,-43.09411885436637,-110,-32.77540769753152,-31.570033310756266
200,-0.616541,4.41353,1.5,-44.30658458406305,-30.693909218061787,-33.832511259640945,-110.0,-53.94799861570975,-40.595152236781466,-110,-32.205206408388676,-48.36765965577339
157,4.38346,1.41353,1.5,-56.80129920114138,-37.41373682842205,-47.75790166002725,-110.0,-45.66952128619653,-48.3163594258851,-110,-26.751500116435235,-39.35792495870304
110,5.38346,-1.58647,1.5,-41.205414446337386,-50.21390232304187,-40.1439788988659,-110.0,-32.30217721594465,-25.343260807874877,-110,-40.69412108476604,-27.13832208175889
28,3.38346,-6.58647,1.5,-40.34410250132395,-43.873429142198766,-31.258852586912916,-78.13997790300233,-35.88433601204811,-32.29066969947956,-110,-36.148125565638075,-38.137195906211545
47,6.38346,-5.58647,1.5,-44.04243196652532,-52.33363002326903,-42.020109863704945,-96.7340546407548,-28.441769276734263,-33.37087824743274,-110,-35.39904286565639,-39.321840923979714
47,6.38346,-5.58647,1.5,-40.05929856900101,-49.93737922799502,-32.17335435073153,-100.6158254357765,-37.12447776678693,-37.727925584156374,-110,-35.689485308946885,-38.41293858790786
72,-0.616541,-3.58647,1.5,-39.96603586690037,-35.041695660882624,-50.50606640716569,-110.0,-48.81573597784771,-39.23467662707144,-110,-32.85526777933842,-44.13382314567318
55,-1.61654,-4.58647,1.5,-36.23151890394716,-50.420096988358736,-34.49559207589744,-110.0,-40.7178565070986,-56.295209873877496,-110,-42.430165028616486,-41.202120314996215
231,-1.61654,6.41353,1.5,-30.145250731744337,-25.403838154162543,-39.27233434496328,-110.0,-57.47077795135593,-54.81885233130522,-110,-48.52598207638378,-62.534447534994
14,5.38346,-7.58647,1.5,-62.75212204277781,-57.67002900356427,-42.35705398629967,-110.0,-34.98494676630003,-43.189433863409505,-110,-37.84402492752619,-27.107411685273327
30,5.38346,-6.58647,1.5,-49.695730597894624,-50.97606776069289,-44.56372737893446,-80.39973418041008,-38.774410357373355,-49.34518958442486,-110,-40.002316532826605,-22.021718562213508
119,-1.61654,-0.586466,1.5,-37.85361264119504,-38.01463504132867,-30.37405543665507,-110.0,-50.463340193952696,-45.66375970603091,-110,-41.06132357700196,-49.11954614989574
236,3.38346,6.41353,1.5,-55.352687512987345,-36.51933326706,-57.04211760862334,-110.0,-44.12327922982598,-41.777450836586006,-110,-47.07666448924611,-48.33894195447829
40,-0.616541,-5.58647,1.5,-51.29246550012828,-50.266971857500465,-28.66302627751547,-110.0,-41.704367090404034,-47.713952613487464,-110,-46.06202217067583,-48.80678056715753
142,5.38346,0.413534,1.5,-49.00930806462515,-37.162569684891814,-47.7417165060723,-110.0,-56.09704477902632,-26.72267989210731,-110,-31.87611891893662,-38.15741639120909
164,-4.61654,2.41353,1.5,-35.36285331570725,-43.85809952702304,-36.56245829535193,-110.0,-43.56099689314911,-44.38520527459621,-110,-31.6449942845881,-51.31232682964121
72,-0.616541,-3.58647,1.5,-40.82386530409238,-38.089548346959745,-47.614350538691234,-110.0,-54.185679642132186,-44.989632655345645,-110,-39.21749523218375,-44.22176610815159
16,7.38346,-7.58647,1.5,-41.66629034682814,-49.97986998429297,-44.948821270599616,-81.04523229812231,-42.78848441325371,-34.40824134953418,-110,-36.23414063538033,-33.61475804363717
66,-6.61654,-3.58647,1.5,-52.499812506875806,-44.81529147006036,-36.80232743021403,-110.0,-43.22255198857535,-58.23487583754603,-110,-38.31338523529388,-54.550153041171455
23,-1.61654,-6.58647,1.5,-36.659283702014385,-37.706957049712976,-18.946810691879175,-105.26975363691557,-37.000716574970326,-50.17874494915985,-110,-36.13126586891027,-42.79393240522599
190,5.38346,3.41353,1.5,-49.66201722666461,-51.02376885634744,-37.91957315376269,-110.0,-38.704269080294466,-33.76676162358739,-110,-37.32185233113898,-37.97178724234633
66,-6.61654,-3.58647,1.5,-46.6579691113464,-41.76629993552637,-39.53383573982495,-110.0,-38.523172246115976,-54.26770190100762,-110,-42.26343182796473,-53.943444407570546
91,2.38346,-2.58647,1.5,-43.47052256809648,-70.43488422342797,-45.42792689371944,-110.0,-32.316029960526244,-35.822415094772005,-110,-38.6951190690638,-39.86318222413402
178,-6.61654,3.41353,1.5,-28.39617526874881,-46.56754564374418,-35.30146016949007,-110.0,-61.107708283728954,-41.73702833765711,-110,-39.88389331512997,-46.59820503596664
145,-7.61654,1.41353,1.5,-33.7576630769011,-41.07082837362199,-42.80777798904379,-110.0,-45.60985987014187,-39.8689337371489,-110,-38.34945647712614,-37.77526345151726
209,-7.61654,5.41353,1.5,-33.35829447854154,-66.44822525047667,-37.506525225050936,-110.0,-57.307689985284334,-55.38741429356151,-110,-39.03116017786395,-49.78274667693809
63,6.38346,-4.58647,1.5,-47.59565382875779,-53.18109860002156,-42.634537255899424,-91.57070398963036,-34.28706469498242,-34.23745097374339,-110,-30.523444598617612,-30.031076035192395
181,-3.61654,3.41353,1.5,-38.8631719641028,-42.0148061902014,-38.489181530152585,-110.0,-36.80463679091412,-40.48163026927063,-110,-27.54453796794013,-61.60252696100659
213,-3.61654,5.41353,1.5,-46.30682535488699,-53.22391148500343,-50.97296048201472,-110.0,-52.2845795797476,-52.1166086900355,-110,-35.89909617444354,-42.44061679670931
84,-4.61654,-2.58647,1.5,-35.51146928672353,-41.99006142530353,-42.8465367662308,-110.0,-48.110800098233995,-43.961406519423136,-110,-44.32314762790594,-49.66091896000766
102,-2.61654,-1.58647,1.5,-45.71564672733422,-39.07851899565165,-36.77886757135616,-110.0,-38.576911554045004,-44.04308579576954,-110,-35.67033457042581,-40.144718788703194
121,0.383459,-0.586466,1.5,-45.69491477550371,-44.028152745328704,-46.282445665444904,-110.0,-31.612698552752864,-31.40004473140103,-110,-28.00693988621763,-34.01262249271798
29,4.38346,-6.58647,1.5,-51.92298748395895,-59.51683233215087,-41.37687868301605,-75.37396417063424,-31.903692377537475,-34.623054888904704,-110,-35.813687631805855,-36.11913607873779
19,-5.61654,-6.58647,1.5,-36.52981004029714,-57.041855384146224,-40.47096861028703,-110.0,-45.24477912255126,-42.78817300800679,-110,-40.904853999451376,-46.21184593560658
125,4.38346,-0.586466,1.5,-40.626711277265585,-54.163570817283706,-49.35712991991584,-110.0,-31.624609226850552,-29.67400285783262,-110,-44.786247278335594,-39.255267520407656
140,3.38346,0.413534,1.5,-48.42514668001948,-50.854916035743955,-48.02529088573056,-110.0,-43.41161761577268,-54.86715177171232,-110,-39.146126040329094,-44.08813538773119
123,2.38346,-0.586466,1.5,-46.07553389055427,-66.31284898564601,-65.95434085197007,-110.0,-45.23823422064941,-50.29471637158901,-110,-32.185822155514366,-40.01883838138515
192,7.38346,3.41353,1.5,-54.4747657437337,-58.96575971997293,-36.17693122898995,-110.0,-37.91632399011502,-28.10893754576024,-110,-26.64912924885476,-34.74394920219795
197,-3.61654,4.41353,1.5,-49.3776504935522,-52.225199778366296,-45.683754615900526,-110.0,-46.603295959015405,-57.13019204760979,-110,-30.91183267049138,-51.32883986430821
232,-0.616541,6.41353,1.5,-39.19149313169381,-19.07525558957677,-38.03531411860801,-110.0,-61.75536816468313,-54.16033459869797,-110,-55.91277341964047,-43.15273668831264
99,-5.61654,-1.58647,1.5,-37.96028499712298,-45.03209284252222,-36.688126865109226,-110.0,-45.12105771879055,-43.0036476777661,-110,-44.61671669963977,-38.69602228221728
85,-3.61654,-2.58647,1.5,-33.71448275970517,-50.72617518632491,-45.91129430478006,-110.0,-42.42966790414359,-45.12880558404584,-110,-43.496061138071,-46.92259963302797
35,-5.61654,-5.58647,1.5,-31.818958437461916,-33.60802175723747,-36.88827831034182,-110.0,-28.64713684280318,-48.8363241208006,-110,-43.649516464917575,-31.487511320165588
66,-6.61654,-3.58647,1.5,-48.46699083717483,-41.00404218632252,-35.71604164686916,-110.0,-46.42445018010547,-50.93442223608072,-110,-42.51835693746247,-56.23948486609493
85,-3.61654,-2.58647,1.5,-36.14777305287935,-46.97114593891421,-46.64718820635263,-110.0,-48.905634539195496,-42.46610232408845,-110,-37.726553985931666,-49.05921114289668
181,-3.61654,3.41353,1.5,-43.81502151374338,-39.7869401907074,-41.104282536978594,-110.0,-32.169523352940864,-36.80548405951872,-110,-32.12901862982917,-53.39376675042636
8,-0.616541,-7.58647,1.5,-31.971944467865775,-44.431498394956584,-52.133359403835314,-110.0,-53.601677379029326,-49.20269853526611,-110,-43.25768004879926,-49.40975469778079
38,-2.61654,-5.58647,1.5,-42.78884015662528,-36.288633601941385,-27.335150576766488,-110.0,-32.991201054973644,-43.192536352950846,-110,-41.577523424916784,-38.95442934592584
199,-1.61654,4.41353,1.5,-46.82423067687994,-42.890571537256946,-44.54746677593734,-110.0,-57.50395942321547,-41.7231980431682,-110,-24.420927569079847,-44.99173952860448
142,5.38346,0.413534,1.5,-52.396900402699366,-35.17086390491383,-51.71826004136722,-110.0,-52.74208431731221,-33.6281899642303,-110,-34.93072857373525,-40.36393594166781
222,5.38346,5.41353,1.5,-45.62380255027525,-39.26743467398525,-49.6247528401923,-110.0,-39.40213426148736,-34.75621056427598,-110,-48.45697091674516,-35.0219169944757
205,4.38346,4.41353,1.5,-47.40897712151603,-31.498162628552,-50.31381602181769,-110.0,-38.98769060892354,-46.17052993701148,-110,-44.23017117868007,-41.56907556311733
185,0.383459,3.41353,1.5,-46.679138681417534,-44.6260921918249,-48.84583559566295,-110.0,-34.00054233455707,-29.471821705911196,-110,-28.733290089193744,-34.996009442333204
100,-4.61654,-1.58647,1.5,-42.5885421860257,-38.189861923086035,-36.96978477702902,-110.0,-37.461686832607334,-43.11743122156449,-110,-32.37138680154709,-48.617576055110035
228,-4.61654,6.41353,1.5,-32.56005071242369,-36.471303080855826,-54.15798856892361,-110.0,-66.3248969592687,-62.06858793424676,-110,-52.1745433420606,-51.98700946216985
210,-6.61654,5.41353,1.5,-24.85435944721009,-50.6524526058984,-41.10100217093475,-110.0,-51.62741958432024,-49.180888249545646,-110,-41.57172998273057,-53.106368598581376
162,-6.61654,2.41353,1.5,-32.30954769792363,-41.86139483947631,-37.5693613458382,-110.0,-46.04642565880235,-46.07794230780123,-110,-34.05950425109758,-41.787746271649006
131,-5.61654,0.413534,1.5,-41.78474586368977,-38.43632711978357,-50.91049338291428,-110.0,-39.91413765892779,-42.971199553150115,-110,-41.71056948141284,-45.07257212713031
105,0.383459,-1.58647,1.5,-41.91604268060213,-39.26175407833469,-45.72513887013978,-110.0,-35.38657756381005,-36.482601272252566,-110,-28.730678078535,-42.60652224315409
215,-1.61654,5.41353,1.5,-47.226338552362584,-34.16638239710056,-41.36975194431787,-110.0,-45.01459031370044,-47.69164378337914,-110,-32.17186466386044,-44.41130509046035
136,-0.616541,0.413534,1.5,-38.793384832440225,-36.27111944523375,-36.960073120521834,-110.0,-59.50299499771233,-39.845738825331445,-110,-28.878633219927107,-46.56582403884956
207,6.38346,4.41353,1.5,-45.82157560202938,-50.93136595448672,-57.71209333494227,-110.0,-50.69692119819876,-33.28906303482326,-110,-36.11986807746338,-46.49255469964023
108,3.38346,-1.58647,1.5,-50.17960507343411,-62.04580170605835,-40.29057768742308,-110.0,-41.588653014672595,-42.93925744593437,-110,-41.66786439056709,-36.357897571218146
61,4.38346,-4.58647,1.5,-54.995664281530985,-51.389224514846745,-44.202840468914935,-110.0,-27.758955071541468,-46.52203693325091,-110,-39.47783104008355,-34.29683544499757
20,-4.61654,-6.58647,1.5,-33.880612269197336,-37.81937735595588,-36.26731962612829,-78.6003183055285,-42.54736317327755,-49.27859598757741,-110,-36.04983003015762,-43.18159446366807
91,2.38346,-2.58647,1.5,-40.10753563131655,-67.36458919105219,-47.22576562178646,-110.0,-31.83856056705852,-39.67578310056586,-110,-40.79831949971835,-43.2427238201444
138,1.38346,0.413534,1.5,-58.804751033860825,-49.138215816376835,-36.95901236315459,-110.0,-33.40072836135519,-51.02990898064854,-110,-34.06642007158344,-36.548498709608225
19,-5.61654,-6.58647,1.5,-39.27123221713099,-59.700901657190485,-44.63656298780408,-110.0,-45.8206676108678,-47.232214418580305,-110,-41.91662659945874,-43.82931508994304
188,3.38346,3.41353,1.5,-67.13558187942488,-46.50144128730555,-45.70358057329449,-110.0,-51.78974303450327,-45.112657129014224,-110,-30.10676299814619,-37.04419290913503
186,1.38346,3.41353,1.5,-46.35565695937467,-55.46287455617632,-53.2468203114672,-110.0,-31.623537594212365,-37.61886255090866,-110,-24.92738729763748,-43.95843873926084
9,0.383459,-7.58647,1.5,-46.64054908178605,-45.65718286284418,-29.730619846592987,-110.0,-30.889681997011863,-26.152089269379974,-110,-39.130143619950125,-29.80264737231883
148,-4.61654,1.41353,1.5,-37.0702651312447,-38.82118058274113,-46.73729376967476,-110.0,-60.08270195099581,-35.89739984502692,-110,-33.920824027606585,-45.79058836126887
206,5.38346,4.41353,1.5,-58.278198492765874,-35.59917096962084,-52.35187973303446,-110.0,-48.48535798321228,-34.80320740652353,-110,-33.74374832933577,-40.89666494983322
14,5.38346,-7.58647,1.5,-48.14676035669099,-53.24232052326768,-42.58415433586402,-110.0,-37.75221615594436,-37.11136799099853,-110,-42.49492931234674,-29.898167510807937
49,-7.61654,-4.58647,1.5,-45.05046536376086,-34.061454393523505,-39.11567065010973,-110.0,-42.64960723790176,-52.165422045078536,-110,-46.76255918193371,-37.21021896153735
9,0.383459,-7.58647,1.5,-50.46275804227329,-47.44522671803622,-25.870047103035244,-110.0,-28.093358068349048,-33.83489224195785,-110,-41.91156137333313,-28.577208578343416
161,-7.61654,2.41353,1.5,-31.44061010270479,-53.323260051559586,-42.879423320602335,-110.0,-40.6775212315777,-38.96997606990096,-110,-29.098441994348683,-45.88860421013408
219,2.38346,5.41353,1.5,-53.500312257335665,-37.69869778004123,-55.70863789304866,-110.0,-44.464698271082355,-36.949684675229,-110,-38.77108913683135,-38.58764701009608
57,0.383459,-4.58647,1.5,-56.97094346473067,-46.13551132400141,-48.613380799478385,-110.0,-38.30055817880597,-40.177427907970085,-110,-31.727445461655307,-48.70567094156389
58,1.38346,-4.58647,1.5,-36.69198042248433,-58.77217867198659,-42.8072676613772,-110.0,-31.52063654151023,-28.536977222894585,-110,-41.086612820566586,-34.74431309324204
84,-4.61654,-2.58647,1.5,-36.91722259553495,-39.12875552174469,-38.63152014393293,-110.0,-42.285271805840594,-46.98567061946178,-110,-40.614914679711745,-54.79423213435373
161,-7.61654,2.41353,1.5,-33.23982629307143,-55.88571431458889,-41.97180016277898,-110.0,-42.011202782041025,-36.41185129457534,-110,-35.14201292892015,-45.93616596111296
12,3.38346,-7.58647,1.5,-40.20899446026479,-45.32649945359143,-47.337725436918106,-76.57639654513775,-44.57110470349149,-46.45391161682622,-110,-42.31371572514467,-42.92060450279622
168,-0.616541,2.41353,1.5,-44.60724195429574,-42.80807109997213,-37.325620255041805,-110.0,-46.48581139101108,-37.997091125458745,-110,-28.014350034108222,-41.00323090107464
54,-2.61654,-4.58647,1.5,-51.37879025813769,-39.58927942474884,-44.55986108122835,-110.0,-33.9248932017595,-43.04458482453185,-110,-49.876898618000126,-45.182198008937874
153,0.383459,1.41353,1.5,-50.51109896987331,-56.980313019903576,-43.669827490346094,-110.0,-32.61169103045009,-30.214093616834724,-110,-28.42082521799657,-33.498497922874115
125,4.38346,-0.586466,1.5,-39.37002550831324,-49.62880560672193,-35.68524923835205,-110.0,-32.995434182235115,-21.05470380220678,-110,-44.05285255938119,-44.16843787484009
238,5.38346,6.41353,1.5,-58.88172977585435,-36.08173132997891,-45.59297970037581,-110.0,-41.791013864300965,-34.689699570991245,-110,-39.969854586851326,-46.68616763448726
93,4.38346,-2.58647,1.5,-47.55750221317343,-69.1783983470482,-39.3914185441931,-110.0,-29.723609618902692,-39.27858562568317,-110,-35.08137956911848,-50.00183982716099
51,-5.61654,-4.58647,1.5,-33.933222081869104,-40.83650151384091,-43.9207750410546,-110.0,-29.428052638817277,-44.07443195960383,-110,-47.84113967343971,-50.705556223817105
233,0.383459,6.41353,1.5,-36.13878045818923,-28.056654360182385,-41.672337694486515,-110.0,-45.62495076345046,-38.11421132766724,-110,-41.333411642962254,-42.49720401554964
213,-3.61654,5.41353,1.5,-49.910125247482696,-48.5049904998558,-52.4055987107649,-110.0,-58.51715633613561,-47.47432272821983,-110,-35.588364585087696,-46.07771564813962
223,6.38346,5.41353,1.5,-48.5182218039971,-41.27008282671459,-54.33334269720538,-110.0,-50.99719234118229,-45.33187588722564,-110,-34.45135259701465,-49.35411313217368
59,2.38346,-4.58647,1.5,-45.30014301364269,-61.101480241986465,-36.27714511265304,-110.0,-30.432423771642306,-37.63885726186859,-110,-41.642453705355834,-39.39345100685233
239,6.38346,6.41353,1.5,-58.40939174063883,-32.19860593634937,-64.33575253926227,-110.0,-34.39961975288978,-33.76264824864989,-110,-47.78342267094909,-33.73851231297821
135,-1.61654,0.413534,1.5,-37.913497939003584,-37.44107076977472,-36.09929835817667,-110.0,-52.60305050135377,-40.63810475751956,-110,-31.301142185746613,-46.72383389434022
190,5.38346,3.41353,1.5,-53.95823249255155,-50.211563412264454,-42.52094554293739,-110.0,-36.49943481429309,-29.3364631151071,-110,-35.61066627631842,-37.70111082255165
195,-5.61654,4.41353,1.5,-25.10083641319103,-44.2174032447241,-44.759098887387,-110.0,-40.73381327131416,-46.13551376190651,-110,-33.26586499566698,-59.59492291023839
225,-7.61654,6.41353,1.5,-20.841980912401272,-40.27433980547756,-45.45705788413708,-110.0,-66.47564649980858,-53.434518271682165,-110,-50.14747583372593,-45.105249701342395
13,4.38346,-7.58647,1.5,-46.83469518210281,-46.0475533644735,-49.65104807906108,-110.0,-42.16835459181862,-41.21942041592928,-110,-37.04161688510695,-43.29158615755676
238,5.38346,6.41353,1.5,-59.9604307507464,-36.05110501184328,-37.504522305476186,-110.0,-36.82674882423022,-32.10581587491017,-110,-37.14161554369747,-38.87928169378039
216,-0.616541,5.41353,1.5,-56.56377046569837,-20.884417601757104,-36.178923627528654,-110.0,-53.14871498632384,-56.25518116543084,-110,-41.630045736481186,-54.30371098801172
158,5.38346,1.41353,1.5,-59.50202131883751,-62.59731318621772,-43.159597702836734,-110.0,-35.012498996145794,-46.80369348710313,-110,-45.387828909568746,-44.00533643497628
149,-3.61654,1.41353,1.5,-35.545286183521576,-44.38744833527659,-34.71662630292214,-110.0,-47.51888551421196,-43.29144073027834,-110,-36.84340387880261,-49.5142488781051
192,7.38346,3.41353,1.5,-51.68327512353529,-52.07183055659244,-43.49148502652771,-110.0,-39.13563288955781,-20.314838174497098,-110,-31.26465941044732,-37.66822246793488
222,5.38346,5.41353,1.5,-47.92494557045323,-41.74800957110529,-58.057558769176936,-110.0,-35.71472525634137,-36.46557626837404,-110,-43.592560414013754,-29.466830388000496
86,-2.61654,-2.58647,1.5,-42.64609573238233,-38.590890557034605,-29.48811857515799,-110.0,-37.77918109102376,-42.582511285471064,-110,-41.88670741425942,-48.34927993877214
168,-0.616541,2.41353,1.5,-50.06751626002043,-39.50978721258869,-38.86285198268836,-110.0,-43.97699587792032,-34.19149741815631,-110,-28.394177242953752,-39.37087109125831
220,3.38346,5.41353,1.5,-38.24454063401599,-30.911079847229217,-50.580620700128776,-110.0,-38.12299237440058,-42.99094439038927,-110,-43.095228255987365,-45.13925863253691
223,6.38346,5.41353,1.5,-50.546345019186525,-36.935255453618915,-57.76231577509027,-110.0,-55.770787329382294,-40.00698252931714,-110,-41.557221403378335,-39.90320236911456
103,-1.61654,-1.58647,1.5,-33.753694965952434,-34.595043027080706,-38.64559718558055,-110.0,-50.021592812246936,-44.914849098252034,-110,-35.92659362206243,-50.36050763409534
222,5.38346,5.41353,1.5,-44.53430170520406,-39.42066217280585,-54.45344329470892,-110.0,-44.33316796582982,-40.60092925129043,-110,-38.409673526305816,-33.89498192370811
71,-1.61654,-3.58647,1.5,-36.621808105361254,-54.501650877788464,-31.0365092655486,-110.0,-41.968655910243584,-57.3757356167905,-110,-39.081588101030114,-55.41644056330812
22,-2.61654,-6.58647,1.5,-38.35671757521457,-47.335869617349424,-33.95121525429849,-81.83918544198364,-33.59147036942863,-34.23512939782849,-110,-34.316980098012635,-47.87538233360162
84,-4.61654,-2.58647,1.5,-39.123411062603545,-42.03266210043856,-39.126980450069894,-110.0,-44.39184371663346,-45.825641754123154,-110,-41.576004283134054,-53.406902227161055
89,0.383459,-2.58647,1.5,-49.242053782035285,-55.40636794969919,-48.20604564244949,-110.0,-29.24545873803799,-36.146643367961616,-110,-31.178606525155484,-33.713237778977096
188,3.38346,3.41353,1.5,-65.2091935841018,-38.904553819331355,-46.30904697441187,-110.0,-46.64214321660363,-45.25973179764937,-110,-28.189073327193796,-43.70385315191524
147,-5.61654,1.41353,1.5,-53.66007436834904,-35.85487860449359,-27.855604985816356,-110.0,-49.35866790022638,-35.89427618108926,-110,-32.021703816142896,-62.16333272689407
222,5.38346,5.41353,1.5,-43.69417573487155,-43.4067544544316,-47.69036379858077,-110.0,-39.062812796101355,-33.75090889494438,-110,-49.33908022124806,-32.260270569494416
196,-4.61654,4.41353,1.5,-36.78471754582016,-61.32315367112698,-36.89205682857612,-110.0,-46.32296717084333,-50.35596464270396,-110,-35.71351584755201,-40.128679845809735
78,5.38346,-3.58647,1.5,-54.74638323125527,-57.99406379888748,-61.59180350151623,-110.0,-35.07875513480486,-38.000710648251925,-110,-31.247040494412516,-31.07417693016168
184,-0.616541,3.41353,1.5,-54.86210569451891,-34.98720628868827,-31.751333726177073,-110.0,-47.32177764967914,-35.83741508827903,-110,-28.66303619190153,-48.717109986645
121,0.383459,-0.586466,1.5,-44.20595755070351,-45.8517098258755,-43.9515445567503,-110.0,-35.30842327086466,-36.823602969847414,-110,-35.971666985151735,-33.84119819350073
130,-6.61654,0.413534,1.5,-31.26274541442205,-40.33520680604601,-47.48795497416964,-110.0,-39.52595546566072,-43.57424754823562,-110,-42.349636420171294,-59.44735982497506
163,-5.61654,2.41353,1.5,-35.72270989304789,-45.284564282421925,-43.81404970473841,-110.0,-46.9907736165361,-53.03459537890272,-110,-35.573341855925484,-43.354970016159555
141,4.38346,0.413534,1.5,-46.3056316924301,-53.24532028573552,-46.10442621363415,-110.0,-37.80773712421303,-37.54592547189112,-110,-33.275516808251496,-37.53260895920896
50,-6.61654,-4.58647,1.5,-49.77869270416043,-34.21711213332769,-29.846700565713576,-110.0,-44.291129101839985,-40.225878406735546,-110,-36.85941879289591,-42.010506323271656
81,-7.61654,-2.58647,1.5,-40.39001407199159,-41.2960237945458,-40.90558241971713,-110.0,-49.23193741173409,-48.269950262060576,-110,-46.661492666434675,-59.636621291321354
130,-6.61654,0.413534,1.5,-37.15266718710062,-44.8869832563234,-51.11088436591967,-110.0,-39.56320534492128,-40.15365950177687,-110,-39.50916872733532,-57.447958959746714
42,1.38346,-5.58647,1.5,-44.963947405305646,-49.1093454753619,-33.13302022355684,-92.27858781434536,-30.19941385811392,-34.165701322963045,-110,-43.47010200050526,-33.7770197982069
89,0.383459,-2.58647,1.5,-43.63697167182177,-53.293771371413854,-45.91998001584205,-110.0,-34.76042957713773,-39.86017888355694,-110,-28.925597543020675,-39.68549700289197
94,5.38346,-2.58647,1.5,-42.04762330277694,-46.04551713606505,-38.41618545498083,-110.0,-46.8771578272445,-46.398663799298674,-110,-32.710938015399165,-39.23968511197248
220,3.38346,5.41353,1.5,-42.06830752950489,-39.685540014643344,-51.34557729980681,-110.0,-39.31222954619529,-37.616004338640174,-110,-34.30822341409397,-43.6212113679373
191,6.38346,3.41353,1.5,-54.52382665780293,-58.72718451332333,-53.23917779266243,-110.0,-48.948832733454225,-39.52473149818984,-110,-36.75258500493391,-49.344217046822045
139,2.38346,0.413534,1.5,-52.05014009539056,-56.8740300766909,-49.98546929846374,-110.0,-36.562925021042574,-33.99064860949594,-110,-36.77742611118226,-41.14082028103902
179,-5.61654,3.41353,1.5,-33.03047574647678,-38.009672584642416,-35.06442395674838,-110.0,-45.92688472421096,-41.1521897258873,-110,-35.490261077256804,-44.92252396592771
103,-1.61654,-1.58647,1.5,-31.071730938757888,-40.94225629530044,-36.72846860639792,-110.0,-47.4844546457039,-47.97156851992645,-110,-41.65179418526549,-58.34652526233857
206,5.38346,4.41353,1.5,-56.53711791295642,-32.02856594224365,-50.8168106918888,-110.0,-48.044022656329,-40.38031544079638,-110,-35.08177431159263,-41.62321486694596
238,5.38346,6.41353,1.5,-59.84674235447898,-37.30757827262834,-40.27002138428373,-110.0,-41.007473484116375,-34.20093443084308,-110,-34.97975978553135,-42.67905791817074
58,1.38346,-4.58647,1.5,-43.02172570848752,-55.35768654241557,-37.63147543993185,-110.0,-30.599753640839545,-36.8572773526798,-110,-49.67876476763147,-35.251916977723724
95,6.38346,-2.58647,1.5,-58.138888960024914,-49.49357791441896,-42.86268125493225,-110.0,-35.92551513518765,-51.368475279378146,-110,-35.30702555511718,-35.349659290611676
218,1.38346,5.41353,1.5,-48.08949885543148,-34.704428082142385,-49.893275916584464,-110.0,-40.68680299324662,-52.06193492807808,-110,-35.01557827790828,-45.26081120441912
165,-3.61654,2.41353,1.5,-32.63827681095169,-32.934827066577,-31.707843727738616,-110.0,-36.68182324779035,-58.96207277287295,-110,-36.07280763262741,-45.193505889501814
83,-5.61654,-2.58647,1.5,-36.54086082553988,-35.931547966568964,-35.12419083728392,-110.0,-37.14576853983501,-35.8145388003809,-110,-32.13056308892151,-35.53788160688491
86,-2.61654,-2.58647,1.5,-41.634193510605485,-41.05893288468885,-27.51466019334361,-110.0,-42.08008783105596,-40.55670004688632,-110,-39.724770514640674,-51.74930525409407
203,2.38346,4.41353,1.5,-52.25379638061656,-46.19418422225043,-61.66363329374122,-110.0,-38.41376812102581,-37.323071306775894,-110,-46.44585992373779,-27.82789283105773
186,1.38346,3.41353,1.5,-48.56390087330887,-41.82378516082453,-48.55670836706644,-110.0,-31.455454984565975,-32.49808202074394,-110,-25.30117557302582,-38.7411795664601
24,-0.616541,-6.58647,1.5,-31.042521531736742,-39.14712040376591,-34.679951855089755,-103.31260737045493,-29.690772172950833,-62.058502149709994,-110,-42.553821194310466,-53.235425092609816
102,-2.61654,-1.58647,1.5,-47.334271430545115,-38.30274913578652,-35.961341070674976,-110.0,-40.472955815949234,-39.424647221056055,-110,-35.070004171267186,-40.67512198775365
205,4.38346,4.41353,1.5,-39.783937272727904,-34.91321199308701,-47.89221752194742,-110.0,-42.02265789295118,-46.78733520176911,-110,-47.72543294284891,-42.34720062813807
184,-0.616541,3.41353,1.5,-56.70309371570053,-31.81412423102204,-33.344242337001546,-110.0,-43.66750372205934,-34.29754343122199,-110,-30.508731744382803,-46.31398238696995
3,-5.61654,-7.58647,1.5,-41.84608133254625,-55.721204796046386,-36.44228369779768,-110.0,-27.48319858431447,-44.883999277472086,-110,-36.15419876122391,-42.70026407463279
149,-3.61654,1.41353,1.5,-41.565715764223675,-46.133715565231185,-40.565903997919406,-110.0,-49.21207886440277,-42.17152650558292,-110,-39.45962122462175,-55.358623112434245
162,-6.61654,2.41353,1.5,-35.96581096223894,-41.66245991253426,-43.38603329668754,-110.0,-50.22308886298309,-39.62905850189735,-110,-36.11160711490105,-40.29123595683233
225,-7.61654,6.41353,1.5,-31.40212498047333,-40.389766773180895,-43.075016648098064,-110.0,-63.67712944819215,-53.69523241731867,-110,-54.1592841315726,-46.76414138701183
40,-0.616541,-5.58647,1.5,-56.792029911615046,-49.391859603572755,-33.292681402131585,-110.0,-41.23433871936716,-38.95329993300298,-110,-46.92482026085653,-47.215500251239554
87,-1.61654,-2.58647,1.5,-40.46751000593542,-37.88486928222589,-46.066774515712645,-110.0,-45.09234451030286,-46.137996716412296,-110,-33.301341195369794,-36.85150058601742
38,-2.61654,-5.58647,1.5,-37.35077359132091,-36.09171371835768,-28.974091126861623,-110.0,-31.87605245209053,-48.48696958655348,-110,-46.34246275568709,-36.976485795982875
42,1.38346,-5.58647,1.5,-51.03164065007294,-47.96760904334217,-35.751882201084534,-89.82692164420472,-29.331396357022633,-37.32163526799598,-110,-40.13571533688035,-29.782571263914576
215,-1.61654,5.41353,1.5,-43.61348018761456,-36.572768280442325,-39.3422569276334,-110.0,-42.79938305424515,-46.00114316326132,-110,-28.233276314013615,-49.77283560483231
198,-2.61654,4.41353,1.5,-47.80066463119026,-38.11800676396034,-44.23517457528466,-110.0,-52.985464675875214,-43.8268004720283,-110,-24.945306334467684,-44.53389715384626
186,1.38346,3.41353,1.5,-43.98748329935119,-52.78862741265963,-48.0419090638894,-110.0,-32.157976320101135,-29.2650106210097,-110,-25.60701012354226,-44.1192869696898
112,7.38346,-1.58647,1.5,-45.21359651126431,-40.02409146313425,-37.842693402508765,-110.0,-38.205554140509435,-42.80456689178694,-110,-33.02892187965209,-35.89205746374262
134,-2.61654,0.413534,1.5,-39.810201157716975,-39.189609129164445,-48.09704445837174,-110.0,-43.29258594234258,-33.140812531566226,-110,-29.276101553186543,-51.075127465217506
53,-3.61654,-4.58647,1.5,-33.46901218349807,-34.18238868701442,-25.99413289893045,-110.0,-39.929732285899775,-43.41023535085779,-110,-41.03305962034582,-61.00560904102577
131,-5.61654,0.413534,1.5,-30.627526179080743,-33.514968377269646,-51.706196549190345,-110.0,-38.63969456580488,-42.27940669525707,-110,-44.872905859552674,-44.13078336469101
125,4.38346,-0.586466,1.5,-42.62176276603227,-44.6446440018465,-50.783732159969944,-110.0,-32.80391697615224,-27.484690002380756,-110,-41.63688040095677,-42.5707109491589
146,-6.61654,1.41353,1.5,-39.63667402166658,-50.08186092524922,-35.98817277303608,-110.0,-51.93083714210254,-33.11171848241373,-110,-38.635569078774665,-40.84136650455288
45,4.38346,-5.58647,1.5,-47.68735289595501,-46.764734743541645,-32.191193327275734,-97.51092730585484,-23.97235292015359,-35.69731567728613,-110,-42.436368915964216,-36.08931552379422
240,7.38346,6.41353,1.5,-59.37482922850446,-31.728736496231104,-50.728236685428286,-110.0,-53.03775189984463,-35.94556821434645,-110,-32.53575709968518,-40.6760105169621
15,6.38346,-7.58647,1.5,-51.37688811356609,-41.90383613687668,-40.552455953877136,-80.43327418919624,-39.359835810940595,-36.06847957776537,-110,-50.825728898745595,-33.527963330338174
37,-3.61654,-5.58647,1.5,-35.16529733782139,-36.62665247926438,-27.176855791126847,-110.0,-32.64250431755939,-49.359654898994705,-110,-51.249557523433445,-33.972646306983975
88,-0.616541,-2.58647,1.5,-58.1167019428347,-30.383590481541635,-39.504637351181245,-110.0,-67.78553000802177,-48.14658458266767,-110,-27.57332839379889,-43.44296389101317
169,0.383459,2.41353,1.5,-42.1939732983614,-53.00093867637315,-44.578469683387105,-110.0,-38.01320199075841,-26.5989687803608,-110,-26.45941154616879,-69.02095378972372
22,-2.61654,-6.58647,1.5,-37.8349800477314,-49.63518104276376,-30.005183070073052,-82.91494503085038,-41.5632970945849,-36.03395843602356,-110,-32.730387939373365,-54.518589499020294
52,-4.61654,-4.58647,1.5,-42.294455252134895,-40.9658671275783,-37.461873115533145,-110.0,-44.72545300050247,-40.66824368564156,-110,-44.35399544144504,-68.3580407668169
183,-1.61654,3.41353,1.5,-45.467992357701306,-33.65522640050855,-41.30838486078372,-110.0,-50.3714476102927,-35.00131040772213,-110,-28.632750467680516,-40.08425897696994
184,-0.616541,3.41353,1.5,-54.69922527080709,-33.072466110454734,-30.04234637131503,-110.0,-45.29008130596253,-35.395625026914146,-110,-28.552313244375647,-43.20631946528256
96,7.38346,-2.58647,1.5,-57.8257036016587,-38.70087385583989,-41.78475913446984,-110.0,-45.12787440544239,-33.151016047945284,-110,-54.94031077874239,-37.29426202307011
117,-3.61654,-0.586466,1.5,-41.58653628084992,-43.03772760451122,-41.063636707475865,-110.0,-38.67630030424823,-37.019499736677666,-110,-29.251876740237545,-43.25622790601626
223,6.38346,5.41353,1.5,-52.03152945947989,-38.99356879766191,-58.36689874151111,-110.0,-58.324350517075345,-41.97308019719679,-110,-39.374996188897455,-44.87436763955737
22,-2.61654,-6.58647,1.5,-38.25545749732736,-44.94679930553115,-29.41718064239207,-85.66688784926366,-37.06847817547211,-38.45049820269328,-110,-36.50650127279251,-52.1691787921912
159,6.38346,1.41353,1.5,-55.16402718898006,-60.104567231612904,-36.3088880186956,-110.0,-36.53031265455243,-27.21856879204437,-110,-63.87945129461216,-47.97406638066675
42,1.38346,-5.58647,1.5,-41.175388350660626,-55.02557946731403,-30.8089158044806,-91.10215386663444,-27.707858125011143,-30.032428347496634,-110,-42.24455320865541,-29.465256002544898
164,-4.61654,2.41353,1.5,-30.54390796351889,-41.24933060625807,-35.548994941532165,-110.0,-45.23534631725695,-40.65515590242457,-110,-28.949947058525403,-47.91485830206071
17,-7.61654,-6.58647,1.5,-39.78564082228782,-35.45238536493051,-30.713735609920537,-99.70846879235344,-44.434724167536224,-46.195747048331455,-110,-49.591969286958246,-48.03435839076609
53,-3.61654,-4.58647,1.5,-37.433382746191405,-41.39242141330626,-36.38255492972371,-110.0,-38.59117757830129,-47.66587741261585,-110,-40.05729411869907,-61.24228972443462
156,3.38346,1.41353,1.5,-56.04863666435364,-46.262999327308734,-53.451079523270785,-110.0,-41.03221875807401,-38.98340764301486,-110,-35.17448954662667,-48.082600553687946
49,-7.61654,-4.58647,1.5,-42.63362608033995,-40.13597437757183,-40.95123730868875,-110.0,-39.50046900244102,-53.298594275364266,-110,-41.990853278472805,-36.310318413413974
102,-2.61654,-1.58647,1.5,-46.3884620105732,-38.71581702276543,-36.10143339525498,-110.0,-41.60534561482779,-42.170303981993,-110,-32.280349032443205,-42.968072424054704
230,-2.61654,6.41353,1.5,-39.3083967324896,-28.022154019289324,-39.05298912847736,-110.0,-70.63382101736177,-52.39414949100462,-110,-53.157262337377055,-67.71535751632736
110,5.38346,-1.58647,1.5,-46.678079146820366,-52.49146610132017,-34.542074292653666,-110.0,-34.7838537070633,-34.74763161456576,-110,-42.75931706024352,-32.084349718554094
123,2.38346,-0.586466,1.5,-44.78262342032008,-64.48522834832306,-60.93917295160837,-110.0,-41.63366316196212,-47.61708593192827,-110,-39.43670370342754,-39.94418752635997
139,2.38346,0.413534,1.5,-51.97932702187472,-53.9273193217603,-51.50653944640603,-110.0,-36.29187952573063,-32.44704097058534,-110,-35.784026293697366,-40.1305252626512
169,0.383459,2.41353,1.5,-38.70286152160106,-54.660286318266394,-51.35817888326115,-110.0,-34.12599187715649,-33.40325714243537,-110,-28.785025310356357,-68.58389628785947
108,3.38346,-1.58647,1.5,-51.42693657125445,-58.0838900622184,-41.30007751510624,-110.0,-43.37781395177084,-42.14453506316238,-110,-42.24088659966881,-34.100419220812
36,-4.61654,-5.58647,1.5,-36.79054223979707,-47.51319137547281,-31.513311758214908,-110.0,-32.43670889665185,-37.688987757448835,-110,-46.20619516381815,-35.69847895479928
161,-7.61654,2.41353,1.5,-29.13463535521677,-57.72562155059552,-43.39310894929315,-110.0,-42.172315928224705,-39.34952190582134,-110,-39.32369583181413,-46.160384559642374
88,-0.616541,-2.58647,1.5,-54.38818158361905,-34.90554373911883,-32.06676139410089,-110.0,-64.71283783150322,-49.416247437100736,-110,-32.39167147607048,-37.24593530787204
56,-0.616541,-4.58647,1.5,-47.93699933737769,-36.69936705658043,-32.3540271372391,-110.0,-56.76232307532096,-49.25690357248502,-110,-42.20347292200445,-38.397944585310675
81,-7.61654,-2.58647,1.5,-39.62036639941432,-45.50423963565135,-38.78949527400236,-110.0,-50.06690465428822,-51.367687415623536,-110,-44.08010184892713,-53.1300478820238
223,6.38346,5.41353,1.5,-50.274289630118666,-39.56782353389519,-66.27697089302038,-110.0,-46.26071505589693,-41.46065574410982,-110,-37.762140332918186,-41.69032455068178
183,-1.61654,3.41353,1.5,-44.293408002026574,-31.164542602506227,-39.1277599723194,-110.0,-48.372545243859875,-35.67949585369129,-110,-22.88147200739179,-40.85591468336845
104,-0.616541,-1.58647,1.5,-50.24637738488083,-37.19528088897758,-31.72202272605336,-110.0,-49.5472729487835,-44.48674535105971,-110,-31.893393663354377,-42.81413368621339
133,-3.61654,0.413534,1.5,-35.51877817924595,-36.333716420487185,-43.57410943296329,-110.0,-46.68397144121913,-46.28088127813621,-110,-31.77779857447272,-42.60098604922323
215,-1.61654,5.41353,1.5,-48.5869264413767,-35.47618701029354,-44.732047145345234,-110.0,-50.507699159271326,-46.730301189500494,-110,-27.86775896351662,-44.30850646087688
228,-4.61654,6.41353,1.5,-26.312945109179942,-36.99137913960305,-49.93114875794926,-110.0,-64.98706861385159,-58.94104573221877,-110,-46.21281331117089,-53.720654026242585
230,-2.61654,6.41353,1.5,-33.06240958555898,-31.476435438116816,-38.42092390811277,-110.0,-69.01128485906091,-51.45967675469723,-110,-53.926703442495395,-66.39083430963143
191,6.38346,3.41353,1.5,-52.74540066454416,-66.39447809399834,-50.34391125844454,-107.01125413349612,-49.82345048374832,-40.10478125472514,-110,-31.823759203249494,-47.80605872953416
47,6.38346,-5.58647,1.5,-42.70215479313338,-54.71132740275446,-36.97945191320077,-90.41678764728596,-30.41898460863414,-39.961183620109985,-110,-36.8122917104548,-31.652303508000095
62,5.38346,-4.58647,1.5,-55.53880829808495,-48.55188666042446,-41.647671295017986,-110.0,-39.42376670796729,-47.06170978916175,-110,-42.94319983679289,-38.96643360296866
60,3.38346,-4.58647,1.5,-46.4290138925711,-52.90761408453778,-38.38496992310983,-110.0,-35.2078949786222,-37.804975963591055,-110,-44.84020929776331,-33.37308991948588
132,-4.61654,0.413534,1.5,-36.14112087267738,-34.60958553543384,-36.58986661171102,-110.0,-41.102757740938344,-39.075608160975776,-110,-46.54814439097029,-48.25246966808449
50,-6.61654,-4.58647,1.5,-47.16839981349722,-36.23290437140128,-27.20668532617592,-110.0,-44.46950510428252,-40.73052719210284,-110,-38.19262221338442,-43.61073159349322
2,-6.61654,-7.58647,1.5,-36.418722055089695,-44.37140822235319,-33.34848843601513,-110.0,-33.0234969844162,-44.2129229668864,-110,-36.354682831200705,-42.03791963740071
15,6.38346,-7.58647,1.5,-55.191553405266035,-45.71135498356769,-44.72458566825602,-81.09313323317906,-39.61954070666859,-34.11869395832337,-110,-48.88853881055653,-25.93136295696763
79,6.38346,-3.58647,1.5,-47.62945291085859,-53.81282345913705,-38.88448019399901,-110.0,-43.437910163819154,-39.29003299427873,-110,-60.07519854284027,-27.35635944866105
122,1.38346,-0.586466,1.5,-49.68777581747265,-57.244994097057685,-41.525492745331064,-110.0,-42.18212826339967,-52.38406316688136,-110,-39.22720487771756,-32.115928348009945
106,1.38346,-1.58647,1.5,-52.49039234726303,-52.61059440046449,-50.13742990127852,-110.0,-43.07989956332763,-42.19365405370443,-110,-37.70532538855379,-38.37604940917676
43,2.38346,-5.58647,1.5,-47.97887235640936,-55.78032645004436,-39.69724892155351,-94.0170095349022,-34.529040283905886,-31.273766420002392,-110,-34.179462981431506,-44.322849880295685
178,-6.61654,3.41353,1.5,-29.08169173608181,-46.18877692901941,-38.14950376427391,-110.0,-63.34547324791092,-36.415812335707656,-110,-46.03722200076644,-52.460186757018086
149,-3.61654,1.41353,1.5,-36.27291121373754,-43.75580387646032,-38.96949654907706,-110.0,-54.69048240723579,-39.48044077426865,-110,-36.87729416626638,-54.12302675905717
114,-6.61654,-0.586466,1.5,-32.46474230032906,-41.68929488372765,-42.08228065444483,-110.0,-50.33826280808213,-36.86344998004866,-110,-56.97174569467494,-56.40790938008445
72,-0.616541,-3.58647,1.5,-31.475637619059203,-40.517832401033694,-59.2938849361643,-110.0,-51.007647441754,-47.717223863552334,-110,-35.04105101747094,-44.59456937030357
88,-0.616541,-2.58647,1.5,-51.90032216598442,-33.72500011861933,-35.401560224938706,-110.0,-67.35585774959176,-47.232605175981696,-110,-31.136508802882226,-43.10265230461911
134,-2.61654,0.413534,1.5,-36.20966985552476,-37.71070214268502,-53.108443258274946,-110.0,-51.341643899463776,-36.347347861945806,-110,-29.689186706821967,-44.60636010535826
232,-0.616541,6.41353,1.5,-37.962022065135145,-20.68839319383171,-37.591325508921166,-110.0,-61.65787477785645,-57.03425065967281,-110,-58.87841012944131,-52.212420153368605
57,0.383459,-4.58647,1.5,-60.69466961804172,-44.4230198297571,-48.00880805167332,-110.0,-32.08244448084943,-45.52373538205168,-110,-33.414448814125045,-47.43307998857899
175,6.38346,2.41353,1.5,-54.824808673733386,-53.94270766784843,-41.61677757524571,-110.0,-38.525123380424816,-26.830435758503313,-110,-35.92570486992143,-37.120773176186454
57,0.383459,-4.58647,1.5,-56.648264892910454,-44.58069553202546,-47.15881736063703,-110.0,-39.89188073618289,-49.03438737872734,-110,-29.62677828181599,-47.52176522308109
177,-7.61654,3.41353,1.5,-29.032387440940767,-51.25621497398615,-47.74126667583769,-110.0,-42.948139993137765,-37.35115833723564,-110,-32.59302891489867,-47.47558672655976
240,7.38346,6.41353,1.5,-72.49443603603636,-32.855183071317725,-54.579095276424106,-110.0,-51.050917132225784,-37.75852567350521,-110,-32.25954936544232,-37.39330481166287
122,1.38346,-0.586466,1.5,-54.46600620742322,-49.905296726665334,-43.366203174046355,-110.0,-40.79433265111438,-57.62873083218247,-110,-36.26106398646014,-39.48801031990466
13,4.38346,-7.58647,1.5,-41.21178962288263,-42.66590727155787,-45.73640317798772,-110.0,-44.80066101750269,-43.3671776766986,-110,-31.194024167049733,-48.21785415305089
185,0.383459,3.41353,1.5,-42.72168514205784,-43.27958356949343,-46.96059926181323,-110.0,-36.77297851751814,-35.19293760328128,-110,-28.7379954342194,-37.11770273059002
163,-5.61654,2.41353,1.5,-28.012321057837873,-44.99172167114045,-53.11836323949386,-110.0,-44.95561388867714,-49.65709431305085,-110,-34.84502813436532,-39.075180152505254
228,-4.61654,6.41353,1.5,-27.605352764167048,-32.1455977242086,-47.33859322884501,-110.0,-57.34325299754763,-63.10877255211303,-110,-43.35202064720133,-47.93436066658568
5,-3.61654,-7.58647,1.5,-37.67283309959117,-45.36620217305218,-41.54457808126879,-110.0,-37.4018153215195,-53.51329424846515,-110,-57.03889822061489,-34.080039958938954
163,-5.61654,2.41353,1.5,-31.384011847579657,-42.00644252044141,-45.075269925905886,-110.0,-49.837236088238285,-51.058642048093745,-110,-36.28106411456633,-41.657247267367666
148,-4.61654,1.41353,1.5,-35.278306210292975,-27.99920298736336,-43.61697352647741,-110.0,-58.69042283308036,-37.62236110592586,-110,-36.257178679144566,-46.58804739891385
224,7.38346,5.41353,1.5,-51.77189944784918,-36.558987694478745,-40.81142229781911,-110.0,-34.25807402730577,-39.38709235825307,-110,-38.82977558390219,-38.88829570863432
218,1.38346,5.41353,1.5,-48.64993640601449,-33.90907708146331,-51.5724644050305,-110.0,-39.69212746775991,-54.76271098888442,-110,-33.81194647106954,-44.620580245013386
24,-0.616541,-6.58647,1.5,-36.53768343469121,-36.695433777493726,-38.11950410846736,-97.61186454338936,-34.26581749800201,-61.74801083388415,-110,-43.22662870978743,-53.41590737539211
107,2.38346,-1.58647,1.5,-55.42957491282439,-47.013936996026345,-44.25783182766887,-110.0,-37.28988898383748,-48.461754895400134,-110,-37.72392408928001,-34.231135691466484
212,-4.61654,5.41353,1.5,-42.84349608834255,-41.8124830970718,-42.29457625496598,-110.0,-52.14639356175944,-48.22950694543388,-110,-37.926588149628955,-45.533543978196846
148,-4.61654,1.41353,1.5,-38.597241652080314,-38.40920988727276,-39.902809766743225,-110.0,-56.57130659744104,-40.64188654306732,-110,-32.415606857949406,-46.35082031696058
197,-3.61654,4.41353,1.5,-47.75560944055223,-47.63452883146822,-47.51405078649482,-110.0,-46.44713362337924,-49.392949263733605,-110,-27.647743286617654,-55.03107367008639
14,5.38346,-7.58647,1.5,-52.72659146789687,-53.05123294743341,-48.29140748023831,-110.0,-39.025540266163446,-41.76313853796787,-110,-42.829783580614496,-25.72024159441959
1,-7.61654,-7.58647,1.5,-110.0,-110.0,-110.0,-78.98342274808851,-82.87078724488808,-110.0,-110,-110.0,-110.0
34,-6.61654,-5.58647,1.5,-47.61012780633547,-40.71514084823444,-30.204174768062355,-110.0,-36.248870766713544,-48.88914425370086,-110,-36.750718858934704,-39.05623761995553
81,-7.61654,-2.58647,1.5,-49.57947256718374,-42.207725415452664,-38.70858923007905,-110.0,-49.51319700855931,-49.04058546111018,-110,-47.70285964031919,-60.36185383612045
85,-3.61654,-2.58647,1.5,-40.76395304469709,-42.05127164144398,-48.64865294010971,-110.0,-37.15150448076393,-40.02548293196681,-110,-37.58706419683483,-48.40089419528484
80,7.38346,-3.58647,1.5,-46.76355512964246,-48.66064426046332,-50.51339075115104,-110.0,-43.442428951514806,-32.598099053562464,-110,-38.423219314473435,-47.60684872342995
193,-7.61654,4.41353,1.5,-25.27670222678894,-50.41770064596891,-34.81598198993559,-110.0,-36.694989747065115,-52.59430117355456,-110,-55.54810226599761,-58.55528536035128
2,-6.61654,-7.58647,1.5,-35.0998760282071,-45.48416159549632,-38.88343367673141,-110.0,-26.49550230950701,-47.977996362327715,-110,-39.99424808575497,-39.60758351401686
95,6.38346,-2.58647,1.5,-57.726229249576264,-62.15914480828248,-46.78565453963743,-110.0,-30.71318678579893,-53.7334989404819,-110,-34.54701015415164,-32.724180141501336
113,-7.61654,-0.586466,1.5,-42.34574641215015,-43.54640793994826,-43.16208907053701,-110.0,-42.41620976472653,-36.48654961887841,-110,-43.907977297919594,-43.4435415758606
101,-3.61654,-1.58647,1.5,-29.487394056471132,-39.20417418272272,-42.82040807012006,-110.0,-44.24284524211544,-64.28730428137733,-110,-49.03043027702657,-50.400674168314374
113,-7.61654,-0.586466,1.5,-39.25343077093269,-43.24849712816132,-43.289199064159135,-110.0,-45.4201786757914,-36.3750269211192,-110,-53.565904348246306,-45.257404717002494
147,-5.61654,1.41353,1.5,-48.44865752762123,-36.30645900093432,-29.61677099012192,-110.0,-45.92871889383137,-32.30252249514336,-110,-36.47539657399224,-62.68274056337254
1,-7.61654,-7.58647,1.5,-110.0,-110.0,-110.0,-69.97150383039504,-82.59580219177116,-110.0,-110,-110.0,-110.0
159,6.38346,1.41353,1.5,-54.748872620255845,-56.48192225559416,-38.54674999253383,-110.0,-43.24548414175262,-26.96110022726591,-110,-63.410482866711504,-51.23411296988536
40,-0.616541,-5.58647,1.5,-52.12047979171798,-49.48164979151978,-33.904132444543556,-110.0,-44.9834936862486,-48.24355734099504,-110,-44.60496612145333,-43.32901496459029
65,-7.61654,-3.58647,1.5,-41.7497562436149,-45.16717162320163,-31.91383231824703,-110.0,-31.263230500382285,-46.397921394890126,-110,-38.37958586968915,-44.52192736132408
84,-4.61654,-2.58647,1.5,-40.775723030635994,-38.54479483294041,-38.64156040400249,-110.0,-44.963498381674505,-44.48560992389947,-110,-41.86924165633303,-51.34444526841159
96,7.38346,-2.58647,1.5,-58.84891535648643,-36.02082585560269,-39.886589561186014,-110.0,-38.33324613173581,-33.97952573389092,-110,-46.5807616800184,-42.96496124667103
129,-7.61654,0.413534,1.5,-31.532633807131702,-44.96663195484903,-34.463612983892354,-110.0,-46.8310294093235,-47.110456678172106,-110,-40.47407409181148,-38.112221537125855
35,-5.61654,-5.58647,1.5,-35.547305051501944,-38.71361783125776,-42.93531966536064,-110.0,-30.851472092014472,-49.58339268540032,-110,-46.13965066105791,-35.32646283096853
129,-7.61654,0.413534,1.5,-32.641285390704894,-43.92224164922141,-34.182838157204294,-110.0,-42.698973575682786,-43.475922374105984,-110,-35.45013142583561,-38.99383872045501
100,-4.61654,-1.58647,1.5,-45.247886136622874,-36.91738052171549,-37.02404406579862,-110.0,-37.37822490805496,-40.002593899130936,-110,-35.459710897829886,-47.5977334437055
33,-7.61654,-5.58647,1.5,-45.01844264028587,-41.61238785084362,-39.32915091297998,-110.0,-35.43564547914426,-45.12280385309813,-110,-40.31334609093165,-40.1332730969998
97,-7.61654,-1.58647,1.5,-45.23656178718898,-40.41774100819908,-38.70672530539173,-110.0,-42.35374968595818,-41.098871900472304,-110,-42.938997473425786,-46.3264511121328
101,-3.61654,-1.58647,1.5,-30.88315644148493,-42.92416578167894,-40.17131357005045,-110.0,-47.60751623400344,-57.776106673707936,-110,-45.608938773224914,-42.96756541861013
112,7.38346,-1.58647,1.5,-43.26905620493239,-38.48314167937341,-46.71827430741354,-110.0,-34.11832713449533,-40.43413891639992,-110,-36.125145687493486,-33.18313685918033
170,1.38346,2.41353,1.5,-48.406820300067736,-49.718693606941,-47.32175925866133,-110.0,-43.11019094673267,-40.07351172670628,-110,-28.14471953811875,-47.357048270776
25,0.383459,-6.58647,1.5,-43.80056851046401,-46.83383290507586,-39.5469677781936,-94.35083837082747,-26.566706228808485,-36.681510224785114,-110,-38.73579736884007,-34.02725312560011
147,-5.61654,1.41353,1.5,-48.18706325919037,-42.16213926323111,-31.326968932219224,-110.0,-51.897934068398456,-34.34864862075618,-110,-32.44997147724975,-64.26140182091768
49,-7.61654,-4.58647,1.5,-47.52553542972611,-35.89285969395718,-40.442758469586586,-110.0,-45.30314382513867,-49.400151965993714,-110,-49.81261643884154,-37.2368971057608
96,7.38346,-2.58647,1.5,-59.25761026921038,-41.14661157621247,-38.258340069985486,-110.0,-41.774541343372526,-31.92507387061251,-110,-48.0873969780425,-39.43033529765511
133,-3.61654,0.413534,1.5,-38.40813556885949,-41.27106007497619,-45.15961600598065,-110.0,-47.89792103393147,-48.87363264843989,-110,-35.91550694530007,-40.45726194540479
31,6.38346,-6.58647,1.5,-49.91276804611186,-48.68396388079533,-35.6448360163361,-79.17025547217231,-37.15322043043138,-41.47814915754511,-110,-45.022815483481345,-29.163948748616047
201,0.383459,4.41353,1.5,-44.77224904687763,-30.081434186094583,-51.54146485993342,-110.0,-41.82980267592924,-42.66136874032846,-110,-29.290861332228456,-38.928055328716546
189,4.38346,3.41353,1.5,-46.30660133034595,-62.537514354470666,-50.461510011083966,-110.0,-43.415220346915696,-24.45014493655855,-110,-35.002644292312446,-83.52756214415099
137,0.383459,0.413534,1.5,-41.0448363998828,-48.123341061810024,-51.67226736219197,-110.0,-32.8124777949114,-37.03826464855384,-110,-25.038704334040013,-43.577315826793104
222,5.38346,5.41353,1.5,-45.920266715381246,-37.973852835945095,-52.30145932949172,-110.0,-41.30406014592145,-29.937842051962846,-110,-43.41562951893477,-34.93120664888892
188,3.38346,3.41353,1.5,-64.98324251506298,-39.80610289834931,-54.39206350892937,-110.0,-51.80053030364918,-45.38444868517112,-110,-32.57968057983426,-38.41330891624956
93,4.38346,-2.58647,1.5,-50.46319689064777,-63.17879586154529,-39.98727827599148,-110.0,-30.26214538899365,-40.19143377431387,-110,-39.67466514841933,-50.89151878837747
55,-1.61654,-4.58647,1.5,-33.59709421765942,-54.281604950849456,-31.675034658045668,-110.0,-42.22766205523937,-46.12586576636589,-110,-34.1724961181192,-42.4296617940767
191,6.38346,3.41353,1.5,-54.809817804720005,-58.55093014957652,-57.469174916611614,-104.44511807366656,-42.681702549231765,-40.09635572098112,-110,-31.467019435105847,-46.793549336098074
28,3.38346,-6.58647,1.5,-50.11142299549384,-42.081504076873934,-34.41078480782375,-75.23604733382071,-39.92277070605486,-40.82370863945844,-110,-38.11902757715032,-35.99904870775911
46,5.38346,-5.58647,1.5,-47.896231594606874,-64.49833292982396,-43.743014353089045,-91.38187069273,-36.465473200949546,-35.470939532062175,-110,-42.781459574060435,-37.01591393538351
124,3.38346,-0.586466,1.5,-57.14269406836914,-54.56064080198203,-55.66425164147585,-110.0,-34.92688284336097,-36.67740576059174,-110,-31.61965551434073,-41.05237251313878
216,-0.616541,5.41353,1.5,-56.56263774005161,-18.903710927300125,-36.083601880893,-110.0,-54.24110469330499,-51.33448038942984,-110,-44.723505320302976,-55.27132456477823
29,4.38346,-6.58647,1.5,-52.28128749139599,-55.5099419130107,-46.095020653024626,-77.09005174017338,-34.74727059946181,-35.635617509947764,-110,-29.51293079945219,-33.85445945739672
34,-6.61654,-5.58647,1.5,-43.07601866419113,-39.023983048141744,-33.76707044685604,-110.0,-38.597821734038945,-45.52967372960853,-110,-39.88398574666214,-35.69178695590399
181,-3.61654,3.41353,1.5,-37.046166867994195,-41.95736793994787,-48.48957723260558,-110.0,-34.89753795448888,-33.61753379950794,-110,-26.65856074251768,-62.41631556479019
138,1.38346,0.413534,1.5,-54.240812788827654,-49.47670290160568,-39.01855829288574,-110.0,-28.29102403432249,-51.44328338430184,-110,-31.709620228212668,-34.28240336501618
55,-1.61654,-4.58647,1.5,-29.73167587480495,-56.600853549858336,-34.379397137681124,-110.0,-45.240450847537474,-44.76722933567616,-110,-37.72635826445526,-43.04014145902332
56,-0.616541,-4.58647,1.5,-43.485210250389414,-36.52819315042448,-33.249638909188846,-110.0,-46.60308505631003,-49.57850748579037,-110,-37.937397511868674,-36.31339282128413
153,0.383459,1.41353,1.5,-48.355656797989326,-58.302909712401856,-40.248460805675,-110.0,-31.27978368707666,-32.49483205374507,-110,-26.398248062293185,-36.969722295862326
106,1.38346,-1.58647,1.5,-53.19251225524158,-49.73962493007341,-46.974820639507094,-110.0,-44.20197985865264,-39.43806079885193,-110,-35.13707682801623,-43.275569435721195
183,-1.61654,3.41353,1.5,-44.59338074737121,-31.215817016310965,-35.614452886183976,-110.0,-47.10934408485484,-32.858221954615786,-110,-26.83566549986721,-36.42320953446023
45,4.38346,-5.58647,1.5,-47.77595545533285,-48.58953749098408,-28.45124329028971,-92.6505265961712,-31.014937194968397,-39.225921614646154,-110,-40.76189727222834,-36.06084234175445
188,3.38346,3.41353,1.5,-66.77635838628866,-45.14741797598994,-51.09881044864886,-110.0,-54.97572682395316,-44.13323714187984,-110,-29.078869942838963,-38.61779033227462
108,3.38346,-1.58647,1.5,-48.49530774860256,-58.8504492750892,-41.34532167567898,-110.0,-40.514718047112616,-44.293611941189226,-110,-42.82424377334441,-36.46837054195521
169,0.383459,2.41353,1.5,-43.51884927081635,-54.49106989460945,-49.31405019802503,-110.0,-31.236207889713363,-26.052586493540595,-110,-26.97337262004295,-67.25659654368107
233,0.383459,6.41353,1.5,-34.800141918917014,-24.578524510602495,-40.27654126347464,-110.0,-51.44334654027317,-43.96014397471073,-110,-41.549723973838134,-44.651646172515186
160,7.38346,1.41353,1.5,-59.90232617657086,-50.949694210092545,-51.70651652859129,-110.0,-41.50266660831419,-23.90196183718477,-110,-47.57928206461399,-40.210114242069366
108,3.38346,-1.58647,1.5,-53.021783561200024,-57.55309935022149,-42.06153163654453,-110.0,-37.68982590407442,-38.074324087974674,-110,-49.74244406224288,-37.320500348238696
197,-3.61654,4.41353,1.5,-49.62612090273785,-49.51125823038254,-47.9977349403812,-110.0,-46.87209395680841,-54.29730345760276,-110,-30.03029118860419,-55.856020377316064
24,-0.616541,-6.58647,1.5,-34.21430506995044,-40.15206106757654,-34.811800120293654,-104.76179770664096,-31.86543558459566,-61.81415792187157,-110,-40.887616215008734,-58.574210467102944
234,1.38346,6.41353,1.5,-35.92516386361375,-23.079003435055377,-54.767076119520816,-110.0,-41.258600718804566,-44.88087781986944,-110,-27.036431810337533,-37.69701923416256
110,5.38346,-1.58647,1.5,-48.3622634004183,-48.99048399813375,-39.99608624017375,-110.0,-38.555752390075426,-33.78504355134258,-110,-40.023112755889976,-35.20962589329698
123,2.38346,-0.586466,1.5,-49.67897613284338,-68.0261415823367,-62.83708207155054,-110.0,-45.84038133937175,-43.04871019894186,-110,-36.56295617427622,-40.103540789180535
81,-7.61654,-2.58647,1.5,-45.16191019588045,-38.29151094850933,-37.22558991071436,-110.0,-48.753089917554384,-54.12536304905802,-110,-52.39411578302614,-47.1297744005167
45,4.38346,-5.58647,1.5,-50.56345194947884,-44.098806198940075,-28.95797855714989,-96.04531593993929,-29.68832508986217,-38.742057385253105,-110,-40.81496965113854,-39.17607215305753
224,7.38346,5.41353,1.5,-48.83021642075697,-41.73887151142979,-50.6022168077676,-110.0,-36.731079596308625,-40.41300002189751,-110,-39.06703047986428,-45.786765472714734
197,-3.61654,4.41353,1.5,-44.72224772908497,-45.76315154260652,-48.5474472888999,-110.0,-42.187683738151954,-53.14157802423371,-110,-38.29244767345587,-47.67139429548196
164,-4.61654,2.41353,1.5,-31.43732232785606,-42.08203206225071,-38.76107087799419,-110.0,-47.86397063292053,-44.815528116250384,-110,-31.98309609556223,-52.18197996010933
149,-3.61654,1.41353,1.5,-33.921911220202006,-43.888650407947736,-41.114472968823414,-110.0,-55.06605041228652,-37.53457874235957,-110,-40.63733669731863,-53.5712625484779
201,0.383459,4.41353,1.5,-51.45062678529792,-31.07375191757628,-51.8676796891442,-110.0,-43.8985394701801,-36.50950913018811,-110,-33.00440828268617,-41.439570523126726
33,-7.61654,-5.58647,1.5,-43.056247475536416,-39.240847100033896,-36.91616116820466,-110.0,-40.29420757608897,-53.885156653679225,-110,-36.75328168385028,-40.884706512188686
191,6.38346,3.41353,1.5,-61.148800600287366,-57.94706108713905,-56.84122351687621,-103.56780371374138,-44.42682302226997,-40.11198740474727,-110,-34.75571164525814,-47.721016815495304
218,1.38346,5.41353,1.5,-47.58906546674263,-38.66207480152021,-49.827902096302864,-110.0,-35.84411637265574,-49.05271188283137,-110,-37.82250516262432,-45.14540033755874
207,6.38346,4.41353,1.5,-39.260804496999,-50.302792114984896,-59.13405054165357,-110.0,-49.29275909357427,-40.05830992775524,-110,-32.82256812105883,-46.36600804299374
199,-1.61654,4.41353,1.5,-47.84367336725708,-39.253929623986586,-44.5153205581914,-110.0,-57.56532558360444,-45.20684405449514,-110,-32.15176752847254,-44.25810352336858
135,-1.61654,0.413534,1.5,-36.067321884284546,-33.854379064815845,-33.5915651353634,-110.0,-45.59929627430592,-44.25928811288706,-110,-30.093067600411917,-45.39297307497944
117,-3.61654,-0.586466,1.5,-41.52927617097315,-43.31996694128806,-43.906513139120285,-110.0,-30.8226705320072,-40.59610517145559,-110,-27.927036510161603,-41.4597258496566
83,-5.61654,-2.58647,1.5,-35.88888729104328,-38.28640434287328,-32.48913712060377,-110.0,-48.53484189094047,-35.58292114295468,-110,-35.8894892492892,-38.66380556406663
130,-6.61654,0.413534,1.5,-32.60367689638012,-42.915177523723216,-43.15032167827856,-110.0,-39.2439478606701,-38.5777252741935,-110,-40.53911385382661,-58.71407502358194
40,-0.616541,-5.58647,1.5,-52.926383214795685,-52.20253228583937,-23.949388895733073,-110.0,-46.09525727168087,-44.58293643726051,-110,-44.37854225526222,-45.68204164809303
140,3.38346,0.413534,1.5,-47.79970643837278,-54.21480911332304,-44.624114697686814,-110.0,-44.31346752315464,-48.278528192306915,-110,-36.83313152422109,-50.69479797933489
51,-5.61654,-4.58647,1.5,-32.85960526674641,-36.442571058768216,-41.075896526116026,-110.0,-33.37597998553149,-44.44997131460401,-110,-41.74512797970773,-45.95076774204103
199,-1.61654,4.41353,1.5,-43.51137544262741,-40.22409210535421,-46.08721701801506,-110.0,-60.17510102053194,-48.49081284298763,-110,-30.62631131854222,-37.645555677068565
60,3.38346,-4.58647,1.5,-49.746615417560506,-49.86145661519546,-43.7117197538758,-110.0,-33.28542001793184,-43.03313796305432,-110,-44.8189017252101,-39.09791867330828
34,-6.61654,-5.58647,1.5,-48.6851272790477,-35.9146623952701,-32.26723481093141,-110.0,-39.17334595840852,-43.70163331851353,-110,-42.19887686868229,-36.053928584017065
5,-3.61654,-7.58647,1.5,-47.665637396568776,-39.69322576197894,-39.329547104196266,-110.0,-34.93925106026051,-56.78512522033284,-110,-57.686941139121075,-35.473180274305776
46,5.38346,-5.58647,1.5,-49.452923063153605,-64.9080573739032,-44.31834460981258,-97.82802034870244,-36.44492908352335,-40.95377391148344,-110,-38.18217689319843,-29.966206459568443
235,2.38346,6.41353,1.5,-42.56205105389698,-30.30001813257289,-54.348202489276375,-110.0,-45.343531931706266,-56.084660675761775,-110,-46.08813641946262,-55.99852727928745
150,-2.61654,1.41353,1.5,-32.36940035534761,-43.847890334707074,-46.61501264770735,-110.0,-39.87874108130273,-55.195730121565475,-110,-37.55236587932733,-39.32559569609631
30,5.38346,-6.58647,1.5,-45.17232605687395,-49.88503397486101,-50.44121111852395,-78.88609727150873,-38.26891342141106,-44.29905702609156,-110,-41.21629216625331,-30.244780505607093
94,5.38346,-2.58647,1.5,-47.616739585982806,-49.07180960855275,-37.05668544792031,-110.0,-48.12177892707994,-48.53171095610774,-110,-35.394684879769024,-36.795846897619235
202,1.38346,4.41353,1.5,-49.51706715243371,-35.66605506286368,-51.415616693596576,-110.0,-42.10009549918689,-35.21017408694962,-110,-43.00561414756081,-50.96062747668454
147,-5.61654,1.41353,1.5,-57.13469273638394,-35.015156245817465,-33.028158920796365,-110.0,-51.459268026241865,-34.196308590761824,-110,-39.69579344959203,-64.53798825045844
229,-3.61654,6.41353,1.5,-40.37385188450266,-37.62709646304023,-45.58033587095407,-110.0,-67.6114714186316,-70.11970763307195,-110,-48.62058736011439,-45.76134873142728
206,5.38346,4.41353,1.5,-55.84512499438076,-38.1864461278578,-56.44342548803987,-110.0,-52.04737810327512,-37.45662697714775,-110,-36.01864896345676,-38.05760386253899
109,4.38346,-1.58647,1.5,-52.627597959480966,-68.53764008149527,-40.68177108484257,-110.0,-40.83492423662278,-30.26877693303349,-110,-34.89260448872336,-38.76464603029915
41,0.383459,-5.58647,1.5,-53.704004869712,-59.738243443162155,-53.6058562643916,-110.0,-28.41510679778756,-36.34563940860939,-110,-38.03990730618904,-47.28176218395997
129,-7.61654,0.413534,1.5,-33.731193337233854,-40.942037834930666,-36.374350995768914,-110.0,-41.897604145162155,-44.42825318873971,-110,-44.4837145383616,-44.207331678818825
216,-0.616541,5.41353,1.5,-54.16974629283024,-27.430157567051385,-35.997111329654565,-110.0,-55.42971249029957,-57.09786261264046,-110,-42.962268682267194,-57.69225547181651
136,-0.616541,0.413534,1.5,-42.305674881230686,-36.13718710958302,-35.35294847060818,-110.0,-54.90011153577781,-48.677834655972845,-110,-35.26253472924119,-49.81237161275749
206,5.38346,4.41353,1.5,-55.20615531586999,-33.48918755866314,-51.89203403606759,-110.0,-47.08037761266866,-39.86439069171678,-110,-38.43218209275076,-42.15208840777786
42,1.38346,-5.58647,1.5,-42.56748455642659,-47.277896070391186,-38.77060172696206,-91.87083374176538,-28.367737845234007,-34.82032280314564,-110,-43.11782843839376,-29.807267156932426
77,4.38346,-3.58647,1.5,-44.17151270479822,-47.058621266758486,-35.19612569116995,-110.0,-40.82352850640799,-35.74063793368664,-110,-41.805724956986914,-34.888420807383774
92,3.38346,-2.58647,1.5,-52.64409549319444,-66.0046857558694,-38.40402032960224,-110.0,-47.446901043907936,-29.351214281667872,-110,-40.99445310993548,-40.23716509612546
10,1.38346,-7.58647,1.5,-50.1919671296663,-49.19882350271227,-25.14123382746376,-110.0,-21.00660044184836,-37.04943214815762,-110,-38.60900927990232,-32.873066373202334
153,0.383459,1.41353,1.5,-40.997221981409346,-50.80765875416905,-39.48349303728754,-110.0,-32.669982780270374,-33.7853618980205,-110,-30.44718630726557,-37.94729339432074
35,-5.61654,-5.58647,1.5,-33.672143460942145,-41.20275785019154,-35.31037946165323,-110.0,-34.716062719006906,-45.66194657433485,-110,-40.962288147720734,-33.7288245752267
41,0.383459,-5.58647,1.5,-58.351778122478,-53.79021673972306,-61.08796110750328,-110.0,-27.35826491811829,-37.67451040156811,-110,-34.972350070116065,-51.686741196319
34,-6.61654,-5.58647,1.5,-47.931777442441806,-37.898941399060874,-36.05569598150876,-110.0,-37.10276903570523,-42.11814508284547,-110,-41.39883849648555,-37.03681674741739
128,7.38346,-0.586466,1.5,-54.21286820867241,-51.206814591108,-48.72049321954955,-110.0,-37.154515476611984,-44.88351645476859,-110,-35.998356759559314,-35.14333983067741
85,-3.61654,-2.58647,1.5,-38.44316516575071,-47.18621877239186,-39.92327035483773,-110.0,-40.401472317653585,-41.90930813747032,-110,-38.91371249930345,-49.03304798163321
144,7.38346,0.413534,1.5,-49.34823880766591,-60.011079806549475,-33.86047746940463,-110.0,-36.46234087733945,-28.575323498619795,-110,-38.57239326007005,-35.946028505146245
36,-4.61654,-5.58647,1.5,-37.356013736667514,-44.86769288527142,-36.786675347141326,-110.0,-39.39672935468238,-43.59615158816861,-110,-47.17993414664655,-32.46290626739338
178,-6.61654,3.41353,1.5,-30.271098937167196,-51.16533695239666,-32.00344654870113,-110.0,-56.99170946907729,-39.908815036043585,-110,-45.588144520609575,-48.31772532465085
10,1.38346,-7.58647,1.5,-43.07149335290726,-41.9797673045487,-38.345993631657095,-110.0,-23.790336173144695,-39.78499290301475,-110,-40.410899452569055,-43.11327646055472
35,-5.61654,-5.58647,1.5,-33.21732781831286,-38.96883747215114,-41.863110231798736,-110.0,-35.70638643589298,-50.27260085156741,-110,-45.995176275142455,-38.17306988694118
44,3.38346,-5.58647,1.5,-41.693036921999955,-53.96966508056146,-36.075288066673906,-95.14418031666702,-41.64685056955607,-33.50948045469421,-110,-42.49519611871895,-31.437406734089315
33,-7.61654,-5.58647,1.5,-43.46136500676815,-42.94628480872495,-34.409636643491254,-110.0,-40.10563981235701,-50.02869556774824,-110,-37.54691423495249,-35.700363134341444
80,7.38346,-3.58647,1.5,-48.26787275710852,-46.85889081597023,-48.007925830714015,-110.0,-39.498529394258654,-33.91628566126109,-110,-33.281812598428374,-47.99058869377766
219,2.38346,5.41353,1.5,-51.88612233532196,-39.3127465128802,-56.270611411720914,-110.0,-45.348229237824896,-35.503987461202534,-110,-33.23313123807173,-32.70611427725843
65,-7.61654,-3.58647,1.5,-36.02104703729656,-50.60937819123647,-38.79196640589416,-110.0,-38.30626180632823,-43.59281131443893,-110,-37.45421479340639,-52.03163741077678
173,4.38346,2.41353,1.5,-53.93725716373764,-44.353747003986186,-39.21535236840657,-110.0,-37.20678652963488,-31.306462629769666,-110,-29.303565497947723,-45.902873353849216
43,2.38346,-5.58647,1.5,-49.26484965363082,-60.423156663430575,-40.722821844195536,-93.7348071949412,-29.167688314427203,-35.82600612890718,-110,-35.074585805900234,-38.35636973242031
21,-3.61654,-6.58647,1.5,-33.32811270546506,-44.44894377449138,-35.012265009695284,-84.6379664472424,-30.845644577813985,-48.7737142734377,-110,-41.20766326223942,-43.50673519426567
223,6.38346,5.41353,1.5,-56.84941596927507,-39.590425444534155,-58.97936202582636,-110.0,-51.27957060707838,-43.98128723814056,-110,-38.24565199579151,-40.26822429308986
59,2.38346,-4.58647,1.5,-44.286241049636,-54.02508342239967,-33.91942681522481,-110.0,-26.35277290493,-42.26130848670381,-110,-42.786901642862475,-34.52747504125644
47,6.38346,-5.58647,1.5,-37.672039595140845,-53.13085564675803,-34.966882515182675,-95.84380544951378,-38.262154404445845,-33.54576845008014,-110,-34.51772771237239,-35.24707114756331
196,-4.61654,4.41353,1.5,-42.27057253092406,-59.37698661481687,-39.334763124371506,-110.0,-49.803455320645774,-49.05315519583878,-110,-39.41784183220883,-43.8757857914371
53,-3.61654,-4.58647,1.5,-36.17972367738274,-36.91978127509629,-28.93776317654959,-110.0,-42.53674288979413,-41.95072187576338,-110,-41.02648336697581,-57.98924316867849
56,-0.616541,-4.58647,1.5,-46.18124355449877,-33.975035039337754,-27.70840035837043,-110.0,-58.53735978161899,-40.5652546707978,-110,-42.34118530594976,-38.18872216718239
119,-1.61654,-0.586466,1.5,-37.86707924072297,-37.45147618140638,-30.33768403436509,-110.0,-46.67001322398236,-49.126473122019384,-110,-40.59259480952575,-48.52646127260437
79,6.38346,-3.58647,1.5,-47.36055603289216,-58.497399934102106,-39.33699765042731,-110.0,-39.407766679868836,-32.89118185664708,-110,-57.11149764162863,-35.62721194758311
74,1.38346,-3.58647,1.5,-47.78764055727048,-40.46106085438541,-41.56435880635168,-110.0,-36.06372524720797,-44.29789623681605,-110,-42.89130728131379,-46.20991451454731
239,6.38346,6.41353,1.5,-53.481010379604975,-30.134671570754712,-69.75048312897127,-110.0,-30.802456287690596,-36.27586558761272,-110,-43.16320389177571,-33.73659984821381
106,1.38346,-1.58647,1.5,-45.55225146409888,-51.95055729092272,-50.57746901106472,-110.0,-48.885849049547645,-39.35632084853205,-110,-35.26302322769143,-40.1847926857023
107,2.38346,-1.58647,1.5,-43.63685148993872,-54.00325517444966,-46.05593749029383,-110.0,-39.684114739493104,-54.98492461323576,-110,-36.91530339840685,-39.05998100891232
44,3.38346,-5.58647,1.5,-47.66967115101362,-49.68456307800076,-32.1479498697815,-95.90075868312762,-40.37239166319508,-33.044887174715896,-110,-45.28089125149851,-27.691337046782163
20,-4.61654,-6.58647,1.5,-36.160141768303966,-49.96778005951725,-32.265513888280026,-80.74906565218299,-36.747712446577424,-50.670542492892736,-110,-33.2109617950886,-40.25365985876804
79,6.38346,-3.58647,1.5,-49.73720361370022,-57.403525956262136,-39.8231671066683,-110.0,-36.58055513517957,-33.162053254919776,-110,-55.90611214470195,-34.7384462494353
43,2.38346,-5.58647,1.5,-49.54806908328865,-58.21318866271181,-36.62083982364043,-95.60577873908342,-25.96185663541591,-29.10283597159719,-110,-33.221898855875175,-40.40948465791335
196,-4.61654,4.41353,1.5,-40.231577738418686,-57.3316421977053,-33.84380166171566,-110.0,-48.41301929749042,-46.64578725459328,-110,-40.984650807256195,-43.44762170349133
166,-2.61654,2.41353,1.5,-44.856606404196775,-30.9944164213687,-42.297480650559656,-110.0,-40.95816470337232,-43.79839418719838,-110,-30.774667871548527,-54.00734509101796
199,-1.61654,4.41353,1.5,-50.471024458600176,-43.96146768046737,-50.49383378177759,-110.0,-56.29288277890963,-48.82908498676956,-110,-29.25471048832937,-33.34665982016807
67,-5.61654,-3.58647,1.5,-33.668270560777636,-38.57144633916901,-34.45724762038777,-110.0,-37.23836702429857,-46.834762850099104,-110,-48.65005490424364,-50.1598237417721
88,-0.616541,-2.58647,1.5,-55.46352875526046,-36.85212330757445,-34.58802165212299,-110.0,-63.78337682950864,-53.310051733478005,-110,-29.50961477478902,-40.69505508041259
9,0.383459,-7.58647,1.5,-44.31114476409176,-45.060300929218066,-33.90324344619916,-110.0,-28.522832821294593,-29.35586496881893,-110,-36.23861987984068,-32.065076726910604
21,-3.61654,-6.58647,1.5,-33.96773076635118,-38.1871934142988,-44.21628841253139,-81.32457550651039,-29.40261744807202,-50.90123179777008,-110,-42.255078160040846,-40.43453905655938
178,-6.61654,3.41353,1.5,-26.93279834694533,-47.35043007821296,-30.63909516684765,-110.0,-61.43000669325505,-33.794375753327266,-110,-46.863593137578825,-49.903893115349845
103,-1.61654,-1.58647,1.5,-32.92568814558116,-38.78872411022446,-42.89587257959384,-110.0,-47.03038431569798,-45.78122306898171,-110,-37.80218102583815,-54.766750461716946
116,-4.61654,-0.586466,1.5,-43.30519194259983,-38.04288864850906,-35.30198703067039,-110.0,-46.864029611204565,-34.399213134039165,-110,-37.654585580480095,-38.642103308507686
210,-6.61654,5.41353,1.5,-24.05720968020913,-48.9043135891301,-47.51514115971821,-110.0,-50.437244894005175,-54.17149166022538,-110,-39.130253770169936,-53.0304889805553
147,-5.61654,1.41353,1.5,-48.69368396515552,-30.851333825906643,-29.757011532641616,-110.0,-53.57377260369163,-34.8650367601468,-110,-33.98983574125573,-65.2457856249254
135,-1.61654,0.413534,1.5,-37.756192366989616,-30.699633121551983,-34.287428136922685,-110.0,-51.61576498616218,-38.44612273452801,-110,-34.22104561901121,-45.14064191606
228,-4.61654,6.41353,1.5,-24.945586209659233,-38.617726595795205,-45.21673820649817,-110.0,-63.08006132578028,-67.36136407150195,-110,-47.95809849088321,-51.843257527643914
69,-3.61654,-3.58647,1.5,-38.57275084556492,-42.67047517054904,-36.36842525947988,-110.0,-36.72253813802006,-42.34514484607906,-110,-42.169859533867346,-45.088728477487926
146,-6.61654,1.41353,1.5,-43.372453138005255,-55.84890245002136,-39.76439821348222,-110.0,-44.699071673315714,-33.975328251294385,-110,-37.77800197842455,-45.44297916514296
189,4.38346,3.41353,1.5,-47.18754268595029,-57.20694331298908,-53.30272451266695,-110.0,-39.43392076512805,-27.5885072558478,-110,-37.66367301580938,-77.24969178588083
71,-1.61654,-3.58647,1.5,-37.911764556756296,-50.55153917705495,-28.069952158962057,-110.0,-41.91514628298087,-51.94531870620772,-110,-38.125072126520294,-56.162015935153654
1,-7.61654,-7.58647,1.5,-110.0,-110.0,-110.0,-77.85804529408547,-86.88355679525283,-110.0,-110,-110.0,-110.0
69,-3.61654,-3.58647,1.5,-39.35478838802741,-41.94147665246877,-30.87435623491997,-110.0,-38.61203914646229,-40.60733736837867,-110,-40.982852275236,-46.783856918743275
131,-5.61654,0.413534,1.5,-34.135564688475505,-34.15098414114578,-47.87301447164117,-110.0,-43.35501570094937,-48.951373010572574,-110,-49.28299930399829,-38.58882355607733
217,0.383459,5.41353,1.5,-45.18834978034744,-23.576393137011397,-41.60414295159808,-110.0,-50.302016491956266,-37.901886266799984,-110,-25.163789245947505,-38.42455775097921
108,3.38346,-1.58647,1.5,-56.34786208715061,-60.76752331695158,-40.87431756960997,-110.0,-40.5304925372992,-46.647895266548616,-110,-44.286742943537504,-37.04554440326742
224,7.38346,5.41353,1.5,-49.04467204326106,-40.679955452522336,-48.60948359817478,-110.0,-35.37215446591562,-39.852761094870054,-110,-42.03733946194131,-49.098723325794715
128,7.38346,-0.586466,1.5,-54.41349078684325,-55.17757683131275,-39.829508287523026,-110.0,-37.18251839470076,-43.027886444254385,-110,-38.45715023465426,-41.30082830741357
5,-3.61654,-7.58647,1.5,-36.911620036061855,-35.94407269679168,-33.61185579139857,-110.0,-36.24348424430234,-59.82650854814073,-110,-52.17550854111337,-38.274905447097126
178,-6.61654,3.41353,1.5,-32.31577735890726,-52.46329031742772,-34.086581574112934,-110.0,-58.73875437922375,-43.659441413043105,-110,-42.06108809491649,-53.80656819068368
236,3.38346,6.41353,1.5,-54.919173395086915,-41.89356750488712,-55.469405128795344,-110.0,-42.28857281498848,-35.258148754355496,-110,-44.465935515269585,-43.6220380213086
154,1.38346,1.41353,1.5,-36.31129529598932,-56.78815191368777,-48.4793527095309,-110.0,-35.81171171590948,-44.48834487225254,-110,-36.422045220115976,-32.93664211316268
1,-7.61654,-7.58647,1.5,-110.0,-110.0,-110.0,-72.27006518654781,-86.82664590355438,-110.0,-110,-110.0,-110.0
206,5.38346,4.41353,1.5,-56.5416012614868,-34.54223345485652,-55.5065519232995,-110.0,-49.39495392562164,-39.92887385788959,-110,-38.488639815638585,-36.34576854847639
150,-2.61654,1.41353,1.5,-29.14865702592593,-41.12827622720519,-44.340062067248496,-110.0,-40.19261302864481,-46.47384327901329,-110,-38.47084647552681,-37.4525186122912
51,-5.61654,-4.58647,1.5,-32.412660014723905,-39.31825937661157,-40.97844434373128,-110.0,-36.866345966365465,-49.26487269848053,-110,-40.33446754055629,-49.36264313441567
79,6.38346,-3.58647,1.5,-48.470896006406406,-51.43665376463297,-40.960712324503746,-110.0,-41.239905063666,-33.135051734203614,-110,-60.0586175533043,-28.86944898738551
155,2.38346,1.41353,1.5,-42.17164576983443,-72.35394371884773,-40.268243637636445,-110.0,-31.66399578785172,-35.05652354950429,-110,-29.06242054905195,-37.44399266849697
102,-2.61654,-1.58647,1.5,-44.81671358317312,-43.400344696413896,-39.155766267876544,-110.0,-44.594302363195744,-36.247477564846974,-110,-37.808808682897954,-42.85668635000751
134,-2.61654,0.413534,1.5,-37.265061107806815,-34.91851296809063,-49.854154706965,-110.0,-47.36120232974551,-35.955410520536276,-110,-26.64466490970959,-46.88748067336984
79,6.38346,-3.58647,1.5,-48.57094719340536,-56.6651074980034,-35.48340616586568,-110.0,-40.53084765521673,-33.5236907218111,-110,-57.73675670257147,-32.37944077560105
13,4.38346,-7.58647,1.5,-41.305804738370014,-47.314871594259685,-48.41825023885284,-110.0,-48.34963222036104,-34.19804373753355,-110,-38.12356197187649,-41.79466589286344
175,6.38346,2.41353,1.5,-63.79407419950399,-54.261056074582186,-43.7466228701424,-110.0,-47.489641907588,-32.36403439234788,-110,-35.9531686315698,-44.405987112578245
207,6.38346,4.41353,1.5,-44.843451327026926,-41.21319653858695,-53.02076847345825,-110.0,-51.61467405958551,-38.80951481283467,-110,-34.75230323385746,-41.246905361889624
32,7.38346,-6.58647,1.5,-52.71603056005131,-59.90952838140856,-39.310444517486744,-80.22748032028355,-34.10463983352819,-37.07234541725269,-110,-36.200765176468195,-30.282464818717074
230,-2.61654,6.41353,1.5,-33.761526745870356,-30.51107518791871,-34.5689597235494,-110.0,-73.52116439558424,-53.52339490057268,-110,-56.37623267439267,-69.35072631123415
153,0.383459,1.41353,1.5,-46.0177123935872,-57.57019471489048,-43.76084052430969,-110.0,-36.59315381611906,-31.445979023917396,-110,-24.14535460832714,-38.26649805446306
72,-0.616541,-3.58647,1.5,-33.45290703573044,-37.32882345292902,-55.33410960723185,-110.0,-53.47729729330443,-46.20297304477996,-110,-33.77932917350881,-42.544105405174506
120,-0.616541,-0.586466,1.5,-45.9098061264028,-32.97816807903184,-28.20561222333415,-110.0,-48.630425371673226,-44.89148552375319,-110,-28.143054450340145,-41.55370364428381
224,7.38346,5.41353,1.5,-47.87352569646683,-44.70652687397085,-45.03015941870862,-110.0,-36.130572026322426,-41.69104011378363,-110,-39.58071175794051,-43.45422768002052
218,1.38346,5.41353,1.5,-44.422904656959005,-34.399636796037235,-48.03884050889582,-110.0,-36.76802085043165,-53.96329814838022,-110,-30.78654716928798,-44.81965111767991
202,1.38346,4.41353,1.5,-52.38138334559093,-39.81563829782897,-52.67622440789791,-110.0,-44.06782489233492,-35.60625328337236,-110,-47.59353760767871,-50.385827410759035
121,0.383459,-0.586466,1.5,-44.34395896731892,-49.819426016917994,-47.22549276712279,-110.0,-32.210734096642234,-35.253754097816056,-110,-38.00440787747956,-35.83946053352463
18,-6.61654,-6.58647,1.5,-35.41487714448519,-37.18714895338609,-35.971261148930274,-86.58884485752841,-37.33718693301844,-50.66155612751484,-110,-42.42713780299157,-47.06840341852812
124,3.38346,-0.586466,1.5,-49.06464922130495,-55.783235488251336,-56.44928121520556,-110.0,-33.21089694158971,-34.341654221519576,-110,-28.09762978466661,-42.39804287444593
158,5.38346,1.41353,1.5,-58.414780155886376,-68.31850190093272,-40.157930398645306,-110.0,-30.609065040850624,-52.28474429861316,-110,-45.90402015643673,-46.21505813594629
43,2.38346,-5.58647,1.5,-47.68331842697973,-62.2025700218117,-34.60418366720731,-94.4643180164878,-30.251226438898943,-36.38335196372692,-110,-37.23665202859269,-39.4707036256927
143,6.38346,0.413534,1.5,-47.53230176968109,-52.25936349581167,-50.6516572407532,-110.0,-34.494962981575995,-28.361840721268283,-110,-34.38955281691561,-34.99271247008892
47,6.38346,-5.58647,1.5,-44.977859464670594,-47.86197949207093,-32.035045661436044,-99.89635809567152,-26.23283119731152,-39.73022072357634,-110,-38.29954340887222,-38.64395420542196
162,-6.61654,2.41353,1.5,-34.60386658885477,-45.861488630888424,-41.8008752942992,-110.0,-45.95875595577821,-48.18322694875425,-110,-35.18988296715302,-43.771640963229544
134,-2.61654,0.413534,1.5,-41.38937609475287,-38.13820033399232,-46.48248352376141,-110.0,-45.29356145402019,-38.00451253571064,-110,-37.767114142006406,-52.55020597140923
147,-5.61654,1.41353,1.5,-44.9341749004523,-37.62741169775306,-36.64350986379043,-110.0,-54.71867854634619,-34.923511547534154,-110,-38.45694730878526,-57.90467638318491
60,3.38346,-4.58647,1.5,-45.540661551714265,-52.84207014536252,-43.289004433431664,-110.0,-33.94478838911979,-39.696811159848224,-110,-34.171100168973794,-33.0468111616736
100,-4.61654,-1.58647,1.5,-45.72910825581491,-42.124424434719785,-34.32123900864182,-110.0,-34.52276297332095,-46.605627167518506,-110,-35.47869133386851,-55.266531711935954
49,-7.61654,-4.58647,1.5,-42.04417041550121,-39.207596671985804,-39.46114131949398,-110.0,-44.48137281708583,-47.91902449595368,-110,-40.556083527617744,-33.77919547620085
180,-4.61654,3.41353,1.5,-36.47556183293949,-40.05789586831041,-38.57337738800971,-110.0,-46.00893288343638,-51.17300578021701,-110,-29.3786703572276,-46.17704800255936
234,1.38346,6.41353,1.5,-38.13767700019139,-26.93136503479728,-50.002733131184065,-110.0,-40.782689185295965,-44.63506032872307,-110,-30.760920765508224,-37.662430231218835
128,7.38346,-0.586466,1.5,-59.02807408325722,-46.66224767127209,-39.84632006183165,-110.0,-37.904702562142326,-46.350678846294734,-110,-34.57376654391051,-34.4803201461252
43,2.38346,-5.58647,1.5,-46.47913662404928,-56.33062273066465,-38.04733860492679,-96.39788636964929,-26.912137469805195,-35.36020402925197,-110,-36.39157390841902,-39.503259801011296
157,4.38346,1.41353,1.5,-53.413979384145485,-36.923640454997745,-47.46774723677688,-110.0,-39.53131601566712,-42.27188650114301,-110,-28.730169650304106,-39.74649930830749
58,1.38346,-4.58647,1.5,-40.68359282226375,-55.94304816445225,-44.68150645198621,-110.0,-31.201945067404424,-33.22789155342331,-110,-47.92670008566974,-36.585637429147056
32,7.38346,-6.58647,1.5,-48.80898761412051,-64.8017669800176,-39.56455652160658,-77.76692990740395,-39.98162769818185,-31.206442961738283,-110,-31.866243896999823,-32.2210485908299
178,-6.61654,3.41353,1.5,-26.303781970995747,-50.2163338586841,-35.102008714171994,-110.0,-62.82161419003095,-38.49453390516824,-110,-45.087344346032864,-48.027340668154686
199,-1.61654,4.41353,1.5,-40.35254361407385,-42.50708058094966,-41.952548064352925,-110.0,-58.765547073288246,-46.33050597209444,-110,-36.16336276214325,-37.71766431563661
213,-3.61654,5.41353,1.5,-53.31166371443184,-49.35027368116543,-47.58946061619435,-110.0,-54.85577839140396,-55.911819741745006,-110,-40.27386248516984,-41.73274521706417
221,4.38346,5.41353,1.5,-45.553429222697645,-35.10941027010411,-50.37363231653865,-110.0,-36.238025904127134,-45.59091480353842,-110,-35.58493893342613,-53.23493496484839
14,5.38346,-7.58647,1.5,-57.948799866988416,-56.459283083191245,-39.30205745033088,-110.0,-37.91112199329659,-36.109973166891784,-110,-41.909255068344976,-24.77014255902654
70,-2.61654,-3.58647,1.5,-35.53259700265983,-39.734070913697266,-29.152208753223647,-110.0,-42.22004428251408,-40.41578823269912,-110,-40.82392640886592,-33.51308038895678
228,-4.61654,6.41353,1.5,-25.177276298822974,-36.61704745196609,-52.45114820309523,-110.0,-61.03929013553197,-64.27879607967554,-110,-44.59499110690156,-55.73679257931925
66,-6.61654,-3.58647,1.5,-47.603229872427285,-46.66918770338035,-35.06933557047977,-110.0,-41.56472316525252,-56.62425640022714,-110,-48.53029718888771,-54.03841197538576
6,-2.61654,-7.58647,1.5,-38.229527733032526,-40.808552980079455,-27.792964774363966,-110.0,-47.29335284632796,-51.953728249899,-110,-35.1884879291905,-45.479538012576505
130,-6.61654,0.413534,1.5,-34.22859003043395,-46.586329504576845,-41.52163540743795,-110.0,-34.09058131658803,-41.52726102057834,-110,-40.25948713551861,-58.97988653697602
31,6.38346,-6.58647,1.5,-49.72233465629317,-50.82245727655753,-34.71908837582925,-80.69757306529799,-32.65293660914822,-37.44858676611933,-110,-46.704096893598695,-32.84865717415462
12,3.38346,-7.58647,1.5,-37.05982351533917,-48.38744827515186,-43.033837757406125,-80.48188883075252,-44.99496217889018,-44.06959992393996,-110,-37.6697936443211,-43.50202974123131
152,-0.616541,1.41353,1.5,-41.43102179676845,-34.52606602977251,-34.5756791732306,-110.0,-40.98402873560628,-47.56017902077734,-110,-27.641334381481503,-44.55463986301244
138,1.38346,0.413534,1.5,-51.52395451569029,-54.54845109835264,-40.635790627565875,-110.0,-36.298632929241414,-51.73767402814321,-110,-29.10436756139931,-35.194604600083345
26,1.38346,-6.58647,1.5,-39.62464999787585,-49.19923799099304,-36.17772388767801,-100.15479732042014,-21.884395280410107,-34.93682991987394,-110,-54.430317445614655,-28.124717417369965
100,-4.61654,-1.58647,1.5,-46.36640209014947,-38.895280097405475,-39.72256016160487,-110.0,-37.957699424365565,-43.20829776649003,-110,-30.307496953004957,-42.39983002254606
239,6.38346,6.41353,1.5,-53.83463757409012,-32.60773336145208,-66.45191038182547,-110.0,-37.57371057032803,-36.242526394615545,-110,-49.01053315193698,-42.19091357151841
98,-6.61654,-1.58647,1.5,-39.66770617941937,-32.781266019371515,-40.89507534854372,-110.0,-45.35160850640556,-44.324720212514436,-110,-48.34164375016014,-55.08852404789598
11,2.38346,-7.58647,1.5,-42.88312396012092,-54.833292296339565,-30.370775781544825,-73.72188384832708,-24.046246249327215,-32.80069847037974,-110,-32.72738162185585,-36.53472704285849
155,2.38346,1.41353,1.5,-43.32999613798437,-65.40581573623106,-41.182002641500894,-110.0,-38.32839575853023,-29.50485081231697,-110,-28.17595572982612,-42.34644840692653
23,-1.61654,-6.58647,1.5,-44.71178808932925,-35.877348137835156,-22.7670932417467,-106.61028821033824,-38.16530202134883,-50.08261252673062,-110,-33.572325842115326,-42.072048080288866
67,-5.61654,-3.58647,1.5,-42.384660168272966,-41.2927963784811,-31.876482167655492,-110.0,-39.800689196731206,-45.79953774301987,-110,-47.450831378552614,-45.63628096255439
123,2.38346,-0.586466,1.5,-43.92167859189016,-71.00352742990248,-62.790497151272845,-110.0,-42.3743338422887,-49.85195791238921,-110,-39.62285151292684,-41.16417213134005
11,2.38346,-7.58647,1.5,-38.47160978913208,-53.456214342642106,-27.130122672497016,-77.38652386598389,-31.68195247131583,-40.11289113608028,-110,-41.1793668037918,-37.33326428459109
78,5.38346,-3.58647,1.5,-45.57694390199268,-58.45821641633554,-54.22736273717651,-110.0,-28.724713786725093,-37.20746748106032,-110,-33.61707548685459,-35.61782087278945
160,7.38346,1.41353,1.5,-61.42844716910409,-50.53586543505469,-48.78269929997376,-110.0,-44.25086802701941,-32.734898609030346,-110,-46.92132693746413,-37.47743621712388
79,6.38346,-3.58647,1.5,-50.81374015005518,-50.41337042619103,-41.86971176921237,-110.0,-37.09979520409892,-31.728240914470053,-110,-58.39979441114174,-28.627433749544693
124,3.38346,-0.586466,1.5,-51.88874796003275,-56.10500000931045,-55.708116103133776,-110.0,-38.71863435956353,-36.85347241056494,-110,-31.67233771945866,-40.36695291460979
127,6.38346,-0.586466,1.5,-45.52463367273165,-37.02663544860244,-38.41723048054562,-110.0,-46.87758567886804,-29.976365878223476,-110,-33.77546948168891,-28.93840153115293
65,-7.61654,-3.58647,1.5,-36.96194986529168,-42.95192210469251,-34.83817956992086,-110.0,-36.155945344567655,-42.04548975497915,-110,-32.98976292320949,-47.629043729199466
211,-5.61654,5.41353,1.5,-46.24428189295273,-55.76392710790031,-35.54826098442003,-110.0,-51.1390896976498,-48.19703608666056,-110,-39.6567249204025,-41.96115530567986
115,-5.61654,-0.586466,1.5,-35.0614314228051,-36.61277373811762,-41.02223881019791,-110.0,-39.42750766598191,-36.10154224662735,-110,-39.1359030833543,-41.55176930005922
25,0.383459,-6.58647,1.5,-48.7291338695824,-54.924188262562,-33.81632239454692,-101.09450904384292,-31.322403371370346,-29.429026929692313,-110,-40.22730824237811,-30.723640727155523
122,1.38346,-0.586466,1.5,-55.37441320869144,-46.43713293082908,-39.68610942519117,-110.0,-41.70274463040156,-55.0649896877352,-110,-37.389304425956134,-37.63633069982201
175,6.38346,2.41353,1.5,-58.32284370293252,-52.44172545310632,-36.44463587052138,-110.0,-43.36117440323415,-33.57400073053128,-110,-35.263534622749255,-39.22155580056032
43,2.38346,-5.58647,1.5,-48.50210689326761,-63.76050426169669,-31.92124481597816,-95.69524851088144,-27.511049889677988,-35.456942207457864,-110,-38.207962008697606,-39.853557079264014
183,-1.61654,3.41353,1.5,-45.93237601198199,-34.649746077263345,-40.8156380492061,-110.0,-48.22897837729035,-38.76378141506851,-110,-25.765877052663935,-45.66769522662958
213,-3.61654,5.41353,1.5,-47.99420251160779,-53.43578374524659,-60.62389484355209,-110.0,-60.772172828853634,-50.25347155366621,-110,-38.360654015649885,-38.79116005317179
120,-0.616541,-0.586466,1.5,-32.20188700445031,-27.391817105999714,-33.57266685002408,-110.0,-43.47283434800665,-39.467233991463615,-110,-35.27772483056783,-50.8545401270668
72,-0.616541,-3.58647,1.5,-35.63748785488048,-39.655682362990994,-51.91721235878212,-110.0,-55.05740377474762,-44.37368275296419,-110,-33.23506671892769,-42.24847744955397
169,0.383459,2.41353,1.5,-40.77083557062937,-59.83923628665259,-46.93671114378281,-110.0,-35.93623281905885,-30.95766068403802,-110,-31.600742108511223,-67.79672441691082
137,0.383459,0.413534,1.5,-47.0936814956645,-43.45886137559768,-46.44427873459079,-110.0,-42.20533524823901,-38.61181147566456,-110,-35.80880593677441,-37.666648985715014
166,-2.61654,2.41353,1.5,-43.35995415663137,-40.94635856546387,-44.82910510589682,-110.0,-46.209220377143126,-43.20115495187432,-110,-29.211349709067953,-55.53446034540366
164,-4.61654,2.41353,1.5,-32.002036312720996,-46.314953026404865,-36.17829849219022,-110.0,-49.86959697570648,-41.84242335754577,-110,-28.162587332260497,-57.589180085770344
18,-6.61654,-6.58647,1.5,-38.40425249443572,-39.53832609204649,-32.31388478587832,-86.6253940976773,-36.9846509638465,-48.89619357796773,-110,-42.754276299509186,-40.43473340701944
215,-1.61654,5.41353,1.5,-50.9342687195771,-37.03864501831592,-48.886983403943994,-110.0,-49.943783183168016,-48.62500271033963,-110,-34.28960804369405,-48.98911205450157
14,5.38346,-7.58647,1.5,-49.614125285332,-48.20740676990191,-43.186434374338,-110.0,-40.01097061007604,-37.209450425602526,-110,-38.21968454703976,-30.78453839503598
179,-5.61654,3.41353,1.5,-33.196902652445544,-44.08510196337625,-34.546437830995316,-110.0,-39.80094605486413,-40.802108454412306,-110,-38.35319338314397,-52.59397472927718
240,7.38346,6.41353,1.5,-66.44710013716866,-33.77761204454332,-48.30643454797561,-110.0,-49.20001331265106,-32.60630037000091,-110,-35.42895623895963,-39.94929960587568
238,5.38346,6.41353,1.5,-59.77886770337338,-40.9560673634074,-43.08798025913418,-110.0,-45.31491188699155,-29.357225172060502,-110,-35.846771259988586,-36.638205934764066
227,-5.61654,6.41353,1.5,-30.70095490417282,-41.109316265100816,-34.23354007941588,-110.0,-54.2380779538198,-68.57013801819723,-110,-59.67656497910976,-68.42916614893893
7,-1.61654,-7.58647,1.5,-36.28637429815603,-34.3801066368634,-42.09711632589771,-110.0,-18.77228021873225,-44.50724175769282,-110,-40.31931005669779,-59.37987095682249
196,-4.61654,4.41353,1.5,-41.52830919069658,-52.95489640709345,-37.856677388046215,-110.0,-50.3849939544316,-45.41358789760013,-110,-40.56302995651304,-49.45966361805863
16,7.38346,-7.58647,1.5,-44.49953675043718,-46.45988436197992,-47.67971135640076,-85.41363934222389,-49.88882942826438,-37.2728811131323,-110,-31.34940388338957,-30.144733188821924
69,-3.61654,-3.58647,1.5,-42.69718712035891,-40.070391870583656,-28.313880136773555,-110.0,-39.85333704173813,-44.86000666818211,-110,-40.17628413940307,-47.25151192328004
82,-6.61654,-2.58647,1.5,-59.114386185156505,-46.7622230889245,-41.6242999459027,-110.0,-46.6075430962281,-71.2018776336921,-110,-49.50086725924295,-32.35723493118275
9,0.383459,-7.58647,1.5,-50.54364039652577,-44.43534587726902,-31.85295833888795,-110.0,-28.551552723111808,-31.404402022295834,-110,-34.49103909735227,-36.29751480007879
205,4.38346,4.41353,1.5,-45.30174988707115,-24.565239073392284,-51.81156890118542,-110.0,-40.493345953851914,-46.1597097774706,-110,-42.35223352188334,-37.34411363813331
37,-3.61654,-5.58647,1.5,-35.976669709455194,-36.80146179417476,-33.1080843585793,-110.0,-33.96152055320063,-51.6742794540948,-110,-47.90713087518034,-36.1181727996568
195,-5.61654,4.41353,1.5,-25.70776203713668,-51.58502678930865,-37.069159917618464,-110.0,-50.33249736403379,-48.28098628209894,-110,-35.22825243385569,-54.420014298575005
58,1.38346,-4.58647,1.5,-40.28753353287885,-59.6705264607894,-42.514795862709555,-110.0,-33.653705783390215,-35.34096756513956,-110,-43.907768066694466,-39.21884346642714
131,-5.61654,0.413534,1.5,-35.235489059908616,-32.40364965839233,-43.255777559577034,-110.0,-39.74331480725718,-43.15988706739924,-110,-47.28503312877028,-41.681917817016725
24,-0.616541,-6.58647,1.5,-35.228083531424794,-37.36478322457337,-38.41100172236336,-103.52357587926122,-37.768922284914986,-59.5485448464807,-110,-42.753576896056146,-57.84422373283836
19,-5.61654,-6.58647,1.5,-36.248697798021325,-60.73208101097027,-49.82932365477576,-110.0,-47.40810357931919,-42.41641083190954,-110,-46.002229737635986,-43.07283074589421
48,7.38346,-5.58647,1.5,-53.170577131682485,-46.290277382951984,-40.232502520988014,-94.21412250681216,-33.7889548665498,-42.05184830642931,-110,-45.73794584930994,-24.540771249824303
76,3.38346,-3.58647,1.5,-50.69337377320605,-49.58522632125223,-42.06779401660764,-110.0,-31.541881976900637,-33.516690171728,-110,-32.712136590349246,-39.095607713768885
105,0.383459,-1.58647,1.5,-43.08549206683279,-45.258275793720536,-42.28880633289248,-110.0,-36.99887096624498,-36.66244404511631,-110,-32.550013048980105,-39.65812859470031
230,-2.61654,6.41353,1.5,-31.251811217592117,-24.917239957086306,-37.94244187321572,-110.0,-68.70144358611834,-49.79051917801078,-110,-50.09988104659642,-70.86257993596993
65,-7.61654,-3.58647,1.5,-34.579070117400754,-44.187601735847046,-31.594172427818503,-110.0,-36.43976206091674,-42.641573378626155,-110,-38.24375763909893,-48.11158805879439
22,-2.61654,-6.58647,1.5,-30.43072785496685,-49.62784667687657,-28.93302782002638,-86.56902526372066,-35.58259900180576,-35.56745457524307,-110,-42.89711532965129,-49.8437216749988
11,2.38346,-7.58647,1.5,-42.590386770754776,-59.833391453703214,-21.15210843941487,-78.5116746928336,-24.229707793456285,-26.99238786273142,-110,-35.22331203189633,-40.70279890711016
226,-6.61654,6.41353,1.5,-36.893321505363495,-43.69079468909975,-43.04655824691178,-110.0,-53.32103891932585,-59.84096220907223,-110,-44.861129738114826,-53.51044399862776
15,6.38346,-7.58647,1.5,-57.29201237632422,-50.91905194024968,-39.33311310302737,-84.42128247483416,-36.92097825703166,-39.10183070745221,-110,-45.44427723782544,-34.52895916881932
212,-4.61654,5.41353,1.5,-41.25045328253351,-45.336256117449096,-39.63676846909805,-110.0,-46.32869772638843,-47.58036300227207,-110,-38.62220784618821,-47.73673730348779
4,-4.61654,-7.58647,1.5,-38.51488922203049,-39.716590466425394,-33.53993239320836,-110.0,-30.32802034805964,-38.61096136738804,-110,-44.15944558343365,-36.97570656459467
102,-2.61654,-1.58647,1.5,-42.419556396138184,-34.68787854009931,-30.270905250074986,-110.0,-42.36757788979532,-41.37035431129551,-110,-42.322185980843074,-44.024743127117326
142,5.38346,0.413534,1.5,-50.90084737594837,-38.64127481578055,-47.39793204179224,-110.0,-51.16359746523853,-25.444116179235458,-110,-36.37627144567976,-41.38556106358109
73,0.383459,-3.58647,1.5,-36.91796330065968,-43.07091901720669,-54.41487335375749,-110.0,-29.495784404456938,-39.72650083187334,-110,-31.52968652890871,-35.110772861263385
57,0.383459,-4.58647,1.5,-62.92870009208178,-45.81139448663507,-53.19624490491749,-110.0,-40.7647062547524,-48.261238681940526,-110,-34.668632762629755,-47.86835199672489
3,-5.61654,-7.58647,1.5,-43.79810222577656,-56.11071202681576,-29.3602539440625,-110.0,-30.794654731567544,-39.07476354400074,-110,-40.13918892401117,-48.916369429220424
75,2.38346,-3.58647,1.5,-48.831242518535255,-46.484323196344,-39.3278605590777,-110.0,-36.43809993858828,-43.712465150520195,-110,-39.741294927859336,-41.40809531607492
106,1.38346,-1.58647,1.5,-47.4707865456168,-51.89077344402111,-49.32648568333168,-110.0,-49.71935803112325,-41.28055093192414,-110,-35.01958922264204,-35.139136096647455
179,-5.61654,3.41353,1.5,-31.07112231681915,-45.03136272808001,-36.91998875446705,-110.0,-39.52558681934905,-40.987469087268835,-110,-35.2711426623048,-44.85485015380988
65,-7.61654,-3.58647,1.5,-41.705086265382974,-45.429886003246246,-37.31827179963611,-110.0,-34.48297133563286,-45.77158975975309,-110,-35.594882220354386,-45.11715162477358
135,-1.61654,0.413534,1.5,-37.77933496616964,-36.01943807666924,-32.49962782100941,-110.0,-50.31145419621108,-38.213569369509486,-110,-31.10175198936588,-45.17350990705624
95,6.38346,-2.58647,1.5,-55.455774700411474,-57.72857066991576,-39.24346525219688,-110.0,-29.775671742489532,-46.07124371987237,-110,-36.80960119247009,-34.601326384142304
1,-7.61654,-7.58647,1.5,-110.0,-110.0,-110.0,-71.61536889419465,-84.73337233650096,-110.0,-110,-110.0,-110.0
145,-7.61654,1.41353,1.5,-34.06528449055442,-36.4567145030484,-40.4638604395233,-110.0,-39.4564094109154,-41.043630208719335,-110,-35.570745993086504,-39.74089544320465
32,7.38346,-6.58647,1.5,-54.466965118080914,-69.87084554314602,-38.86402345163226,-84.95058181069223,-32.96301701019208,-33.66646905443236,-110,-41.13886744716926,-29.74067045993992
239,6.38346,6.41353,1.5,-52.023285287469264,-29.73004161733702,-67.9716142106292,-110.0,-42.75796839315501,-31.38350658088059,-110,-46.08304948980096,-38.24794161521376
91,2.38346,-2.58647,1.5,-41.93721972897176,-66.48390883866918,-36.84808022066447,-110.0,-33.165986525923984,-35.97654370831362,-110,-39.6507038303261,-36.22386099899666
174,5.38346,2.41353,1.5,-54.69356433431848,-53.44579709542143,-37.98483620632312,-110.0,-37.390745243972255,-32.04165796218295,-110,-32.787441125672885,-42.81874088173461
20,-4.61654,-6.58647,1.5,-31.942825126662807,-43.79503658523077,-33.40463888139954,-84.5306069854867,-45.780881647147986,-52.84638031081827,-110,-44.80832455978336,-47.08288298743249
192,7.38346,3.41353,1.5,-53.87374465698315,-53.39676852040443,-39.14119844157647,-110.0,-37.87668091187982,-22.19738258781483,-110,-28.105420600726536,-28.564916058457
98,-6.61654,-1.58647,1.5,-36.57627713968493,-30.630345395883367,-37.13772865227206,-110.0,-47.480894473866854,-47.128819377783,-110,-43.26810176478768,-51.49357674774697
82,-6.61654,-2.58647,1.5,-63.07979183141052,-46.26861830328489,-39.64476389544372,-110.0,-46.1836685414026,-73.1900782563864,-110,-47.833492102497345,-32.23655630439872
53,-3.61654,-4.58647,1.5,-38.71229827886142,-42.38405334647479,-27.63613153242003,-110.0,-45.090742054049954,-48.68979263344593,-110,-41.640976326629755,-59.94927181964443
214,-2.61654,5.41353,1.5,-42.418119764713005,-55.12141006270825,-39.532455554608674,-110.0,-44.95360267200522,-55.49250179682429,-110,-32.52940377431053,-44.71036273176972
201,0.383459,4.41353,1.5,-55.59991429818104,-30.213967724359588,-49.49211647730809,-110.0,-38.275968434819866,-41.609950859052915,-110,-32.428266421645176,-45.7110194258653
8,-0.616541,-7.58647,1.5,-32.387139279850715,-38.81684416532791,-54.045836489410696,-110.0,-46.01953762974184,-51.59178736329975,-110,-47.13850267139907,-45.0588255020039
26,1.38346,-6.58647,1.5,-51.48927236561479,-54.085076697343105,-42.42873446214321,-98.21918724280296,-17.25202147771767,-30.589010757962647,-110,-51.77472085976531,-25.358704488196057
117,-3.61654,-0.586466,1.5,-42.75894177924483,-46.12812509338858,-35.60547381624394,-110.0,-37.67856796629516,-33.70532911137824,-110,-31.483618613382056,-40.085178697927425
189,4.38346,3.41353,1.5,-47.18608372638988,-59.094595834777515,-49.33594162802188,-110.0,-46.56681440352413,-23.85370195734336,-110,-40.28110861586288,-81.21132070592047
69,-3.61654,-3.58647,1.5,-45.4559030837298,-42.20486518149247,-36.067146424836714,-110.0,-36.34798940050801,-45.13147254820024,-110,-37.525986650443855,-48.57526608632336
218,1.38346,5.41353,1.5,-42.62347845234949,-33.56091497443765,-54.74436778793456,-110.0,-37.27095912656015,-56.8629990303101,-110,-37.16090651468811,-46.51560767850769
53,-3.61654,-4.58647,1.5,-32.090373745015256,-44.5648911640463,-29.928034022964507,-110.0,-35.94004308515528,-44.23317841514482,-110,-39.94226852187272,-57.42816222791737
6,-2.61654,-7.58647,1.5,-36.51565910221533,-40.45628248054689,-23.789974809948564,-110.0,-38.848272055855325,-52.92519175162652,-110,-39.36617803863442,-44.61542972887949
157,4.38346,1.41353,1.5,-53.933546684341025,-29.86214417940355,-47.369951735238395,-110.0,-49.57866859310567,-44.73688179711449,-110,-24.127174298167713,-44.60205452844989
119,-1.61654,-0.586466,1.5,-37.18833430807528,-33.208509924972276,-32.905324201914915,-110.0,-41.29829346232724,-46.35213298976146,-110,-40.15972836837811,-50.26688230011591
184,-0.616541,3.41353,1.5,-57.696875441470866,-32.053258952424585,-29.32172895501784,-110.0,-44.04529089995648,-34.132296725392614,-110,-28.623483026690455,-46.568495102036955
229,-3.61654,6.41353,1.5,-38.525119920010944,-31.50012570255987,-45.11711377330478,-110.0,-72.48339380960928,-69.3954157215687,-110,-49.12965761637941,-50.97763373742221
68,-4.61654,-3.58647,1.5,-40.46489239892964,-33.92667438820679,-37.84902519244691,-110.0,-35.00539939743192,-47.07141784378218,-110,-37.03113221708125,-60.210700330044425
10,1.38346,-7.58647,1.5,-47.98013989039498,-50.74124400562886,-25.88790712851677,-110.0,-21.21582981372685,-39.39916807701545,-110,-40.16500376875942,-40.681259417258715
129,-7.61654,0.413534,1.5,-36.62028210001294,-40.097462103209885,-30.377432307414296,-110.0,-40.9819396660817,-43.561162591139976,-110,-43.98662625841064,-44.31568252400141
139,2.38346,0.413534,1.5,-51.703165168807274,-54.38440048638381,-57.83697937235593,-110.0,-37.30769394121829,-42.75769222068371,-110,-40.99767821964651,-36.68930976280302
192,7.38346,3.41353,1.5,-58.807628595475045,-52.35860502566285,-41.569977880514784,-110.0,-34.80385853551786,-15.52972412483128,-110,-30.68280537670728,-34.576021648653956
127,6.38346,-0.586466,1.5,-42.13274011051871,-34.36296551071503,-38.137166768023945,-110.0,-46.06306810413169,-31.321951783319935,-110,-41.197418227575014,-31.34492908953356
173,4.38346,2.41353,1.5,-50.55712539917887,-39.51772194269641,-46.624325686346616,-110.0,-39.72471328440909,-28.72923271092972,-110,-31.714860850481703,-46.309363227172746
14,5.38346,-7.58647,1.5,-60.010562340592074,-53.40996763514158,-49.937625555579686,-110.0,-36.16843030925684,-44.18180329220205,-110,-38.80869797144031,-27.40619468692966
20,-4.61654,-6.58647,1.5,-31.427716781228625,-46.55211628423546,-34.015620276988884,-86.94322231855102,-41.01614021634515,-55.54020077579373,-110,-35.02675385903079,-38.7185265569695
240,7.38346,6.41353,1.5,-64.11691151047694,-36.58848044492344,-53.742588335615274,-110.0,-51.52732580355079,-32.34839187607043,-110,-31.110107179203577,-38.002683807616314
223,6.38346,5.41353,1.5,-52.019892716806744,-41.52565922761707,-56.92762330820068,-110.0,-53.97353663441787,-37.75694241115168,-110,-33.407025628267284,-38.40508515417482
198,-2.61654,4.41353,1.5,-48.23305375308497,-32.14533521747684,-43.40840012714354,-110.0,-47.86482476556088,-38.56727102895515,-110,-35.17150384546074,-48.15461819751452
230,-2.61654,6.41353,1.5,-30.679922168733217,-31.591061640045684,-35.06470825107623,-110.0,-65.64079745121897,-53.726052878662095,-110,-54.98471511838389,-67.95828824794708
18,-6.61654,-6.58647,1.5,-42.926261197850906,-40.751974084617714,-40.6981604481034,-81.96877453332425,-39.71113596317745,-46.20084353448636,-110,-38.82649732078229,-47.561027340207566
59,2.38346,-4.58647,1.5,-49.450233257367614,-56.444679873828,-28.85924746126753,-110.0,-32.90445952193418,-37.8931066628944,-110,-39.651822517540054,-32.408455983251386
63,6.38346,-4.58647,1.5,-46.50155607341513,-57.13544560779229,-42.059485256656714,-92.44925527477407,-33.63393640450962,-33.321621375706094,-110,-41.78675284067586,-29.90236413376956
133,-3.61654,0.413534,1.5,-36.31597167338877,-40.35275910405777,-44.74539872384289,-110.0,-50.454302395171574,-44.60257388625553,-110,-35.647054144699524,-42.80955363106887
112,7.38346,-1.58647,1.5,-46.08173063574446,-44.30077587122071,-40.88856263959497,-110.0,-38.91808843964113,-42.77179563029545,-110,-36.04259791303326,-33.233576611980915
76,3.38346,-3.58647,1.5,-47.893404919475664,-50.9100114954366,-40.2286864658585,-110.0,-27.925829856160995,-39.57693410338858,-110,-33.835131104476396,-34.8828692167048
108,3.38346,-1.58647,1.5,-55.29235076784441,-58.59204296211729,-36.343568262756705,-110.0,-39.24889585789995,-40.57505324565673,-110,-43.98399904965043,-37.34826813116109
18,-6.61654,-6.58647,1.5,-34.83593303825944,-38.35074378367552,-34.28920109792578,-81.17891733020623,-36.80816169678054,-45.00444118885801,-110,-43.1778399878974,-41.75294792186274
99,-5.61654,-1.58647,1.5,-41.26686050346267,-53.05978990449976,-42.0476933010808,-110.0,-40.78649164505776,-40.95848303664687,-110,-41.220286464256645,-42.990262842787594
150,-2.61654,1.41353,1.5,-31.490990731905587,-44.91018585850403,-44.50910666374463,-110.0,-41.6628090629018,-44.061671511334666,-110,-29.98637760078244,-41.238291769908734
130,-6.61654,0.413534,1.5,-34.33926107457227,-44.21684840109357,-44.65396605026232,-110.0,-37.50792941001063,-40.851679126200054,-110,-40.67588556415292,-60.2009603740129
24,-0.616541,-6.58647,1.5,-31.659399768492477,-41.68248172910353,-39.15234829873505,-104.36041599187897,-39.66632325818928,-61.127737691731014,-110,-46.08328614186214,-59.80963173360657
227,-5.61654,6.41353,1.5,-33.75640168606851,-43.74093144369625,-36.422554525344054,-110.0,-56.539635525901446,-70.06185564765909,-110,-48.04754908930046,-72.3964154147052
149,-3.61654,1.41353,1.5,-35.42259538097131,-50.54964528732215,-40.90994077708545,-110.0,-50.17020782692656,-36.44066960136419,-110,-40.850546221779275,-54.09395648341543
122,1.38346,-0.586466,1.5,-48.72621848931607,-54.86344250526937,-45.054443529818414,-110.0,-44.76553537912623,-52.99063109158499,-110,-37.164317226487,-37.46828603386819
36,-4.61654,-5.58647,1.5,-41.78403135735759,-46.46498030418259,-25.185165683693754,-110.0,-36.516376181892845,-44.57298468890542,-110,-42.832877905145935,-37.397157661504934
20,-4.61654,-6.58647,1.5,-36.02200082838397,-48.408076199116856,-37.3903363121182,-79.92060951322145,-46.3916487880199,-48.20313831982476,-110,-36.64559342432975,-48.932716796063346
18,-6.61654,-6.58647,1.5,-39.72088272820229,-40.12519855451242,-35.93585363126109,-81.30958200655094,-42.07067633988208,-47.03511817430273,-110,-38.76782601218646,-39.49141846463765
113,-7.61654,-0.586466,1.5,-39.86014417846605,-42.223146546782246,-42.32365660055534,-110.0,-38.25351532171025,-37.23646710662695,-110,-49.03571351298194,-43.82994790396132
123,2.38346,-0.586466,1.5,-47.57385210428784,-69.02268121404357,-65.85650318252289,-110.0,-47.19438114362414,-43.68729502181071,-110,-42.18741579007917,-37.664140744539495
208,7.38346,4.41353,1.5,-49.78616906652705,-38.055657592865906,-59.12700148442017,-110.0,-49.52046827934396,-24.75391135725876,-110,-33.380746305106115,-43.516451242309955
173,4.38346,2.41353,1.5,-47.833129995672216,-37.969622276816466,-43.09289288706112,-110.0,-41.26515186497886,-22.581874322898997,-110,-29.365937923526445,-43.93343606143782
54,-2.61654,-4.58647,1.5,-47.712498134831854,-33.4879298075906,-42.65990794805751,-110.0,-33.58856025320461,-46.08912279077226,-110,-48.024238322757846,-48.21378273760899
121,0.383459,-0.586466,1.5,-40.35933972688826,-41.888445129381005,-47.213884666088575,-110.0,-30.00674892453952,-33.714767595095715,-110,-34.716560125381044,-38.5925181742432
229,-3.61654,6.41353,1.5,-42.17552290275636,-32.24686828218304,-44.538751924678614,-110.0,-65.52024036363582,-71.74721833117391,-110,-53.29342906439048,-42.75221470151562
61,4.38346,-4.58647,1.5,-51.74855483477511,-51.075822934110604,-35.94908454151742,-110.0,-29.936546986457675,-41.87307299190326,-110,-39.844955234423104,-37.368561978958915
27,2.38346,-6.58647,1.5,-53.18027489070551,-49.6326272200684,-24.74964953678368,-74.47680918524826,-31.505004161661937,-40.63437498886245,-110,-32.89323570565567,-35.01326787377676
27,2.38346,-6.58647,1.5,-53.62118870518405,-53.23411976005008,-27.074811047894357,-70.16130898558094,-31.02699280872953,-39.513284391397534,-110,-37.332568836826944,-36.22966920764213
198,-2.61654,4.41353,1.5,-50.26286043276979,-38.78359581215097,-48.84233980906712,-110.0,-48.48180415495612,-43.07590955804231,-110,-28.670289069905103,-46.5061584954336
62,5.38346,-4.58647,1.5,-48.0966386538011,-52.951157624283525,-46.76802523581621,-110.0,-36.16225077525725,-40.756096867758544,-110,-39.747682192378235,-35.468883355295354
67,-5.61654,-3.58647,1.5,-34.29376736094572,-36.357801113457285,-34.44630463303629,-110.0,-38.60247616009046,-49.395386776586534,-110,-53.85449219916643,-49.09303666240896
108,3.38346,-1.58647,1.5,-48.48188023020826,-58.39003943980079,-40.38683082162935,-110.0,-39.3454401578954,-42.74022597203381,-110,-47.5786236527817,-34.17616039121413
120,-0.616541,-0.586466,1.5,-42.62430854023912,-36.61356514325966,-28.55188614126437,-110.0,-43.4096286377009,-42.662774917218435,-110,-30.60892270458467,-45.53117627221067
32,7.38346,-6.58647,1.5,-52.11244984824883,-59.32227174219908,-40.39848250197046,-79.17016930891009,-33.884880122208756,-36.411520976538185,-110,-35.34558391361473,-28.941736803694916
133,-3.61654,0.413534,1.5,-41.85969944550375,-35.31533420009477,-40.3791937711996,-110.0,-49.87579515094667,-43.24179270005601,-110,-37.32919982684205,-39.63845027793773
179,-5.61654,3.41353,1.5,-34.22605297487208,-41.20965912202727,-34.1124519576247,-110.0,-39.22266351555869,-33.553159782138664,-110,-37.27350320623368,-44.02273815042808
223,6.38346,5.41353,1.5,-52.50555192507117,-42.0561055085439,-59.01759693147958,-110.0,-48.92809654178413,-42.58153733680309,-110,-41.70428155054438,-36.309742317281305
140,3.38346,0.413534,1.5,-48.19277580499006,-46.47213907046714,-47.306304432628195,-110.0,-35.3434923702579,-49.12931897305278,-110,-27.81486409423855,-44.455636489958586
135,-1.61654,0.413534,1.5,-41.885421115774754,-40.19766462750957,-30.994983366086508,-110.0,-51.27477437547774,-39.72969480195514,-110,-35.47240549954941,-47.32097781533542
213,-3.61654,5.41353,1.5,-51.048348139564794,-53.45260659323299,-49.020953278566566,-110.0,-51.58929180874219,-45.69563525384145,-110,-36.61045265288887,-43.25950453250301
138,1.38346,0.413534,1.5,-60.68286446419293,-47.94335320681328,-38.51596998925893,-110.0,-35.699227716896736,-50.14516224398784,-110,-29.766448015536763,-34.6090202278585
33,-7.61654,-5.58647,1.5,-41.86672632540586,-39.64390268692688,-35.89834801425221,-110.0,-42.139949859425634,-47.34219347091406,-110,-40.15078305598765,-41.21288761948096
186,1.38346,3.41353,1.5,-47.02831620692914,-43.394331481514016,-52.72423765280138,-110.0,-31.605188646283786,-30.55031482575334,-110,-24.78242320692297,-36.04634776018225
116,-4.61654,-0.586466,1.5,-48.57995813245208,-39.52277893930836,-32.58450067234749,-110.0,-46.03415515351453,-35.19687495440734,-110,-40.372156094293864,-36.99898093068574
220,3.38346,5.41353,1.5,-40.211782103157866,-33.91023840522723,-41.328231479695475,-110.0,-40.20887419510841,-36.98378211970008,-110,-40.67245027934908,-46.00473637599476
126,5.38346,-0.586466,1.5,-41.52495648940765,-45.97596432288032,-42.90690086610921,-110.0,-32.50424001416726,-39.85668796317081,-110,-31.81962037396098,-42.195316457170506
202,1.38346,4.41353,1.5,-54.86638933378636,-36.46754956073082,-48.01054578333695,-110.0,-47.4025586415005,-36.25924998422906,-110,-37.54886979661191,-58.07858790492169
104,-0.616541,-1.58647,1.5,-47.64164085741484,-36.237666208866074,-31.216961692309987,-110.0,-49.31517160371999,-50.356575106159184,-110,-31.09955442815351,-42.23983491735287
106,1.38346,-1.58647,1.5,-50.09581178280376,-52.72931505237656,-47.471212351869944,-110.0,-51.96554862951947,-37.21569498087069,-110,-34.41903699647884,-41.16100273828496
169,0.383459,2.41353,1.5,-46.58742138925394,-59.47232223385694,-50.4151690532016,-110.0,-35.01507402049367,-30.69803223826282,-110,-27.194410269441555,-65.94229061721298
107,2.38346,-1.58647,1.5,-45.39192364765741,-45.11152996413099,-45.15803271479562,-110.0,-43.463936007453626,-54.221968741820625,-110,-33.80614941080305,-31.024757680889586
194,-6.61654,4.41353,1.5,-26.43150420791712,-52.02966826634309,-37.438576661993025,-110.0,-52.5140726981769,-46.984529533918675,-110,-36.5187314782101,-47.08062275782089
37,-3.61654,-5.58647,1.5,-33.78006215428709,-38.62628655656953,-29.312743622904076,-110.0,-30.867291539245738,-55.00737888329776,-110,-42.23055508254117,-34.934137006349054
200,-0.616541,4.41353,1.5,-45.97252140534963,-30.26484377598728,-36.41972049818479,-110.0,-54.665507496506706,-46.584744023746616,-110,-28.00994787335373,-42.35788984825506
95,6.38346,-2.58647,1.5,-53.34551022867203,-55.606047702944544,-42.99108548375341,-110.0,-28.447484717286756,-49.29731210253295,-110,-32.603517282990474,-33.52935988134906
30,5.38346,-6.58647,1.5,-43.87869273798378,-47.89004048323759,-48.70751023997729,-73.73603784370215,-37.434842255261366,-42.44067214957057,-110,-33.104326466323606,-24.835175525414847
237,4.38346,6.41353,1.5,-48.95362221283528,-46.81667351187265,-50.48744147127748,-110.0,-37.848754165286536,-29.40853864830482,-110,-34.0028793725182,-38.25347428266946
187,2.38346,3.41353,1.5,-48.796169007944805,-43.707975812089586,-59.31432839357331,-110.0,-45.32171824471962,-33.215920673304666,-110,-23.83641227315739,-44.37788578395801
18,-6.61654,-6.58647,1.5,-37.30576834492947,-37.83841949487007,-38.762253418050655,-82.39274324585378,-35.2141098036719,-43.94423413366326,-110,-38.011954260517726,-39.89451167604303
222,5.38346,5.41353,1.5,-37.44830957574872,-38.25104418793242,-54.051777386736255,-110.0,-43.18095138529631,-31.927169993890526,-110,-46.73722105192839,-33.11503742459798
162,-6.61654,2.41353,1.5,-30.8717796482449,-41.08736856712158,-39.959340299024824,-110.0,-49.833776711044905,-49.89500207380442,-110,-31.016827372715063,-42.73774892603201
49,-7.61654,-4.58647,1.5,-38.75870086675814,-38.5009208738224,-37.92523453660648,-110.0,-42.24291614436952,-54.933471768470696,-110,-43.32206842932319,-37.99262959010932
119,-1.61654,-0.586466,1.5,-38.118707890651514,-34.75559716700371,-28.98430465719635,-110.0,-44.00909773113038,-44.903802180690825,-110,-29.455492544867237,-48.87242716178913
121,0.383459,-0.586466,1.5,-45.823929747703865,-43.587392573084514,-49.02560580680921,-110.0,-33.03539549613187,-34.42685473251194,-110,-30.31582015054084,-37.08232071795469
156,3.38346,1.41353,1.5,-54.62849149626178,-43.298121053183046,-59.598680351233334,-110.0,-38.02600771279704,-40.26340486904088,-110,-31.587620597672377,-48.95117019712462
84,-4.61654,-2.58647,1.5,-41.604715974710984,-38.18096230978425,-41.36862139549836,-110.0,-42.385580601430085,-47.0044008725947,-110,-45.073409032643774,-46.22415167115125
100,-4.61654,-1.58647,1.5,-42.578150330568846,-39.60302102466265,-31.34212489626206,-110.0,-39.24955233698337,-40.69392737160442,-110,-32.81294376777345,-44.39788739550063
134,-2.61654,0.413534,1.5,-32.818310623470516,-36.07953249775286,-46.76392640021319,-110.0,-48.203977989836496,-39.27721825369067,-110,-32.31922081464367,-45.9892660049059
228,-4.61654,6.41353,1.5,-28.190565033171374,-34.4827035670818,-51.60264174282422,-110.0,-59.89439214711609,-65.44922387924646,-110,-49.77201206393295,-53.94252662773973
31,6.38346,-6.58647,1.5,-48.85057811471041,-50.15358196278972,-33.4639212594802,-78.95092864723563,-31.236419250113787,-41.470035970114,-110,-47.98779262055748,-35.465308533732546
1,-7.61654,-7.58647,1.5,-110.0,-110.0,-110.0,-64.96209251314417,-85.1848320473671,-110.0,-110,-110.0,-110.0
206,5.38346,4.41353,1.5,-57.662040031036966,-33.755138443866024,-52.25442185439887,-110.0,-43.41015226561602,-42.51082471792122,-110,-36.28795074498376,-34.86717478240823
84,-4.61654,-2.58647,1.5,-40.599655748670926,-40.34492284717571,-43.50800329929141,-110.0,-39.25835474655784,-46.426343422951646,-110,-43.69737680060629,-47.465751103490234
81,-7.61654,-2.58647,1.5,-42.876925719339326,-45.13749544411778,-35.669392446851994,-110.0,-52.07071368525064,-48.05189604957824,-110,-47.73264449647964,-52.17793014621034
169,0.383459,2.41353,1.5,-47.33014879847122,-57.63755571336968,-52.40634028314964,-110.0,-38.90094531090697,-28.06294285830972,-110,-25.3692053146232,-69.98129527093766
179,-5.61654,3.41353,1.5,-36.043603498898115,-38.64546974278704,-40.7876510076377,-110.0,-42.45794002847607,-35.253770090470546,-110,-33.73221616193866,-40.54924573979892
26,1.38346,-6.58647,1.5,-43.93428665357442,-57.233812019727466,-34.73128826721405,-96.4878876428323,-24.867784907012172,-31.015180828135897,-110,-50.363718100054875,-33.65649422407571
125,4.38346,-0.586466,1.5,-36.97787756085792,-47.734249864824,-40.67913905523521,-110.0,-32.26636634682475,-35.82559428355162,-110,-39.55043819706269,-40.0814172803515
161,-7.61654,2.41353,1.5,-27.550577694026515,-55.76646075959935,-43.028162185421785,-110.0,-41.411863735371654,-41.66906241744052,-110,-38.84539870823816,-50.86595005230317
10,1.38346,-7.58647,1.5,-42.75299780581555,-48.45341289046588,-30.809691829507493,-110.0,-23.400438583044323,-39.51592627971534,-110,-36.5916510174884,-36.71143516703076
23,-1.61654,-6.58647,1.5,-39.93165308248993,-36.33302752821744,-20.441864546754783,-106.57672650077048,-36.02912589247354,-43.6816049545835,-110,-36.10033434425772,-35.08831797488088
222,5.38346,5.41353,1.5,-42.104576766415846,-41.32088200264531,-55.280309363065754,-110.0,-48.54953810626792,-36.76600382371453,-110,-49.26862053801602,-32.288008011043594
79,6.38346,-3.58647,1.5,-50.80517925562559,-52.218473463965935,-40.90907614242798,-110.0,-43.538352917080665,-34.06963225356784,-110,-54.10558739783014,-36.255283517492266
194,-6.61654,4.41353,1.5,-25.62631445119929,-52.46376892682,-34.97040322917147,-110.0,-52.08131213049824,-49.8996661348268,-110,-36.92129338189893,-44.674185749366245
207,6.38346,4.41353,1.5,-43.38452741645742,-39.057504126971544,-54.832958390409495,-110.0,-46.32217974239097,-36.63419845945928,-110,-43.23065316512714,-41.8140037269874
1,-7.61654,-7.58647,1.5,-110.0,-110.0,-110.0,-73.11885894662566,-84.74976351873104,-110.0,-110,-110.0,-110.0
92,3.38346,-2.58647,1.5,-45.766221342227205,-66.10505884792882,-36.11033373753086,-110.0,-44.60715291089711,-30.81548995581965,-110,-39.35476914680307,-31.118279203617284
30,5.38346,-6.58647,1.5,-41.62268723346453,-46.48704012126616,-45.38543831346628,-73.36090524752427,-39.13750045504881,-47.75044580035208,-110,-38.52403529107278,-26.886808325516174
31,6.38346,-6.58647,1.5,-51.43747315363997,-52.23701893772901,-32.48599976351352,-78.40367001208288,-34.19421878480082,-34.646368078664345,-110,-47.43044419546856,-37.23069367208226
35,-5.61654,-5.58647,1.5,-34.14113218911703,-38.159392832529946,-36.142255250703656,-110.0,-35.52274654103903,-49.50807959140095,-110,-34.08947448484531,-42.19754667960008
191,6.38346,3.41353,1.5,-54.35880154373462,-52.302275203935714,-63.327604852359805,-104.92695743701816,-43.22941363730923,-36.35337620607267,-110,-28.467279651102658,-41.317950891610586
43,2.38346,-5.58647,1.5,-44.894286003245995,-56.32590677269864,-33.93799483232879,-93.09777064449936,-28.988212809829264,-32.706318896508066,-110,-36.20699675168228,-36.447022437472725
153,0.383459,1.41353,1.5,-46.46759371405481,-57.6936374046625,-45.940006612895424,-110.0,-34.83433630239603,-31.01915034875248,-110,-26.076787017038917,-35.65283148973237
208,7.38346,4.41353,1.5,-55.55166743622423,-38.39976070642609,-65.09189128778468,-110.0,-44.74209079632312,-23.543616241282542,-110,-27.579084680799134,-39.67595060418204
224,7.38346,5.41353,1.5,-55.89086582533261,-37.259061996225064,-47.25941945363994,-110.0,-37.13027822442694,-40.3774676227574,-110,-43.42209634935972,-44.16479772467672
10,1.38346,-7.58647,1.5,-47.37323231089521,-48.03945140114729,-25.85365857117289,-110.0,-25.61001410807318,-38.805255309762245,-110,-32.65670642693201,-43.8673825950881
170,1.38346,2.41353,1.5,-54.0576001591773,-54.20012573469185,-50.13711063529568,-110.0,-37.08546173998832,-41.565971409925254,-110,-25.544945772202823,-47.914799865999846
70,-2.61654,-3.58647,1.5,-30.40914138470468,-36.52600596479353,-34.65523192058957,-110.0,-48.40500483060136,-45.85090781362009,-110,-38.14219970835638,-42.62412940067317
42,1.38346,-5.58647,1.5,-46.01907229356826,-51.88930692342811,-28.81036582051956,-87.1831246160469,-28.43131764018229,-36.99266656243919,-110,-40.89334646770788,-33.92466419068784
80,7.38346,-3.58647,1.5,-47.302867189988056,-43.16970153058266,-50.48334576248094,-110.0,-47.78405303378531,-35.90143222252243,-110,-32.35634698263489,-44.74448135183653
20,-4.61654,-6.58647,1.5,-32.12106867443372,-44.91020174233946,-27.90402982166595,-84.01814316372979,-45.49749624231979,-58.76615914920903,-110,-37.77874610635604,-42.148215450679835
48,7.38346,-5.58647,1.5,-53.59016988827189,-48.09396460033238,-44.97815243794481,-96.71663981208384,-38.34895910883018,-33.46785272094972,-110,-43.18078153685611,-29.26434574920335
131,-5.61654,0.413534,1.5,-29.70604341430348,-40.18725457357996,-49.04004300319908,-110.0,-38.83831035378749,-43.08080545007851,-110,-49.593858068457635,-39.008589308747695
170,1.38346,2.41353,1.5,-56.22482610549986,-47.42426045364449,-41.96256130757493,-110.0,-42.00798989554656,-43.11867129891729,-110,-30.97728089741056,-53.82806189426787
42,1.38346,-5.58647,1.5,-44.80847678637169,-49.28295651741029,-35.44852082790058,-91.60408949733213,-23.56498460727539,-35.480033659680046,-110,-37.07460311724294,-35.04996726133571
180,-4.61654,3.41353,1.5,-39.08626715329257,-46.26240096645003,-41.65949519988841,-110.0,-48.90887401017591,-49.947276966040285,-110,-30.296108715421468,-41.65959712840962
157,4.38346,1.41353,1.5,-59.76115145753867,-31.230612691948707,-44.1538971181125,-110.0,-49.19498760323317,-45.023288876574426,-110,-33.38075292238383,-40.510707778124456
118,-2.61654,-0.586466,1.5,-34.566511478620704,-42.361813883616485,-41.60837376049517,-110.0,-45.09090351636283,-41.22883164498929,-110,-41.5231030886408,-39.44736329595761
84,-4.61654,-2.58647,1.5,-33.77472278564417,-39.19352117879557,-45.34851628544616,-110.0,-43.73108570391235,-41.41065955838802,-110,-45.5347539794914,-50.94060001894781
34,-6.61654,-5.58647,1.5,-47.82072155941503,-33.56060507641689,-38.70562920625869,-110.0,-40.24797413825776,-49.13347222550101,-110,-41.46582925066486,-38.98168375996396
160,7.38346,1.41353,1.5,-61.038813979167145,-42.05097935365033,-50.51061123502464,-110.0,-42.25441072893267,-31.473940176344083,-110,-43.49930231148434,-37.90884096887271
152,-0.616541,1.41353,1.5,-40.27856918132065,-34.762290043759776,-29.75696929485226,-110.0,-41.970142435859906,-43.920629095848945,-110,-28.537527097503187,-48.868955486992554
181,-3.61654,3.41353,1.5,-45.903077809797374,-40.8378415919435,-42.52869735883407,-110.0,-45.89761804219506,-39.69191526780458,-110,-33.10356842296403,-56.81906932897531
208,7.38346,4.41353,1.5,-49.19699625167192,-35.187638485133625,-57.25333460407761,-110.0,-58.43534542360905,-23.684133134354525,-110,-32.80601893666609,-39.464763257335335
69,-3.61654,-3.58647,1.5,-41.48526228942125,-39.94617192988418,-31.303084429386377,-110.0,-36.54350191682978,-41.393512570933744,-110,-43.617234390377234,-40.63513959193437
179,-5.61654,3.41353,1.5,-35.94289233058461,-44.420383267703,-33.762796192120966,-110.0,-34.23850742014512,-39.81930857692486,-110,-40.45515138306821,-48.70746907030819
232,-0.616541,6.41353,1.5,-39.890010494244656,-23.61970791799991,-29.94471003050949,-110.0,-54.218374806980414,-55.28641842364477,-110,-57.657752575183096,-47.75371727793321
57,0.383459,-4.58647,1.5,-55.233832722976445,-45.7758744928847,-51.82845099140914,-110.0,-33.37367187922926,-41.86059219967924,-110,-33.77956008516497,-52.566224261095506
208,7.38346,4.41353,1.5,-48.93460630143929,-31.640226361924267,-57.70889500376058,-110.0,-50.65768745704656,-20.945636742187553,-110,-29.656277588946352,-34.19760220412132
179,-5.61654,3.41353,1.5,-37.116549157816365,-47.27924318061841,-35.80211413359825,-110.0,-39.01618129460264,-44.02307011977128,-110,-34.230856668416415,-45.56977564766675
67,-5.61654,-3.58647,1.5,-35.04271697954202,-38.13040493663339,-31.4234664563758,-110.0,-37.65129760915335,-42.22189277268815,-110,-52.2388436522861,-42.80310306535487
10,1.38346,-7.58647,1.5,-46.92206799858306,-50.203366738160035,-31.052388667112652,-110.0,-21.0905620720796,-34.431596972405885,-110,-34.80892318164362,-39.68035165497838
52,-4.61654,-4.58647,1.5,-46.459587086893606,-39.0482729959343,-31.67055390506418,-110.0,-43.02132926438045,-38.25158857519194,-110,-37.0736489791114,-67.54683409372174
68,-4.61654,-3.58647,1.5,-39.64292284365489,-36.402760593852065,-32.391989353454285,-110.0,-33.73140563824961,-50.837913636882355,-110,-33.06367257035526,-55.05421751635188
20,-4.61654,-6.58647,1.5,-36.58278985517116,-47.29600569222197,-35.52744159687462,-86.58420811452304,-40.84390056781222,-49.90682083306482,-110,-38.78328311640733,-42.17304212603591
111,6.38346,-1.58647,1.5,-45.93708313339114,-52.54513788780217,-45.017237050016526,-110.0,-43.96154720828412,-42.076463838188765,-110,-32.46578973071127,-40.02858930303161
81,-7.61654,-2.58647,1.5,-42.76589151981917,-43.58285442959569,-41.333210236832215,-110.0,-51.2377207348557,-54.233442422602685,-110,-51.755754994270966,-52.63644503142987
71,-1.61654,-3.58647,1.5,-40.74039832857832,-48.29164435638119,-26.883620282697205,-110.0,-52.30518616446443,-53.364589943900896,-110,-35.769686144273514,-56.44998283638324
134,-2.61654,0.413534,1.5,-37.770156912895146,-40.53396176713597,-49.900053375127264,-110.0,-43.94993760568381,-35.14855090944773,-110,-34.339138500658315,-48.52682800460608
211,-5.61654,5.41353,1.5,-41.89072388140284,-51.83474362520898,-39.30283537916005,-110.0,-53.40601521354987,-50.86506549252734,-110,-45.112660928740056,-35.334732057153786
125,4.38346,-0.586466,1.5,-47.67400264494424,-43.21500857128276,-46.448119018382606,-110.0,-35.09266756777779,-37.99969948476774,-110,-45.870878577912215,-44.80437824836254
117,-3.61654,-0.586466,1.5,-41.65728486374763,-41.489839595280166,-43.383650519955026,-110.0,-40.78033744794254,-37.38521522177597,-110,-32.25371523389298,-41.17090321703787
91,2.38346,-2.58647,1.5,-41.922683305523,-66.94134596355532,-47.167804083733216,-110.0,-34.417858838978105,-34.34857845512787,-110,-40.05519732411573,-39.67400285109856
151,-1.61654,1.41353,1.5,-33.81034939866262,-30.67304295823836,-37.3902284476435,-110.0,-58.21142660323815,-40.54347288295387,-110,-33.0585226365568,-58.5054152252197
172,3.38346,2.41353,1.5,-54.739116902626165,-32.9624674622031,-49.40747333320264,-110.0,-34.36210816266805,-28.25274820028817,-110,-37.56969338787723,-41.308556828581466
219,2.38346,5.41353,1.5,-50.89403810201815,-30.05849881837846,-55.31644203152887,-110.0,-44.10161885763753,-30.343498344023324,-110,-36.16656073070215,-39.563811037228085
219,2.38346,5.41353,1.5,-51.65559008646754,-35.5276883176205,-55.70844064428286,-110.0,-38.84723755967056,-35.49632546504176,-110,-38.40919497707988,-33.756265069818184
19,-5.61654,-6.58647,1.5,-36.039881036591005,-57.00510277528598,-40.769281438658,-110.0,-39.61361158948905,-50.85199330859992,-110,-45.88192731122845,-48.321174109557944
160,7.38346,1.41353,1.5,-56.157992270359195,-45.58220264514724,-48.291416179624555,-110.0,-44.4755813352495,-24.13994940213414,-110,-46.592167868947186,-42.408821436464684
83,-5.61654,-2.58647,1.5,-31.873204381673908,-39.186931286186024,-36.7911688998981,-110.0,-45.06755587698859,-42.92951323645754,-110,-31.1855528002968,-39.25553685727074
125,4.38346,-0.586466,1.5,-42.80085365704784,-47.71979504486473,-44.71440125264056,-110.0,-30.718906472772737,-33.357990205082935,-110,-45.070000743311255,-41.66086078772753
143,6.38346,0.413534,1.5,-53.052921870061255,-52.79039571715384,-47.89923759374329,-110.0,-34.7185774983235,-32.60887705113535,-110,-38.369815113598186,-38.73089276313097
198,-2.61654,4.41353,1.5,-53.14448342495286,-35.035118879114755,-44.53914327625439,-110.0,-53.17211963599219,-37.35660694125702,-110,-34.10319077668015,-50.44057845030207
177,-7.61654,3.41353,1.5,-34.03234415785906,-53.56706248239915,-49.64197245129532,-110.0,-45.78473153721536,-40.191761441649234,-110,-39.6003648497759,-49.13895737647277
58,1.38346,-4.58647,1.5,-44.452164374231856,-54.59039259918206,-43.21921138623163,-110.0,-33.013226669282695,-37.437835791033905,-110,-38.03811001876139,-38.41569471483933
87,-1.61654,-2.58647,1.5,-39.5152845302923,-38.925099533620866,-40.31241846553342,-110.0,-45.32880783130655,-53.039084272382304,-110,-34.79292316234124,-33.27447739096206
198,-2.61654,4.41353,1.5,-48.61055454913809,-32.56760777937343,-44.975855538659665,-110.0,-51.127864844801714,-41.975515604114186,-110,-25.37470515342983,-44.953530024398546
57,0.383459,-4.58647,1.5,-58.129278035328795,-38.71315249041917,-47.88566359490001,-110.0,-40.21523919137278,-48.282485668862314,-110,-32.90739168349243,-51.05633575828636
72,-0.616541,-3.58647,1.5,-37.041306649099305,-36.151189321445266,-51.682534612916854,-110.0,-52.67169656864843,-45.39623598313737,-110,-32.65576458654632,-44.50535690212162
108,3.38346,-1.58647,1.5,-47.43354416097476,-63.67055385439647,-37.26849756978621,-110.0,-39.20457076916199,-44.16073785743171,-110,-42.41517324290996,-37.22702233149382
80,7.38346,-3.58647,1.5,-47.49217354234374,-44.65987196617174,-51.17176181657849,-110.0,-45.76239010139806,-34.112091246624246,-110,-36.280016451262945,-44.698262781676775
144,7.38346,0.413534,1.5,-48.6055547205637,-55.56877074020496,-39.94504890462997,-110.0,-40.05639937661787,-25.197021545644713,-110,-37.68518459057125,-37.89415199376719
43,2.38346,-5.58647,1.5,-46.80669542509405,-59.46635826828333,-44.71334398317994,-89.04418067502844,-30.23135194876598,-36.27239390172697,-110,-35.47462067541306,-32.695234280449554
213,-3.61654,5.41353,1.5,-50.11186738312978,-51.86569545766322,-49.65361653931338,-110.0,-52.33240694264701,-53.19522885706703,-110,-32.21233597812005,-39.19397570013232
215,-1.61654,5.41353,1.5,-45.28038310783611,-36.45764757527056,-43.97936403319964,-110.0,-39.53305479849944,-40.9465342997992,-110,-31.724383616755652,-46.292980790213775
132,-4.61654,0.413534,1.5,-34.049245782290605,-32.54059626582357,-43.223409584959306,-110.0,-42.61903527052837,-40.70427921867571,-110,-46.23730361576084,-49.51436414972717
182,-2.61654,3.41353,1.5,-40.93871420112581,-33.75536622706196,-35.052540380644764,-110.0,-43.01615218723568,-34.220875478029946,-110,-30.63181130347596,-42.568303234140984
54,-2.61654,-4.58647,1.5,-48.730732361880214,-35.492875112935224,-40.55911854018517,-110.0,-33.95188359967358,-47.03708787665894,-110,-43.14858080510693,-45.08041211912081
213,-3.61654,5.41353,1.5,-52.779197845006685,-54.91383237204387,-50.605145437448385,-110.0,-57.50365446555464,-45.75717711749704,-110,-37.5876710602281,-44.712876691929075
73,0.383459,-3.58647,1.5,-44.28829239976156,-42.34161782132709,-56.595671948535305,-110.0,-28.712645087836957,-42.69923495457381,-110,-34.3007807082532,-32.748984222291874
80,7.38346,-3.58647,1.5,-48.63387830499468,-44.08428820617899,-49.392558807028315,-110.0,-38.4885640094202,-38.829824820250096,-110,-29.697010698030304,-49.912374207395736
11,2.38346,-7.58647,1.5,-41.18333071508346,-56.49878998349654,-30.725973749961057,-74.9804260947335,-24.17008655807425,-35.87583511434108,-110,-44.15293943035314,-35.639766088175406
216,-0.616541,5.41353,1.5,-52.50345598660692,-18.874363045807243,-42.32963371339609,-110.0,-57.34554496060668,-57.527623279850495,-110,-43.65865629400256,-54.87187841642487
104,-0.616541,-1.58647,1.5,-48.121175621633576,-33.64441179136892,-25.51463851804472,-110.0,-46.382367521637555,-49.99977507389414,-110,-28.158214018596222,-40.73614124714212
175,6.38346,2.41353,1.5,-60.13383774373081,-52.787253852768934,-41.18482476362037,-110.0,-37.3002517943021,-31.522299941103498,-110,-42.86864150964615,-44.572400699021024
192,7.38346,3.41353,1.5,-56.43744393313099,-54.94625113944738,-42.16078649068276,-110.0,-38.0300031495804,-17.327675122145102,-110,-35.537979936777205,-35.63832642652691
233,0.383459,6.41353,1.5,-35.2517874080513,-25.030901493795973,-39.09625359263382,-110.0,-45.51626607178069,-40.95159973805768,-110,-51.26336236654656,-43.63856413338389
135,-1.61654,0.413534,1.5,-38.67263107318574,-37.982237850321454,-33.855079558444785,-110.0,-48.49257232196214,-45.7714441682082,-110,-33.39360025426636,-49.28385007924996
27,2.38346,-6.58647,1.5,-48.83870654216571,-42.16817272521793,-23.548923301605456,-75.58099194119643,-38.86985723269932,-40.87066742870479,-110,-40.68389185500042,-38.44023756087503
101,-3.61654,-1.58647,1.5,-29.00761438490819,-33.66250293078236,-40.07167400694749,-110.0,-48.019582307266155,-56.61367824375324,-110,-44.45228011761379,-48.599901551952314
58,1.38346,-4.58647,1.5,-41.769838808174654,-62.81018571825618,-40.56420128714912,-110.0,-35.05142236095368,-41.151742133168376,-110,-45.67128850302736,-31.503593356321932
113,-7.61654,-0.586466,1.5,-41.7656958059821,-48.31921062904672,-40.462284885534714,-110.0,-43.2396467571418,-36.02366727187083,-110,-48.49872724622389,-51.96882470114998
2,-6.61654,-7.58647,1.5,-36.83970975220105,-48.448739572009345,-31.91070088445407,-110.0,-32.62064084313619,-42.96636105301616,-110,-41.01876884605493,-39.828183790485184
152,-0.616541,1.41353,1.5,-35.4277319048075,-34.22919382689848,-33.64042887705109,-110.0,-40.45564232170928,-42.59800732641298,-110,-31.10234698162681,-48.09344323598031
31,6.38346,-6.58647,1.5,-45.223833699618865,-50.42094583642631,-31.97277201755204,-76.70815424997137,-30.65588763264966,-35.76510583815992,-110,-43.6828426076999,-35.329539321479224
177,-7.61654,3.41353,1.5,-30.33435601525098,-51.779579155010325,-50.22501352487765,-110.0,-45.97809017458038,-36.72902954114407,-110,-34.38619679219936,-47.237970742804606
133,-3.61654,0.413534,1.5,-32.49170385814558,-33.57324829173672,-33.66996545270578,-110.0,-47.687181567129215,-40.969335482741826,-110,-34.42685045833667,-38.98327026224804
180,-4.61654,3.41353,1.5,-33.77578191988162,-43.39327620764537,-37.16454360357392,-110.0,-41.424655714019565,-53.011503694059506,-110,-38.63635459457775,-49.37809715467032
138,1.38346,0.413534,1.5,-55.83393015620139,-50.46520456588833,-40.216090703095105,-110.0,-37.01809581366612,-53.5277365600849,-110,-28.356481283676224,-40.568817174530565
33,-7.61654,-5.58647,1.5,-48.23311700794218,-45.26289259277458,-35.85085012841666,-110.0,-40.8268025343622,-50.48263156441298,-110,-39.699935574770414,-34.93641894893034
33,-7.61654,-5.58647,1.5,-46.77726578824205,-46.629407091088865,-35.07575870599636,-110.0,-30.97851887116388,-47.61630178620494,-110,-35.05079411200351,-40.716724564655145
197,-3.61654,4.41353,1.5,-52.75145292730609,-54.631236896745314,-41.876248631779575,-110.0,-45.042762571719614,-49.46891688586945,-110,-30.58239644167572,-53.88609766480396
48,7.38346,-5.58647,1.5,-48.65762545520384,-47.09978889609409,-41.0246667962248,-95.83683506598874,-36.51355865839056,-35.416679621904414,-110,-39.93133353302521,-23.821656871306924
53,-3.61654,-4.58647,1.5,-37.8395250093908,-46.289520417135115,-25.154401930897713,-110.0,-48.53196794674648,-46.81208939615734,-110,-43.83165060981432,-62.71046620894886
138,1.38346,0.413534,1.5,-52.513524464972384,-56.935719710388874,-33.98252059575607,-110.0,-38.972625129196025,-55.47143723493384,-110,-28.93377717493024,-38.59825009179173
192,7.38346,3.41353,1.5,-56.87415408573495,-54.27965732970136,-41.90368398484339,-110.0,-37.85511428761558,-20.041569122086916,-110,-25.11174781961799,-36.22881300400336
143,6.38346,0.413534,1.5,-50.81877816510595,-55.97118042961105,-46.705777875117555,-110.0,-35.68129309296836,-32.71922514972294,-110,-27.47492388623042,-34.4557367994178
46,5.38346,-5.58647,1.5,-45.98581043050697,-59.002536504005235,-42.195243408399605,-95.06443154986604,-39.665189045936685,-39.59645461972522,-110,-37.81453796522123,-33.893804453368006
225,-7.61654,6.41353,1.5,-28.975221976137387,-37.366656818464136,-40.81943861140424,-110.0,-63.22529913687697,-53.46036047322962,-110,-54.997838602660366,-47.19736731382056
228,-4.61654,6.41353,1.5,-33.94793034885972,-38.59503518142143,-52.71301391624332,-110.0,-63.64934398530504,-68.72301657743506,-110,-43.754661338187745,-50.35295118078502
33,-7.61654,-5.58647,1.5,-44.50976551656411,-41.6707403159737,-33.624028435687634,-110.0,-34.81802360200897,-50.10093101344261,-110,-31.719819830748573,-42.57158351438166
90,1.38346,-2.58647,1.5,-47.21764250032125,-52.262135804413184,-39.44195154761673,-110.0,-38.30447821952495,-38.920939805500595,-110,-37.27380164960233,-37.13115971146191
169,0.383459,2.41353,1.5,-42.11998404083175,-55.30048524501637,-45.72989767887679,-110.0,-32.407779628871964,-30.7011733447957,-110,-24.053664757106787,-69.1488689008004
55,-1.61654,-4.58647,1.5,-28.11827713299744,-55.36171485357817,-33.68732405386099,-110.0,-41.89923324233982,-48.414586212749654,-110,-34.610954981846,-41.53968675633749
44,3.38346,-5.58647,1.5,-43.350413045120234,-47.05440309289136,-36.00618384346858,-92.88362466478765,-41.54126521521451,-32.20236493984648,-110,-37.70003726760103,-32.08655565060934
123,2.38346,-0.586466,1.5,-43.91187573806467,-62.249846396192886,-63.05823770110688,-110.0,-43.5436681343318,-48.77991860910165,-110,-43.13133718396619,-37.835296577093736
47,6.38346,-5.58647,1.5,-42.52767447632114,-48.61961516874462,-41.11945288261533,-101.87804884528236,-35.86530912817081,-43.18213256780014,-110,-39.329475821904474,-33.81831649498945
65,-7.61654,-3.58647,1.5,-38.63984760854908,-50.44828329796073,-33.59272091264473,-110.0,-26.298637109197607,-41.76434256820772,-110,-39.684719232640575,-49.34763173016152
156,3.38346,1.41353,1.5,-54.16135929888331,-48.245713569770885,-51.83303487696493,-110.0,-34.19673802110412,-40.60121241889015,-110,-36.79455523085758,-52.884468833413216
202,1.38346,4.41353,1.5,-50.42157555184767,-35.24688788590639,-56.084745684587375,-110.0,-47.19368692978945,-35.60497629283171,-110,-36.24624211046046,-55.867260556186686
106,1.38346,-1.58647,1.5,-46.759862071417984,-49.12066188950311,-45.630276122288286,-110.0,-47.05881585961967,-35.42933279729031,-110,-32.412599362221634,-40.27097164915972
68,-4.61654,-3.58647,1.5,-47.89956761170362,-35.474160290983875,-37.45168397036221,-110.0,-43.42514158401922,-53.16240530588132,-110,-35.90445038009318,-61.044397463237
30,5.38346,-6.58647,1.5,-42.92235833691418,-44.62864210059946,-47.93760199774864,-76.98013485726327,-39.03174733298077,-46.02401656553329,-110,-40.07167725967615,-27.63583192389923
163,-5.61654,2.41353,1.5,-32.90049960833008,-35.88822367752719,-44.775006384470124,-110.0,-48.22443786634966,-50.595985910503025,-110,-38.648661511063416,-41.61688840435309
136,-0.616541,0.413534,1.5,-43.32501719909796,-31.34948793063171,-28.7400511671891,-110.0,-56.0274645713185,-43.08914598407395,-110,-29.72184429242447,-44.48845261654764
142,5.38346,0.413534,1.5,-52.98869749492159,-33.907349180660916,-52.145798196052525,-110.0,-51.63695823730181,-28.514137744129133,-110,-36.463663719499856,-33.14467683534518
1,-7.61654,-7.58647,1.5,-110.0,-110.0,-110.0,-67.08960783100869,-84.69321013592216,-110.0,-110,-110.0,-110.0
71,-1.61654,-3.58647,1.5,-39.25561080280823,-56.513078494621055,-28.950606380266173,-110.0,-43.562435914001746,-50.46365501376583,-110,-32.328220313861465,-54.758139235867624
29,4.38346,-6.58647,1.5,-46.46271331652307,-54.19554698271997,-42.42417468948946,-68.2747138293877,-30.65045444216223,-33.53847741349139,-110,-38.23115596230664,-28.47282660749948
92,3.38346,-2.58647,1.5,-45.40599722838468,-59.37962903839658,-39.15398900249755,-110.0,-43.030905519541264,-31.212339544329986,-110,-34.279512536946456,-29.610113641566187
83,-5.61654,-2.58647,1.5,-37.39895873906046,-34.15522617489874,-36.40440281800604,-110.0,-41.67107553089508,-45.49863647296637,-110,-33.51728087909057,-40.8509768988328
64,7.38346,-4.58647,1.5,-49.73075062498396,-47.67283069173291,-36.293183676345734,-99.13147287265384,-43.00332676353143,-29.03986433465611,-110,-38.87407036263047,-34.83958084403648
54,-2.61654,-4.58647,1.5,-49.4589721520226,-33.01537644455526,-37.12145860908063,-110.0,-34.101502802360976,-50.21578098170062,-110,-48.35501834389854,-50.258755905602335
64,7.38346,-4.58647,1.5,-50.07328755143077,-49.666414451378145,-41.7399783313726,-95.26374649321978,-38.05273512536351,-36.241984347390144,-110,-44.64441486798419,-29.23425454751082
172,3.38346,2.41353,1.5,-50.93952123637617,-34.05903467700772,-49.48886730547674,-110.0,-39.495174170085576,-29.42447759635711,-110,-39.38107244857543,-38.79268008607282
226,-6.61654,6.41353,1.5,-37.33685375620503,-42.62661915291858,-36.6675790942137,-110.0,-49.93438511631907,-66.07613896176268,-110,-42.79644849608485,-56.0157788242948
92,3.38346,-2.58647,1.5,-52.8346902814796,-62.92489813679363,-35.438740264024894,-110.0,-45.058572495246295,-33.18805004835472,-110,-45.223286054028485,-33.042461996624645
25,0.383459,-6.58647,1.5,-45.431398484129794,-48.897205905410026,-36.281940133592144,-99.2497598979751,-34.38774593031229,-39.1657114843271,-110,-37.23993431667797,-35.7375985154197
2,-6.61654,-7.58647,1.5,-34.99947378817657,-45.93912772126049,-34.21239832210836,-110.0,-34.170782131437406,-45.401581192508374,-110,-40.585520707350845,-42.8456964470643
60,3.38346,-4.58647,1.5,-46.62113071991422,-52.01603562877209,-42.60424550419306,-110.0,-35.33321130952162,-39.21591309522179,-110,-37.46674013339973,-34.86774472280366
129,-7.61654,0.413534,1.5,-37.492142340215075,-46.82781214438434,-33.04886198907253,-110.0,-41.64827698478659,-43.17272873651973,-110,-41.02016074263429,-46.142922523737134
86,-2.61654,-2.58647,1.5,-40.84670822835405,-38.36068445027152,-33.79753125718161,-110.0,-43.27455974828229,-42.44449181372694,-110,-40.00211449490409,-50.70051854075222
94,5.38346,-2.58647,1.5,-48.07185914915255,-51.06323782714069,-44.37081647439085,-110.0,-44.8103157847312,-50.411381648223966,-110,-32.38780499164557,-35.99190768940295
32,7.38346,-6.58647,1.5,-55.00369779280738,-61.6981287225073,-36.697528245191585,-79.90085011310818,-35.361542942007,-33.62302052669572,-110,-37.13422254332916,-28.89428231856796
198,-2.61654,4.41353,1.5,-53.58950551663089,-39.82035466499132,-44.01113371617423,-110.0,-50.18269406021774,-43.68437573332827,-110,-29.049263345888935,-44.7167496324491
28,3.38346,-6.58647,1.5,-43.59272852395389,-47.07969593323816,-32.18271957819515,-72.05154362266143,-37.259536885592176,-36.103659750309426,-110,-35.43735887931626,-39.83459694127947
145,-7.61654,1.41353,1.5,-33.624969993391275,-41.18367637341152,-40.600378130587515,-110.0,-42.826285729943706,-40.223329272594874,-110,-41.099995094706685,-40.666581969001946
114,-6.61654,-0.586466,1.5,-30.63795122671674,-44.06133328862773,-28.641852061526503,-110.0,-54.400368872131395,-38.33283658251506,-110,-50.371553265031395,-49.829425071982854
47,6.38346,-5.58647,1.5,-41.03292904245746,-51.864908044521336,-34.7850796992784,-104.58417910610748,-31.832498562078424,-39.12629456327476,-110,-35.90975687503021,-36.93302254820486
119,-1.61654,-0.586466,1.5,-38.18152382514637,-35.006746085639676,-35.05781857047239,-110.0,-53.36042710593377,-48.15585203090768,-110,-40.0663848061641,-47.50929453100824
30,5.38346,-6.58647,1.5,-44.945644673810776,-48.4864079580757,-48.85564796494434,-75.56831361074559,-34.15332067220394,-44.39492276948324,-110,-31.836361814592152,-24.921790493194475
181,-3.61654,3.41353,1.5,-45.02543516319287,-45.291890602043686,-42.82904289917332,-110.0,-40.46624268501364,-36.35692891510033,-110,-34.157955620341724,-55.38576411104841
163,-5.61654,2.41353,1.5,-29.262384171772048,-46.89974350101614,-43.9646028206192,-110.0,-48.13610305829134,-48.85857930972766,-110,-37.32186481703605,-40.55400690837968
63,6.38346,-4.58647,1.5,-43.3953893593191,-52.637499673275734,-37.56687595010764,-95.36980093624882,-27.43630090287354,-35.21556039312111,-110,-38.304482987402366,-31.96218780768032
173,4.38346,2.41353,1.5,-51.29511192014985,-41.66983839445925,-42.809851744701135,-110.0,-37.71073642605631,-30.028689450835177,-110,-31.02531420685655,-45.14291123167821
1,-7.61654,-7.58647,1.5,-110.0,-110.0,-110.0,-75.70880045000678,-85.5778156837699,-110.0,-110,-110.0,-110.0
114,-6.61654,-0.586466,1.5,-27.966151821666088,-36.81268610086035,-37.193226917704145,-110.0,-57.55119457954091,-32.916810899406826,-110,-55.409313286201495,-54.009794241870935
181,-3.61654,3.41353,1.5,-42.8142604071284,-43.54156551365062,-45.13923818249203,-110.0,-40.57885713896624,-37.82192475130313,-110,-33.841091587544476,-53.88871682111984
49,-7.61654,-4.58647,1.5,-44.49147970720651,-36.57811606500148,-40.9649168274864,-110.0,-43.640449619446514,-50.37471747925165,-110,-46.60256092121793,-36.74754464835324
27,2.38346,-6.58647,1.5,-50.572206824706335,-42.23035427495584,-29.668878379477853,-68.64651681549269,-32.73825569311616,-38.46668680185038,-110,-34.53765397845429,-30.61693468539877
196,-4.61654,4.41353,1.5,-38.31551760996659,-54.12129904512559,-37.93758873324027,-110.0,-55.53961761835276,-37.4508085553988,-110,-35.67187896375434,-42.6450319646359
189,4.38346,3.41353,1.5,-51.94729069542224,-62.82171193461933,-48.4356598966734,-110.0,-44.15029086839716,-30.01357059248704,-110,-34.547926396522385,-82.83250116356837
136,-0.616541,0.413534,1.5,-39.80703074816083,-40.29767236429023,-30.78879632301994,-110.0,-59.84366353624021,-40.48393724137306,-110,-34.068972283825914,-39.27965275612719
71,-1.61654,-3.58647,1.5,-32.85875063438012,-52.939252547555185,-33.17156365969069,-110.0,-40.124131786968384,-59.64522753050933,-110,-33.538322236791295,-57.56905916144335
203,2.38346,4.41353,1.5,-50.968156971246664,-50.371254579573616,-60.20501900280715,-110.0,-37.11173793242964,-37.93672288447425,-110,-41.97117576274886,-36.45521580147794
238,5.38346,6.41353,1.5,-60.39205470969745,-42.75227742797516,-38.760453342559806,-110.0,-41.68445079553491,-31.91784410929511,-110,-33.78714686645811,-37.90463500898575
75,2.38346,-3.58647,1.5,-44.17414648454235,-52.03533170566291,-44.22488127817088,-110.0,-27.79775756788198,-36.28817771123186,-110,-28.738668669522617,-38.29124742911274
33,-7.61654,-5.58647,1.5,-41.32066115164121,-40.443307953840986,-35.23663426713157,-110.0,-40.012491761337984,-52.84850804807609,-110,-35.80077812585253,-41.65147852390792
150,-2.61654,1.41353,1.5,-38.990825641716775,-46.114154254940125,-41.95738803677272,-110.0,-41.08792767965723,-48.07126249210788,-110,-33.42064329872536,-39.750242182737544
88,-0.616541,-2.58647,1.5,-48.45853869026091,-35.988637623826186,-30.8729214731524,-110.0,-66.18129721293671,-41.04530236680604,-110,-35.845048219539045,-42.77675373749358
24,-0.616541,-6.58647,1.5,-33.05742393574331,-36.214178400512864,-44.59547346492138,-104.41188351888424,-26.910309883602693,-61.28206006907447,-110,-40.585054783860365,-53.61977112166343
15,6.38346,-7.58647,1.5,-57.62420133181692,-47.727243487658406,-41.359683826621705,-82.05298912448698,-40.35300500485547,-40.06457415551563,-110,-56.53367942405758,-31.35960040089387
147,-5.61654,1.41353,1.5,-47.57793096231142,-33.38105116589902,-32.29917799728547,-110.0,-48.55851958280289,-41.165290328513755,-110,-38.83178717454229,-64.25903638357183
5,-3.61654,-7.58647,1.5,-44.37121050844054,-36.56404936249316,-36.543780099257646,-110.0,-35.82992782008136,-55.04860223469542,-110,-63.904335747768975,-38.021996503386234
68,-4.61654,-3.58647,1.5,-44.08404195852064,-38.25242314648917,-38.21775270039265,-110.0,-33.448812237175105,-47.03133918942081,-110,-35.805786349713316,-63.68319989425687
213,-3.61654,5.41353,1.5,-48.697552651107294,-57.858374580948414,-53.69613537660448,-110.0,-51.311970908943515,-52.32901981588035,-110,-35.27863471201896,-43.3922493017869
39,-1.61654,-5.58647,1.5,-33.47845656284194,-38.38217821638091,-27.91934163222895,-110.0,-27.452542439045477,-42.80532410594571,-110,-43.23762565104975,-45.89697207594624
117,-3.61654,-0.586466,1.5,-41.721115150430286,-42.19029631595139,-39.94771470300882,-110.0,-38.79186347884843,-39.73485044576817,-110,-27.962694560871583,-35.647754691523204
69,-3.61654,-3.58647,1.5,-39.42327417957982,-41.66969846987904,-30.389674920802747,-110.0,-38.07112410903174,-38.1144956256997,-110,-41.67049117283093,-45.22502243692885
126,5.38346,-0.586466,1.5,-40.94507919499598,-52.93589106439011,-44.76289961175515,-110.0,-33.4206303046367,-38.0974084487073,-110,-30.67557835874799,-38.2721971105336
88,-0.616541,-2.58647,1.5,-49.042804975074134,-39.693715706534675,-31.961786093829257,-110.0,-69.25815194139939,-49.44169392718621,-110,-31.27749562069692,-41.37638820730683
150,-2.61654,1.41353,1.5,-38.67083841798663,-44.32208046363623,-43.68586994009931,-110.0,-46.51573830091607,-49.31045024680903,-110,-34.329049903550505,-33.29481018450616
148,-4.61654,1.41353,1.5,-32.54934578443468,-29.51140913686479,-48.643304623550875,-110.0,-60.08311549907052,-33.6743272891984,-110,-38.52806830698172,-41.20652979634659
192,7.38346,3.41353,1.5,-50.332050520488465,-54.209673450174165,-38.45244374341021,-110.0,-38.41890512265691,-21.404643842357324,-110,-20.61219910079248,-31.978104282014712
240,7.38346,6.41353,1.5,-66.15652034144976,-34.616077793630055,-54.839695461866384,-110.0,-48.16885808657918,-34.48031172160377,-110,-37.04896866339502,-36.30739735951968
146,-6.61654,1.41353,1.5,-35.66012777113203,-55.29390641696352,-33.35597452566962,-110.0,-46.07786886158016,-38.082412775775154,-110,-36.4925890673963,-44.886382135280115
81,-7.61654,-2.58647,1.5,-40.23457808915556,-39.450903301674074,-32.99787033663715,-110.0,-52.204065715300544,-48.41255515115684,-110,-52.65313442975,-48.831302142128905
43,2.38346,-5.58647,1.5,-45.327150945556745,-61.05225825087718,-36.92159287565907,-90.42411703977076,-28.607842257103247,-41.60338952616352,-110,-36.242461941502306,-36.19472388351953
60,3.38346,-4.58647,1.5,-48.50477452150626,-57.074729530804376,-43.16011069283608,-110.0,-36.30374695756576,-37.41356504473486,-110,-39.2850665213767,-35.130821261113724
118,-2.61654,-0.586466,1.5,-35.19330229441697,-36.543529937245125,-40.25327139908645,-110.0,-46.92665288502409,-36.62636343184629,-110,-37.253270967954016,-44.13085862623482
10,1.38346,-7.58647,1.5,-46.45346126966959,-49.71678802397394,-28.892858002364477,-110.0,-23.18695121596568,-40.50348757019303,-110,-40.88679859105382,-40.167761441981675
160,7.38346,1.41353,1.5,-51.90415361879242,-44.8854646078553,-48.54103433080056,-110.0,-42.438498973867,-26.725400889474585,-110,-46.67341014993652,-36.815902019299635
239,6.38346,6.41353,1.5,-55.89971456079269,-33.454365345001975,-63.9155642570479,-110.0,-33.82104247925303,-36.11500026200691,-110,-47.120084717746565,-35.46106917946454
9,0.383459,-7.58647,1.5,-48.27450054513673,-49.80631803619561,-26.327503840757995,-110.0,-26.21567973514193,-27.1233831365364,-110,-38.7249263887405,-30.634976183587153
233,0.383459,6.41353,1.5,-37.57527657102468,-29.825745575313732,-44.001362511019344,-110.0,-47.79117617440843,-45.42898536955442,-110,-47.125380716871355,-47.75802457639611
153,0.383459,1.41353,1.5,-48.45964718450334,-53.40300478570395,-44.18476284709559,-110.0,-31.8104096551631,-30.33651404981847,-110,-32.915960754752014,-33.941632103548585
68,-4.61654,-3.58647,1.5,-42.940272147799185,-38.34153170029409,-36.883438296526165,-110.0,-33.45294848677107,-48.19861161951896,-110,-35.43556401949372,-58.41926560481606
222,5.38346,5.41353,1.5,-42.74386385004524,-44.12577283784496,-50.344071720094995,-110.0,-38.3094047510549,-29.997845893346156,-110,-42.19578954661903,-32.65441328250503
190,5.38346,3.41353,1.5,-51.59140063838575,-52.64043074580348,-40.84168184279786,-110.0,-37.02998567089474,-27.78407726776742,-110,-40.37410156202285,-40.968652642170454
28,3.38346,-6.58647,1.5,-37.75575633260125,-46.053186923393675,-32.14229883910222,-72.62332266484721,-32.4386426215969,-39.12712367960451,-110,-39.03882986637561,-36.91660258891043
128,7.38346,-0.586466,1.5,-53.79791124261609,-50.6837401193039,-39.28987584457835,-110.0,-41.364797860274535,-47.684053349136605,-110,-28.771679597286116,-37.69386526353277
239,6.38346,6.41353,1.5,-55.87597237192585,-29.600912765003443,-67.72785307394035,-110.0,-43.07347046269124,-35.76965549290069,-110,-49.0901582072996,-36.252350673276915
195,-5.61654,4.41353,1.5,-29.39303963764142,-47.68150535074048,-41.893531078127495,-110.0,-48.34971771454477,-48.83353036997783,-110,-33.69419078294402,-57.87445964317705
61,4.38346,-4.58647,1.5,-55.20594415682143,-47.64957513363076,-37.20964367148879,-110.0,-31.236261698135227,-45.22133883674515,-110,-37.034253934186424,-36.870559604423775
204,3.38346,4.41353,1.5,-44.89083975416928,-39.074947429518154,-55.640653236302114,-110.0,-44.09699251608739,-37.07792201962361,-110,-49.30259871762505,-37.32702268319936
145,-7.61654,1.41353,1.5,-29.78344531307977,-32.79406929839433,-36.3000387252796,-110.0,-47.43633563271897,-37.52518032610202,-110,-37.02606387304974,-38.21063366114487
83,-5.61654,-2.58647,1.5,-39.434645649047255,-29.76470932571057,-33.88773128274653,-110.0,-34.99043474254228,-41.324863004717216,-110,-30.20455522073672,-39.60053449296161
19,-5.61654,-6.58647,1.5,-38.35092178365045,-61.19969057822912,-38.16155609130044,-110.0,-47.472494366478784,-47.591625917451346,-110,-39.57486837814696,-46.993732200879585
109,4.38346,-1.58647,1.5,-51.397173347340726,-64.92411000644289,-36.02935131464242,-110.0,-35.07312122304597,-30.11963125172344,-110,-31.826666975895037,-32.72202230534933
25,0.383459,-6.58647,1.5,-47.60773945799192,-50.40679415508651,-42.60896869493255,-95.71405680696218,-29.24079415830635,-35.15801772883113,-110,-38.96138129619878,-39.860952439969246
11,2.38346,-7.58647,1.5,-42.33892610687036,-59.78283406599585,-24.21448258697399,-75.5589980611937,-24.6368805065308,-31.739358947805588,-110,-40.91666615385497,-39.852648814517906
118,-2.61654,-0.586466,1.5,-37.37739213600679,-39.370946148517454,-42.4489274266834,-110.0,-47.262991517214466,-43.67814003922995,-110,-40.90939842914557,-46.46888057794541
38,-2.61654,-5.58647,1.5,-40.16843882196131,-39.34935136222246,-26.926472770921087,-110.0,-34.69867511788779,-45.69754124998197,-110,-42.500876038130855,-36.65682933338557
185,0.383459,3.41353,1.5,-47.35464294246428,-42.01548416360094,-49.012590381242994,-110.0,-34.31595051718516,-31.40146582692588,-110,-24.70154767041788,-36.31096606043823
237,4.38346,6.41353,1.5,-49.762795640570346,-41.53783082354583,-46.64686624962332,-110.0,-38.43254017899321,-27.232034757703016,-110,-38.49403586753661,-34.81034463828604
138,1.38346,0.413534,1.5,-61.26027638987983,-56.24538185530565,-39.6692335905272,-110.0,-31.454474191849386,-50.20879086438639,-110,-27.923966379736648,-37.08569575979822
93,4.38346,-2.58647,1.5,-48.19431351085416,-69.93798230079594,-43.48098863896706,-110.0,-30.655019071747297,-36.22125130892272,-110,-27.744301574238413,-53.365114873289464
31,6.38346,-6.58647,1.5,-50.30743616221556,-51.926269042976536,-31.88709717066383,-80.47546728211233,-34.33400215262016,-40.43843429878556,-110,-42.87219655906827,-34.0070174997355
208,7.38346,4.41353,1.5,-49.071528264629634,-40.905466567605984,-59.32412494994577,-110.0,-55.82429498707802,-19.276526480343925,-110,-40.210307072178665,-39.27949020338563
120,-0.616541,-0.586466,1.5,-40.09317053509687,-35.564577556763325,-30.35905894669709,-110.0,-46.22855738206662,-37.13818419877274,-110,-34.47849799030702,-42.244843599035256
132,-4.61654,0.413534,1.5,-36.281595235930226,-37.478918518078586,-33.73818683659193,-110.0,-42.10368005740836,-40.27755084271163,-110,-49.680180419991345,-48.60791541409411
2,-6.61654,-7.58647,1.5,-39.394338159686725,-49.922195658667,-34.037685132961506,-110.0,-32.282035300913186,-48.66780118431754,-110,-47.189388538701095,-40.68672432407822
149,-3.61654,1.41353,1.5,-35.73532420790889,-39.30724498369977,-42.84007050553791,-110.0,-52.09272070354919,-41.20831928957746,-110,-40.691517913945056,-47.75373548974169
143,6.38346,0.413534,1.5,-50.77535521547254,-59.08678300730922,-49.381184879944755,-110.0,-32.369405875785056,-31.289045158362928,-110,-32.01731806096428,-37.64133156526466
100,-4.61654,-1.58647,1.5,-42.90657909986666,-40.90560004526116,-31.166649827191332,-110.0,-36.49018773063489,-47.70496047428771,-110,-31.746943781931304,-45.1435647862418
177,-7.61654,3.41353,1.5,-34.89592521082171,-56.74654462528539,-45.312437121330184,-110.0,-40.210134325846006,-35.23802356740852,-110,-36.61652296927556,-41.407652137500506
240,7.38346,6.41353,1.5,-66.81143292282846,-31.92205412216591,-50.92515100728272,-110.0,-51.026245326370045,-33.21458121120848,-110,-39.734745319479025,-35.50313687160257
174,5.38346,2.41353,1.5,-53.63070667933541,-59.20281263812807,-41.87319126166416,-110.0,-35.52502516906179,-28.138591591651696,-110,-33.9596147237349,-46.49837779423365
89,0.383459,-2.58647,1.5,-48.667869226008186,-54.00293090630007,-46.39938827342643,-110.0,-26.943881603902064,-39.987173407579114,-110,-33.78311055196018,-36.03042754228899
108,3.38346,-1.58647,1.5,-53.64351181334134,-60.511335904449496,-45.23005354676417,-110.0,-36.54075358917155,-41.67831479491229,-110,-43.193723697599665,-38.07570343160705
40,-0.616541,-5.58647,1.5,-57.595981621613035,-45.84113661647139,-24.014727211219387,-110.0,-39.201206328471095,-51.93667552441325,-110,-45.55686240343952,-48.22939040706177
218,1.38346,5.41353,1.5,-51.05581843169266,-30.86525233521986,-45.527710857510485,-110.0,-38.739035319292945,-54.262340712112035,-110,-29.305678811540535,-48.70010443805653
21,-3.61654,-6.58647,1.5,-35.373021313028666,-44.57126039220868,-33.37742443641851,-83.83790645809592,-30.188861109036793,-47.49125175115304,-110,-41.64214574076232,-38.92095202380282
236,3.38346,6.41353,1.5,-57.650326938621895,-39.129223539306295,-52.06201017325186,-110.0,-46.99326260892211,-32.98760751869808,-110,-44.5764456743049,-51.681658204319696
49,-7.61654,-4.58647,1.5,-46.3116365863303,-47.88869389042728,-34.33980667763472,-110.0,-44.72715499171915,-53.74273932515986,-110,-43.797949442560565,-38.947105342527735
150,-2.61654,1.41353,1.5,-29.91424532773303,-42.69262341023188,-44.700612888372206,-110.0,-38.64206032078623,-40.87580153301031,-110,-32.11061698277793,-42.862705203479344
102,-2.61654,-1.58647,1.5,-44.15397240138593,-35.97386515530994,-38.549697397093766,-110.0,-41.820252939928395,-43.166831122471734,-110,-34.93310727535267,-40.15192891393578
32,7.38346,-6.58647,1.5,-53.57918572101767,-63.72795280297688,-41.704699688692706,-83.83657896655419,-39.29680887921105,-32.41043584428994,-110,-36.78331108101004,-31.37264003138373
81,-7.61654,-2.58647,1.5,-36.64827183598871,-42.1706493726024,-36.107679712464886,-110.0,-50.57581602907611,-54.06785591369653,-110,-46.85462228146108,-50.98046677215027
170,1.38346,2.41353,1.5,-49.81816673659831,-45.44909226581548,-41.163870714709915,-110.0,-40.66497342909186,-43.35651769327656,-110,-24.84106431285292,-48.63867765415812
217,0.383459,5.41353,1.5,-48.91214596380055,-22.75957857778471,-44.213958633924626,-110.0,-52.30644862278026,-38.41066200554658,-110,-22.829728646746258,-38.2991008142844
195,-5.61654,4.41353,1.5,-25.199674004781215,-49.656540054772705,-42.3998245102765,-110.0,-44.92377629519679,-46.71541818428526,-110,-38.71857409666669,-59.17727630239575
161,-7.61654,2.41353,1.5,-31.792262197689013,-54.44425171327813,-44.98255621887142,-110.0,-39.47036875962935,-38.43082751540741,-110,-34.4735725926536,-50.75030653161662
28,3.38346,-6.58647,1.5,-43.78748622147185,-45.54531833371965,-32.74848516669557,-77.6684159630799,-38.672091588993865,-34.233563935071984,-110,-30.79115927018809,-37.32923171799911
51,-5.61654,-4.58647,1.5,-33.494551736645064,-38.25879682678968,-44.2038709085917,-110.0,-36.45602641996007,-51.65210318861042,-110,-42.96484773319777,-46.67944036204108
98,-6.61654,-1.58647,1.5,-38.66427090766971,-30.373198466304753,-39.452956173997954,-110.0,-52.755981189404494,-49.23839052537891,-110,-44.660127761404674,-56.360959769455654
142,5.38346,0.413534,1.5,-49.837165108927024,-39.579224928390666,-45.257679516860506,-110.0,-48.76901557182292,-25.882490253042658,-110,-29.647086437972668,-37.94586180270637
21,-3.61654,-6.58647,1.5,-29.436770639392712,-40.28185935027203,-39.12099853738965,-83.24765198280531,-37.50369591732888,-47.67493187920244,-110,-43.44324836104758,-42.63512267077799
148,-4.61654,1.41353,1.5,-38.47916362669107,-37.434102738131905,-50.39642311929783,-110.0,-61.276602489454575,-35.75245416568455,-110,-33.63055303832336,-36.76577438497281
129,-7.61654,0.413534,1.5,-34.29585949959127,-42.234990273654354,-29.978481028453785,-110.0,-45.298711233258125,-42.86385251524755,-110,-38.17469038646998,-44.73137113444146
14,5.38346,-7.58647,1.5,-57.3918834486151,-52.39712403832024,-40.89196306951064,-110.0,-40.20676582380656,-38.5861780194171,-110,-38.54174556761882,-30.064985907099334
145,-7.61654,1.41353,1.5,-35.7500645317735,-41.74356085615821,-41.326123783234785,-110.0,-42.50449411996231,-39.47934061794739,-110,-39.85101527870836,-37.7590141971384
234,1.38346,6.41353,1.5,-33.53472595420091,-25.26650452693047,-60.663061483307374,-110.0,-40.21455960016883,-45.407026539488555,-110,-26.719704203760617,-37.0551990252306
134,-2.61654,0.413534,1.5,-38.04717113544564,-38.6153276651723,-44.6448308284085,-110.0,-44.3861974954195,-29.75031994054092,-110,-34.979410934795084,-47.23353705480509
14,5.38346,-7.58647,1.5,-58.2346312072588,-52.68959374805513,-44.5817683158186,-110.0,-38.86929766089778,-36.69400202122976,-110,-37.42251255442198,-25.637059633196575
161,-7.61654,2.41353,1.5,-32.662850511634815,-45.60641236873204,-42.79962547262992,-110.0,-39.71028672268293,-33.7414698908879,-110,-39.05692459377617,-53.09289867916115
172,3.38346,2.41353,1.5,-55.42012400735936,-36.61539029321764,-54.32270111720356,-110.0,-35.85552377607391,-27.973939475366382,-110,-30.94230151116031,-38.4976355255425
194,-6.61654,4.41353,1.5,-25.27877776163226,-49.22433916517216,-38.09905883844672,-110.0,-47.49979652769362,-49.77586690158612,-110,-35.28834143389523,-40.21379850246905
112,7.38346,-1.58647,1.5,-51.59774981307763,-43.44303608316733,-42.04412647572089,-110.0,-38.42490846805741,-38.91947272253061,-110,-38.72306353258246,-33.39647678858882
2,-6.61654,-7.58647,1.5,-38.859388653830706,-49.858248618342834,-35.807844356947555,-110.0,-33.37622699598588,-49.242168160144345,-110,-42.338383637074905,-37.808910745410856
231,-1.61654,6.41353,1.5,-39.47363987500573,-20.86649003741089,-40.46477505819696,-110.0,-63.98007270441844,-51.23324411723961,-110,-42.29404306101688,-62.47865966658002
237,4.38346,6.41353,1.5,-46.982099747519705,-44.27670614108896,-55.77347219549039,-110.0,-44.15265723844702,-26.342674027238957,-110,-39.70070568439651,-43.238864542950495
122,1.38346,-0.586466,1.5,-53.42443972849699,-49.314163421285386,-48.67143189703979,-110.0,-39.50337568019757,-57.700472886709576,-110,-36.860614278535856,-36.4901375835564
125,4.38346,-0.586466,1.5,-42.70752153952035,-53.1358121770085,-45.01477520234677,-110.0,-37.81876763613054,-26.321297676923024,-110,-48.853512308383465,-40.42516642421588
220,3.38346,5.41353,1.5,-44.667187114108856,-31.533999129328876,-49.140447752450925,-110.0,-44.53999930763015,-38.85826483616266,-110,-43.11884649265666,-37.27800439916338
174,5.38346,2.41353,1.5,-51.6530913821836,-56.129414622715906,-37.94579540589217,-110.0,-34.58247468114011,-29.316663546215658,-110,-34.42512783550037,-40.63514686762578
178,-6.61654,3.41353,1.5,-25.01217725875856,-48.35806536066883,-36.99109091518467,-110.0,-62.00115903364378,-42.64405428843204,-110,-42.90042041035015,-42.97635395803533
233,0.383459,6.41353,1.5,-37.8226418911694,-24.72560218431534,-35.663166610738024,-110.0,-49.08785463937078,-45.96613117872742,-110,-45.593204197776274,-47.78980213959166
81,-7.61654,-2.58647,1.5,-41.620138960303784,-47.87490656309947,-37.24375780364811,-110.0,-50.37989462451569,-52.01207938528432,-110,-51.55769502430926,-53.49294394044173
187,2.38346,3.41353,1.5,-47.49794433419392,-42.2815535651395,-55.206948676649546,-110.0,-42.119710236281875,-37.26841978013192,-110,-22.33015421180058,-42.23887575394776
59,2.38346,-4.58647,1.5,-50.25675729701858,-59.66769290414277,-37.886895595064296,-110.0,-29.54681571594666,-34.765287578119626,-110,-38.41535457566053,-37.16774277134374
232,-0.616541,6.41353,1.5,-31.606967165092968,-20.05921923848419,-39.443404341507794,-110.0,-56.44995092479296,-60.783788926131706,-110,-57.18485644003973,-52.741704443387285
197,-3.61654,4.41353,1.5,-50.227666629760904,-45.98364068228625,-54.03564470883594,-110.0,-41.700290201272225,-54.51199755963158,-110,-31.347571337515376,-52.520791671050176
136,-0.616541,0.413534,1.5,-40.77102445933872,-33.478975515041974,-32.258429741312035,-110.0,-55.44442331147545,-38.34753626781496,-110,-33.34257479720082,-49.56579008554595
12,3.38346,-7.58647,1.5,-43.77375553857047,-49.75181239827058,-47.41540502643718,-77.44673285191865,-47.651108562268405,-43.607713738903975,-110,-40.86391280613727,-40.823085065189375
8,-0.616541,-7.58647,1.5,-40.55133112630399,-45.72109430230492,-53.548889032894024,-110.0,-49.891358157004944,-50.54046647195505,-110,-46.816738337619846,-45.421123109446306
123,2.38346,-0.586466,1.5,-49.22207046425365,-67.0676543192508,-68.28608375683787,-110.0,-45.424368174309194,-47.42450478526063,-110,-33.84077881048742,-42.89386666008586
45,4.38346,-5.58647,1.5,-50.891640600242326,-50.376701732740386,-31.77259216267779,-97.17476534273982,-21.613295585949157,-34.69060818628289,-110,-39.51495653370942,-43.02989429931309
220,3.38346,5.41353,1.5,-46.91154627351949,-36.720442082556616,-48.7850358053801,-110.0,-38.0331088561085,-37.05229613967705,-110,-47.976950679169725,-45.99083651206367
233,0.383459,6.41353,1.5,-35.811925011992265,-23.515735746675855,-41.794123797802015,-110.0,-55.61380489912909,-40.200338284632615,-110,-43.35953510965412,-49.39318158702458
130,-6.61654,0.413534,1.5,-33.62984529734626,-40.71425944303054,-44.3595696904104,-110.0,-38.83677282568457,-34.180391158352315,-110,-40.29770572341324,-61.66683024794198
122,1.38346,-0.586466,1.5,-51.6000284039851,-49.69245704783811,-42.96466812564677,-110.0,-41.89821998234963,-61.741050753991246,-110,-33.986568838272646,-31.661995885310013
11,2.38346,-7.58647,1.5,-45.49801799516079,-54.144871435316354,-28.71914297590227,-80.93565150437098,-20.29316987768751,-35.619839804138294,-110,-39.430048720252785,-39.10904931290344
189,4.38346,3.41353,1.5,-46.624736635260774,-64.06214636269968,-50.96177073584624,-110.0,-49.29670642769504,-27.300307106051587,-110,-31.851742198569557,-76.859148747826
101,-3.61654,-1.58647,1.5,-28.516704081512092,-34.33456322920973,-40.41654926653099,-110.0,-51.01895740249262,-62.84669171419216,-110,-48.10024225032563,-39.7190326284607
230,-2.61654,6.41353,1.5,-33.26993991414261,-32.77416438901574,-31.993364824941793,-110.0,-64.94268154545972,-50.2960466148633,-110,-51.64259065717065,-66.52766699099111
104,-0.616541,-1.58647,1.5,-47.571352570905184,-34.71637339767457,-31.35973610454358,-110.0,-48.91102580282253,-42.88335674379142,-110,-35.22597508314494,-41.48114810997365
232,-0.616541,6.41353,1.5,-39.79108589963534,-22.401958278750342,-31.114622768738627,-110.0,-61.056886519670726,-50.93427669905869,-110,-60.275315326064344,-50.91548342263098
78,5.38346,-3.58647,1.5,-53.84497282692382,-58.93238390935934,-59.04454456295454,-110.0,-32.15507186609574,-34.52943279338884,-110,-38.839986423923555,-28.5092647863771
140,3.38346,0.413534,1.5,-47.093127881874985,-50.11174323590093,-47.618852039348546,-110.0,-48.092115647388134,-51.05064742465352,-110,-37.728119406866185,-48.17887787975965
119,-1.61654,-0.586466,1.5,-35.92091698431233,-37.64628809791075,-27.034255352204404,-110.0,-47.3159720961832,-44.714501029238285,-110,-39.405388061568246,-47.751860195482934
49,-7.61654,-4.58647,1.5,-41.108484841681886,-39.68633215031052,-41.20860755324817,-110.0,-45.72406874876042,-58.328645461037326,-110,-41.20107095098968,-34.81086886919807
6,-2.61654,-7.58647,1.5,-37.756578498153786,-40.91706440883886,-25.50981110194446,-110.0,-42.74851361748622,-55.01276999676548,-110,-35.906209456254714,-46.74887169089852
141,4.38346,0.413534,1.5,-42.40551274707666,-43.81830700459724,-46.154852725849985,-110.0,-37.92400793873146,-37.85642620139773,-110,-29.753032292293444,-32.69225943857017
201,0.383459,4.41353,1.5,-47.64569171603832,-29.858672965164136,-51.33947178932134,-110.0,-43.127943766358065,-47.62204494432329,-110,-27.428835547822132,-36.28704864475099
119,-1.61654,-0.586466,1.5,-42.380351227868246,-36.17932820457311,-26.998343845633784,-110.0,-46.6498357178313,-44.8178967712496,-110,-38.55967261947934,-51.28236800955464
141,4.38346,0.413534,1.5,-43.059727153579544,-45.07719616636078,-44.46208187666715,-110.0,-37.20001811941481,-34.54796177882201,-110,-34.66504083267462,-36.274690556012736
172,3.38346,2.41353,1.5,-54.196416291072296,-36.40914402256903,-51.33171042780561,-110.0,-34.81943945087416,-32.99201013646467,-110,-38.12321353018746,-32.353068226579055
196,-4.61654,4.41353,1.5,-44.71881376133822,-51.176970127352874,-36.37334681647793,-110.0,-50.76687359326314,-49.3011314450149,-110,-41.7119448271251,-43.64252513471603
198,-2.61654,4.41353,1.5,-49.02411335165273,-37.17705429113565,-38.99652749974072,-110.0,-51.44031069394072,-44.59868961323786,-110,-36.29543551360592,-46.679472844591025
32,7.38346,-6.58647,1.5,-55.859389219914945,-60.66359555059603,-38.20288684267542,-80.46184803038526,-35.36793260705812,-33.367250962450925,-110,-41.006513244131504,-29.477013922885817
3,-5.61654,-7.58647,1.5,-35.85894093820345,-48.467406234095826,-34.555061963464276,-110.0,-32.57383762495029,-43.88327574825493,-110,-47.25762203637447,-40.96573768218768
42,1.38346,-5.58647,1.5,-38.665544113217535,-46.20673722077943,-32.491733081972356,-93.01723562595848,-29.439196324031897,-37.61639719473625,-110,-43.42294305134143,-33.652821891473806
172,3.38346,2.41353,1.5,-54.34355178286026,-38.78411131751859,-49.14612592666018,-110.0,-34.656507310236414,-33.971103629579744,-110,-33.990374375243874,-31.411351175088736
228,-4.61654,6.41353,1.5,-26.162667209494867,-33.691925765274,-48.96627070129356,-110.0,-62.48123294647777,-63.99678516035282,-110,-46.55561985995989,-54.29057172742378
71,-1.61654,-3.58647,1.5,-39.63710613857302,-54.352076136948895,-29.06389091306601,-110.0,-39.47317581417721,-49.77708798012726,-110,-34.212485223233706,-53.99702511668201
51,-5.61654,-4.58647,1.5,-36.07761021049704,-40.40362172036691,-42.01986810664338,-110.0,-36.71653120472437,-46.87871014837281,-110,-45.13569607952127,-44.79778113319316
6,-2.61654,-7.58647,1.5,-34.965510612064094,-39.599238954232185,-27.084995519443947,-110.0,-39.76408158401855,-51.77008353639157,-110,-31.828876016913014,-44.6065321189399
17,-7.61654,-6.58647,1.5,-38.674560750251544,-41.74658907865157,-36.107746100717506,-97.78606101032678,-51.032719804579926,-42.35803864784738,-110,-53.456138158221925,-53.13070223269219
149,-3.61654,1.41353,1.5,-35.57605685524668,-47.16288986271527,-40.858124228759046,-110.0,-52.57821249167245,-38.02456097372904,-110,-42.69607489598264,-48.74565077752035
131,-5.61654,0.413534,1.5,-32.111937902090645,-40.047306307314265,-46.186497349183306,-110.0,-34.32215449079191,-42.16283629064403,-110,-44.70315299405557,-37.71239899790473
59,2.38346,-4.58647,1.5,-51.35245559603528,-63.68231502387095,-37.72534897674245,-110.0,-27.81816299730955,-42.98416425408199,-110,-46.56876868401204,-34.52918161137012
26,1.38346,-6.58647,1.5,-41.87415756657967,-56.58989728477246,-39.6482553243446,-97.27821048377386,-25.068450833117375,-32.07377200277823,-110,-54.17866874349029,-25.344881170862823
60,3.38346,-4.58647,1.5,-50.65263318705728,-56.395684667967515,-43.96112698990067,-110.0,-32.37772734316318,-40.211693176464614,-110,-39.92966081731741,-39.18612265499522
201,0.383459,4.41353,1.5,-42.905579614121685,-33.83551050976965,-41.9419734650095,-110.0,-36.19343229126307,-42.44844991651456,-110,-29.350467326976904,-42.587388056507784
151,-1.61654,1.41353,1.5,-31.276743445368883,-36.93400010068951,-41.444566234780034,-110.0,-62.045093439006855,-44.437829314474946,-110,-25.44426595166953,-48.38818078043694
162,-6.61654,2.41353,1.5,-34.95913959310122,-41.36778200593027,-35.3636628628681,-110.0,-46.37228317164999,-47.7187761604943,-110,-36.1119497670356,-42.47172667515891
91,2.38346,-2.58647,1.5,-47.69275983566643,-74.98740941869154,-41.77200967245173,-110.0,-28.88291166240068,-33.76035418098541,-110,-41.43526665537308,-37.26798798840386
194,-6.61654,4.41353,1.5,-25.39868539737525,-48.68785947493559,-33.78074566745907,-110.0,-46.50069021518799,-54.01668439450246,-110,-37.5891582251635,-49.01378686401563
140,3.38346,0.413534,1.5,-45.10812264810059,-50.821002714157835,-49.51578394916842,-110.0,-44.75696437530516,-47.445217147011675,-110,-34.67702549575636,-46.689025113636426
45,4.38346,-5.58647,1.5,-49.08213948899959,-45.76912660615834,-30.61255770336069,-93.94280231426588,-35.68978487010039,-41.358293728121765,-110,-42.5512339823688,-36.757502700608995
214,-2.61654,5.41353,1.5,-37.86261975549296,-48.712357490252344,-33.00968796500603,-110.0,-44.06209189175246,-58.94343046383344,-110,-28.69541505360642,-50.97669435703369
96,7.38346,-2.58647,1.5,-59.4003801715468,-40.9807559141373,-39.52593212747894,-110.0,-42.54374376082499,-39.55637138295768,-110,-46.15828039158495,-29.349829371111092
7,-1.61654,-7.58647,1.5,-40.940820260665824,-41.25901080456001,-36.62590919985671,-110.0,-27.18885539499881,-39.30630055872262,-110,-37.81290208735102,-56.95782700775011
38,-2.61654,-5.58647,1.5,-37.435899904094704,-32.346939803842844,-25.929047592790884,-110.0,-36.92585995607935,-46.09739942232883,-110,-46.51688008122144,-40.069605178666656
69,-3.61654,-3.58647,1.5,-39.08483867315983,-39.59568612677174,-36.00697909026736,-110.0,-33.781528418887575,-45.464138133097606,-110,-40.71269782447023,-46.38821055268548
202,1.38346,4.41353,1.5,-53.026956490154525,-39.79608953438465,-54.31157270829715,-110.0,-47.80006884829539,-38.9447140710644,-110,-37.30209042592143,-52.56150077197928
202,1.38346,4.41353,1.5,-52.39386341222775,-39.17916208489196,-54.70562167593825,-110.0,-45.15815666676163,-28.485419753510193,-110,-40.38861713277561,-53.237249255513326
5,-3.61654,-7.58647,1.5,-38.58255183821287,-41.0107241399186,-35.77070039713925,-110.0,-32.92501926653041,-56.42862963677262,-110,-57.25474650863389,-45.00754693223621
138,1.38346,0.413534,1.5,-55.992646113247865,-52.4190257292569,-39.55602606080974,-110.0,-37.85118152417495,-52.91638600594463,-110,-26.65370106646,-41.02650740912225
163,-5.61654,2.41353,1.5,-33.934415636459185,-40.28766015605964,-43.13179687460797,-110.0,-46.56829365098568,-50.65544617353289,-110,-31.200439555707796,-40.49010998259493
195,-5.61654,4.41353,1.5,-22.05023862738983,-52.4635361311268,-47.82304795703058,-110.0,-43.474661011914066,-46.81557206923484,-110,-30.3311579072763,-60.159229590342306
113,-7.61654,-0.586466,1.5,-40.000331929273614,-43.58866986759366,-34.56358607601285,-110.0,-37.399360322201005,-41.087286215582814,-110,-50.41506418420752,-48.37146028093069
160,7.38346,1.41353,1.5,-65.78517968106455,-42.31930313500579,-52.05278462808435,-110.0,-38.86939594700838,-26.843104992073172,-110,-50.544794968656305,-40.37289413369071
96,7.38346,-2.58647,1.5,-56.56988772068586,-39.093387542464576,-46.67600635228904,-110.0,-36.65320936674003,-35.89715357729036,-110,-49.31948545578273,-38.00175257918733
126,5.38346,-0.586466,1.5,-40.42604931954951,-47.64770577878239,-47.42536404238663,-110.0,-39.95588646106774,-35.82858987077192,-110,-36.53684111306655,-41.83441562351526
47,6.38346,-5.58647,1.5,-45.44129871265648,-58.54408565531395,-38.001172236715824,-96.1302883255801,-32.18022787337204,-38.58712971883493,-110,-37.85975853290859,-39.379018505945794
227,-5.61654,6.41353,1.5,-31.536971816343637,-45.90852405589242,-34.99449600714093,-110.0,-54.63885468565258,-68.40190337207692,-110,-53.99430888628498,-67.63057815146591
199,-1.61654,4.41353,1.5,-43.38792051489575,-43.76798784708792,-47.424142277611615,-110.0,-63.83778583331729,-46.266577500233645,-110,-28.803516500253178,-39.20552385501741
190,5.38346,3.41353,1.5,-48.06247552351922,-52.43303980533422,-45.26233478989141,-110.0,-37.44181768632247,-25.04948249311047,-110,-38.72132899049612,-37.063481644353985
121,0.383459,-0.586466,1.5,-48.048139291156744,-47.575914040704674,-47.55848045348226,-110.0,-31.99450702067945,-36.016191698433964,-110,-28.450349021650947,-37.680063510856336
216,-0.616541,5.41353,1.5,-51.141128698909256,-30.473354906234757,-32.28540155166502,-110.0,-54.37351822328984,-52.7750350272322,-110,-45.5106278758018,-62.67091758487503
160,7.38346,1.41353,1.5,-56.380107254440134,-46.27340510773675,-49.153699461570206,-110.0,-45.44742788550577,-27.499603333513793,-110,-49.35555666752004,-40.85502921831985
101,-3.61654,-1.58647,1.5,-29.76086441122323,-40.27159292848443,-37.62949443406407,-110.0,-45.12516008109478,-57.10349545715322,-110,-47.84794580183436,-46.504675053639616
99,-5.61654,-1.58647,1.5,-35.82549481232133,-49.68310946307447,-35.989225089296816,-110.0,-37.80018010191373,-44.31215390795168,-110,-43.748058273758474,-40.739628692665384
209,-7.61654,5.41353,1.5,-25.495437655529507,-56.984308728290536,-39.424423356873255,-110.0,-60.08856839221008,-56.33433523072089,-110,-37.94701351352825,-53.53029145627207
57,0.383459,-4.58647,1.5,-58.000084826574295,-43.60694192713925,-50.31568893992055,-110.0,-37.054779397307435,-46.27153215871677,-110,-32.075565869009566,-51.585040199778945
99,-5.61654,-1.58647,1.5,-35.291952442501426,-48.2707657048431,-41.22742508875037,-110.0,-41.75391369985339,-41.70775471292791,-110,-42.28234678271792,-46.19350758772199
16,7.38346,-7.58647,1.5,-45.42281107023022,-51.449736825004926,-46.20692657898961,-81.11830830739571,-47.273551664443815,-38.022649776689754,-110,-30.26564464714994,-38.59214857340823
21,-3.61654,-6.58647,1.5,-34.32276122416938,-44.79294643430632,-36.999951700294886,-78.9138904775692,-32.58824638664941,-49.60678906603902,-110,-42.38899580904949,-39.77581656872349
143,6.38346,0.413534,1.5,-49.440220089153534,-59.27538822010297,-48.438083798210286,-110.0,-30.51576150099429,-24.822742760870145,-110,-31.06324316221069,-32.20022642943667
161,-7.61654,2.41353,1.5,-32.15925512933761,-45.09839227935424,-44.841803065432046,-110.0,-42.39713089098948,-42.47325402075042,-110,-42.75327071194854,-51.274370920896
204,3.38346,4.41353,1.5,-50.00545490207377,-34.64242814032312,-56.655817970042925,-110.0,-47.45239144483249,-38.198487321142,-110,-39.25873390696238,-35.97730499143644
70,-2.61654,-3.58647,1.5,-32.46645613211006,-31.02375938719801,-32.98239398702294,-110.0,-49.294209803688545,-44.97682134376579,-110,-36.30797941079426,-34.42474113981964
136,-0.616541,0.413534,1.5,-41.20724903490463,-26.617393992717297,-32.83398778623184,-110.0,-58.27596938028579,-41.263270893201245,-110,-35.358595579121996,-49.66744751103395
196,-4.61654,4.41353,1.5,-39.38785124699978,-55.21437953939325,-37.38349449471037,-110.0,-45.01551651461447,-49.3611113451453,-110,-35.59810097060779,-43.55273412945233
55,-1.61654,-4.58647,1.5,-37.360415010550014,-50.37000202567435,-32.063012230323764,-110.0,-41.66993974489215,-45.84139877269224,-110,-39.83398855893672,-45.213025949775066
157,4.38346,1.41353,1.5,-56.96545101268903,-36.51722128000513,-50.30074102438014,-110.0,-45.054204010629846,-46.57142804120715,-110,-27.620905888493077,-39.812221378346386
184,-0.616541,3.41353,1.5,-50.903663195180044,-33.65031112304893,-30.13926957716951,-110.0,-46.58133979509123,-32.55168709157912,-110,-33.33745925697124,-47.30944374330037
211,-5.61654,5.41353,1.5,-41.514251637113254,-52.61814664649606,-39.23142641392037,-110.0,-59.88801098087854,-52.18034589245211,-110,-40.873348594748585,-38.498397054971555
2,-6.61654,-7.58647,1.5,-39.09726554287828,-49.78404463960812,-31.79801994774204,-110.0,-32.41362440980142,-47.324462384076675,-110,-41.40639431825471,-36.49185616570187
183,-1.61654,3.41353,1.5,-51.00134273668935,-31.55241976552883,-44.55756476646991,-110.0,-51.84848754792081,-37.72510122015566,-110,-26.98970891436523,-40.08084072385259
70,-2.61654,-3.58647,1.5,-31.345499208635804,-33.20222202055769,-27.73549744263015,-110.0,-48.3147353111895,-39.43947230974187,-110,-28.904438231209262,-39.05065444564549
131,-5.61654,0.413534,1.5,-33.62477406723082,-34.305351936937946,-48.830980312507144,-110.0,-38.88317488460598,-35.81222599073287,-110,-44.81844424847922,-41.64423327379801
73,0.383459,-3.58647,1.5,-37.40470639007496,-44.1434343540957,-55.49454467222713,-110.0,-32.92151995002544,-34.02964546756356,-110,-34.80166687025735,-34.286777348534386
3,-5.61654,-7.58647,1.5,-39.266201235505854,-55.77200161868001,-36.59068287206242,-110.0,-34.64266521426558,-35.985065647887,-110,-39.35686769940633,-42.23426231900179
193,-7.61654,4.41353,1.5,-35.06015515016761,-46.7692102346476,-36.389281854854474,-110.0,-39.4039409594164,-49.653762766014346,-110,-55.77042345354083,-60.7441120837108
237,4.38346,6.41353,1.5,-44.505477643239175,-43.117177834305515,-49.074259911363576,-110.0,-42.60264001088516,-28.635642301634608,-110,-34.69715512977126,-39.53325035465444
89,0.383459,-2.58647,1.5,-45.24361420639761,-59.0397236105736,-47.727350960895045,-110.0,-31.183739818243613,-40.07845564884214,-110,-37.37307603643891,-35.8401457342122
107,2.38346,-1.58647,1.5,-51.6130068974682,-52.25624975735533,-43.83347076450665,-110.0,-47.11826164978956,-46.459660936186246,-110,-39.81903830706336,-34.04001032189048
70,-2.61654,-3.58647,1.5,-35.63457126793206,-32.696807354365994,-27.761379360611084,-110.0,-47.55900445699223,-38.16971612883535,-110,-38.644779268434235,-33.03097124467833
15,6.38346,-7.58647,1.5,-59.442406538443365,-42.09835314068219,-39.5471665529169,-80.30832124425234,-38.33382978974392,-37.4655022654574,-110,-44.168646417616166,-33.449902188784705
69,-3.61654,-3.58647,1.5,-40.54088584036847,-38.30829936054965,-36.41339326934472,-110.0,-37.92425115056998,-42.50953332490014,-110,-40.429231337136315,-48.56617200175258
85,-3.61654,-2.58647,1.5,-42.03436117834307,-44.74806136009213,-38.4738954383737,-110.0,-43.309381503220784,-43.33272899347871,-110,-43.64724056924397,-49.75764860627988
44,3.38346,-5.58647,1.5,-43.652431255246384,-48.720757712939466,-32.70580766328736,-95.98923524783277,-37.52412280581786,-38.91747754684831,-110,-42.88947130569902,-29.3677896454232
115,-5.61654,-0.586466,1.5,-35.91527007442595,-41.37176446606661,-42.345133882062214,-110.0,-33.0114292674788,-33.881568615540395,-110,-39.847676846465625,-38.82864338587607
44,3.38346,-5.58647,1.5,-47.511677992993846,-43.87239966658124,-31.20387969872279,-97.60934450312445,-45.337574298798565,-35.73576599287158,-110,-41.12230398611334,-35.523056259935814
8,-0.616541,-7.58647,1.5,-30.257844391370085,-42.42591842872919,-49.991225735872064,-110.0,-48.8071825242838,-45.53447615981579,-110,-49.299163107743766,-45.72290656075471
218,1.38346,5.41353,1.5,-40.024348452911994,-35.715678283747216,-49.83306787620472,-110.0,-35.16022275014491,-49.96716090681907,-110,-32.49216595976818,-43.99640713115915
87,-1.61654,-2.58647,1.5,-39.62075920265385,-41.37609270889359,-40.060866331932736,-110.0,-53.31108703065052,-41.89948641296683,-110,-34.70090802406376,-34.35878188562712
154,1.38346,1.41353,1.5,-43.34567815553553,-48.309625245163275,-43.61337084649845,-110.0,-37.38075823610156,-41.47977303105805,-110,-38.07244144910861,-37.45597475842592
86,-2.61654,-2.58647,1.5,-43.458794640808385,-38.417200816873475,-31.07737300524608,-110.0,-49.15492118447701,-50.17355664408096,-110,-40.5054279291222,-46.413889490700754
110,5.38346,-1.58647,1.5,-43.56765434876288,-52.761934376793775,-36.87987910623723,-110.0,-34.6736646055621,-33.33925649538974,-110,-46.24451854605243,-29.337770886904735
107,2.38346,-1.58647,1.5,-50.33713753404989,-52.19207089197654,-50.43370075547807,-110.0,-39.298281502995856,-47.04962278388714,-110,-31.808172606570302,-38.22716595463099
132,-4.61654,0.413534,1.5,-32.252701899634474,-37.37122989411207,-34.56547931947957,-110.0,-42.66270993809957,-43.31160417343256,-110,-46.98224367648144,-44.41988877749518
93,4.38346,-2.58647,1.5,-49.33546304355527,-70.74921226316329,-39.47452098766048,-110.0,-32.0304955474732,-35.95849956556738,-110,-36.14479152816726,-42.8322050868088
162,-6.61654,2.41353,1.5,-36.99034042717939,-42.449292317718935,-35.76708489354569,-110.0,-50.647403475624536,-41.80829616254649,-110,-40.552836103731586,-42.98820214327713
141,4.38346,0.413534,1.5,-45.151384647496656,-51.52772969188588,-45.41139842394379,-110.0,-35.611135695280915,-35.23570101084069,-110,-36.50902220188876,-33.8420521598579
71,-1.61654,-3.58647,1.5,-36.36780344366813,-58.27521463527264,-30.093445085206504,-110.0,-48.1955039507416,-45.121179914292085,-110,-37.062088604568544,-56.79646679865916
90,1.38346,-2.58647,1.5,-45.53731605286771,-51.003626673234166,-39.65558900156527,-110.0,-32.683029804720974,-35.72535724175812,-110,-36.714228155500585,-36.10133318897136
93,4.38346,-2.58647,1.5,-50.60421852800736,-67.53589853265039,-41.128777120769136,-110.0,-29.104174670731304,-34.776886470146025,-110,-31.903459521303137,-39.317632455280055
157,4.38346,1.41353,1.5,-52.47517621455419,-29.80117954030508,-45.43368332510717,-110.0,-44.04115147708422,-47.34757034301246,-110,-32.62661789923507,-39.7635804465374
180,-4.61654,3.41353,1.5,-35.42823798500914,-41.33442013868142,-40.700610462635865,-110.0,-47.66747999101887,-44.88651756542343,-110,-37.16789374317667,-44.00550908955733
47,6.38346,-5.58647,1.5,-42.22712574189048,-52.39589516693479,-40.18621717334048,-97.8867897312369,-33.753748415071776,-36.67532254289872,-110,-33.14269133944519,-32.25130321888888
226,-6.61654,6.41353,1.5,-38.43584342986041,-50.13477714389876,-41.98483339684129,-110.0,-46.4102661174797,-55.49574476565367,-110,-45.68164726576272,-55.926580715640185
218,1.38346,5.41353,1.5,-46.874096866105845,-34.79762729277465,-46.6918356915474,-110.0,-35.1151312648033,-53.63528603981338,-110,-35.05612673766162,-45.10800228325753
193,-7.61654,4.41353,1.5,-31.117298514604897,-47.021493660104795,-32.648442474219685,-110.0,-37.09408118369538,-57.933882436718136,-110,-59.32013987303614,-63.48093895445274
232,-0.616541,6.41353,1.5,-37.88557371882032,-19.4959901752785,-35.06357054331561,-110.0,-59.22469100693453,-56.2038578105595,-110,-54.359543841262735,-49.03610877528323
167,-1.61654,2.41353,1.5,-45.9873777905281,-38.518446518723565,-38.40961473239731,-110.0,-39.74672450509971,-39.91913899024094,-110,-28.33672260295101,-42.457453050249185
43,2.38346,-5.58647,1.5,-50.91414325233382,-54.41772909165748,-39.18413527152274,-98.14018931545066,-31.22373861389196,-35.39335918383535,-110,-38.14681070583418,-34.863144839104294
215,-1.61654,5.41353,1.5,-47.34877434342668,-42.624449061575255,-40.27097156898458,-110.0,-47.269381415494955,-45.99415670242745,-110,-32.9458501693843,-44.3374235631409
236,3.38346,6.41353,1.5,-58.228374598427905,-37.64296207553379,-53.445141306857685,-110.0,-46.95398411014922,-40.31448137615397,-110,-50.42271783241546,-48.50878515118739
52,-4.61654,-4.58647,1.5,-41.53732879829606,-45.831511813259866,-32.61789458285662,-110.0,-41.267272187587054,-46.40002981836365,-110,-43.07851863794859,-64.71245611168591
217,0.383459,5.41353,1.5,-44.09120988108795,-22.19631283320325,-41.51102210359147,-110.0,-50.359383047131594,-38.21376068893304,-110,-25.05635721866084,-39.07091379853619
107,2.38346,-1.58647,1.5,-50.984408130637526,-46.83182133259942,-49.08863270337536,-110.0,-39.775054617418554,-45.78334011963512,-110,-32.86395488283986,-36.11439543524458
153,0.383459,1.41353,1.5,-48.462397031200325,-51.99787962461912,-40.40885904800862,-110.0,-35.947594287345176,-30.218224661792824,-110,-24.859903515336708,-32.356880256294744
161,-7.61654,2.41353,1.5,-30.93199567681044,-47.95016333494165,-43.99153064916171,-110.0,-40.93885624102296,-41.92244451020024,-110,-38.7876482888553,-41.84207261906975
225,-7.61654,6.41353,1.5,-25.608059352612113,-43.10397589036952,-45.05595549971191,-110.0,-67.75174673764067,-52.39292724055048,-110,-53.44633929524775,-43.36708053903362
162,-6.61654,2.41353,1.5,-35.5008457195602,-46.0708280550722,-37.489362206294714,-110.0,-47.95069377109888,-46.88807734708464,-110,-39.60485449274108,-35.83352548869533
120,-0.616541,-0.586466,1.5,-43.22876545423866,-31.258094486922325,-33.241701036455,-110.0,-47.80027464330003,-39.77601545023648,-110,-34.58310112628673,-42.27664773630307
65,-7.61654,-3.58647,1.5,-40.26709219738826,-47.51268620234822,-35.27537447118567,-110.0,-31.811450546985174,-44.51970307807514,-110,-36.95138882307163,-52.50337498285395
18,-6.61654,-6.58647,1.5,-32.34500948439727,-35.514081318578846,-33.783798236061955,-84.68556972438668,-41.21675995210077,-43.04593200695708,-110,-33.9439107648575,-41.93012442579098
140,3.38346,0.413534,1.5,-47.949339890172745,-51.75470757598723,-49.15076949998205,-110.0,-44.3174786334926,-49.279047131317824,-110,-32.71262776410454,-49.83386992960105
44,3.38346,-5.58647,1.5,-44.62666463831943,-53.907225609471766,-37.152945058753765,-92.02770193175776,-50.09940530576728,-35.67643950930979,-110,-40.00251621623796,-35.39230863747379
189,4.38346,3.41353,1.5,-43.70353957500115,-57.18623878136003,-46.74650324677072,-110.0,-48.50723719039342,-28.151866495406257,-110,-37.71479940641875,-82.49750270523919
31,6.38346,-6.58647,1.5,-46.19241951492179,-50.10610130271523,-35.263439006812206,-79.11852082869181,-32.379354631979005,-34.21757451660401,-110,-43.27450347724701,-33.14163538256315
116,-4.61654,-0.586466,1.5,-45.991542839973405,-38.74111601956015,-35.49866983629084,-110.0,-44.66062722848611,-34.06491993335461,-110,-37.74158542189127,-37.68204665871273
124,3.38346,-0.586466,1.5,-54.488648955553,-52.545362480486,-51.08018367528607,-110.0,-31.895117992202707,-38.69721375567556,-110,-28.759775072049123,-36.854980469926886
142,5.38346,0.413534,1.5,-50.71013346659585,-41.205347017897886,-49.640894504991806,-110.0,-45.523531935998456,-28.825101777623864,-110,-34.125841886552855,-34.588817249708164
106,1.38346,-1.58647,1.5,-45.923638473964814,-48.96119564728702,-48.744108400217705,-110.0,-44.594070183045595,-36.212814665697174,-110,-34.14142666077796,-41.71595542447815
74,1.38346,-3.58647,1.5,-43.869690073557514,-46.94461095696094,-41.73516108316742,-110.0,-28.947723458680713,-46.585126416009984,-110,-36.33457032816994,-47.542210599720406
26,1.38346,-6.58647,1.5,-46.7799471731977,-54.18959582772,-36.11067667902211,-96.73386087061368,-22.7948689379881,-32.62874882615943,-110,-54.09708380013648,-35.54774626506863
148,-4.61654,1.41353,1.5,-30.024138112367837,-36.749992758350885,-44.0871978639688,-110.0,-60.037645550733544,-36.71111789040937,-110,-35.132008391972924,-48.088896291166094
32,7.38346,-6.58647,1.5,-49.735168055461806,-61.31039209663141,-44.46982612392177,-82.46261754633235,-28.99379555450086,-35.116728648358524,-110,-45.426449494043936,-26.930801191186013
28,3.38346,-6.58647,1.5,-42.78218761781891,-43.887796417075414,-38.17352424262044,-74.83288474040486,-34.39515917083006,-35.961139274617054,-110,-34.14537046198817,-44.208596007522274
167,-1.61654,2.41353,1.5,-47.2109987868315,-36.73688808091467,-39.49395927129295,-110.0,-47.53385694250056,-40.35991020758488,-110,-34.66996544108312,-44.665628767672565
143,6.38346,0.413534,1.5,-49.699823124457154,-48.89314633383939,-46.59522521386011,-110.0,-32.91165042019544,-27.14592020194489,-110,-36.41321668414386,-35.59237957202594
6,-2.61654,-7.58647,1.5,-37.06577625230144,-40.788236715367454,-28.29311801742778,-110.0,-45.83904200624026,-47.600458855936296,-110,-41.15995977981637,-46.446220117264765
188,3.38346,3.41353,1.5,-64.10823540050211,-41.20168512679604,-53.022846127354995,-110.0,-51.513646288322,-44.54838873117751,-110,-27.085087099519836,-45.28824991961543
152,-0.616541,1.41353,1.5,-36.02573935597909,-34.14696484474406,-29.864334534779683,-110.0,-42.69718676551771,-44.401942468455275,-110,-30.860544982228305,-44.140302548743
133,-3.61654,0.413534,1.5,-37.74753553691328,-35.430529610840374,-40.117711945972864,-110.0,-45.153989726241534,-46.10969016011191,-110,-38.85599897090397,-35.913845395118834
85,-3.61654,-2.58647,1.5,-43.421875128221984,-52.82500671941372,-43.10376627034585,-110.0,-43.75710581787173,-42.16555075456096,-110,-39.69349454602827,-52.78154730675043
229,-3.61654,6.41353,1.5,-36.28827868360524,-30.246076247296504,-47.59114255260728,-110.0,-72.09227364212329,-64.96518582712937,-110,-46.158167615431886,-45.223644712122095
44,3.38346,-5.58647,1.5,-43.40632997118104,-48.61797032818079,-34.464044570359675,-98.25815758370206,-47.17853724387666,-34.83944890449684,-110,-45.96658855474151,-30.589389953189656
174,5.38346,2.41353,1.5,-53.070529246428386,-54.53343269749146,-48.02914622774878,-110.0,-31.93354177516258,-23.55077077003032,-110,-36.059348176121595,-47.11563497030145
219,2.38346,5.41353,1.5,-50.6920170184632,-32.923563186047545,-50.48894053893799,-110.0,-46.40381323666013,-28.34399716692352,-110,-38.943624586084304,-35.05212941171631
180,-4.61654,3.41353,1.5,-30.827592889366027,-38.63870588455764,-39.12244441642219,-110.0,-43.38887581817537,-49.8840623422571,-110,-38.16208992043928,-48.15756775433142
201,0.383459,4.41353,1.5,-49.422160186957754,-29.953810838231043,-51.39271771181016,-110.0,-38.502642309878425,-38.05246968656232,-110,-23.42742262055044,-38.762821970661825
223,6.38346,5.41353,1.5,-50.62956827947402,-35.20918482701038,-56.54906094456079,-110.0,-47.179814543926454,-43.66056222345907,-110,-39.28070389857744,-46.46144845133393
111,6.38346,-1.58647,1.5,-36.76368063048381,-49.57040223061552,-44.72060457759002,-110.0,-34.30408960064627,-36.345283678995806,-110,-35.65566865939269,-38.15419306093269
111,6.38346,-1.58647,1.5,-35.11178012817492,-51.88732709412962,-50.80809150157831,-110.0,-39.115884969874216,-36.036703161267894,-110,-31.420711140918183,-37.64315438159614
11,2.38346,-7.58647,1.5,-43.247048212049265,-54.8972763526177,-29.36824278923705,-79.54133049549364,-21.990917454946626,-38.91915388043752,-110,-44.34093716253632,-46.05728983893536
84,-4.61654,-2.58647,1.5,-43.47791641480623,-37.831745943937904,-38.31056901453187,-110.0,-39.682053934009545,-46.97326251868311,-110,-47.19435262363438,-53.70672270120545
225,-7.61654,6.41353,1.5,-20.21953925662115,-35.696124224419414,-43.19890752826394,-110.0,-64.67428301876551,-53.23982148435217,-110,-57.87161700775317,-44.90824800558147
147,-5.61654,1.41353,1.5,-47.96618687584446,-35.63258421304195,-33.176866848428084,-110.0,-45.849815197117586,-33.48985498140455,-110,-36.94832457760583,-63.71250907308492
28,3.38346,-6.58647,1.5,-39.95759010484291,-48.70722567112383,-37.69739648783447,-76.94706782207989,-37.30051663759737,-34.5257420656535,-110,-37.58476025760508,-39.295220537805235
103,-1.61654,-1.58647,1.5,-34.24670447628059,-35.46081980842036,-44.10149992614873,-110.0,-44.50477134335256,-42.267910905608105,-110,-40.092930084379915,-53.94562586945361
116,-4.61654,-0.586466,1.5,-39.96899136668058,-38.91196353490046,-32.33915872775794,-110.0,-45.974281341027265,-32.519395757968304,-110,-42.091415223055925,-33.96804246297636
177,-7.61654,3.41353,1.5,-31.24619205991255,-54.5829520960355,-49.864927624174506,-110.0,-41.846106641671746,-38.699023376476696,-110,-39.918107598054895,-44.99471613211449
211,-5.61654,5.41353,1.5,-45.2543984945836,-47.13106806672536,-43.32586955890481,-110.0,-53.405374034788096,-54.45724543747473,-110,-41.90721555491403,-43.03843943425832
2,-6.61654,-7.58647,1.5,-39.06367997634205,-47.39517181298857,-34.04532946316824,-110.0,-33.131486760838655,-46.00679182637607,-110,-42.998297385772496,-40.93593940953593
136,-0.616541,0.413534,1.5,-42.311950915308415,-30.73534761722322,-41.55830933289582,-110.0,-55.58058164299613,-48.10218513417785,-110,-28.56306663649008,-44.42754085867142
116,-4.61654,-0.586466,1.5,-46.785091319938104,-38.47615736096207,-31.06766155624226,-110.0,-49.83287209171497,-29.723135796371963,-110,-36.83969751027167,-34.94182689913091
64,7.38346,-4.58647,1.5,-54.08625510297866,-47.28252786213349,-37.81865759736311,-91.31347843078146,-46.18989625610786,-31.71602795729854,-110,-46.73255473206189,-27.725504463176048
50,-6.61654,-4.58647,1.5,-38.50805931632949,-34.428817418695004,-29.586625660337308,-110.0,-47.15269528484486,-38.74096121603043,-110,-36.60908999483917,-42.033996375660145
163,-5.61654,2.41353,1.5,-32.793887253455196,-46.31649354012681,-47.40845834293856,-110.0,-49.44598359902204,-53.27135147463689,-110,-44.23160307233622,-40.8913682667293
164,-4.61654,2.41353,1.5,-28.431265220437968,-41.67116839693417,-39.34332039210479,-110.0,-46.46873818602054,-37.99674523029559,-110,-30.587366548972895,-51.68114185988674
139,2.38346,0.413534,1.5,-45.248430094615856,-49.86128998009473,-49.359190685640755,-110.0,-35.57516012925339,-31.603160887414,-110,-39.76283413887972,-40.16383951142975
112,7.38346,-1.58647,1.5,-45.03411370860219,-39.30682740539849,-44.23118231385567,-110.0,-36.34143514932887,-36.785157450709086,-110,-38.32807746580715,-32.61394995239138
165,-3.61654,2.41353,1.5,-29.279331143588987,-36.97380289931392,-29.391803295160877,-110.0,-45.2276817810946,-59.95443424718417,-110,-34.024538878143446,-51.649710435409375
32,7.38346,-6.58647,1.5,-56.38983633253974,-60.49521798874474,-44.03587931542504,-78.94509842242057,-36.37244133113538,-34.17788835315789,-110,-34.32416552078716,-32.87089397428755
194,-6.61654,4.41353,1.5,-21.75791641025947,-50.21796912676741,-31.3058731202973,-110.0,-49.28756391344013,-53.8630936592977,-110,-35.456233763894325,-41.53699977559719
110,5.38346,-1.58647,1.5,-53.57339015230103,-52.72453110576238,-33.56570700695008,-110.0,-31.167903923766534,-33.56930271150013,-110,-41.8401802119977,-27.78325522408818
73,0.383459,-3.58647,1.5,-39.73091900312829,-45.646137605179376,-56.39388742507237,-110.0,-29.335394189524894,-39.50342547014488,-110,-35.168660657548216,-29.99324701639573
233,0.383459,6.41353,1.5,-38.64797734085227,-27.58265474930753,-38.417541964637536,-110.0,-46.84364958645564,-44.42469629407261,-110,-49.71554415770104,-41.10970928981983
170,1.38346,2.41353,1.5,-49.73507856342025,-54.12474826922306,-43.76017444814719,-110.0,-37.61222065187057,-39.666542060513734,-110,-26.30810581526933,-52.555766355171635
204,3.38346,4.41353,1.5,-42.606695302365736,-31.47970344460833,-49.433659297532955,-110.0,-46.221596117812034,-38.93873302597384,-110,-48.30686651594972,-33.13326360072298
102,-2.61654,-1.58647,1.5,-46.752411447522235,-38.99850476955251,-39.048035917242366,-110.0,-46.40367752479907,-35.852504032924685,-110,-40.60187961766173,-42.135765381296544
184,-0.616541,3.41353,1.5,-55.454232001028736,-31.72045632828884,-31.58762739442769,-110.0,-46.69067227513935,-34.193103747210955,-110,-32.73506569409963,-42.376217081500776
26,1.38346,-6.58647,1.5,-46.09896374245578,-56.06126146376759,-33.600695627540944,-98.6478488758688,-22.665797091036627,-31.211741272750732,-110,-47.89922512532152,-37.618186218091424
226,-6.61654,6.41353,1.5,-37.543819493769675,-48.525914479898134,-42.63761427351771,-110.0,-48.78147198586168,-59.048562261025396,-110,-50.4058945618782,-57.075635914734086
117,-3.61654,-0.586466,1.5,-41.18013027564435,-47.490590541117456,-34.02322617957874,-110.0,-37.466241713743614,-41.83751239167346,-110,-29.78362016657636,-39.1818568961856
10,1.38346,-7.58647,1.5,-45.53083677669468,-48.29722416534813,-28.684092596482696,-110.0,-18.29615725651919,-42.09574352637194,-110,-41.598629717079845,-38.51476422761641
238,5.38346,6.41353,1.5,-62.1964001758796,-38.88209844380518,-43.13375677638445,-110.0,-45.23581958383197,-39.68389453161261,-110,-34.05431253891007,-39.03482329574422
151,-1.61654,1.41353,1.5,-33.37532971992883,-38.05777340755241,-37.60440550737735,-110.0,-55.870807516878955,-40.740705713053586,-110,-30.04311840681842,-51.48182548421453
214,-2.61654,5.41353,1.5,-43.510121144923176,-55.437189271735626,-37.3407935290577,-110.0,-44.803111185951025,-58.49563463900305,-110,-33.80654988182986,-44.13241338496433
78,5.38346,-3.58647,1.5,-53.80176861112066,-58.0984663173514,-61.281086317232706,-110.0,-28.9699268216814,-33.29161569371521,-110,-35.42203864512458,-31.657105468120527
91,2.38346,-2.58647,1.5,-40.80841533146363,-65.04789439097712,-44.00806699060807,-110.0,-30.642938858939203,-34.98644966762159,-110,-36.28920314659126,-39.68385181221605
70,-2.61654,-3.58647,1.5,-32.70198441349245,-32.23197763538541,-27.45804915355079,-110.0,-45.581480875642015,-40.111093817190735,-110,-37.20572471070919,-36.59340627811757
113,-7.61654,-0.586466,1.5,-39.11342499568891,-39.442243990697456,-42.14798264663273,-110.0,-36.187942744078086,-32.676977992256525,-110,-48.376759832949645,-41.56060070287682
25,0.383459,-6.58647,1.5,-47.15631488160688,-42.08381285475986,-43.67286711139992,-97.45187547322776,-34.66150599374391,-29.355685318586698,-110,-37.7768842466403,-34.867567478725455
32,7.38346,-6.58647,1.5,-55.733117021214056,-66.11935738158735,-42.54103842998585,-80.6889911654325,-38.359349051652,-30.778944524820155,-110,-40.98497329512812,-27.47527274105189
210,-6.61654,5.41353,1.5,-28.90541514101703,-44.47870845247205,-36.29121894904439,-110.0,-45.53161147449397,-56.39589447920902,-110,-43.20061254958176,-47.32045482705193
76,3.38346,-3.58647,1.5,-48.15939195211581,-46.831988812201246,-39.87280654316397,-110.0,-31.706586424327657,-37.42313990029755,-110,-34.36936110409144,-38.372116439817304
33,-7.61654,-5.58647,1.5,-45.77895324860142,-39.218675219019616,-40.12376538230387,-110.0,-43.005642128964666,-45.903051491661714,-110,-41.934927226178104,-44.270422119081054
108,3.38346,-1.58647,1.5,-49.87687240164121,-55.808808462789784,-38.147223674635555,-110.0,-40.154901098593214,-41.293686722393886,-110,-49.50595697173898,-41.65815994489204
59,2.38346,-4.58647,1.5,-41.92594236722752,-63.0074775630864,-33.1051806766571,-110.0,-33.00975598643675,-37.43811234154983,-110,-36.528538979313495,-33.798977813675286
198,-2.61654,4.41353,1.5,-48.065299693322835,-37.11268386633885,-49.02474419604494,-110.0,-56.042180096572224,-41.777159128109616,-110,-30.92211402803657,-45.99533510409971
148,-4.61654,1.41353,1.5,-35.61061456201518,-34.9154901690773,-46.4174685556716,-110.0,-60.033418297938326,-38.65649872973324,-110,-38.746381461285715,-46.66463623691618
183,-1.61654,3.41353,1.5,-48.97493553630864,-30.99039559708404,-42.7934591256568,-110.0,-48.47637844190759,-30.20164250628296,-110,-30.56413828805605,-42.382164535430576
58,1.38346,-4.58647,1.5,-46.6294273589614,-60.304464706073155,-41.539943644454176,-110.0,-29.74221781425638,-29.48662591253527,-110,-45.00810555807583,-33.722524078290476
173,4.38346,2.41353,1.5,-50.81382004584039,-39.125594213284685,-43.34258116007096,-110.0,-37.06931097924257,-36.33309582587397,-110,-27.879421325768824,-42.76322625511866
12,3.38346,-7.58647,1.5,-40.202533092790866,-49.41524874634201,-42.83078447029981,-83.07426292934609,-45.439304718472414,-46.63576962844457,-110,-45.011352487905945,-40.518664237340566
124,3.38346,-0.586466,1.5,-53.98661531945066,-55.743346654583526,-51.217669609319096,-110.0,-36.72842442063984,-39.17628101968112,-110,-28.89112498224228,-37.95190588725668
142,5.38346,0.413534,1.5,-47.80246660283259,-39.527790105941556,-51.25142568721012,-110.0,-51.42296220606458,-29.56076841521576,-110,-35.69525988630754,-38.53112981245134
23,-1.61654,-6.58647,1.5,-30.595708019551783,-33.08974055841592,-29.46472021931712,-101.29785625434128,-32.26805821898335,-41.156339839685785,-110,-38.05165355413881,-39.86529015635929
115,-5.61654,-0.586466,1.5,-39.847561422679945,-31.23999621933042,-44.66734750206961,-110.0,-39.811221245641086,-32.75162492330983,-110,-39.49723438615821,-38.82753259346952
174,5.38346,2.41353,1.5,-52.97040679898902,-50.59601696028368,-43.566255132122,-110.0,-34.68179435898057,-29.416261993293677,-110,-37.63982097854949,-43.55067471069762
165,-3.61654,2.41353,1.5,-35.642506451474965,-36.78551641894713,-32.07254572927552,-110.0,-40.078019352527896,-58.89774348732097,-110,-31.231604917942057,-47.57436703365124
33,-7.61654,-5.58647,1.5,-46.85538161332953,-45.08490210727591,-38.007313181407866,-110.0,-38.33260131170641,-50.68674527774211,-110,-39.008770878544674,-38.551101400651056
227,-5.61654,6.41353,1.5,-35.18493462915392,-41.44752582802763,-31.12493096732144,-110.0,-57.4572030865816,-64.18032798511322,-110,-54.301647277526286,-66.05847355078487
217,0.383459,5.41353,1.5,-45.93865980504285,-28.642409684925585,-49.21058413585581,-110.0,-53.12853444488762,-35.282755246153584,-110,-26.176261448319167,-36.75986901179743
74,1.38346,-3.58647,1.5,-53.151553494248816,-48.58865747742598,-36.405203156784545,-110.0,-29.53362212882731,-44.34841336276141,-110,-30.74305581594243,-48.3214941734126
91,2.38346,-2.58647,1.5,-42.05028286068757,-68.45052183764373,-45.49142806448478,-110.0,-30.059667503755193,-33.69916247673592,-110,-33.5276497449112,-31.096762510543687
159,6.38346,1.41353,1.5,-50.07594762611256,-54.52983823232977,-38.85919746935003,-110.0,-40.07683042595452,-28.193774137853353,-110,-57.096405630943174,-46.93188678612104
170,1.38346,2.41353,1.5,-46.45798391732483,-51.09624262482947,-47.701233392364536,-110.0,-38.404982910040424,-41.53558537010112,-110,-31.136129941935465,-49.735895277531775
212,-4.61654,5.41353,1.5,-40.203140244118906,-44.85197338658048,-40.32811069015301,-110.0,-40.52829330086482,-45.6122159126961,-110,-37.305287713974,-53.08480562663784
220,3.38346,5.41353,1.5,-42.36005819925205,-37.48174832094472,-51.164001575063615,-110.0,-42.151350615460515,-38.77948433851939,-110,-40.26039878142214,-48.61453798628244
177,-7.61654,3.41353,1.5,-35.632307810827996,-57.195750384063416,-47.906586081898766,-110.0,-39.95875380378543,-33.10497006903813,-110,-38.63833216248014,-43.75413470753124
120,-0.616541,-0.586466,1.5,-43.95745351534359,-28.79107996189508,-34.273393496401226,-110.0,-47.289162240096246,-49.61652064207337,-110,-29.988092985189915,-44.562266562480005
161,-7.61654,2.41353,1.5,-36.466219833481865,-51.60736443692519,-43.404643589214,-110.0,-47.698044024715486,-38.87262720283891,-110,-40.61612172045941,-49.00695640175456
177,-7.61654,3.41353,1.5,-31.48020177917237,-53.9223591358871,-51.30485590264557,-110.0,-45.40191283453554,-34.339130948177605,-110,-43.384983465281614,-48.14828761004764
67,-5.61654,-3.58647,1.5,-34.09332117926307,-33.599428339223486,-35.38915621543126,-110.0,-40.71464664235375,-42.341508475652326,-110,-46.87187577086536,-54.46961778321477
138,1.38346,0.413534,1.5,-55.65359088235576,-58.34179336920085,-34.772910453256934,-110.0,-38.79591917759924,-57.39822909006248,-110,-30.70161570940291,-36.04739919797366
159,6.38346,1.41353,1.5,-54.02476027438542,-51.8735510855915,-41.84679053976614,-110.0,-40.97765094440782,-34.36250721996047,-110,-58.69501271551962,-53.551042398233236
197,-3.61654,4.41353,1.5,-44.58913005319466,-51.89778530998214,-47.847527389718486,-110.0,-42.890116787544414,-52.54177924615414,-110,-36.36370558606383,-47.09251478029229
177,-7.61654,3.41353,1.5,-36.02199110168974,-56.7816897529049,-46.90506350551903,-110.0,-51.24499113074551,-38.7937130893276,-110,-35.258462245577284,-46.347885270469106
210,-6.61654,5.41353,1.5,-31.16157283556612,-51.37321379562992,-39.15267225679814,-110.0,-51.68874653780256,-53.66633140956951,-110,-44.41661729330051,-45.37524375087028
166,-2.61654,2.41353,1.5,-43.67986206266355,-34.28597592279451,-46.06800929489836,-110.0,-40.7351374982566,-43.41737024689431,-110,-37.090838213447014,-49.78778352970107
228,-4.61654,6.41353,1.5,-27.31384639656126,-36.27277248992581,-49.980396521468045,-110.0,-57.74716147620557,-65.35278629745453,-110,-44.39489368337183,-55.3881723511988
168,-0.616541,2.41353,1.5,-47.117935255488895,-45.32068458987936,-32.16137984713731,-110.0,-43.717567201177694,-33.386952789593096,-110,-33.87393411721847,-34.98698117307579
121,0.383459,-0.586466,1.5,-43.23478355937953,-47.896260403027426,-46.24062056621996,-110.0,-32.61306843577823,-32.6522674712206,-110,-32.39692658819009,-34.93952331335515
219,2.38346,5.41353,1.5,-55.921842288095995,-31.034575974535137,-55.673691325552475,-110.0,-46.69293433981163,-33.1466341758902,-110,-38.5757152831354,-39.61122957592767
239,6.38346,6.41353,1.5,-54.9710641540267,-33.15243913528998,-64.13095874449982,-110.0,-37.43455761809843,-37.75056015817289,-110,-51.63609893588635,-38.101660677818856
198,-2.61654,4.41353,1.5,-46.02920814165296,-35.76564954576915,-43.72782731184618,-110.0,-46.89785417641432,-42.760612199804726,-110,-30.438575403787507,-44.73828729639896
13,4.38346,-7.58647,1.5,-41.29910399671748,-44.5562738773826,-41.16669061232715,-110.0,-44.67213798909656,-42.702379927091144,-110,-34.41996773041064,-38.15930375009957
210,-6.61654,5.41353,1.5,-25.554134490435867,-48.64394371644043,-41.24056951698499,-110.0,-44.238755488022115,-52.49090379423016,-110,-42.28526474849566,-46.25535564209368
220,3.38346,5.41353,1.5,-44.742981704602826,-36.84285253115578,-49.29434708692394,-110.0,-40.29364806774612,-35.966739735691405,-110,-41.31796148156527,-42.43270646358432
18,-6.61654,-6.58647,1.5,-35.84833382828619,-37.61521756865698,-32.00741854189325,-86.39134383718624,-35.133894317560625,-40.3416312705766,-110,-38.72765634052153,-42.019017468495626
224,7.38346,5.41353,1.5,-53.25466775127899,-34.548099094945314,-46.40505347249744,-110.0,-38.79734292126804,-37.048758541511525,-110,-41.9551306201686,-49.36359841489643
168,-0.616541,2.41353,1.5,-42.301492603747235,-41.17738291014194,-35.957566531124854,-110.0,-41.05552977054275,-36.35354629000751,-110,-27.92521022384676,-36.416029416907435
141,4.38346,0.413534,1.5,-45.21590924201523,-45.14597417101627,-42.81624563034088,-110.0,-39.13483099011759,-31.719623582715,-110,-30.356147967905812,-34.50875577440561
117,-3.61654,-0.586466,1.5,-42.35576700123104,-41.993538604184415,-37.2829516694183,-110.0,-43.92822214188248,-40.770339402048485,-110,-33.25771927103699,-35.050013919543005
7,-1.61654,-7.58647,1.5,-42.95287884191839,-39.029767394727685,-30.0198562271646,-110.0,-29.654981607278252,-40.076278553709315,-110,-46.731508726301925,-57.13449853373691
45,4.38346,-5.58647,1.5,-46.89347890465927,-49.2752618334399,-27.48604270804901,-91.57286271673748,-23.968204822493256,-36.55945185226493,-110,-43.407870574928594,-34.33022764112006
117,-3.61654,-0.586466,1.5,-37.38828867280975,-43.668901480214416,-41.17804505152501,-110.0,-36.49360642130933,-41.61917335508804,-110,-28.896681860503293,-33.0055414304872
91,2.38346,-2.58647,1.5,-36.930042510512905,-66.42105496152158,-43.33787543991405,-110.0,-32.55971966109784,-37.525330606530616,-110,-39.65699427661129,-39.40307029794662
168,-0.616541,2.41353,1.5,-46.63108713881481,-36.78726108354129,-32.10916371091451,-110.0,-41.21005188021952,-32.28222881904458,-110,-29.275232767054725,-40.17752518224355
156,3.38346,1.41353,1.5,-49.23279810912739,-50.83137496751492,-54.96982478654704,-110.0,-39.31694773547039,-34.84261536544338,-110,-35.10615201934312,-52.58503140530575
135,-1.61654,0.413534,1.5,-38.83748047161685,-30.2679368888629,-34.97350998613734,-110.0,-51.02532375151531,-43.72281609652489,-110,-35.934587335020794,-46.94900632642915
62,5.38346,-4.58647,1.5,-49.24788737947893,-51.452286406048145,-44.57713449133867,-110.0,-41.63650977538442,-41.937984636682195,-110,-38.28351817054483,-34.525927739767205
215,-1.61654,5.41353,1.5,-41.525064565444275,-39.23911361597996,-46.819342991083424,-110.0,-46.2877884074071,-45.98864590877085,-110,-28.6359541619752,-48.710936770613785
96,7.38346,-2.58647,1.5,-57.376909672833,-36.92454873568669,-38.32958049194502,-110.0,-42.14665210401303,-33.867117576335716,-110,-49.24501227248993,-38.60884936042381
102,-2.61654,-1.58647,1.5,-44.83191150019193,-34.23940309306324,-41.2325186742102,-110.0,-41.326648553621645,-42.07370928101138,-110,-39.23600183247474,-42.94980442271101
41,0.383459,-5.58647,1.5,-56.76860712257366,-52.56015566521163,-56.644955275709705,-110.0,-33.804529788401005,-42.18546361148322,-110,-38.66550823102065,-43.68343781351567
55,-1.61654,-4.58647,1.5,-34.08098107312141,-49.46044759159131,-31.069105475420567,-110.0,-40.37523599088136,-45.63189468536016,-110,-35.95933914955232,-44.52833427518185
114,-6.61654,-0.586466,1.5,-32.75419650985398,-45.33387516457486,-36.09630552051925,-110.0,-54.17532466390585,-34.871834334115675,-110,-52.3376411407801,-54.98252243460587
116,-4.61654,-0.586466,1.5,-45.019065621164,-41.34848063637007,-34.512373704431674,-110.0,-44.00317756085194,-32.7087077018102,-110,-39.50989813363304,-41.11385586258086
202,1.38346,4.41353,1.5,-48.700034006230226,-33.38019478290663,-56.14587311541021,-110.0,-42.962340169038015,-29.559167236238327,-110,-39.649302224491464,-49.10279167117815
96,7.38346,-2.58647,1.5,-54.25760787932395,-38.37697956540735,-39.7421778615445,-110.0,-36.78173258220519,-31.175712257202516,-110,-50.50321312940668,-30.789645744821925
60,3.38346,-4.58647,1.5,-42.28323115046227,-55.00569730798708,-46.68605383852947,-110.0,-42.26137535388206,-46.4003668777983,-110,-41.87078289771139,-33.76679555410983
185,0.383459,3.41353,1.5,-46.73445229456374,-42.89844174132246,-48.28776386371067,-110.0,-31.871511640658127,-32.90623600278371,-110,-27.81176889863329,-39.926925138967704
127,6.38346,-0.586466,1.5,-42.77947028188441,-36.46305698209699,-48.390411217225186,-110.0,-42.33199162460799,-33.537351201630734,-110,-37.65496573012481,-28.710863845413098
113,-7.61654,-0.586466,1.5,-34.172902990261754,-42.20627955946543,-40.61283410039197,-110.0,-44.954192220322085,-35.31599120486741,-110,-43.28436357393562,-43.62838105169459
113,-7.61654,-0.586466,1.5,-39.84643121738512,-45.46991053575709,-35.92998561319504,-110.0,-40.02619658506498,-36.248887105964315,-110,-47.56055767936343,-45.09678074732871
118,-2.61654,-0.586466,1.5,-31.25795115416446,-36.6831730601758,-33.43768188852852,-110.0,-46.674463432168835,-44.75970943499951,-110,-40.77098210353736,-36.20219082828544
211,-5.61654,5.41353,1.5,-42.10230678883891,-51.23046460274879,-32.77767346519813,-110.0,-52.25871794817563,-45.21769778516201,-110,-42.753435866826635,-40.55424453622218
171,2.38346,2.41353,1.5,-56.33276250058472,-51.661329319675986,-46.45395423412755,-110.0,-49.068433526348954,-39.45452537955049,-110,-24.885910777197605,-45.83212230164557
115,-5.61654,-0.586466,1.5,-42.558307231525255,-29.099518882913955,-43.33235692475028,-110.0,-37.65577230330807,-31.718084698130795,-110,-37.718238951235975,-36.404067403035334
21,-3.61654,-6.58647,1.5,-32.632141516575025,-41.4722886707039,-33.77208483880713,-82.70120545180687,-30.174178997608163,-55.43081211596555,-110,-43.5270350791874,-37.93231365707349
102,-2.61654,-1.58647,1.5,-41.50749300106992,-40.15881255812684,-36.91721499629892,-110.0,-45.23947006933889,-40.89690731741381,-110,-36.96276080775143,-45.498074053090974
209,-7.61654,5.41353,1.5,-26.939065090832703,-65.52053645251628,-33.01410203972728,-110.0,-56.88053950840223,-55.73471803422244,-110,-37.26621093006987,-49.183305399073205
5,-3.61654,-7.58647,1.5,-38.24937224712279,-38.292419200848755,-37.874225615103825,-110.0,-40.91659622232107,-56.05440719942688,-110,-61.248535694235045,-42.38447108430463
130,-6.61654,0.413534,1.5,-33.00574492480738,-40.346006281491434,-45.14899881279173,-110.0,-39.18960742316468,-40.26997644851602,-110,-43.34454489433221,-59.05285383646076
98,-6.61654,-1.58647,1.5,-39.1868715306025,-28.347532230531556,-34.908658069363526,-110.0,-51.02815462739689,-42.422222520747106,-110,-47.74539051639097,-56.3139569926628
182,-2.61654,3.41353,1.5,-37.72304830313987,-27.3981614089794,-36.08715204708725,-110.0,-42.97657784862619,-34.153195610786916,-110,-31.674485825618746,-39.83386834945038
149,-3.61654,1.41353,1.5,-38.05016882892994,-44.88121483695769,-34.89294993070066,-110.0,-51.69489864022244,-38.83484747831872,-110,-37.65051878115506,-58.89460512334283
118,-2.61654,-0.586466,1.5,-34.18558933332259,-39.43267570410662,-38.2030064559406,-110.0,-50.302386782411645,-40.66411445837586,-110,-36.22202942532463,-41.3199997826399
92,3.38346,-2.58647,1.5,-51.99571144904228,-67.41272984626794,-44.10519515591031,-110.0,-44.045295173260335,-29.16602798475419,-110,-40.961794218942934,-36.38291995605256
28,3.38346,-6.58647,1.5,-42.98689267698546,-43.1826124093706,-37.25966189713694,-75.80212712457123,-38.207037986303064,-32.94205620261346,-110,-39.207152534950254,-34.351120258731115
55,-1.61654,-4.58647,1.5,-30.922422978317297,-51.869252681058285,-33.418058125713,-110.0,-38.810779222738994,-48.22503452001568,-110,-42.85787717604901,-43.95604646181777
33,-7.61654,-5.58647,1.5,-48.520698582246354,-36.79790688995906,-40.43685433655213,-110.0,-29.75868677619719,-47.209090674894824,-110,-43.34337370066199,-42.42235691233362
110,5.38346,-1.58647,1.5,-47.04199894020319,-47.00569379782257,-36.97290664197263,-110.0,-36.851873149550855,-31.56107591240942,-110,-42.415860905598656,-29.719339570702175
239,6.38346,6.41353,1.5,-55.62485703095835,-29.716740575787483,-64.6030678481384,-110.0,-33.03712751157788,-33.72617191861122,-110,-43.59701987141867,-37.692267130204385
73,0.383459,-3.58647,1.5,-42.15060707520741,-44.17135207676919,-54.85607834021866,-110.0,-32.12488340736478,-37.367947800980055,-110,-29.776816742167703,-34.910963095967645
221,4.38346,5.41353,1.5,-39.17930816043929,-36.929681282584006,-44.870343424647295,-110.0,-40.599252918016305,-41.70916181677797,-110,-32.40495794874902,-49.95462622032739
82,-6.61654,-2.58647,1.5,-56.789888135389155,-43.699146884850435,-42.2147424129336,-110.0,-49.614754068850175,-69.90944087670384,-110,-47.43156804410884,-32.08580305354044
13,4.38346,-7.58647,1.5,-42.77557996566178,-46.95224308508761,-44.312904336934466,-110.0,-44.59244989606418,-41.16677861549191,-110,-36.44464391776288,-46.16805489268537
79,6.38346,-3.58647,1.5,-49.17186421914805,-51.86808053605307,-41.69874542139938,-110.0,-36.10109129927888,-39.19659316436948,-110,-50.4930295116191,-30.40871389996422
12,3.38346,-7.58647,1.5,-41.11737101313073,-44.55031491902978,-48.2038534062045,-80.26682996851063,-43.26614984156153,-43.27256406938227,-110,-40.32964851265498,-45.016358023554666
28,3.38346,-6.58647,1.5,-40.91658175705674,-45.01178404349601,-36.775171770629555,-74.15510462467815,-38.0477976948044,-36.323118387966105,-110,-37.23726821825374,-39.89126754590397
161,-7.61654,2.41353,1.5,-27.979353325775406,-57.664232977748185,-48.41996630248184,-110.0,-46.10347720315613,-33.19174172875237,-110,-36.70350783942464,-42.16811283177296
107,2.38346,-1.58647,1.5,-53.00902141106652,-53.61943413859528,-44.10255379447605,-110.0,-41.061128648926136,-45.95511637953996,-110,-36.031408869433704,-38.85154750766139
216,-0.616541,5.41353,1.5,-52.11874149918712,-23.270432750813384,-38.025739780744075,-110.0,-48.099475130851765,-54.52601253981809,-110,-46.25043853498044,-60.90580532307466
230,-2.61654,6.41353,1.5,-33.52000674073744,-33.15586633181698,-34.03766729101832,-110.0,-76.64457129388008,-54.127684089316574,-110,-50.00046686593626,-69.62488432262353
111,6.38346,-1.58647,1.5,-41.42819977081727,-45.47256145465895,-44.639858920255875,-110.0,-32.78118907501259,-40.663732342721616,-110,-36.055485436382746,-35.82514971525938
137,0.383459,0.413534,1.5,-48.00865043072715,-51.93405055964306,-45.89962578990246,-110.0,-30.105988495540934,-42.39085990958486,-110,-28.8298058853623,-39.81288224708969
215,-1.61654,5.41353,1.5,-48.22323068866795,-34.712425329387024,-46.21195536443663,-110.0,-40.84361567544656,-44.77255311542521,-110,-37.515629249410146,-46.7110843634917
71,-1.61654,-3.58647,1.5,-39.78958814117222,-50.70394308541152,-25.15386931136291,-110.0,-46.173949125154714,-57.397582376535325,-110,-41.971553712550865,-54.77465593077423
62,5.38346,-4.58647,1.5,-57.24597817044066,-50.7280893557316,-40.000214857851034,-110.0,-38.1279580010889,-42.27917220788186,-110,-42.131868675142925,-36.77918057632623
27,2.38346,-6.58647,1.5,-56.19100986375343,-49.196542065636656,-26.007949679424467,-73.56149647879322,-36.54953620800535,-38.37615941464116,-110,-34.46329344595263,-33.13225839491737
238,5.38346,6.41353,1.5,-60.65223360944044,-37.9241229640564,-37.82790891085829,-110.0,-44.13971523843038,-31.68051972484277,-110,-36.44693307807157,-47.887613826826
90,1.38346,-2.58647,1.5,-46.01011435044749,-56.38407044086566,-39.95144521855734,-110.0,-33.76222133876929,-35.81203799715708,-110,-33.59263912806608,-37.846050992040446
4,-4.61654,-7.58647,1.5,-37.88207850157362,-40.6154974436953,-37.44945021463694,-110.0,-37.956735268462666,-39.42681716691208,-110,-46.690519840342176,-43.22603036895964
141,4.38346,0.413534,1.5,-46.32569187981256,-49.91058699120979,-45.05567442754603,-110.0,-41.20272209942975,-34.77370772496673,-110,-35.540302246900794,-37.033004521076634
126,5.38346,-0.586466,1.5,-41.259267816291526,-49.504676665413434,-49.90531873145191,-110.0,-38.16918006915889,-37.79367597788105,-110,-39.327415614116774,-41.33261148805029
97,-7.61654,-1.58647,1.5,-40.71601824222888,-41.25311506582249,-36.532822933783045,-110.0,-44.53852637886163,-42.83817869969948,-110,-42.402628270778266,-49.852905228622994
80,7.38346,-3.58647,1.5,-50.63065405350661,-42.418136551952045,-43.40718766729504,-110.0,-41.39612762988929,-35.36265421070384,-110,-35.116193201491065,-42.583947355692125
199,-1.61654,4.41353,1.5,-48.18970300885183,-44.1118041607228,-44.201704384454345,-110.0,-56.73114899681338,-47.96535124601982,-110,-27.3451200028916,-43.497881619603035
213,-3.61654,5.41353,1.5,-45.019312212246675,-50.77293022354051,-50.176515639425475,-110.0,-54.68227890862925,-49.80160803583493,-110,-39.80174820398071,-44.525707666839864
108,3.38346,-1.58647,1.5,-54.34357497379253,-58.31607853258001,-40.12249987955651,-110.0,-39.55582642401253,-39.508257557856794,-110,-43.396405895940326,-37.34292741154868
214,-2.61654,5.41353,1.5,-43.79602818860707,-53.89729190644648,-35.686979929620605,-110.0,-39.70696236300114,-59.97353428750273,-110,-32.58778464502996,-43.487464805054486
96,7.38346,-2.58647,1.5,-60.60106093765118,-45.93801364565343,-37.41974857472036,-110.0,-44.86282930145545,-34.34619022169159,-110,-45.50636855207174,-37.19232517902618
223,6.38346,5.41353,1.5,-49.84968732321973,-37.45424662688939,-52.75311748881055,-110.0,-57.81193955143074,-42.838470912656376,-110,-40.922339301097146,-39.8467844773878
98,-6.61654,-1.58647,1.5,-41.24208608710326,-40.21536651668962,-40.79034518304347,-110.0,-50.99435754408088,-41.7561998933208,-110,-49.151633336397424,-50.01465017535343
63,6.38346,-4.58647,1.5,-45.06297099879129,-56.66835110972395,-44.957122865209186,-95.31022011998282,-35.11216205286346,-33.91541039991092,-110,-33.59302653132042,-32.91780343250188
192,7.38346,3.41353,1.5,-55.401473981732934,-49.76683518049579,-42.22984567030388,-110.0,-35.61806527061718,-21.749123775970975,-110,-26.654250818300923,-36.925717850583574
154,1.38346,1.41353,1.5,-42.1404545220453,-52.55314632719616,-46.68675212206383,-110.0,-40.30332615977403,-42.83973275564779,-110,-40.06673049171164,-34.52909021100299
62,5.38346,-4.58647,1.5,-52.79488758516096,-51.59797319124626,-46.54007990847798,-110.0,-38.86617987394722,-41.75307478681063,-110,-38.41330766930225,-28.71694351287971
89,0.383459,-2.58647,1.5,-44.55503176016117,-54.45115946332216,-46.654625413440975,-110.0,-28.85054912527608,-41.68232795028292,-110,-34.88005907087538,-33.01092495969934
75,2.38346,-3.58647,1.5,-49.2246863468315,-52.15455218756964,-35.25431534873235,-110.0,-33.10230321069936,-40.27065427673624,-110,-26.513589723771055,-41.655189856362
180,-4.61654,3.41353,1.5,-39.064259390688264,-48.08689611936141,-36.34217957011985,-110.0,-46.499517384690336,-44.767166443475745,-110,-36.03616411539129,-46.71456702319988
78,5.38346,-3.58647,1.5,-46.18385857415516,-58.62249606771469,-57.22797515020158,-110.0,-28.880890951628604,-34.72180563017033,-110,-31.457940549099227,-31.21324870370403
32,7.38346,-6.58647,1.5,-51.52891336254308,-61.10654495054783,-45.60915297493692,-80.91135742863683,-30.221826579011463,-31.772756233942857,-110,-42.23462617696309,-21.772859757970014
103,-1.61654,-1.58647,1.5,-35.95080902116577,-39.921982876715234,-39.97930991210016,-110.0,-45.10922809688982,-44.64990244388595,-110,-33.94530449787144,-60.387344197842225
38,-2.61654,-5.58647,1.5,-42.27061383994905,-38.304439694547234,-28.985501689565837,-110.0,-38.43303116998841,-48.171452401187,-110,-44.58020890175212,-38.835479147978766
87,-1.61654,-2.58647,1.5,-38.06134206962075,-39.55314832277555,-47.437312593696326,-110.0,-45.18479125289034,-50.69287288552853,-110,-35.97847981222935,-33.37952441899715
74,1.38346,-3.58647,1.5,-46.764052530688225,-43.46972643931825,-41.891340661544746,-110.0,-35.03807881905755,-40.0146481654009,-110,-38.81890627543201,-50.80754062305407
14,5.38346,-7.58647,1.5,-51.754130083292935,-52.34472335615211,-41.98277219611969,-110.0,-38.99693278643937,-41.02406773905699,-110,-44.115577836921645,-23.768677275786132
31,6.38346,-6.58647,1.5,-44.42226956917912,-50.500077496276354,-38.64197947141432,-77.94897094052335,-30.003267096817616,-36.27014810542806,-110,-45.08376613349811,-34.54289090660352
42,1.38346,-5.58647,1.5,-46.299571317596474,-50.28136465715327,-31.611756074049172,-88.27755449457105,-30.8804303057209,-33.749429746559,-110,-40.67463589250504,-33.99520464648791
16,7.38346,-7.58647,1.5,-47.35951657209207,-53.79480559261512,-46.47097993187582,-77.15542255112152,-47.62893648614618,-34.31134713478336,-110,-31.14586353487466,-30.326292330916743
68,-4.61654,-3.58647,1.5,-41.50960409110237,-36.64471948059105,-35.12907434683889,-110.0,-41.680157591219285,-56.376424730441464,-110,-32.725622739431685,-56.1666160417158
221,4.38346,5.41353,1.5,-47.407583792429946,-39.3514638630125,-51.941711204457704,-110.0,-39.21767871773432,-44.41274313877141,-110,-34.54102106228604,-43.08180867650539
193,-7.61654,4.41353,1.5,-27.724000082863864,-44.66427862447831,-36.977946345589224,-110.0,-45.13828364345935,-48.0549978006281,-110,-53.977716154122334,-57.38057367264485
192,7.38346,3.41353,1.5,-51.27766269959369,-52.5120654425196,-42.902380012751834,-110.0,-34.59299205846152,-18.730238097063474,-110,-27.98228794282632,-35.09007300755832
186,1.38346,3.41353,1.5,-53.49953777559484,-48.90799844102065,-53.63013003969581,-110.0,-30.496147719769446,-34.47620351197267,-110,-27.486985205429043,-39.60403544447856
41,0.383459,-5.58647,1.5,-55.79863819980665,-55.78228024766693,-55.49317292211215,-110.0,-30.049776705969748,-41.23561685984103,-110,-34.33839525555851,-52.67046723069932
88,-0.616541,-2.58647,1.5,-60.8639231416312,-35.53836377171099,-34.060032772105835,-110.0,-63.77478478243573,-49.40925128779581,-110,-35.83368113465409,-42.2722928998048
193,-7.61654,4.41353,1.5,-35.41808916593314,-44.63547986531087,-30.106292902989377,-110.0,-38.80108861493069,-51.39420416951821,-110,-56.01797177722709,-59.51208522389548
231,-1.61654,6.41353,1.5,-30.04515910609275,-19.25647295197801,-43.803883349952685,-110.0,-55.49804337695702,-57.31095757317401,-110,-49.76629518142183,-66.02313496266561
66,-6.61654,-3.58647,1.5,-47.8556205975635,-41.55104065989908,-35.77814899866281,-110.0,-38.22611791582884,-58.57782022881714,-110,-43.448572720595465,-50.559330466055314
104,-0.616541,-1.58647,1.5,-46.51838421001796,-33.4293957387711,-27.960781091832036,-110.0,-45.22991398246036,-45.838067737108126,-110,-31.36162704047386,-38.95751472271396
134,-2.61654,0.413534,1.5,-34.39302680967609,-35.42359105129221,-48.35993452300494,-110.0,-46.91885609159128,-33.245669264055856,-110,-33.18224898742276,-47.627469009712875
72,-0.616541,-3.58647,1.5,-37.58368843894189,-33.84534900622993,-46.33758586526361,-110.0,-49.46605885883355,-36.145827609998825,-110,-38.54412737163885,-41.29491207156787
123,2.38346,-0.586466,1.5,-44.85883781085077,-70.89248731722977,-68.12876747658453,-110.0,-39.6362438234757,-46.702206634980314,-110,-41.73285390695968,-36.738005459827974
164,-4.61654,2.41353,1.5,-28.710594132824923,-40.797884171945235,-37.61830451062823,-110.0,-52.058069232023534,-43.516013114739856,-110,-24.51645557809271,-58.6058647231215
67,-5.61654,-3.58647,1.5,-35.15417308701236,-38.82570381053533,-33.86815612273406,-110.0,-36.245728755425795,-46.010482839987965,-110,-47.858468649572494,-47.99047888018404
135,-1.61654,0.413534,1.5,-36.7426140140624,-26.43766647973166,-33.78536695094148,-110.0,-50.737481635347805,-39.05974923042082,-110,-34.09616938695343,-46.3752584908258
236,3.38346,6.41353,1.5,-56.39750531111563,-36.88438242708462,-57.30495128421143,-110.0,-40.19529026746254,-36.71213174737483,-110,-50.02834948151661,-49.703637407115416
102,-2.61654,-1.58647,1.5,-48.64402958490817,-37.475974488618256,-32.471254208726464,-110.0,-41.391444838793205,-37.90467067984838,-110,-35.4381217661438,-43.860250297265566
42,1.38346,-5.58647,1.5,-37.12764519853075,-52.645744691534176,-32.946986828296836,-90.35810621846738,-24.74618102240183,-32.656954195108646,-110,-44.710522413476895,-35.99737586107796
74,1.38346,-3.58647,1.5,-50.183197483046655,-39.31133528414289,-34.477588150044,-110.0,-30.186790756418944,-37.782339543366014,-110,-34.74837825219455,-43.43628595872243
91,2.38346,-2.58647,1.5,-39.3933827957333,-73.64589019836788,-45.3271727629315,-110.0,-29.04172535030779,-33.5980924926462,-110,-36.92757893359989,-39.266762251997704
34,-6.61654,-5.58647,1.5,-52.73908176979632,-38.31185559935873,-32.31350461393268,-110.0,-36.611399338427,-48.56341199887168,-110,-35.115376989847505,-35.9910115721973
74,1.38346,-3.58647,1.5,-50.307332999758714,-38.771400860299224,-32.202482708636765,-110.0,-34.83266445486559,-40.45902945171937,-110,-34.26575684146245,-41.9364683498077
156,3.38346,1.41353,1.5,-55.3486856491174,-47.8650804281495,-52.140067074243944,-110.0,-39.5011676259233,-42.877405490134635,-110,-30.29276086045425,-46.25541009630162
172,3.38346,2.41353,1.5,-50.20084437712479,-30.736617706492865,-49.47541071557716,-110.0,-36.318074601607286,-31.829173390693395,-110,-32.62225393694375,-38.68795149127032
200,-0.616541,4.41353,1.5,-49.30504961873229,-25.384114031813674,-38.55217788876661,-110.0,-57.75378241936321,-49.01235202607666,-110,-32.56159410627901,-46.68918148075534
126,5.38346,-0.586466,1.5,-42.196662541456384,-50.034526216893255,-43.77920130104242,-110.0,-38.19209387441206,-36.601852491196354,-110,-31.156995594653665,-40.98792255779477
120,-0.616541,-0.586466,1.5,-42.73875088187458,-32.675594813965205,-35.01836782826999,-110.0,-49.368932318584896,-39.82251188160807,-110,-35.97939857658337,-43.67149282370722
158,5.38346,1.41353,1.5,-63.42290633930133,-70.82767937066066,-47.03208501345456,-110.0,-32.29616780638405,-48.722249164024376,-110,-45.52566215501184,-55.35487539077181
44,3.38346,-5.58647,1.5,-49.90733311086402,-49.28523398001433,-29.3180523772172,-91.98462759756256,-43.040813736692755,-38.59181081063437,-110,-43.74906214228786,-33.05995398711096
63,6.38346,-4.58647,1.5,-44.82742307177254,-59.23325828042338,-40.95869774630744,-90.419902734826,-29.970190066162814,-37.10056382776977,-110,-25.6827548045765,-26.54198946680409
79,6.38346,-3.58647,1.5,-52.84099003523827,-51.37544407669199,-39.8498946037096,-110.0,-40.5084508019454,-33.70978256299043,-110,-57.85710867244802,-32.329564163975036
82,-6.61654,-2.58647,1.5,-58.707269549405794,-37.9675542821962,-40.49415664394076,-110.0,-50.920126776398305,-64.25529074417776,-110,-52.946691407708414,-34.41815177900752
72,-0.616541,-3.58647,1.5,-40.34317665009378,-40.60742634405297,-52.01302599463046,-110.0,-46.572777248258376,-39.60674429999387,-110,-34.20147487695282,-44.70204183587749
36,-4.61654,-5.58647,1.5,-38.30614070726058,-47.334204322686624,-27.230596970829044,-110.0,-45.059317636042195,-39.71671947646978,-110,-40.08372123471602,-37.92920772344411
196,-4.61654,4.41353,1.5,-41.60034017315927,-50.182650761414955,-37.10299808830452,-110.0,-48.24718567821087,-44.48507618626645,-110,-42.44992133099788,-44.476439229766704
239,6.38346,6.41353,1.5,-48.29030315244031,-24.714384844462916,-69.05936651149189,-110.0,-35.724347752798465,-38.58063350691663,-110,-45.38993276566297,-36.23083751919069
141,4.38346,0.413534,1.5,-47.60588331749365,-47.86560832937695,-42.43948313298979,-110.0,-38.50630876990183,-40.6693675722759,-110,-38.93196424971315,-36.168827814237254
88,-0.616541,-2.58647,1.5,-56.570137806410145,-35.0753551827855,-39.47452390600608,-110.0,-72.43349966010013,-43.83246758555153,-110,-38.60096931258302,-41.23170062094358
3,-5.61654,-7.58647,1.5,-35.760128055065955,-55.57850001633257,-35.614582071466415,-110.0,-28.95839750060174,-38.57257858638493,-110,-47.15548734237642,-37.09839281933617
97,-7.61654,-1.58647,1.5,-39.91711980986583,-42.78269009881685,-39.24532782742024,-110.0,-45.608624858155025,-42.84323592673107,-110,-46.30245032103146,-44.419731999079914
161,-7.61654,2.41353,1.5,-29.65694311239132,-52.13784680413943,-43.33461697462267,-110.0,-41.850986414606915,-38.601362722304,-110,-39.10115989164091,-47.99589307652264
44,3.38346,-5.58647,1.5,-48.91934365354809,-48.7681231410272,-36.60666087120901,-96.6942528948472,-45.070928001490095,-38.594001184681346,-110,-39.451830100809616,-30.012055742195564
199,-1.61654,4.41353,1.5,-47.5792729190966,-36.57973210422005,-45.25873209439373,-110.0,-59.57240503733572,-37.58950812934124,-110,-27.55378208542626,-39.9359857746039
210,-6.61654,5.41353,1.5,-33.7858522791774,-47.50916874740782,-41.44980568012611,-110.0,-51.03320919064054,-52.58289983683971,-110,-43.77891765044321,-47.05563147666225
30,5.38346,-6.58647,1.5,-43.668970922169365,-53.06116943097473,-45.20662338863275,-81.51725792063566,-42.150347617421886,-46.53962646060139,-110,-36.746202017810496,-28.77324032119907
129,-7.61654,0.413534,1.5,-25.317020455107667,-47.1069493838184,-30.93814596637831,-110.0,-42.17177948967749,-43.71278909841219,-110,-39.91626715056707,-41.935650431127
183,-1.61654,3.41353,1.5,-50.96733715655888,-30.178807857081672,-48.79274429747303,-110.0,-44.406566263021006,-37.50118326016055,-110,-26.953194716788555,-35.64279709677274
199,-1.61654,4.41353,1.5,-44.64162983031318,-39.57863022109649,-46.04145411080787,-110.0,-58.623284631081056,-47.291543517504515,-110,-30.409121140323418,-37.6318258102714
230,-2.61654,6.41353,1.5,-36.28229801945591,-33.024287863156985,-39.19281009805,-110.0,-70.88807178406842,-54.96060266612786,-110,-52.45725527971657,-66.60107418811894
99,-5.61654,-1.58647,1.5,-44.68147241619931,-48.020877426117146,-39.570929043405776,-110.0,-38.48088244815591,-49.907004705401874,-110,-43.70709250916394,-42.62705188640345
114,-6.61654,-0.586466,1.5,-30.35675676041549,-48.120048780546334,-37.49231911757846,-110.0,-50.6066783514666,-38.50440823247921,-110,-51.84673759666758,-59.44207167825703
181,-3.61654,3.41353,1.5,-39.2874076191311,-44.11986999266667,-43.8032600808646,-110.0,-38.88252380991438,-39.782046875975226,-110,-34.1636736601552,-57.30420402299129
86,-2.61654,-2.58647,1.5,-34.98995879399406,-41.62640984890643,-32.05055702948987,-110.0,-40.91245845385668,-48.004059034482864,-110,-39.22820950391181,-50.203761482273315
235,2.38346,6.41353,1.5,-39.667314425402445,-30.573180485775264,-47.28005860476097,-110.0,-49.29246619341455,-58.09873665413021,-110,-48.1068254081664,-47.863337828926355
88,-0.616541,-2.58647,1.5,-51.15956550837857,-38.0027354330252,-32.471086600961954,-110.0,-64.20685232024653,-46.83178418270624,-110,-36.94444723656375,-47.48297849065933
176,7.38346,2.41353,1.5,-53.74632696840573,-62.2877366843518,-58.280505084409704,-110.0,-40.91046703585836,-26.821883892815833,-110,-30.81602055737623,-39.85422220049578
118,-2.61654,-0.586466,1.5,-35.01086121393572,-39.24088403050572,-32.93865583006683,-110.0,-53.038579163621854,-42.32791819869604,-110,-36.419901884093335,-42.456438146657426
13,4.38346,-7.58647,1.5,-37.02334633808843,-45.956572950934145,-48.132429997685634,-110.0,-42.07372904714392,-45.83807707952348,-110,-34.104141824205335,-43.182842915400656
64,7.38346,-4.58647,1.5,-54.4666281996944,-46.03929445430944,-41.19149478223385,-93.68761842185,-44.993431541026574,-32.0031133596242,-110,-44.42525510981408,-37.19433139632009
148,-4.61654,1.41353,1.5,-39.26386530818541,-36.10062859791147,-44.50623084950295,-110.0,-57.74767650389715,-31.922544879863405,-110,-36.0377092342871,-37.53143651159755
208,7.38346,4.41353,1.5,-50.53602517310583,-42.28227394587606,-55.45579051558565,-110.0,-56.22923122104704,-24.772146307139337,-110,-28.625585581609855,-37.78904185825575
224,7.38346,5.41353,1.5,-46.0258158875446,-37.4683929043161,-48.8466374746268,-110.0,-37.912531588430056,-39.52250684117734,-110,-40.54067139483224,-34.85171969254335
135,-1.61654,0.413534,1.5,-41.06050504597454,-37.245617888449466,-30.665268968908254,-110.0,-54.24478236699019,-40.17584559129694,-110,-36.24349521700673,-46.36530515284218
54,-2.61654,-4.58647,1.5,-47.968806337890896,-37.93330283456386,-37.21542571085538,-110.0,-32.72609539327939,-45.45455368004345,-110,-49.67542482353233,-50.29739099462259
38,-2.61654,-5.58647,1.5,-37.41465021697763,-34.453642796034636,-27.224957675798453,-110.0,-34.7831270417222,-46.86198697683716,-110,-40.55808503412952,-44.82892278244748
123,2.38346,-0.586466,1.5,-40.48644938313926,-59.73399854600268,-60.780085952310905,-110.0,-46.36289514631838,-47.4197926553212,-110,-41.33882537429615,-34.53526490705015
117,-3.61654,-0.586466,1.5,-33.63343654106016,-47.62067887721635,-43.123283520549066,-110.0,-41.13977295622179,-39.03002874677293,-110,-38.14671535233503,-46.35550599661849
234,1.38346,6.41353,1.5,-32.17654207094536,-27.094815179438097,-54.44812404256822,-110.0,-42.708133495973215,-43.30918719043385,-110,-29.1651869485602,-36.4316149634916
202,1.38346,4.41353,1.5,-48.50781816976147,-35.44685174471388,-52.86296041052489,-110.0,-42.295810365971775,-30.51209602901081,-110,-35.725009388792344,-57.970041013453425
99,-5.61654,-1.58647,1.5,-39.97756063369397,-46.603914866752625,-31.21066957008413,-110.0,-43.41057163389047,-45.8171878892348,-110,-46.06018505171121,-45.743403994990885
67,-5.61654,-3.58647,1.5,-35.79941263392207,-38.03541164975768,-38.2058878684181,-110.0,-31.29636293142682,-42.98211059035044,-110,-51.823163679279006,-53.96913927741011
238,5.38346,6.41353,1.5,-59.82751601681123,-36.49598825925532,-41.50855776801662,-110.0,-43.46574942744798,-31.83017117713441,-110,-40.6246295027296,-39.7157927611646
209,-7.61654,5.41353,1.5,-22.610229832826903,-65.49697434067164,-37.3448911966892,-110.0,-55.92473607005166,-55.2733462862511,-110,-37.14338124997504,-45.22106032180461
80,7.38346,-3.58647,1.5,-46.00232648576538,-45.862621965052895,-49.97343593391345,-110.0,-37.9988865641389,-35.37741256555541,-110,-36.63780286150826,-41.94689164922981
220,3.38346,5.41353,1.5,-44.993794707707394,-30.141587471976464,-52.68272088026797,-110.0,-48.04801363467131,-33.405257928220585,-110,-46.805116911177805,-47.575715285474345
45,4.38346,-5.58647,1.5,-51.33268999764684,-50.844380121779714,-28.581840812280483,-93.44287740528893,-33.508065324680395,-36.92847461790683,-110,-44.69323102061157,-39.160964003455334
11,2.38346,-7.58647,1.5,-36.1223734583697,-60.75688318311527,-26.22616468706609,-76.53007727099856,-24.50856588130169,-40.75407941277095,-110,-39.001732907348725,-41.20854336730658
54,-2.61654,-4.58647,1.5,-48.691900892371805,-40.67164199269262,-41.99133546709254,-110.0,-30.716160114945765,-46.79191078241838,-110,-40.34799906838566,-51.33609755410403
124,3.38346,-0.586466,1.5,-50.722667184797984,-55.19571822632949,-50.45145448838384,-110.0,-32.70469985121363,-38.49145661238018,-110,-31.180207749657445,-39.99129045319688
220,3.38346,5.41353,1.5,-46.77851923840067,-35.97845214353767,-53.68411131710162,-110.0,-34.80449786638611,-40.671686130056905,-110,-42.542228864894135,-49.999604946961774
69,-3.61654,-3.58647,1.5,-40.32119114849964,-40.93730699670779,-36.17267194974369,-110.0,-38.01916055943364,-51.112339992888,-110,-39.61971652655832,-49.47279153330477
74,1.38346,-3.58647,1.5,-42.62989406349733,-38.88780108647856,-42.60240374660921,-110.0,-28.932418636677163,-41.92437837252916,-110,-37.167296469953406,-45.82842711307132
56,-0.616541,-4.58647,1.5,-44.76057618414382,-37.18691970053486,-27.10255341954711,-110.0,-49.29271038386726,-48.33866395252087,-110,-45.43420962573906,-40.05471521459361
202,1.38346,4.41353,1.5,-52.826986638491505,-41.34093446722308,-53.159038279799354,-110.0,-42.31357386171447,-34.03024618862294,-110,-34.50024051075376,-52.4776658029304
9,0.383459,-7.58647,1.5,-44.50752671077301,-51.00750270164932,-31.515677900890907,-110.0,-36.15895490296196,-28.91358974362271,-110,-38.88564833605379,-33.08160878121971
212,-4.61654,5.41353,1.5,-42.89274899157901,-42.57416830695397,-43.64225210508314,-110.0,-46.88264412024033,-49.96705104890221,-110,-30.568017750573176,-49.06574548687983
68,-4.61654,-3.58647,1.5,-42.43615515645894,-32.40225771219971,-32.99243276394075,-110.0,-35.57245687527899,-51.72934919337882,-110,-38.54465209282154,-57.608426009669465
160,7.38346,1.41353,1.5,-57.67623886421641,-48.19170614376749,-46.14684186101965,-110.0,-38.18256634526454,-25.368610373150354,-110,-45.09608557104955,-41.62109738288489
31,6.38346,-6.58647,1.5,-50.98756774056013,-51.57612643621584,-37.332893156497065,-76.6892790709475,-37.80232334248004,-39.105492770016035,-110,-46.92003652627913,-34.021012554882816
125,4.38346,-0.586466,1.5,-45.75030853841385,-46.49880088866309,-46.8684556775716,-110.0,-30.69480137145461,-34.11976356056882,-110,-43.96190512636283,-40.66563705684068
68,-4.61654,-3.58647,1.5,-48.31266292772739,-35.92621686574909,-30.502004528113815,-110.0,-38.41819320672859,-52.22862137702735,-110,-38.092604530437285,-63.55466297053411
142,5.38346,0.413534,1.5,-48.64505790761613,-35.235357063442905,-49.57158405146991,-110.0,-55.33205514295112,-29.68752616607655,-110,-37.8850938777655,-43.908194765900696
64,7.38346,-4.58647,1.5,-53.61319124112554,-41.043009354040954,-39.347722700279576,-95.86777530142471,-36.488697347937965,-27.28437101832362,-110,-43.102771139241625,-32.97335526645767
61,4.38346,-4.58647,1.5,-49.68950607114149,-52.6235472620389,-35.26769655544476,-110.0,-27.22477340731041,-45.92135338756064,-110,-42.50672931012147,-34.916736702778046
53,-3.61654,-4.58647,1.5,-32.950152795453626,-45.73385021550077,-30.520720914731704,-110.0,-37.61057568139652,-35.21425605694984,-110,-37.529755556233376,-61.80355696057631
148,-4.61654,1.41353,1.5,-37.85215906201752,-31.48523305451241,-48.26147932420986,-110.0,-61.75515936930452,-34.27801795268845,-110,-30.02272254961973,-46.545372613853885
159,6.38346,1.41353,1.5,-53.15452279272802,-55.860561554507115,-39.32987476857735,-110.0,-42.10030676262423,-24.86646869062719,-110,-61.56749429975214,-48.95783110013923
214,-2.61654,5.41353,1.5,-41.35928822373891,-53.04987008146459,-38.30419425089326,-110.0,-43.174074598851256,-59.26561928083606,-110,-31.484447065672978,-41.881006111754886
156,3.38346,1.41353,1.5,-61.94544709436855,-49.40311106132341,-46.98167794732258,-110.0,-35.73793422585234,-42.578246660327046,-110,-36.9134454059069,-46.33192347914833
141,4.38346,0.413534,1.5,-42.84458693898109,-51.9991062374058,-44.29099987504512,-110.0,-42.73541395635663,-32.66184517531089,-110,-38.08588544490299,-36.00189308357399
155,2.38346,1.41353,1.5,-46.31133426723249,-68.1435300932846,-36.06916541887952,-110.0,-41.52572750867433,-29.69211635256293,-110,-29.895567765598713,-36.25402071400953
8,-0.616541,-7.58647,1.5,-36.765612715783305,-46.869233541036685,-48.05900689032531,-110.0,-47.600880675164795,-47.95497730433187,-110,-43.919228885289456,-47.76982088394548
25,0.383459,-6.58647,1.5,-44.60449465983937,-49.130726495044065,-43.065659121684305,-100.73541685100535,-29.77853549073456,-32.56138012988226,-110,-35.6058141209872,-36.22117001088155
216,-0.616541,5.41353,1.5,-52.585527363179914,-20.187769233198637,-34.6658841329656,-110.0,-53.909575191210855,-48.12853455223636,-110,-39.78201350797372,-54.57248170928301
39,-1.61654,-5.58647,1.5,-32.78375571954144,-38.06318292481145,-30.21352742960856,-110.0,-30.040620200032897,-45.692472892717774,-110,-45.04780959965735,-48.58243698672766
185,0.383459,3.41353,1.5,-45.896190435692304,-48.62836423320623,-45.49264414569009,-110.0,-30.047202824515004,-30.26832284006375,-110,-23.76022718053413,-35.88182169041082
193,-7.61654,4.41353,1.5,-32.15359051975196,-49.66739237747543,-38.90651074463702,-110.0,-42.95981743784316,-55.528288269561614,-110,-55.839603822312114,-56.959091305390665
186,1.38346,3.41353,1.5,-43.02273138253915,-46.52478205790696,-49.42105186192045,-110.0,-29.177732033466786,-33.168957591813296,-110,-18.72634637787588,-36.682722488982826
228,-4.61654,6.41353,1.5,-31.542730021450897,-35.65199758461435,-51.53651756909491,-110.0,-60.64521496559733,-59.43920575308009,-110,-49.03711969222417,-55.2407248192001
93,4.38346,-2.58647,1.5,-48.22022694318326,-72.14375977166537,-43.3943746630466,-110.0,-30.065857638287092,-36.643052447528845,-110,-28.641658550494626,-43.33806730105447
29,4.38346,-6.58647,1.5,-49.03985681515781,-62.72292726326408,-42.42783572149542,-73.65686405997678,-31.58255315793889,-36.51926666489127,-110,-41.46151211405788,-30.918720503060943
143,6.38346,0.413534,1.5,-43.33183051825186,-51.77391537469905,-49.134892947741434,-110.0,-30.703199920612654,-32.327304824745376,-110,-28.8292196814091,-36.88377819040813
186,1.38346,3.41353,1.5,-41.69485929053576,-47.024985577984395,-51.922955528483264,-110.0,-28.2598899721318,-34.10199803220767,-110,-23.950232190689448,-37.960499632818085
169,0.383459,2.41353,1.5,-44.04349433620643,-60.62495649403864,-48.471520181427216,-110.0,-30.91084847714316,-34.157256581662736,-110,-29.625031266576325,-69.53397514525507
86,-2.61654,-2.58647,1.5,-48.957146581864265,-44.41451717997495,-35.599185996280426,-110.0,-39.803260822536735,-42.36747981820675,-110,-37.61632357226149,-48.68064125488811
191,6.38346,3.41353,1.5,-48.67319622864525,-57.72898363327776,-56.60633657358569,-101.78650792186605,-43.27480508511568,-40.07805343167101,-110,-29.294092554590417,-44.09947293854954
98,-6.61654,-1.58647,1.5,-37.95632928197348,-34.09062403445727,-39.62626349098934,-110.0,-48.019706570374424,-45.725235117210474,-110,-45.8592212247096,-56.00393630580081
4,-4.61654,-7.58647,1.5,-39.49152667328718,-42.20746570742545,-39.2713911760917,-110.0,-31.27455822500638,-34.08097184674196,-110,-47.475479861246534,-46.090918199839194
22,-2.61654,-6.58647,1.5,-27.080370198100734,-42.460491099217485,-31.382862913022286,-77.46876372276262,-43.68393024938959,-36.57204627790399,-110,-40.09853330888015,-54.37702372785896
199,-1.61654,4.41353,1.5,-43.24258109104502,-37.398015127375935,-43.43768047793715,-110.0,-59.17732648176403,-47.50916442605305,-110,-25.660079300554465,-44.877006804558185
1,-7.61654,-7.58647,1.5,-110.0,-110.0,-110.0,-69.44700675254366,-88.69701594297871,-110.0,-110,-110.0,-110.0
140,3.38346,0.413534,1.5,-48.57745850228445,-52.397834829308295,-46.24592467534893,-110.0,-48.67527699053008,-58.51049275800629,-110,-32.39975616056614,-47.58489187202645
196,-4.61654,4.41353,1.5,-40.19235930982421,-50.468098228062175,-40.206910588344584,-110.0,-46.46566941779275,-44.87296954412644,-110,-38.64983651247268,-44.59262091268614
16,7.38346,-7.58647,1.5,-44.816530586127335,-53.87805749720775,-42.185651777973774,-84.77343505057934,-45.629039463513706,-40.25323259193195,-110,-29.14822426663044,-31.408517733263263
1,-7.61654,-7.58647,1.5,-110.0,-110.0,-110.0,-74.7302536280969,-92.5147169717662,-110.0,-110,-110.0,-110.0
179,-5.61654,3.41353,1.5,-25.692340251459996,-44.622315446856355,-34.512272498951866,-110.0,-35.19254610724023,-38.30974460355408,-110,-35.1349315177922,-44.60269190007077
31,6.38346,-6.58647,1.5,-51.56734651455569,-47.54600996573306,-33.75865053413352,-81.94918007301887,-39.08226806231831,-30.91210327259745,-110,-45.79690069601006,-38.41385257013573
87,-1.61654,-2.58647,1.5,-37.87105072379713,-43.17328219076582,-46.42469865486078,-110.0,-46.73626583536001,-47.59655152765828,-110,-38.57329367147429,-32.08904955246658
145,-7.61654,1.41353,1.5,-31.983120285247335,-39.98102220476446,-35.29871277040579,-110.0,-42.624184074944445,-37.83982569002407,-110,-37.73913610699124,-36.011392497725396
36,-4.61654,-5.58647,1.5,-36.9448689397277,-49.59089380973246,-23.050522176937815,-110.0,-35.08754076056667,-46.69489781339466,-110,-38.81439213709979,-38.49786889059689
87,-1.61654,-2.58647,1.5,-34.51928245905516,-38.97042496858949,-44.341510995777746,-110.0,-48.00826952337163,-43.837387311907214,-110,-33.27496579934123,-33.96323117973339
9,0.383459,-7.58647,1.5,-44.80155550909354,-44.64012384996963,-27.278587951070975,-110.0,-29.33270786350226,-22.75902504130896,-110,-35.1612304439287,-29.232008367539763
240,7.38346,6.41353,1.5,-66.03420897965646,-33.20736866136821,-46.93930077820769,-110.0,-50.20279904474135,-41.09905825747816,-110,-24.461179221246717,-38.70028626112113
39,-1.61654,-5.58647,1.5,-29.054621105440265,-41.2333674169477,-28.031202950431357,-110.0,-32.46407210903466,-46.59853981861432,-110,-41.29761909701707,-41.51389507916199
96,7.38346,-2.58647,1.5,-60.255657996942624,-39.0933263477716,-41.596502264446784,-110.0,-40.42420399534017,-31.57328574655155,-110,-50.48806553902202,-34.99602426692363
125,4.38346,-0.586466,1.5,-40.516138107597065,-51.51835144493918,-42.7565662749141,-110.0,-32.30461195221444,-28.438507541187988,-110,-42.29873549187515,-39.67709363465416
220,3.38346,5.41353,1.5,-46.759987891654895,-27.66200191320315,-51.6074537171733,-110.0,-39.05570986073461,-33.811678731513815,-110,-42.71827581200859,-47.3978449052849
80,7.38346,-3.58647,1.5,-47.42746723801258,-39.498167909544776,-53.23359012680111,-110.0,-40.08325371582221,-37.62506299973039,-110,-38.495187770644506,-42.11226601837591
118,-2.61654,-0.586466,1.5,-38.935933931224305,-40.78478113918449,-36.86078920011649,-110.0,-46.07039671150958,-33.17585149778492,-110,-39.6431128219164,-36.50387119705803
115,-5.61654,-0.586466,1.5,-37.640364085346505,-40.09517686564948,-43.84333047380672,-110.0,-41.5451206854498,-34.00577058648472,-110,-34.70449191458061,-40.153454796528536
86,-2.61654,-2.58647,1.5,-42.61016815463216,-41.56945361094061,-35.57755976139207,-110.0,-43.508937533946536,-43.91358094934425,-110,-40.95617189572624,-52.18199942133489
188,3.38346,3.41353,1.5,-65.69737771965075,-47.3737393059702,-50.98612504026195,-110.0,-47.5210823096639,-48.10954075851401,-110,-32.87604080358162,-36.96928558992382
54,-2.61654,-4.58647,1.5,-45.89757209829583,-33.28033491849826,-36.34001615227095,-110.0,-34.218538790276625,-48.28322933602235,-110,-42.2207258524965,-50.94217482474762
232,-0.616541,6.41353,1.5,-36.38750102591727,-24.209181221478396,-32.83694910685006,-110.0,-55.54591552838941,-61.78780830637746,-110,-51.90678017812751,-47.64999512354547
78,5.38346,-3.58647,1.5,-47.25813434304338,-64.77694584585846,-57.7006096208399,-110.0,-27.216482476600937,-36.11310425953224,-110,-32.390787615200495,-28.96335017125567
91,2.38346,-2.58647,1.5,-40.37273940324623,-71.82373463596821,-40.49258995799731,-110.0,-34.411106160314596,-41.77014873739729,-110,-41.2774853518244,-35.772849264625414
211,-5.61654,5.41353,1.5,-38.018164524140566,-46.80461738680807,-39.185066741705526,-110.0,-58.13462919808706,-53.300066049124446,-110,-43.27805887136081,-38.00812698225445
44,3.38346,-5.58647,1.5,-39.77840598948778,-53.79062249580315,-33.4551026951362,-97.7692065773161,-45.04864335591854,-37.557329677558336,-110,-40.478604802412015,-30.182863075636632
115,-5.61654,-0.586466,1.5,-42.10820125121482,-30.592880680535508,-44.162805839339875,-110.0,-40.0257859500602,-35.82961142267641,-110,-38.28798433814523,-30.175232041189982
128,7.38346,-0.586466,1.5,-50.70600910963846,-49.01856726178181,-38.65811638307557,-110.0,-32.55987485597369,-46.613298693538034,-110,-32.86584688443201,-38.27286970644337
203,2.38346,4.41353,1.5,-56.107920986886384,-46.75189590092827,-55.41418020900647,-110.0,-37.54848681913632,-40.27082079116708,-110,-45.91817648083179,-30.832106535506917
224,7.38346,5.41353,1.5,-54.05045298783368,-33.50892898756648,-44.582965426786295,-110.0,-39.131113979183965,-36.35515168908783,-110,-45.917676635019,-52.585473329786424
79,6.38346,-3.58647,1.5,-47.729262818543425,-51.45041768867993,-41.87351379593964,-110.0,-27.862295226847053,-34.55167292754631,-110,-58.20271945351444,-33.517446973016106
66,-6.61654,-3.58647,1.5,-44.11475500885357,-47.68657384164359,-36.860172423928965,-110.0,-41.00854786024093,-53.636818678128435,-110,-39.98681723139032,-52.2480085705431
118,-2.61654,-0.586466,1.5,-30.09652171208598,-45.93209283600894,-39.08304629301637,-110.0,-48.22605004812078,-38.321009180303754,-110,-39.928514325911785,-41.77514166195144
59,2.38346,-4.58647,1.5,-43.68468649633761,-56.48548263929756,-39.262150723597784,-110.0,-31.805205400384487,-35.06787389578075,-110,-44.33144073982664,-32.66541477111658
181,-3.61654,3.41353,1.5,-40.224822516160955,-40.49664242401442,-42.98510586777506,-110.0,-34.71052401264984,-37.32848418732852,-110,-34.685473113593176,-58.73021818265632
92,3.38346,-2.58647,1.5,-48.98733154965456,-63.00340876977558,-46.2856931871336,-110.0,-41.22188644546205,-32.1499568251876,-110,-39.02350971852455,-33.08322201442963
188,3.38346,3.41353,1.5,-65.95447536394678,-41.679219594668005,-50.33984518597253,-110.0,-51.666928094914944,-44.67386879673347,-110,-32.69133997833287,-43.369194835173225
224,7.38346,5.41353,1.5,-52.95706569833964,-39.13596585025623,-46.49359590667815,-110.0,-32.219778575532764,-39.72922898280366,-110,-39.89108243608998,-44.00090460685079
83,-5.61654,-2.58647,1.5,-37.53845574486921,-35.491941192399345,-35.658409613385,-110.0,-42.99176849121435,-37.68706365228309,-110,-33.70944506163598,-37.88270312249804
134,-2.61654,0.413534,1.5,-39.05146510271244,-36.21057611997882,-50.266363758765536,-110.0,-44.61965772949474,-31.091696677298017,-110,-30.00688409600061,-50.70397427548121
158,5.38346,1.41353,1.5,-62.81728773396323,-64.59135932325023,-43.59134281663401,-110.0,-32.626929569645455,-55.07197231710573,-110,-44.911555704449235,-44.526133485444426
50,-6.61654,-4.58647,1.5,-45.52991145036155,-33.70470807557081,-29.890563231591734,-110.0,-38.9580896615035,-39.35646667477712,-110,-34.677640962464444,-44.06411110475155
141,4.38346,0.413534,1.5,-39.072568886786435,-46.0040392672199,-43.51833397705484,-110.0,-38.95112802338104,-40.48351128653442,-110,-37.36346536803325,-29.644358472068415
72,-0.616541,-3.58647,1.5,-37.91750112352856,-40.45490301071579,-52.283955938693616,-110.0,-53.49925090252442,-46.30851464724784,-110,-37.09417176028625,-41.41611664970525
39,-1.61654,-5.58647,1.5,-34.478081822002366,-42.68058804359177,-26.624802037447378,-110.0,-26.549344678868447,-46.039409629139314,-110,-43.952294840441645,-42.039152179298725
217,0.383459,5.41353,1.5,-51.266987688680416,-23.28638353874655,-41.024833180650774,-110.0,-48.93290954342796,-37.37664061381478,-110,-29.459587114096752,-37.9176631598541
8,-0.616541,-7.58647,1.5,-30.110062964056446,-41.735842454456886,-49.90739434844777,-110.0,-47.90762445406474,-52.61820979942054,-110,-45.867928180149384,-40.783058275563384
3,-5.61654,-7.58647,1.5,-40.33722202665981,-57.053912361516616,-33.24450700314964,-110.0,-39.31555047746175,-44.825032029289126,-110,-42.388790760732846,-38.746195735200544
54,-2.61654,-4.58647,1.5,-46.669339777913386,-31.876893771084102,-43.642213010663376,-110.0,-35.52692947222958,-45.26975919081455,-110,-43.512723515608656,-48.318610207723175
110,5.38346,-1.58647,1.5,-41.72928533558975,-48.0636847118503,-35.55791270833982,-110.0,-36.51569317623071,-30.31863843173848,-110,-47.81488097407989,-30.347228278655894
120,-0.616541,-0.586466,1.5,-45.74489083115657,-39.29389047832023,-30.556263440624704,-110.0,-45.09343005358246,-46.07966843522841,-110,-31.498902356839984,-43.435317840489255
155,2.38346,1.41353,1.5,-43.16536828516535,-59.48801781177817,-42.516561718552616,-110.0,-36.103998699566475,-37.41552568955712,-110,-34.42208074595055,-37.34513240729639
5,-3.61654,-7.58647,1.5,-46.760136910233,-33.119747829979346,-35.60704847935768,-110.0,-31.617228477989823,-54.40497840948516,-110,-59.34375640606706,-41.02608652832595
179,-5.61654,3.41353,1.5,-34.58584141780613,-40.1344955921004,-31.192099383828356,-110.0,-36.90888308865035,-36.816985720989074,-110,-37.7172985200384,-42.53739118598847
44,3.38346,-5.58647,1.5,-46.94774512641481,-52.8091091505699,-30.0696243102439,-96.1052745603532,-41.5158640710447,-39.790188894737895,-110,-41.62374242857788,-29.29128634063045
66,-6.61654,-3.58647,1.5,-43.63123801960346,-40.84473452430767,-30.94562349222881,-110.0,-41.210206721163054,-59.23293640913481,-110,-43.56155114869154,-55.472772352665665
217,0.383459,5.41353,1.5,-48.06741407992952,-29.51190965896119,-42.84355369317138,-110.0,-51.382145497738115,-43.23227592259228,-110,-25.876674659642095,-35.7879148430742
216,-0.616541,5.41353,1.5,-49.43614688515001,-25.66383601728574,-41.87741726795372,-110.0,-50.789423199730976,-54.2413917439082,-110,-42.01014256509687,-57.14623087937834
70,-2.61654,-3.58647,1.5,-30.87617424096198,-35.086333519723034,-28.9790504276796,-110.0,-49.48790396969411,-38.55050409657182,-110,-31.601719252291353,-37.067509044869674
153,0.383459,1.41353,1.5,-45.632616127444045,-50.382344697044275,-38.23181862066972,-110.0,-34.42550657996751,-32.63383049911521,-110,-24.776007147259374,-33.81214270188604
192,7.38346,3.41353,1.5,-59.78304297865952,-52.16953770432919,-45.62678033069362,-110.0,-36.92558955155821,-19.552143793829412,-110,-32.650285718039385,-41.01340934129517
227,-5.61654,6.41353,1.5,-35.10585676228204,-45.28999092364236,-38.30493111905513,-110.0,-50.15661262089209,-66.28581470627002,-110,-52.30389709572741,-65.51038953143168
103,-1.61654,-1.58647,1.5,-30.711875989884664,-38.79621842543338,-40.30663718515571,-110.0,-47.73295627587813,-42.52836389397859,-110,-39.91651772773309,-57.68160152779682
209,-7.61654,5.41353,1.5,-30.31129760991978,-57.02812670892983,-40.16032161601146,-110.0,-52.158412413899654,-56.4881676820512,-110,-36.04661885108084,-52.16694642246093
112,7.38346,-1.58647,1.5,-49.95685406646312,-40.006930141862085,-44.65309157460794,-110.0,-33.20999977847277,-41.641811146880016,-110,-33.742281108653955,-36.97791749883874
215,-1.61654,5.41353,1.5,-44.10665542033057,-38.42854048267522,-47.114857511437606,-110.0,-41.93379116100291,-41.46923257573586,-110,-28.582792776982338,-46.790699081921005
196,-4.61654,4.41353,1.5,-40.31546580413533,-52.331044081811385,-40.48246507592215,-110.0,-54.3346278966585,-47.10073553397966,-110,-35.73876924772565,-46.231341575359174
94,5.38346,-2.58647,1.5,-45.71202934624489,-53.7435702026615,-38.49328950363291,-110.0,-45.45180252426924,-44.758965586107635,-110,-33.20792602328867,-38.82767408364141
31,6.38346,-6.58647,1.5,-45.573294109971705,-45.09925089777974,-35.42652477119097,-79.44751034522533,-32.129693900467224,-41.24939998359102,-110,-45.404885601964885,-37.17397302351098
55,-1.61654,-4.58647,1.5,-30.35945889102241,-49.7637332848242,-29.36198364606015,-110.0,-45.55331806332386,-44.85392914364943,-110,-38.97917155367997,-45.690861760345264
171,2.38346,2.41353,1.5,-60.279504648592805,-54.18505356799234,-37.990602977353774,-110.0,-50.073831141138136,-36.231877519052595,-110,-27.29211633128864,-44.43706730730945
171,2.38346,2.41353,1.5,-55.025725168954,-48.07108379995245,-39.769465830450834,-110.0,-52.11085960953938,-38.48567682232044,-110,-21.88889283576069,-45.37378947398698
166,-2.61654,2.41353,1.5,-46.505114995744925,-36.42735356826568,-45.71362108838436,-110.0,-44.68567909225042,-41.20837876522112,-110,-29.605187265509013,-55.35411001721942
182,-2.61654,3.41353,1.5,-37.44063091519237,-34.74176611598832,-39.14079535803545,-110.0,-41.09064801015556,-37.37561842764495,-110,-34.53424014722413,-47.33592106104982
155,2.38346,1.41353,1.5,-40.4454676362734,-62.82344684891888,-44.652323224059806,-110.0,-33.70014817674308,-31.97912135243745,-110,-34.4452239532693,-36.334072779829
13,4.38346,-7.58647,1.5,-35.93890690251192,-50.99244194681669,-49.97874080687152,-110.0,-47.072636842812635,-47.49527150684612,-110,-35.754591704017976,-40.51301718724247
110,5.38346,-1.58647,1.5,-48.397101189999816,-49.97278930101152,-31.951863348425544,-110.0,-35.20273414879428,-33.313950606406415,-110,-44.80757672951228,-37.194235871348695
71,-1.61654,-3.58647,1.5,-42.23113402349401,-53.70995522293857,-28.998212023469076,-110.0,-42.58892114836578,-49.89339701311917,-110,-39.490356522172995,-61.09249383461481
138,1.38346,0.413534,1.5,-55.79345472018462,-59.40919525905043,-43.287904155541405,-110.0,-35.53636699352542,-51.3629303495664,-110,-27.799915729928564,-35.26680329115576
153,0.383459,1.41353,1.5,-49.39419072330056,-50.656403718878906,-41.53449437699355,-110.0,-32.67744391665662,-33.6408375556048,-110,-30.643853885523235,-39.5067816125384
18,-6.61654,-6.58647,1.5,-33.582119587127075,-41.12323042954856,-30.626953776597027,-77.89419799624585,-42.66161390159143,-41.90948740801309,-110,-38.036628883644305,-44.11277296266372
161,-7.61654,2.41353,1.5,-30.196935567026905,-49.98139691903706,-45.48440204588691,-110.0,-43.25866756572559,-41.6347000925853,-110,-32.06342512158804,-50.004001108879805
2,-6.61654,-7.58647,1.5,-33.42534521063724,-50.78595095105887,-35.601019827665894,-110.0,-30.021323181273555,-45.152223487574176,-110,-39.78753830777288,-40.53581232678166
22,-2.61654,-6.58647,1.5,-31.192969426228068,-44.05266988508277,-28.680227345904697,-79.52677023886883,-40.275955269625435,-34.071117185796616,-110,-42.47467883533313,-44.25157412509215
11,2.38346,-7.58647,1.5,-39.99384905982328,-52.52464411032252,-28.15593907459966,-86.66797889624227,-22.60923142263207,-32.426132306107746,-110,-35.11046358107512,-42.400502144909865
93,4.38346,-2.58647,1.5,-50.346147459398864,-73.54461380222749,-37.88447400253591,-110.0,-29.718153567801004,-38.547433806815995,-110,-32.069179476628534,-49.68803951917569
194,-6.61654,4.41353,1.5,-24.14988931476028,-49.61152012353311,-35.745714407255186,-110.0,-50.8923387223124,-58.77502347795093,-110,-37.40725802841165,-47.09284821483206
43,2.38346,-5.58647,1.5,-45.135818477728805,-57.50303648309658,-36.72768040846067,-95.25436698969702,-26.1492486865041,-32.437734558298274,-110,-28.386093815547753,-38.12352086022714
225,-7.61654,6.41353,1.5,-26.60741479849351,-36.80646968159799,-42.40271892551253,-110.0,-61.63089066162236,-53.57072482148618,-110,-55.48044440214784,-39.69436669496896
158,5.38346,1.41353,1.5,-59.46978805278894,-71.19585106269827,-41.59609908562856,-110.0,-36.92824183243832,-48.43575735644013,-110,-46.7814825825384,-45.86075883692117
69,-3.61654,-3.58647,1.5,-41.10501784788624,-37.861758417946184,-38.896218056456526,-110.0,-35.89865532622132,-40.49264526468115,-110,-42.872587445977274,-43.029162001198834
180,-4.61654,3.41353,1.5,-38.78314520856643,-43.57957299787141,-39.995755241085256,-110.0,-46.505041247912814,-46.992149445653915,-110,-35.479127861109546,-46.530272436957134
172,3.38346,2.41353,1.5,-56.35530882128344,-37.23871763961387,-53.533725592779135,-110.0,-33.33978756051901,-25.96398182216447,-110,-34.64872212504402,-39.509112666792745
148,-4.61654,1.41353,1.5,-36.65306356353404,-39.48048806396196,-45.258412286482,-110.0,-58.041231498237615,-35.45072119893946,-110,-37.65911365679229,-48.674653827506475
122,1.38346,-0.586466,1.5,-46.569789882017275,-50.84400884736811,-38.11190160809686,-110.0,-43.52346194182406,-56.71262915025794,-110,-40.02671220186388,-38.07197762134557
139,2.38346,0.413534,1.5,-47.89344941764437,-55.70692431533057,-56.507056534896144,-110.0,-37.82072408891309,-38.4591226459427,-110,-35.200103081121426,-40.36334651543401
96,7.38346,-2.58647,1.5,-55.85316277387548,-34.57337987971048,-35.84930421497897,-110.0,-45.24769875172824,-34.77124149545011,-110,-40.58507523976742,-35.752149598586115
141,4.38346,0.413534,1.5,-45.48144138149551,-45.73542183215422,-45.378266467361286,-110.0,-36.695495012660366,-35.01268247980413,-110,-37.5092485238268,-37.50580784219397
173,4.38346,2.41353,1.5,-49.60665709419966,-42.509535968480016,-41.69517032034246,-110.0,-37.045946694223176,-33.69325965273102,-110,-36.55578372569775,-48.298542947271294
77,4.38346,-3.58647,1.5,-42.50699195976472,-52.034050289575184,-36.78616773450022,-110.0,-32.827869226152316,-34.693575696002576,-110,-42.66410450393302,-36.43983220479096
76,3.38346,-3.58647,1.5,-48.212935803321855,-45.61654362870552,-38.84860333222581,-110.0,-34.286765950896765,-37.79723041366117,-110,-39.13881102283754,-37.49190738827847
175,6.38346,2.41353,1.5,-58.0027075661138,-56.423657042200304,-45.82903370853305,-110.0,-38.62177123179313,-28.34754725855,-110,-38.387416560770816,-40.16421025694578
214,-2.61654,5.41353,1.5,-44.921606139277706,-55.90683770665901,-34.91881548243912,-110.0,-39.569208289438,-58.37450840737541,-110,-33.771278319881255,-44.008132073760855
77,4.38346,-3.58647,1.5,-47.7050594069296,-50.21590580589348,-41.09146937550982,-110.0,-32.39204210069409,-36.22511197274675,-110,-42.30409962589368,-29.220007544022863
198,-2.61654,4.41353,1.5,-44.51699272654369,-38.290556884091885,-43.72867649043113,-110.0,-54.06984052932861,-35.16169539347931,-110,-34.31028238112017,-44.96510384444063
59,2.38346,-4.58647,1.5,-45.56982936443378,-61.50117611681614,-30.875835828185163,-110.0,-32.56269106661176,-41.60043451213828,-110,-38.95669449661344,-33.95218819375484
174,5.38346,2.41353,1.5,-45.98518650168464,-56.991827031706826,-42.58566043538786,-110.0,-34.13436166329603,-30.49240650449045,-110,-33.87414320004423,-47.70082769470897
66,-6.61654,-3.58647,1.5,-46.59880972675892,-42.06631496488202,-38.56286822016972,-110.0,-43.29205546854413,-56.08985983805661,-110,-44.28209521705857,-54.15597221752035
209,-7.61654,5.41353,1.5,-21.79099835302002,-61.16616027789704,-36.42401867106613,-110.0,-51.90055297736942,-57.057482067540526,-110,-37.074319935081505,-52.44666716306615
104,-0.616541,-1.58647,1.5,-45.6045334968212,-33.535068987903685,-32.324372045545026,-110.0,-43.96088578615342,-48.420738834790335,-110,-34.47256622571654,-42.28564012996681
80,7.38346,-3.58647,1.5,-47.003928420184934,-44.20815229037999,-47.59943673693316,-110.0,-37.93051504951917,-43.01697154372763,-110,-36.87405689171072,-45.628098616703234
18,-6.61654,-6.58647,1.5,-37.22736314386434,-34.87979504533234,-33.47846288476839,-80.80473512809878,-33.72612797140182,-45.657408902304475,-110,-39.66237220614774,-41.66142326628112
185,0.383459,3.41353,1.5,-49.16033955511664,-43.882391177487285,-46.33526740906637,-110.0,-34.803534639950385,-25.981298008971542,-110,-29.939664173741495,-39.721060181543365
131,-5.61654,0.413534,1.5,-34.00555310370603,-36.32602388447329,-51.94467388642485,-110.0,-40.56731701905305,-45.49610165014093,-110,-38.5406758295048,-36.208832276848455
224,7.38346,5.41353,1.5,-45.61982258500811,-33.613691993888594,-49.860398790950704,-110.0,-36.59737969167965,-40.332313179176786,-110,-40.535522841465735,-46.64578143102016
157,4.38346,1.41353,1.5,-55.555526320513,-33.14556639186067,-49.54752273566508,-110.0,-47.39696294133303,-43.76562925190348,-110,-31.79822588507437,-30.148359100660333
187,2.38346,3.41353,1.5,-44.9947440246126,-43.08859909920372,-65.37609101449856,-110.0,-46.60047980222101,-38.44946302960869,-110,-30.103827294165864,-42.46735629659904
212,-4.61654,5.41353,1.5,-44.38707073549752,-43.03798462237932,-48.45114461364727,-110.0,-44.76603051013075,-50.8732346656591,-110,-32.04263029795789,-48.62207353647707
105,0.383459,-1.58647,1.5,-45.440992332930335,-47.640936049546426,-50.18303262691984,-110.0,-35.413706036826675,-38.35200595206713,-110,-28.90984830013831,-42.71824821075608
139,2.38346,0.413534,1.5,-48.89333658707932,-55.866873136516375,-54.75724985275422,-110.0,-33.38505105176637,-36.95633511548651,-110,-38.10823553310897,-32.241552491559695
66,-6.61654,-3.58647,1.5,-47.33946816915283,-43.41474995978176,-29.75492187311243,-110.0,-37.383891932753656,-55.636321075226874,-110,-45.25308344934603,-53.171896342509285
23,-1.61654,-6.58647,1.5,-37.76676056386471,-35.08637759395964,-21.48296278786828,-99.33656432251372,-38.10932838719818,-45.255469199926154,-110,-36.59626669267261,-38.44451484482197
140,3.38346,0.413534,1.5,-50.11760989914225,-54.20338191055219,-43.97589525547391,-110.0,-40.586201598632066,-46.020863653499106,-110,-42.83817671605007,-48.11363046378978
23,-1.61654,-6.58647,1.5,-45.88670995701749,-39.62739985817487,-29.242718428294413,-97.97061377559272,-39.502342955769294,-47.57689226156864,-110,-33.044291069423686,-43.11634305343297
208,7.38346,4.41353,1.5,-52.20002789316223,-39.52186365787242,-55.18793326686564,-110.0,-52.871470549118015,-24.18287824926756,-110,-34.94674856134386,-36.60608041223414
63,6.38346,-4.58647,1.5,-48.61260907288565,-53.79942200078072,-40.01310747705743,-92.60797332366002,-37.50913501900902,-33.721517511875746,-110,-40.22489496615833,-30.53597873335579
109,4.38346,-1.58647,1.5,-53.31581612406338,-67.09959788052066,-37.172895919702626,-110.0,-39.89465879480301,-26.446796589879376,-110,-32.97088341587126,-35.15566117871079
10,1.38346,-7.58647,1.5,-44.98815065768399,-47.989117981459415,-28.950912846598627,-110.0,-25.97544786345209,-39.17817438781106,-110,-38.66393022404064,-39.817093887508456
58,1.38346,-4.58647,1.5,-39.56855883434586,-49.03620808050938,-41.25179393050129,-110.0,-29.204789513987368,-33.62210309572155,-110,-42.22823514527127,-31.8460705552676
99,-5.61654,-1.58647,1.5,-49.0383145375132,-44.594168307975266,-34.527173432631855,-110.0,-45.80775241156175,-43.12378610665283,-110,-41.69333030489986,-37.15592775717081
149,-3.61654,1.41353,1.5,-37.20886524142983,-38.89689571226017,-45.58394785754851,-110.0,-51.63800815835184,-40.58656399593009,-110,-44.90667710847653,-47.71099675523053
30,5.38346,-6.58647,1.5,-42.88413619383454,-48.360799739019434,-47.49093210652178,-77.00097632640966,-44.045895388153,-45.577013099078144,-110,-37.325944838132386,-22.339749607764343
202,1.38346,4.41353,1.5,-49.13630828123392,-40.35937325763627,-56.124393179982874,-110.0,-40.62214337690736,-34.669295029511105,-110,-36.110303523267376,-56.610836294672005
233,0.383459,6.41353,1.5,-38.3745136113862,-24.955215783780577,-37.074647413205525,-110.0,-46.84835159041325,-38.678931998275495,-110,-47.36733671227359,-44.41303942302565
204,3.38346,4.41353,1.5,-41.31133122077308,-36.30607133433216,-54.061586404457664,-110.0,-44.38297475710394,-38.29181591153059,-110,-46.30847700976904,-39.027169874785024
211,-5.61654,5.41353,1.5,-39.30669177375684,-46.87488228227989,-43.26445880612887,-110.0,-60.28044804246746,-45.20752230935423,-110,-39.70596043747301,-41.26520826202413
26,1.38346,-6.58647,1.5,-45.614470591525446,-55.01960408385472,-34.8938644635434,-92.586095674628,-20.019643513654245,-37.059234940077815,-110,-49.43652688499287,-30.720325915238956
64,7.38346,-4.58647,1.5,-47.65704115131896,-45.46806013307391,-40.44396568555754,-96.04435841282888,-42.51213798057267,-35.57437293740921,-110,-41.05416390399608,-29.65869666386468
135,-1.61654,0.413534,1.5,-36.13578490887483,-37.621768491796935,-34.77850324404484,-110.0,-54.83151956704687,-44.5849615750493,-110,-28.37830513841207,-49.85888301675507
128,7.38346,-0.586466,1.5,-54.43448155885403,-48.20387540220056,-36.10384689264578,-110.0,-43.65893138301588,-46.63592830085587,-110,-33.66627826397139,-35.63693934342698
138,1.38346,0.413534,1.5,-54.9378193830703,-56.69991164691633,-40.315912075230976,-110.0,-35.146786572025434,-51.90990466948503,-110,-34.0160471636334,-36.92589616165818
128,7.38346,-0.586466,1.5,-51.03303090853241,-45.07236368195685,-39.20744417964671,-110.0,-37.27022047419134,-46.402760247739586,-110,-32.93556871922175,-33.453087366665514
144,7.38346,0.413534,1.5,-49.773295523334504,-55.2352339046769,-41.15863406373168,-110.0,-40.12459084303099,-21.755155904203075,-110,-38.577081519135426,-42.29419449631466
186,1.38346,3.41353,1.5,-47.59514113028667,-44.92417562316803,-47.62976048085755,-110.0,-31.54981494667625,-36.45555458862491,-110,-24.80020671153987,-40.02233648705519
207,6.38346,4.41353,1.5,-47.40765741336571,-41.959399433202535,-55.16151675031866,-110.0,-52.58083895778686,-35.944494526772985,-110,-38.08992238820368,-43.66215976597893
87,-1.61654,-2.58647,1.5,-36.68444930399378,-43.88794894599869,-47.34673617135211,-110.0,-44.3975639977398,-45.81634013215568,-110,-36.70482736717404,-33.4447087032408
139,2.38346,0.413534,1.5,-49.21914377601526,-58.64697627922889,-57.57647701673328,-110.0,-36.45442928649177,-36.26587913921715,-110,-39.05948490420349,-36.87831092799584
102,-2.61654,-1.58647,1.5,-44.12477072082521,-36.03587090873418,-35.974233159107534,-110.0,-49.350925329569776,-43.298470980984014,-110,-35.3020921234286,-45.898787978422355
200,-0.616541,4.41353,1.5,-46.245604107507226,-26.75184683625948,-36.760704346291305,-110.0,-62.00240206297569,-46.6300902281151,-110,-32.389131078299016,-47.05143177799052
120,-0.616541,-0.586466,1.5,-41.91759818959734,-34.38406080987295,-27.941563725454884,-110.0,-45.83831474648707,-43.27056914466608,-110,-26.478779070701396,-42.633672164664
95,6.38346,-2.58647,1.5,-52.568900044634304,-63.01413040370322,-44.39943897731475,-110.0,-34.30134290441454,-49.4322400528939,-110,-35.78710848316129,-28.040347729910735
182,-2.61654,3.41353,1.5,-41.71901381505321,-27.991575188185077,-38.815527806185464,-110.0,-39.1873937474519,-33.78260483041073,-110,-33.65536470871378,-45.60808928327527
116,-4.61654,-0.586466,1.5,-45.15367583136245,-40.389484852940456,-33.383036291886185,-110.0,-40.25311457140063,-26.810009538845904,-110,-41.10845569803786,-41.26133059154121
5,-3.61654,-7.58647,1.5,-43.07958107253367,-36.673410467379746,-34.834197853482394,-110.0,-38.415260857731134,-55.75420365270137,-110,-55.08195880673163,-38.35334128993033
164,-4.61654,2.41353,1.5,-38.08909743417876,-45.33801403987194,-38.43993522733814,-110.0,-40.17975166122732,-48.35632024508478,-110,-32.75721850722145,-51.58378404215224
73,0.383459,-3.58647,1.5,-38.146447891465854,-42.91810136861303,-55.0589108988817,-110.0,-31.25612743393286,-37.764399407882685,-110,-35.134048551328036,-30.654733931427938
71,-1.61654,-3.58647,1.5,-44.438287058416755,-52.66110706626958,-32.339250454649196,-110.0,-41.94745183172582,-52.28263834176869,-110,-33.55523511299103,-56.59022827238114
106,1.38346,-1.58647,1.5,-47.66605867988155,-53.95732834197942,-50.40156994945926,-110.0,-52.051662273395344,-35.37607255080313,-110,-28.85774342569868,-37.19887819298874
162,-6.61654,2.41353,1.5,-33.515913180569434,-43.91858761096876,-38.15209795277811,-110.0,-49.95695867683543,-41.486346050927665,-110,-41.145465282303064,-44.95744002319901
155,2.38346,1.41353,1.5,-42.67908632962543,-63.19767914585855,-41.79162341929515,-110.0,-28.98694013642132,-27.152959477301536,-110,-30.49579826696105,-36.63556892867487
171,2.38346,2.41353,1.5,-54.018548121346434,-48.17604225205613,-43.38144122004161,-110.0,-52.3186391421281,-37.073931330618095,-110,-30.803584777752945,-41.29910225023838
210,-6.61654,5.41353,1.5,-27.3738318454565,-51.112834606776175,-43.68765026911431,-110.0,-50.06403145304024,-53.193655586138135,-110,-42.80488271526174,-44.5164678881809
143,6.38346,0.413534,1.5,-51.69406481642611,-48.936751130229176,-50.48385603279976,-110.0,-30.03264406571103,-27.31848216404478,-110,-35.23529547436465,-28.930507051831757
145,-7.61654,1.41353,1.5,-29.311969285754294,-33.53238952636831,-37.7285973371268,-110.0,-37.79041164151299,-40.25974794811914,-110,-39.21760344373157,-41.47632952376948
45,4.38346,-5.58647,1.5,-50.45082055948299,-51.16408318997833,-35.815062256715606,-96.00585353669746,-27.0212578489233,-33.48990502199458,-110,-40.08495215709154,-36.04508536720974
68,-4.61654,-3.58647,1.5,-39.779974856550446,-33.34523476660464,-32.38117440943882,-110.0,-38.2701204214884,-53.333819051959246,-110,-32.26530637345822,-56.28160129083851
152,-0.616541,1.41353,1.5,-39.74662624913713,-34.615853730822664,-29.30491954530347,-110.0,-40.557683409638365,-44.6296535141954,-110,-28.285401458474052,-46.23635004814312
83,-5.61654,-2.58647,1.5,-35.19799418877088,-37.04239456133687,-29.79746697811446,-110.0,-36.81648407813197,-44.00787514510608,-110,-37.168666504990526,-40.22135867679606
46,5.38346,-5.58647,1.5,-47.69886707200992,-60.86463556661869,-46.42915563025779,-100.80214252212328,-35.75370621142471,-43.853847774688504,-110,-37.19597276185849,-31.85009527631996
209,-7.61654,5.41353,1.5,-21.789604683627193,-61.668964765428086,-39.39429608275869,-110.0,-62.51172584278427,-61.98674916982159,-110,-37.28630954280908,-53.62711262480941
45,4.38346,-5.58647,1.5,-52.461463141705394,-47.23283267169016,-31.295060073044755,-99.1632973911106,-27.403910058419097,-37.998583824708106,-110,-41.2798691413389,-33.003685832294906
237,4.38346,6.41353,1.5,-47.03515987082342,-45.483724789264606,-49.673736300378806,-110.0,-34.51148769751552,-27.18598444570611,-110,-27.597764344641575,-40.387354688919814
72,-0.616541,-3.58647,1.5,-37.54164091063851,-37.86806751471453,-54.70516567679319,-110.0,-48.42295071184985,-45.92429967273715,-110,-37.70155937558076,-39.424701230684825
152,-0.616541,1.41353,1.5,-36.78652884166243,-37.76998086185257,-33.56687840781845,-110.0,-39.71008548783641,-43.1871444984796,-110,-28.733278261648977,-45.28254783902378
71,-1.61654,-3.58647,1.5,-37.88619678994935,-51.108992798133656,-24.995260363190788,-110.0,-36.101034031531114,-52.421993429560096,-110,-39.622550669955125,-52.279152646195165
156,3.38346,1.41353,1.5,-56.096581658481576,-47.13163126799483,-52.27523487716676,-110.0,-33.452736394580256,-42.66997438650613,-110,-30.651605188919813,-45.17860301969101
133,-3.61654,0.413534,1.5,-37.2389737052953,-41.04963998536413,-37.50191040687555,-110.0,-53.09211761719757,-43.04449388838452,-110,-34.02531841850121,-42.16813483427996
42,1.38346,-5.58647,1.5,-45.62927174162782,-50.385552322520994,-35.113840680920426,-92.85994415756856,-26.51492758319305,-31.45100188441811,-110,-35.34226053843727,-34.31146058328765
110,5.38346,-1.58647,1.5,-47.08899886483373,-53.71129315160296,-36.09858890938518,-110.0,-36.835883346934274,-28.395468600359415,-110,-44.51405504022103,-36.24407211631814
113,-7.61654,-0.586466,1.5,-39.340597223433704,-51.6230736243463,-39.95200004754523,-110.0,-39.3178955846306,-37.19154149181403,-110,-47.365369080234295,-47.35505947164248
94,5.38346,-2.58647,1.5,-46.16657895642174,-56.99407364446167,-39.19067370552722,-110.0,-49.34332205510689,-45.83491708854353,-110,-36.412786382008434,-38.28645401252153
158,5.38346,1.41353,1.5,-58.15880832011212,-69.41589712574567,-41.50485556133662,-110.0,-36.00761437869102,-54.39679031244277,-110,-45.60276002102229,-44.06549149748816
62,5.38346,-4.58647,1.5,-54.11405746481947,-54.13126793332877,-43.89255109421071,-110.0,-32.15685538466312,-39.00330757998194,-110,-39.45383738028602,-38.820647698362386
162,-6.61654,2.41353,1.5,-28.309126987588265,-43.26624474460522,-39.26774732816894,-110.0,-49.49150007566299,-42.4599653582353,-110,-39.65689801557808,-45.655556410390346
102,-2.61654,-1.58647,1.5,-49.63915056699214,-38.12213854196269,-34.442970321284626,-110.0,-42.68190908916346,-36.51186487165368,-110,-37.360648267384725,-40.444702188162985
13,4.38346,-7.58647,1.5,-34.9664691344284,-44.74871034659107,-45.009400137421544,-110.0,-45.67913129389293,-34.52512523998368,-110,-35.414606770105124,-37.216705021065735
8,-0.616541,-7.58647,1.5,-32.03729091664784,-47.79043536253747,-53.65783652102977,-110.0,-47.08317028246132,-49.97744731011396,-110,-45.007116484979214,-44.91413483016557
36,-4.61654,-5.58647,1.5,-43.1901181851085,-51.987660331470835,-26.02472969459657,-110.0,-39.488342563031914,-43.6954961851023,-110,-42.424514330087305,-42.3212705428607
67,-5.61654,-3.58647,1.5,-37.4505336151609,-33.700607997395956,-34.50740033416733,-110.0,-33.91125013639629,-45.39635488132388,-110,-44.10183612786854,-52.15931806663134
146,-6.61654,1.41353,1.5,-39.73937685528799,-50.567245496769125,-36.83448207972523,-110.0,-48.3916394771145,-30.605134782763336,-110,-36.927464384130275,-38.01067262302268
133,-3.61654,0.413534,1.5,-35.820628515204255,-36.10599065730014,-39.712016030647725,-110.0,-52.83968553019018,-43.99199318001415,-110,-40.23134629813714,-42.32130846869266
26,1.38346,-6.58647,1.5,-41.545086619736566,-52.20686187256221,-37.86931757718967,-97.01047680209264,-22.59615304305037,-34.35710039280481,-110,-48.66634499214427,-31.903482709013456
73,0.383459,-3.58647,1.5,-38.125597470506186,-40.526687591087025,-57.321581475132895,-110.0,-32.66773508044157,-35.24709252586232,-110,-30.200752747195153,-35.027233499360456
152,-0.616541,1.41353,1.5,-36.00896305037596,-34.103232395290014,-31.805931010825255,-110.0,-38.69778622783418,-45.23612304638179,-110,-24.38408220758042,-44.43252415317979
23,-1.61654,-6.58647,1.5,-38.31983531190976,-38.396256659762706,-24.518900015514717,-100.19627329788652,-31.70569015840761,-48.293805104650616,-110,-34.89808242258978,-40.86728779140393
9,0.383459,-7.58647,1.5,-48.16626409274552,-43.39147981960614,-27.25712970731891,-110.0,-34.42839217340337,-27.25803303409873,-110,-41.22127959558144,-32.931869182200884
210,-6.61654,5.41353,1.5,-30.237892578116032,-49.94697527382944,-36.27103334032749,-110.0,-50.525265862534816,-57.66768907008866,-110,-35.04540172566931,-50.12975288695327
53,-3.61654,-4.58647,1.5,-38.22679845032754,-37.95452442903603,-30.24849513560048,-110.0,-38.33512643375555,-40.48406762277191,-110,-39.84594531574803,-53.80985978371947
208,7.38346,4.41353,1.5,-54.8834090859253,-33.21924498044312,-56.22255431432578,-110.0,-50.69899414131995,-23.6567130533854,-110,-34.02324610816169,-40.16155009476649
114,-6.61654,-0.586466,1.5,-30.98470752011717,-48.93853085998058,-36.34589649898602,-110.0,-52.702324536339056,-41.05647789659507,-110,-56.93618976699872,-56.1153234510491
70,-2.61654,-3.58647,1.5,-30.484674786808316,-43.35746629233739,-33.16715645109364,-110.0,-52.03463081420254,-41.262739860242554,-110,-30.83977867118811,-34.20524672113606
61,4.38346,-4.58647,1.5,-44.44545833303136,-46.38030265127949,-38.54982603880771,-110.0,-26.51746206209472,-44.29103253623032,-110,-29.485438712164463,-33.25166792741946
222,5.38346,5.41353,1.5,-45.92756236413114,-42.182106438208336,-55.3219795865628,-110.0,-38.0647180144818,-33.11303342624451,-110,-40.065439731722094,-33.32954350394873
230,-2.61654,6.41353,1.5,-30.28440924210828,-34.38785437914399,-35.40429044821755,-110.0,-72.03218086116777,-58.967820419454206,-110,-49.63871920107156,-66.36205662696024
152,-0.616541,1.41353,1.5,-36.670951913662456,-33.33123149935897,-35.25257781589655,-110.0,-42.41812798659407,-43.920284543679635,-110,-28.14576787347499,-46.68677010246677
186,1.38346,3.41353,1.5,-53.08349527332461,-49.63757760591414,-52.80382364887914,-110.0,-29.433835279265303,-38.57924640064912,-110,-22.72790727518006,-34.27800515070042
24,-0.616541,-6.58647,1.5,-34.94956974186819,-37.96870084529224,-36.08508725082784,-96.34518642238456,-31.9526766104366,-59.746965977205946,-110,-41.46927894274441,-54.31357774032727
240,7.38346,6.41353,1.5,-60.43857010587429,-37.479213955212536,-50.608155608529984,-110.0,-55.748008657918014,-34.44417398001093,-110,-39.945378222832986,-41.42494845609487
224,7.38346,5.41353,1.5,-53.5684759352067,-35.20438046862983,-48.50157233627847,-110.0,-33.29291136798917,-36.77955417320021,-110,-35.05356784936429,-41.190870164031494
69,-3.61654,-3.58647,1.5,-40.01610605764764,-40.32582382774368,-34.47057977734866,-110.0,-32.827518053038624,-48.94548544724376,-110,-36.211150465111785,-50.18429323730949
200,-0.616541,4.41353,1.5,-47.87128576236637,-30.635076747065703,-27.384993485428257,-110.0,-52.00812287498385,-45.14712870438826,-110,-32.35634393646872,-48.37618942332135
176,7.38346,2.41353,1.5,-55.149654941566155,-60.55413630999182,-54.35363794860641,-110.0,-33.870475514486195,-23.852600081057965,-110,-33.54300890029759,-43.01026072834071
140,3.38346,0.413534,1.5,-42.05383004436645,-50.68482910323665,-48.816373921110674,-110.0,-38.97208025098465,-48.353399048646466,-110,-33.089035917973064,-42.61825188342837
161,-7.61654,2.41353,1.5,-29.89998555843295,-54.56914621599009,-34.093081783519075,-110.0,-37.843117922619875,-37.076392246526694,-110,-34.09829924337542,-45.41131689231002
91,2.38346,-2.58647,1.5,-41.146209508526454,-69.15174608040546,-43.09673619716319,-110.0,-31.35709281722143,-39.9037254274964,-110,-33.7156797352071,-43.685014317115886
217,0.383459,5.41353,1.5,-44.98620309416827,-22.845487085976192,-40.629712982171576,-110.0,-48.05181930920829,-41.46374811345426,-110,-18.90207579420896,-33.5044788702326
49,-7.61654,-4.58647,1.5,-41.94309795607062,-41.62543093549293,-38.69449150776116,-110.0,-43.67375385030904,-56.17002780015556,-110,-42.983077266618,-38.12546158811002
200,-0.616541,4.41353,1.5,-45.7599222838228,-26.304941639552524,-35.92969591653679,-110.0,-58.05713151364991,-40.80676009982872,-110,-36.3341888534042,-50.557424704701965
56,-0.616541,-4.58647,1.5,-40.94731062447464,-45.27584492374271,-21.22109167933078,-110.0,-51.88414941120028,-53.82882384269503,-110,-38.46270533497846,-40.21013553456517
92,3.38346,-2.58647,1.5,-46.48652980304688,-62.58466859982475,-40.10746736049075,-110.0,-41.03749785225081,-32.17313833615067,-110,-40.78134219052495,-33.39709583641306
67,-5.61654,-3.58647,1.5,-30.658945206086372,-36.49909572992042,-35.522624650262784,-110.0,-39.82616696534499,-53.044123117865226,-110,-54.938125192888215,-53.41641395800869
153,0.383459,1.41353,1.5,-47.40833760698827,-54.49527616650059,-49.43671692337547,-110.0,-33.15916777019551,-24.61136574048812,-110,-32.22076661801402,-34.57352436253965
154,1.38346,1.41353,1.5,-48.74934239097364,-54.38514368585014,-42.84280097351133,-110.0,-45.83821644366809,-36.92984768125008,-110,-30.55052409003695,-40.71032802824285
14,5.38346,-7.58647,1.5,-57.41316326398571,-47.79171719199822,-45.89607663314533,-110.0,-39.68119821948784,-38.67431665472556,-110,-43.02081191270571,-28.06550478007824
13,4.38346,-7.58647,1.5,-37.17454146163765,-42.329351095652406,-44.01283588491084,-110.0,-47.290605268195954,-42.58832955181054,-110,-35.612416776026066,-43.23488643106443
216,-0.616541,5.41353,1.5,-58.08866708110897,-23.53531501595322,-36.2844155548978,-110.0,-53.19811931159343,-53.88435775426345,-110,-42.20728949043701,-54.75160635810312
72,-0.616541,-3.58647,1.5,-35.75898039907974,-37.05490316098904,-49.36286446554769,-110.0,-50.11150548806567,-45.22646672395435,-110,-35.43992912192864,-41.84595962070689
55,-1.61654,-4.58647,1.5,-33.7456525710178,-56.18261086695277,-29.99138546177319,-110.0,-45.39948164465648,-46.1070657832841,-110,-42.819038960400086,-42.255551082612705
220,3.38346,5.41353,1.5,-43.723136692659345,-36.00261564740938,-49.90335616577886,-110.0,-41.0501475053544,-31.319251448741536,-110,-44.365038248854056,-43.59780887965061
187,2.38346,3.41353,1.5,-50.27725623952291,-47.28294749471361,-65.13891192680352,-110.0,-45.02081287686863,-34.03542132285879,-110,-26.647586765567763,-42.62850972639611
160,7.38346,1.41353,1.5,-54.939554626361264,-45.761813458128,-51.47105937529262,-110.0,-45.96053745674499,-27.776236775040633,-110,-43.62775965395383,-45.93617494796232
131,-5.61654,0.413534,1.5,-36.93915901525644,-35.27171195325663,-47.87738284956083,-110.0,-41.391204127958055,-46.256442617241945,-110,-39.5969729083616,-37.07606770668696
178,-6.61654,3.41353,1.5,-28.175321432173664,-48.26658099022223,-34.497447641528595,-110.0,-60.68690564710259,-36.39346343459925,-110,-42.61024812151163,-46.27729293301011
139,2.38346,0.413534,1.5,-49.151887432889936,-56.85138723628157,-52.14877532028882,-110.0,-38.085864247428816,-40.086189805782915,-110,-35.808284347032384,-43.30363741213974
165,-3.61654,2.41353,1.5,-30.010594204187623,-31.95215499195525,-33.16623007185221,-110.0,-41.58097313729628,-55.90052097772298,-110,-36.14451597985808,-50.163812503705174
197,-3.61654,4.41353,1.5,-54.36478304383681,-44.85730916325621,-45.985212159924174,-110.0,-38.64558856421707,-57.17928704331908,-110,-37.37420040298814,-52.57802318421846
218,1.38346,5.41353,1.5,-46.844517372706584,-31.24851067190843,-46.878340713808726,-110.0,-34.876954020726565,-52.79293562462319,-110,-36.96643728568365,-39.4070746131474
179,-5.61654,3.41353,1.5,-32.24726339570957,-43.53438178363804,-34.614504249163154,-110.0,-39.985942875558905,-43.898644738299126,-110,-35.02010353688141,-44.275242155606186
8,-0.616541,-7.58647,1.5,-29.512108215985062,-47.07668503163772,-49.09222585463864,-110.0,-45.27008527526082,-49.80410309061371,-110,-44.48369550046783,-42.98189822299301
74,1.38346,-3.58647,1.5,-47.699321989346366,-47.489124109526834,-42.05679310123879,-110.0,-36.80016945553259,-46.39046146471742,-110,-33.24190120742834,-41.89454992982483
105,0.383459,-1.58647,1.5,-42.38067940838942,-44.70423369021469,-44.61218423863996,-110.0,-36.049718744025654,-34.97233842563811,-110,-33.75530903267124,-47.111802935928694
149,-3.61654,1.41353,1.5,-40.64815476739492,-42.64680161257127,-34.87367615089705,-110.0,-53.736278696312,-40.075023838276934,-110,-36.1876566201108,-49.68618268602724
61,4.38346,-4.58647,1.5,-49.76381042775143,-49.06050303905259,-38.93533077282969,-110.0,-35.774282662444605,-42.74302032865057,-110,-38.23669780165565,-31.052001980554714
221,4.38346,5.41353,1.5,-48.159557367288606,-35.97572880128378,-52.15261410879107,-110.0,-36.2298044119166,-41.28030061073109,-110,-36.6952604713339,-50.38322611147746
171,2.38346,2.41353,1.5,-50.12249890382692,-51.36285306442377,-48.5572409573474,-110.0,-51.97707860993933,-39.35430828896075,-110,-28.68262644331778,-40.76117074303376
166,-2.61654,2.41353,1.5,-42.54972372242141,-35.63936725692329,-36.79114307352455,-110.0,-43.949179161811294,-42.87525609527982,-110,-30.693990090632845,-47.73838171937841
27,2.38346,-6.58647,1.5,-48.95770282190974,-47.87581886448338,-26.999845372511956,-76.65890349731065,-35.451690290184885,-34.63020255551634,-110,-39.1954060765638,-38.76492630631047
96,7.38346,-2.58647,1.5,-55.669196316914295,-43.529230020926974,-47.788008249976826,-110.0,-40.00424732454163,-32.784744888550115,-110,-46.79521805822413,-37.81272050989735
1,-7.61654,-7.58647,1.5,-110.0,-110.0,-110.0,-73.17307928948222,-82.99524321957034,-110.0,-110,-110.0,-110.0
65,-7.61654,-3.58647,1.5,-38.34351091946148,-45.46881307480522,-36.29551222526389,-110.0,-32.6632536635398,-47.52423900158882,-110,-35.17066033548697,-43.60012125216368
62,5.38346,-4.58647,1.5,-50.367048407702335,-49.15055948902307,-41.472024352564304,-110.0,-37.85456085829001,-41.95931598177488,-110,-41.48571152366939,-38.68767803232625
161,-7.61654,2.41353,1.5,-34.71490356956969,-55.57019000747793,-39.671555666845585,-110.0,-44.79153241063659,-37.90338096282411,-110,-43.19272314951583,-41.887888938053216
9,0.383459,-7.58647,1.5,-44.50095725391776,-45.13241805945206,-32.20778617974446,-110.0,-29.379245111764146,-31.357314148679183,-110,-40.505175248903896,-33.4245068763934
191,6.38346,3.41353,1.5,-52.63103139981648,-56.54469695832078,-56.38166015591903,-103.32000058493124,-45.21250063009345,-34.66930281268694,-110,-30.330010717066997,-44.35189867312595
150,-2.61654,1.41353,1.5,-34.626787112849854,-38.482836457770595,-42.73227433085824,-110.0,-45.59295509180652,-46.37705347146957,-110,-33.91105767889547,-36.55755361304436
217,0.383459,5.41353,1.5,-42.26009295181349,-24.664899308403104,-41.069336648504354,-110.0,-52.07748699051761,-36.379410714939105,-110,-21.73578131880363,-35.35231558950836
53,-3.61654,-4.58647,1.5,-32.26691375640757,-42.112449770001085,-28.735126831363452,-110.0,-38.37170181976927,-45.5643125206278,-110,-35.49414877674335,-57.630213175955795
99,-5.61654,-1.58647,1.5,-38.55107763297895,-44.62422392746887,-38.4296799299941,-110.0,-39.40123627234047,-43.028516660484605,-110,-45.62919059333416,-48.50351603168679
31,6.38346,-6.58647,1.5,-46.59652016173007,-49.31633694604451,-34.1045670206224,-75.60890020855331,-33.310476858466664,-35.117851012601385,-110,-46.56190474578401,-32.85103689064219
213,-3.61654,5.41353,1.5,-41.656485846425994,-51.32233824362734,-50.50297622241755,-110.0,-52.79449203270315,-48.45818887919993,-110,-40.33285351269912,-45.04585888692244
84,-4.61654,-2.58647,1.5,-44.18216043489074,-43.59102728615061,-47.78253559565904,-110.0,-43.951252715245246,-41.40187181998115,-110,-39.91224197043085,-49.68555752631186
205,4.38346,4.41353,1.5,-46.92004186563763,-28.806539319094185,-47.38048755973587,-110.0,-42.44113670286086,-47.71464943672254,-110,-45.09263146506601,-42.625552178617454
168,-0.616541,2.41353,1.5,-44.92699330693856,-47.092992979137705,-32.57255053734862,-110.0,-45.57892631226457,-32.84314528544395,-110,-25.932317457468557,-38.39616670594018
178,-6.61654,3.41353,1.5,-28.400163229022205,-50.0641188294267,-35.507313273158296,-110.0,-56.6994884141132,-40.484883628346715,-110,-47.99739788630614,-46.73449545932085
202,1.38346,4.41353,1.5,-48.55701392839045,-35.00726880085655,-55.407207954661416,-110.0,-41.27568556116745,-38.88104781876563,-110,-34.25884408186658,-53.619367303639024
126,5.38346,-0.586466,1.5,-39.75674186437636,-53.25359754605943,-43.38465584455655,-110.0,-30.71628746731969,-38.51764584275573,-110,-38.61937967005048,-41.580684530010586
162,-6.61654,2.41353,1.5,-34.346756006829416,-43.24645257225924,-43.57168890418869,-110.0,-49.27931543126373,-44.96477783689119,-110,-37.0346066177926,-43.18300216372689
138,1.38346,0.413534,1.5,-54.70633735973212,-52.28765826309708,-37.548285596386314,-110.0,-36.55867524553744,-51.31840474045523,-110,-29.682582269940667,-37.7858164384618
166,-2.61654,2.41353,1.5,-41.16359327630535,-33.890780821363464,-43.8686115890942,-110.0,-43.68986255661623,-44.35450274823853,-110,-29.745428114897933,-49.472019405710626
93,4.38346,-2.58647,1.5,-51.99703179790371,-67.13231560084267,-43.44356233519663,-110.0,-35.1331760890776,-37.07191647138051,-110,-28.438974404487304,-44.4029439585436
18,-6.61654,-6.58647,1.5,-40.28957648790496,-43.066272026831186,-29.402803207733413,-85.7518848769851,-34.709391347689944,-48.26135591979058,-110,-45.697585411714314,-40.82982589608399
92,3.38346,-2.58647,1.5,-48.017303824732736,-64.87118734819435,-42.35416510738168,-110.0,-39.67097502573183,-31.19410795012265,-110,-33.99445990739055,-35.426152551306146
216,-0.616541,5.41353,1.5,-56.296600977513634,-20.84434782272949,-34.144613949176915,-110.0,-56.97701403667268,-59.99236784299707,-110,-45.007276982253735,-58.01646565106118
220,3.38346,5.41353,1.5,-40.25380048882694,-30.75063840875351,-47.53913896292051,-110.0,-41.699108165963715,-37.510689132116475,-110,-43.396315913881566,-45.76240162714896
183,-1.61654,3.41353,1.5,-48.59837164742791,-34.33283629404037,-43.74104896778007,-110.0,-44.86366662008804,-44.37630487886563,-110,-29.071985679464824,-35.463591311477096
39,-1.61654,-5.58647,1.5,-30.150931062140383,-39.26517635733341,-27.099996230911295,-110.0,-26.225266502535717,-44.62886888125436,-110,-44.536745779444246,-46.97239311466846
171,2.38346,2.41353,1.5,-61.31294881633652,-53.14425662073731,-41.583226593904385,-110.0,-48.282083704824544,-34.64869381092202,-110,-26.80057288711488,-42.737384604915206
149,-3.61654,1.41353,1.5,-34.204028178177516,-40.991685944092886,-35.09159314244677,-110.0,-49.04989752295951,-36.79685632346141,-110,-42.57043263121432,-53.900984091572546
23,-1.61654,-6.58647,1.5,-36.750785383694165,-38.30933286339983,-22.81853414855177,-100.71112050825818,-38.66078996748575,-42.72252135085352,-110,-36.2201262142402,-37.92453297884756
101,-3.61654,-1.58647,1.5,-32.312217439390466,-37.8396256028485,-36.49377254414942,-110.0,-45.5505335703624,-60.43106365516591,-110,-43.46114656368947,-47.067541797259665
12,3.38346,-7.58647,1.5,-39.26619192695534,-51.103205227397375,-46.27524599607396,-80.9576758881114,-41.40382194567685,-46.71179828944635,-110,-36.031284059093046,-45.46573914367835
169,0.383459,2.41353,1.5,-41.170067165985024,-61.133600521428235,-50.8122777902419,-110.0,-34.21363512431978,-28.90185539723708,-110,-26.80474701188136,-71.09793300400487
95,6.38346,-2.58647,1.5,-54.634212223488674,-57.16098903728235,-42.722121055851574,-110.0,-36.10241746381106,-46.53809210732801,-110,-39.10085713040803,-32.01434128553667
93,4.38346,-2.58647,1.5,-54.766505425184896,-68.41010540872041,-39.52124077918207,-110.0,-31.664333028631813,-40.78148861650953,-110,-32.07047825904837,-48.428771694225155
46,5.38346,-5.58647,1.5,-50.174365681238875,-64.02931044900275,-45.66525578946463,-91.2295494926488,-42.21353668762035,-40.41952622644243,-110,-33.3445523851512,-32.96583143910165
172,3.38346,2.41353,1.5,-57.34858423452451,-34.16285082552026,-53.165873786466456,-110.0,-31.639830764302538,-35.50744368120534,-110,-36.70287092812724,-37.02077202538019
16,7.38346,-7.58647,1.5,-38.034017188024535,-45.93251738622179,-48.26918477991026,-87.23117741482906,-47.91983834599456,-37.7780749056526,-110,-31.72729033730179,-33.02666958442563
91,2.38346,-2.58647,1.5,-40.651528690303664,-62.86397163262872,-49.93730811450104,-110.0,-27.002096763019807,-35.815307550102304,-110,-34.28601106124061,-37.82463884149161
112,7.38346,-1.58647,1.5,-47.9487336513546,-39.21483988539992,-45.60591653753153,-110.0,-37.65764360010174,-37.95042491849206,-110,-42.74005400350491,-37.83957739758312
122,1.38346,-0.586466,1.5,-52.884352611272114,-50.183891325671205,-42.840701753450865,-110.0,-48.07307949487904,-57.87104180123002,-110,-34.75865038652238,-36.241708019351314
47,6.38346,-5.58647,1.5,-45.4866057882938,-50.85975617163358,-37.571174395035335,-88.94458951260486,-23.94979857503526,-36.74666213049007,-110,-37.208889934295776,-35.50555253654545
120,-0.616541,-0.586466,1.5,-32.4545818804851,-28.65019333823317,-29.97631371719255,-110.0,-50.4727103454503,-45.753984970766346,-110,-34.54357957785972,-33.67442638936729
224,7.38346,5.41353,1.5,-48.41203344555288,-38.574894428652065,-46.47289028800368,-110.0,-32.282296760024124,-37.00622166956709,-110,-40.63479540086027,-43.527326303602266
176,7.38346,2.41353,1.5,-62.87398391842176,-66.33516899896603,-58.02756720638916,-110.0,-40.86816227008368,-26.347031287178076,-110,-30.872503147305103,-44.574757353528376
189,4.38346,3.41353,1.5,-45.67083602341117,-62.42477073686623,-52.93747663914189,-110.0,-44.48330334373324,-25.685327494214867,-110,-42.74664005726993,-78.47625396480026
113,-7.61654,-0.586466,1.5,-37.76447113024911,-44.37071748265816,-42.24196936841113,-110.0,-38.87051746137897,-35.304587876874336,-110,-51.41602949164696,-47.85229189962737
42,1.38346,-5.58647,1.5,-45.07894224075552,-48.03494856305442,-35.75681615072719,-85.33611779603234,-28.95800575975429,-30.939453788467695,-110,-40.22797549319469,-35.40904199522785
207,6.38346,4.41353,1.5,-44.68135485605028,-42.31613072159041,-60.42860730262674,-110.0,-53.16562640671994,-38.05575639335823,-110,-33.61642574298361,-47.310186171038225
118,-2.61654,-0.586466,1.5,-32.42737100212,-39.29003875304882,-38.00091556213486,-110.0,-44.02589255346429,-40.55483406610906,-110,-41.342416231475156,-39.53157207938335
189,4.38346,3.41353,1.5,-48.678600409863115,-62.32433930197207,-49.51262535266771,-110.0,-44.737316468132875,-28.68030359903149,-110,-38.181236491975454,-78.7301490484915
193,-7.61654,4.41353,1.5,-32.072065242304255,-44.02933056933202,-38.04684853531148,-110.0,-44.17284220908349,-50.117696103956746,-110,-55.48725381695672,-60.494001206264016
42,1.38346,-5.58647,1.5,-42.455992418825545,-47.741693751002906,-39.37629735717233,-89.19672167717168,-21.29046691580552,-28.88470249903042,-110,-42.33144300205933,-35.20892359139118
194,-6.61654,4.41353,1.5,-28.624973194048437,-49.480315522902664,-31.31933046911809,-110.0,-43.89142520122078,-56.83629875295897,-110,-40.23078356329725,-44.00152259611997
179,-5.61654,3.41353,1.5,-35.418306133768205,-47.08890268160825,-37.96973213541644,-110.0,-35.476016748247964,-42.651476637363885,-110,-40.03330179299696,-46.854654858394944
231,-1.61654,6.41353,1.5,-29.379760548717723,-26.11154852561168,-40.53149327683408,-110.0,-57.51867407223484,-52.5668305547577,-110,-48.921842358865746,-60.69429642084177
144,7.38346,0.413534,1.5,-47.658031894796395,-60.90550466906137,-41.34915356655765,-110.0,-33.270782832885686,-21.311970631635603,-110,-31.51445088194011,-37.5643819410806
110,5.38346,-1.58647,1.5,-44.62988048924727,-57.27125273825376,-39.62952314719713,-110.0,-35.42095252022533,-33.78599053385094,-110,-43.132770194622864,-28.326062848868283
98,-6.61654,-1.58647,1.5,-42.442692835815784,-30.737456411558536,-38.65612962657172,-110.0,-50.73243386224074,-47.5837072732338,-110,-48.370734954911754,-48.854331367036046
140,3.38346,0.413534,1.5,-39.123884886875565,-48.1887626113587,-43.12098952615176,-110.0,-42.92832023451855,-49.95946123302229,-110,-31.318082033925936,-46.552180669528376
176,7.38346,2.41353,1.5,-53.16323812199766,-64.1944024500066,-52.77647785981824,-110.0,-31.73513420836184,-30.86586464263727,-110,-31.384619847176097,-41.19268246798152
164,-4.61654,2.41353,1.5,-36.58821917492675,-49.28027835816893,-34.63313840454051,-110.0,-51.503256128689245,-49.346353557319595,-110,-31.622727951099375,-50.33315031393063
62,5.38346,-4.58647,1.5,-49.93159812084018,-52.26885579883561,-43.10158655182314,-110.0,-36.30273690182742,-36.27031426527517,-110,-39.214464994736275,-38.31874502505176
211,-5.61654,5.41353,1.5,-39.3594470560112,-48.93159941285108,-36.2847655859174,-110.0,-56.549846841597926,-47.013276052817645,-110,-38.40384811010634,-37.42964716557944
225,-7.61654,6.41353,1.5,-29.821844234060784,-44.84089227944717,-41.43527106188638,-110.0,-66.40532402251571,-58.200733769455155,-110,-50.067406355730995,-46.69360281973337
234,1.38346,6.41353,1.5,-29.175818661659143,-25.879499741666613,-57.387082116852206,-110.0,-40.966014052835995,-45.46943476991032,-110,-25.25201360970825,-33.93899071892204
71,-1.61654,-3.58647,1.5,-41.41576432809104,-51.79381482178084,-30.402757574332117,-110.0,-38.563542342665286,-51.39907908430912,-110,-37.14572748766855,-55.27534018046804
5,-3.61654,-7.58647,1.5,-46.37605575888211,-43.50277532185167,-40.50718528782407,-110.0,-31.18832793796078,-48.96832065272566,-110,-59.28887004052044,-42.05162181907973
175,6.38346,2.41353,1.5,-58.89964433380135,-51.29349236449542,-45.00812519516361,-110.0,-43.7832634573376,-27.793102179463283,-110,-35.96620871342158,-44.25893854575482
168,-0.616541,2.41353,1.5,-50.79767386318735,-40.57058127639225,-37.93838439551759,-110.0,-39.524565639027514,-28.995026160800023,-110,-26.436496169218913,-38.63257371645991
31,6.38346,-6.58647,1.5,-49.96481422123397,-47.28593536577078,-28.973970701001186,-77.61018608068889,-36.09524604527186,-35.41048055708076,-110,-41.71845463775811,-37.15689102509968
28,3.38346,-6.58647,1.5,-43.052272166602854,-45.748708832960226,-32.57949314198227,-76.75512762516577,-34.11362520172759,-37.126154012792824,-110,-35.6657014308301,-39.77963066005624
218,1.38346,5.41353,1.5,-49.208138157606314,-37.23968041619539,-45.76562305582992,-110.0,-36.910368072079955,-50.28031298798454,-110,-35.729042331993874,-47.35569448705164
52,-4.61654,-4.58647,1.5,-43.800837451628034,-44.78810629630681,-35.744593177490756,-110.0,-40.48585995335231,-38.37972006510353,-110,-33.462790764858724,-64.92346430155878
41,0.383459,-5.58647,1.5,-53.8125462695216,-52.38389620217578,-49.883363004012175,-110.0,-28.187855942616043,-37.725206737252535,-110,-32.75143421281126,-42.6674040789624
17,-7.61654,-6.58647,1.5,-36.32738608399251,-42.03249826184581,-32.57704531771137,-99.59839256849268,-55.06763670538813,-43.75747804154112,-110,-43.6243085903123,-47.08137419685022
143,6.38346,0.413534,1.5,-46.47070551191606,-51.51699195597235,-52.628550423733664,-110.0,-32.63789319300651,-33.86740676985794,-110,-34.554588105123685,-36.445619410697056
67,-5.61654,-3.58647,1.5,-37.26055504259449,-37.23547831684889,-35.68972287154657,-110.0,-36.230789608916254,-50.925123548545834,-110,-52.0151059065091,-42.235879683314835
103,-1.61654,-1.58647,1.5,-32.052747861806985,-38.583187571127176,-46.905517993056456,-110.0,-47.46236738002439,-39.58599874205705,-110,-36.98885376441796,-56.274187395989486
66,-6.61654,-3.58647,1.5,-47.469375538123934,-46.39734010498543,-30.424712089170136,-110.0,-40.19473707303995,-52.26595788989061,-110,-44.71535752900807,-50.32510190852633
47,6.38346,-5.58647,1.5,-38.71260490568537,-49.48361631250331,-34.89219928231807,-96.4872453289913,-29.35329293847149,-37.52516138532656,-110,-40.101468894183064,-41.94127316888248
30,5.38346,-6.58647,1.5,-45.08765312737658,-48.72407810204046,-46.89939094341356,-74.26571867948098,-35.9748361930774,-49.68064772123219,-110,-39.418663405938695,-24.57188665469838
165,-3.61654,2.41353,1.5,-33.35011916708778,-35.56182639494474,-31.843270186515586,-110.0,-42.826306589403586,-51.3578141906238,-110,-37.12980198088502,-50.86752927148869
16,7.38346,-7.58647,1.5,-43.750462962150976,-52.10569728541709,-47.021242837435125,-87.44448267712211,-46.137539435743015,-34.343012860917824,-110,-28.423361034965133,-37.91523683022886
193,-7.61654,4.41353,1.5,-27.42384510101961,-51.91976225421493,-33.3554695862698,-110.0,-38.797170396315046,-51.93466938427548,-110,-58.99540530846349,-61.18304724534002
223,6.38346,5.41353,1.5,-45.997860878837365,-41.34788072632694,-56.00393810071826,-110.0,-50.20033188962586,-43.191322398295505,-110,-40.76578631984643,-40.398781279276434
124,3.38346,-0.586466,1.5,-52.612855857098815,-54.02547020859843,-50.93810940241595,-110.0,-35.15027461652553,-36.83967216318917,-110,-31.00674993103189,-38.17412709480394
227,-5.61654,6.41353,1.5,-29.92065307036446,-43.396003878238126,-34.265321218614964,-110.0,-61.51771955014737,-67.28439821524648,-110,-55.95584965739442,-70.67620245273937
162,-6.61654,2.41353,1.5,-36.888887318068726,-45.12074031132627,-40.33169203417635,-110.0,-51.58410528276557,-50.2295669357176,-110,-39.52501896130648,-42.88629472329261
159,6.38346,1.41353,1.5,-59.578670906466904,-55.91262743623257,-40.744803619595345,-110.0,-44.80818031583436,-26.33884650262176,-110,-56.44030722333941,-52.58170630311712
143,6.38346,0.413534,1.5,-49.69694168678742,-52.185202192965384,-48.243114385812,-110.0,-31.554529770293104,-33.57042419041757,-110,-30.41424863893644,-40.72604335677876
118,-2.61654,-0.586466,1.5,-34.746752193880035,-36.84473875315149,-36.5723852356543,-110.0,-47.03090810402926,-36.11173693417638,-110,-41.22323406623719,-38.66360799875981
138,1.38346,0.413534,1.5,-49.374505370801806,-56.255478271158886,-40.08873170443856,-110.0,-33.16892126005301,-48.651395615541034,-110,-31.880472823872676,-39.86987698178399
121,0.383459,-0.586466,1.5,-45.39850637584492,-47.03948802755937,-47.696796253705216,-110.0,-31.500546229838488,-35.26500870325692,-110,-33.73374592966317,-34.581379747772814
235,2.38346,6.41353,1.5,-46.89873965366307,-26.291547980890495,-48.48596581657924,-110.0,-50.01983585167876,-46.82834165932138,-110,-57.13925689788137,-48.22076850818692
24,-0.616541,-6.58647,1.5,-34.03177390483966,-36.809289982871455,-40.76670993923857,-103.39067049578796,-34.78307201855119,-63.98737769348443,-110,-38.246071295018936,-56.68876568389073
140,3.38346,0.413534,1.5,-42.83449240842086,-50.5891063096849,-44.18168108614517,-110.0,-45.60967582261833,-49.05038473416046,-110,-29.07447257894094,-47.11433229396389
74,1.38346,-3.58647,1.5,-51.072118107584785,-48.929284453847146,-40.18023052690869,-110.0,-37.08720476609904,-42.737807694950405,-110,-37.792730493841944,-46.35054815641558
177,-7.61654,3.41353,1.5,-33.697798596101656,-52.287332439641474,-48.37832958846166,-110.0,-46.31922231423259,-39.3845543124735,-110,-32.28630081980053,-48.28077019849875
98,-6.61654,-1.58647,1.5,-43.33731965625902,-34.51023813204128,-36.10761539257595,-110.0,-43.24201985188747,-43.918235932791774,-110,-46.73577986619817,-53.49976522044218
61,4.38346,-4.58647,1.5,-48.96332515332634,-38.393399239980525,-38.12928830718083,-110.0,-30.796460703122673,-45.14103855385354,-110,-42.011069812597825,-33.1887256731939
117,-3.61654,-0.586466,1.5,-37.41825521101209,-45.59868273078038,-41.81001590013962,-110.0,-36.8716381273704,-32.82423893056488,-110,-30.288145022190307,-34.24109915639992
105,0.383459,-1.58647,1.5,-42.2321967214216,-48.187749973480614,-45.95560046001265,-110.0,-35.80760481086014,-37.961814217826806,-110,-32.06530458909872,-42.11224000009961
61,4.38346,-4.58647,1.5,-54.78965684884054,-55.712747050988824,-39.50008299269992,-110.0,-25.77414837207696,-41.152799919733106,-110,-42.570827942067176,-34.232468801097326
39,-1.61654,-5.58647,1.5,-37.245144723428055,-41.453399243242586,-37.24928014405411,-110.0,-28.131300660765017,-48.12211267354175,-110,-41.90523217357658,-45.27280845845544
45,4.38346,-5.58647,1.5,-44.374880473605835,-50.42958086956397,-36.71335337685581,-97.46491219400198,-28.799154629576773,-38.55485995499203,-110,-39.82627232957023,-34.54823640687121
144,7.38346,0.413534,1.5,-47.85814440287454,-53.88614780164265,-42.57053062383895,-110.0,-35.89008084055891,-24.33251571456532,-110,-36.93690844219839,-42.44432175151525
18,-6.61654,-6.58647,1.5,-33.21347769338933,-40.88473317710813,-39.057831162028776,-85.97290340125318,-38.344406677635234,-43.66947342510643,-110,-44.76818371273732,-44.757748535391
57,0.383459,-4.58647,1.5,-56.97114951103451,-35.55512128453175,-48.208285114457816,-110.0,-35.34882088715704,-43.881430333163316,-110,-35.36676412227018,-41.39233144052832
17,-7.61654,-6.58647,1.5,-41.45644432193468,-40.55743179878972,-27.888031438338135,-101.89583968881144,-53.331598879955095,-45.27843091136764,-110,-43.56693222749206,-48.274588731249985
218,1.38346,5.41353,1.5,-49.462477470995395,-35.353467280905484,-47.46093118677383,-110.0,-29.766822233997143,-50.67044378024382,-110,-34.9709823160502,-48.795876114273135
62,5.38346,-4.58647,1.5,-52.61557665018072,-54.27725314297903,-44.97075465398719,-110.0,-36.64318112830341,-44.29773972580903,-110,-43.67114716193254,-41.8340574657632
47,6.38346,-5.58647,1.5,-46.79589605544344,-50.205126035230954,-38.20428933395195,-97.40256477019554,-30.27577137500935,-42.0669791893354,-110,-40.05601081181299,-36.02087757303273
188,3.38346,3.41353,1.5,-62.957610226243354,-40.23574821323674,-49.11004873911908,-110.0,-48.99527326923403,-49.24144960986758,-110,-30.388660986455864,-40.486336132179865
124,3.38346,-0.586466,1.5,-55.10247230485684,-53.47575402150298,-51.00453474324419,-110.0,-33.472102910540414,-38.93149643298674,-110,-31.41017081758731,-40.14573491127214
80,7.38346,-3.58647,1.5,-46.41800902535075,-46.2818669294076,-43.856425992744185,-110.0,-42.56367945629541,-35.33983571472263,-110,-39.2664033662012,-45.049347895428376
185,0.383459,3.41353,1.5,-49.65787325103402,-46.70171924819215,-48.32173708155515,-110.0,-33.41978597464847,-36.5121930155939,-110,-33.49665230183152,-34.38341187926524
108,3.38346,-1.58647,1.5,-53.36397607451279,-57.95103132650219,-42.42980461953797,-110.0,-34.64433565442558,-36.80056123389923,-110,-40.00709406776303,-30.747569182018474
206,5.38346,4.41353,1.5,-59.379897914505555,-35.58783894191765,-51.35218433829504,-110.0,-45.08313124811403,-32.1414019980005,-110,-39.631166630329055,-34.415511418389926
52,-4.61654,-4.58647,1.5,-44.78398099754416,-44.15160481443992,-30.53652475958783,-110.0,-39.92252145132769,-45.56243706697836,-110,-41.60041824277631,-70.60916939479041
41,0.383459,-5.58647,1.5,-55.484946166933014,-55.49449669475427,-53.4839216657629,-110.0,-28.477149417085243,-35.213314734626685,-110,-30.54600409721054,-37.1750507323352
90,1.38346,-2.58647,1.5,-48.160171593157,-52.81880852944629,-42.59894053474721,-110.0,-39.60586678950078,-30.596846808874098,-110,-36.750840186813896,-33.15812920749527
100,-4.61654,-1.58647,1.5,-42.766806350348304,-38.72349266985078,-34.43926275943732,-110.0,-34.127407289819125,-51.47632420571442,-110,-34.13877360900097,-46.50930808780652
184,-0.616541,3.41353,1.5,-56.866111312356296,-33.741922197196054,-34.57447070824605,-110.0,-48.226543007849806,-34.943894165615035,-110,-32.64168788294821,-37.49997134531169
211,-5.61654,5.41353,1.5,-47.60198959192731,-51.34820363792496,-34.63467074852446,-110.0,-50.11561670209333,-44.64987223305433,-110,-44.13116576836224,-39.4378348235194
40,-0.616541,-5.58647,1.5,-54.420013924588474,-43.206099748219216,-28.065478095889052,-110.0,-44.29204534399401,-45.43175262316029,-110,-43.78885274017291,-46.61943994773757
193,-7.61654,4.41353,1.5,-29.367320016105417,-45.177053790523566,-28.566770660919076,-110.0,-45.805958927983866,-56.32903065662128,-110,-61.98652315888608,-55.47160571210245
177,-7.61654,3.41353,1.5,-33.09734288512541,-52.98039517934099,-47.78907619798164,-110.0,-40.64051543708374,-39.69940665482464,-110,-40.13869887658946,-43.82398052832689
52,-4.61654,-4.58647,1.5,-42.43651264375104,-39.05616499341635,-31.853600122443,-110.0,-46.95499085737819,-42.775996755983165,-110,-38.1464318688667,-67.49403052373334
111,6.38346,-1.58647,1.5,-40.69771099504992,-55.904782807248345,-44.00614876530881,-110.0,-34.14154974935461,-32.77557990314649,-110,-32.83604206641171,-44.00681384702301
111,6.38346,-1.58647,1.5,-39.95187957705999,-49.57956130956292,-48.820441570841616,-110.0,-35.72406704854419,-34.631355860354816,-110,-32.196547107275556,-34.604626647155776
85,-3.61654,-2.58647,1.5,-33.01882333434648,-45.34790705199587,-47.82343557232404,-110.0,-42.38641835426951,-38.59768049601243,-110,-34.1200343794806,-47.0816153700022
32,7.38346,-6.58647,1.5,-53.6199919050506,-62.324527124200266,-46.06966890378069,-78.53774185344543,-40.17205250601802,-30.13527576218431,-110,-39.951959215186314,-22.80975586971656
162,-6.61654,2.41353,1.5,-37.438103025172744,-40.23213795279307,-40.444173279992015,-110.0,-49.26579931434936,-36.36159382941954,-110,-38.87200366705034,-43.11887743660269
145,-7.61654,1.41353,1.5,-31.77990665885693,-32.513366022764735,-36.86374554313487,-110.0,-45.04939727150838,-42.24950217549013,-110,-40.284816455097214,-34.73776894996165
25,0.383459,-6.58647,1.5,-43.5644763729716,-45.90066916955245,-40.94716803536744,-95.79908204759316,-31.20792593124705,-38.55266197678188,-110,-33.14949294655659,-35.91649881178428
240,7.38346,6.41353,1.5,-62.767183030291,-41.25446791261781,-52.18050094594548,-110.0,-52.37444140554982,-36.907039558741154,-110,-36.589480928554906,-40.51201137932729
39,-1.61654,-5.58647,1.5,-32.017870930671926,-43.05468302314595,-29.050476859697383,-110.0,-27.43224444541212,-45.619690262705,-110,-40.36537161858501,-47.470615381367026
223,6.38346,5.41353,1.5,-54.92107673498575,-34.616958988850996,-58.376279558499405,-110.0,-48.62127166262422,-48.93585245366611,-110,-37.538427331231105,-41.29263266749537
110,5.38346,-1.58647,1.5,-50.13835092442655,-49.195329811649984,-36.758330729416954,-110.0,-28.89170268033274,-26.59911473282587,-110,-46.658347746621054,-32.879889575146684
100,-4.61654,-1.58647,1.5,-47.03002256288548,-43.755523550830766,-39.47933033666188,-110.0,-36.91343340199089,-41.545909445619685,-110,-29.546834465452537,-45.85927844429179
177,-7.61654,3.41353,1.5,-30.95290136210345,-54.87447871124092,-51.06328556496714,-110.0,-46.011501104277066,-33.17444120893702,-110,-36.55980808179842,-47.12087102139531
173,4.38346,2.41353,1.5,-48.06625912119327,-45.07959490090352,-43.04835461381115,-110.0,-36.730031550848736,-33.44137794613908,-110,-30.813152312677182,-44.06920766497324
72,-0.616541,-3.58647,1.5,-38.38500206019396,-33.352076404009686,-56.74746827180944,-110.0,-51.12027127463971,-43.74297055268209,-110,-35.667290904007366,-39.671117414453064
36,-4.61654,-5.58647,1.5,-40.01297320213856,-49.98932750331684,-32.26649995547432,-110.0,-37.70355771056385,-48.21773565557507,-110,-45.81135276249588,-37.9764268113618
88,-0.616541,-2.58647,1.5,-59.99821162180028,-31.800033038088216,-32.61288008544008,-110.0,-72.42982822426323,-49.93516356689303,-110,-36.090939956754866,-39.30437407691301
39,-1.61654,-5.58647,1.5,-31.580125775163285,-43.47526182599786,-23.491668218224113,-110.0,-29.80524714837443,-47.41222186846487,-110,-38.35917537084226,-39.91682369215148
108,3.38346,-1.58647,1.5,-47.081003787027626,-59.02282766682552,-44.673673119332015,-110.0,-40.25064652022659,-39.28622627892392,-110,-44.279191630242686,-36.722303120059856
122,1.38346,-0.586466,1.5,-53.45901661228082,-47.4311647978781,-43.242117951841315,-110.0,-41.414510825639105,-53.962297605546645,-110,-45.42412203841809,-34.769558908998
187,2.38346,3.41353,1.5,-51.855454990170266,-44.09838191358041,-61.9420074557078,-110.0,-46.61169930839807,-39.74536800818347,-110,-32.00891014265801,-47.20940646047898
98,-6.61654,-1.58647,1.5,-45.56900391040836,-36.4492299132613,-39.67463318252282,-110.0,-51.835701365646415,-42.94502063771501,-110,-46.99695439768308,-47.29756425972714
150,-2.61654,1.41353,1.5,-29.30415957632909,-44.43394692181394,-43.998954942522346,-110.0,-37.62223141496713,-44.404551542645166,-110,-37.13469194771049,-40.004127127350024
105,0.383459,-1.58647,1.5,-45.06859079986205,-44.13399818535584,-40.60788985581398,-110.0,-32.8063039203952,-34.410065799247555,-110,-30.975365506133382,-41.107523561567966
167,-1.61654,2.41353,1.5,-46.7198270399049,-33.4270442100867,-38.2900267968183,-110.0,-41.41670640187949,-40.330530659368335,-110,-33.57113611747164,-43.066230133831176
5,-3.61654,-7.58647,1.5,-40.397764873281275,-39.67178293403315,-47.801819814639366,-110.0,-34.02421322557327,-52.14662121444296,-110,-62.53026694600536,-34.708718628259994
238,5.38346,6.41353,1.5,-59.98558977315721,-36.74389188387793,-45.36757806581009,-110.0,-44.76354433229674,-35.325880868302576,-110,-38.23334452809722,-37.47940577085481
120,-0.616541,-0.586466,1.5,-40.956111098880854,-31.35454290266657,-29.298826355040273,-110.0,-41.53796995033544,-39.99729100037901,-110,-36.56361451756957,-43.85964584846829
165,-3.61654,2.41353,1.5,-31.492418910422337,-31.29094704264259,-32.401368650528795,-110.0,-38.865219217203936,-55.58495684196049,-110,-39.999290558419105,-49.552540414928174
93,4.38346,-2.58647,1.5,-54.18987131557388,-67.43013180329645,-45.558443815274416,-110.0,-32.32212926183085,-38.12460088590139,-110,-35.362585882453395,-43.945269806714165
24,-0.616541,-6.58647,1.5,-37.911627852295176,-41.8422594202016,-36.795586396189826,-101.69380368331706,-36.872153900032664,-60.868037266565295,-110,-38.02314394641265,-58.04943271137727
61,4.38346,-4.58647,1.5,-52.522472521789496,-46.346142824544145,-37.92685961468489,-110.0,-34.49518874977256,-40.449349357975954,-110,-37.65565199032901,-36.01419842236703
84,-4.61654,-2.58647,1.5,-38.23766939743131,-44.19497105606002,-41.28187609240172,-110.0,-44.42661685357801,-42.622455477952904,-110,-42.70833525216786,-52.00521116012265
146,-6.61654,1.41353,1.5,-39.73614645299645,-52.87292904492744,-34.722444863411106,-110.0,-40.16043553383601,-34.111495506429016,-110,-36.392961066823354,-42.568321462331355
140,3.38346,0.413534,1.5,-49.29148922819261,-46.98485052953564,-42.16156886604714,-110.0,-43.83021066686665,-48.151097229555205,-110,-32.81846014586087,-46.557617508674845
14,5.38346,-7.58647,1.5,-55.59520969381239,-54.23958145619439,-46.20194892475185,-110.0,-36.36184520121468,-39.20667536254176,-110,-42.49528766686544,-31.295559830682464
192,7.38346,3.41353,1.5,-61.21939734147705,-55.9812662065889,-42.15582512897563,-110.0,-41.33806421038365,-17.037020967947235,-110,-26.834278579504797,-36.23702984222568
211,-5.61654,5.41353,1.5,-40.364391189249346,-51.71383645570641,-34.900518269934324,-110.0,-55.0235429783826,-47.8946186461289,-110,-43.40250493139412,-39.09039953923163
232,-0.616541,6.41353,1.5,-37.70312407865523,-21.08196735880135,-38.055861354984295,-110.0,-61.42965384023985,-54.65377862334808,-110,-59.48922716955528,-50.54939320880712
150,-2.61654,1.41353,1.5,-31.10570887126368,-48.48643154299391,-41.962917418024375,-110.0,-46.74599562645969,-43.463549086891724,-110,-35.902782135623546,-42.15830450796654
46,5.38346,-5.58647,1.5,-45.896157518450785,-64.0379824376963,-45.415916034824235,-96.31656031151546,-36.012633868491925,-39.18779105795758,-110,-33.80764779485117,-34.43170800163314
219,2.38346,5.41353,1.5,-44.81716337495921,-30.80034113018764,-52.90033348732956,-110.0,-42.843199350886145,-29.662306983865292,-110,-33.6596199263248,-31.294564086743904
200,-0.616541,4.41353,1.5,-39.86117376074322,-27.364276206672372,-33.38558865112743,-110.0,-57.483223595050696,-46.079504030448845,-110,-31.83584288690442,-42.28107943939972
20,-4.61654,-6.58647,1.5,-33.34878867422198,-47.4852829031505,-35.58343735773594,-83.4977024687874,-49.09946903426384,-51.67944805853729,-110,-32.28473293556168,-37.95650131310503
207,6.38346,4.41353,1.5,-47.271703039367715,-46.98049782410861,-58.2703864324138,-110.0,-47.35857348106852,-43.694963217260565,-110,-38.27765834840364,-47.55170761626186
132,-4.61654,0.413534,1.5,-33.430465289405745,-37.12298331641542,-32.88989185427947,-110.0,-43.493079033000825,-43.05760326467495,-110,-48.284540411229635,-44.07907647915127
180,-4.61654,3.41353,1.5,-35.946136141466866,-44.606582649065984,-41.19701208290558,-110.0,-43.75794112388274,-53.24198304714815,-110,-33.61550514907509,-44.14682413053545
198,-2.61654,4.41353,1.5,-51.94739251615894,-34.82584822517218,-47.598543961413505,-110.0,-50.412960434659176,-43.55261468032361,-110,-30.749246556696292,-43.307970866531335
166,-2.61654,2.41353,1.5,-48.109519239512345,-33.73688743599465,-43.49016515391122,-110.0,-46.44306936972109,-41.72935984448137,-110,-34.97682531887634,-50.47683388088947
98,-6.61654,-1.58647,1.5,-42.27411501899465,-29.28957524813682,-38.23776309375686,-110.0,-49.69927813460217,-43.205629566914055,-110,-48.76206423942863,-53.31900978814429
237,4.38346,6.41353,1.5,-49.104665118899774,-46.86795441043709,-48.74416739737513,-110.0,-40.11831761878648,-31.390477611477515,-110,-35.359569605455,-35.14466626666625
78,5.38346,-3.58647,1.5,-48.844907363397546,-72.29698842308883,-54.412991818499904,-110.0,-28.14497034481431,-37.375900175115085,-110,-25.96879899491494,-30.28501846629724
189,4.38346,3.41353,1.5,-55.27656975070028,-58.55984255655225,-50.12024711085633,-110.0,-42.495575799383495,-28.543150137317827,-110,-36.88801709887826,-81.55738338590598
126,5.38346,-0.586466,1.5,-46.29965342120542,-52.788997653346165,-48.440579420949014,-110.0,-38.362083658434024,-35.88942147971106,-110,-35.87793114693004,-47.57480911797751
115,-5.61654,-0.586466,1.5,-40.9759865599484,-38.10676604656183,-45.53325425881194,-110.0,-33.85015551056059,-31.952220232545947,-110,-40.25740695482296,-39.33106093164476
129,-7.61654,0.413534,1.5,-30.265445132156582,-48.252584220133855,-38.39636593202813,-110.0,-46.070928646194,-41.98439255682439,-110,-40.78104363495984,-38.9558014968495
138,1.38346,0.413534,1.5,-52.53731212458622,-55.35930278885729,-36.977903011431295,-110.0,-38.527033774934594,-50.271141592121424,-110,-31.45292665319044,-35.34348878419946
220,3.38346,5.41353,1.5,-43.98825479364721,-31.9843063051587,-49.8535691389932,-110.0,-41.3038976229417,-37.26648800791807,-110,-43.75051309235338,-45.392580347727495
72,-0.616541,-3.58647,1.5,-29.773257905291537,-35.434061789534674,-56.34443112185213,-110.0,-51.95393926663701,-52.96719578237183,-110,-33.59405275176535,-45.763897463086174
222,5.38346,5.41353,1.5,-43.10498816835969,-42.97549275639523,-45.753546795892554,-110.0,-46.03289191903866,-32.57371503249902,-110,-44.64703329601565,-34.12929119738883
170,1.38346,2.41353,1.5,-53.96734554334507,-53.65628817729553,-47.52707125957204,-110.0,-40.99307534482538,-41.42129312462393,-110,-26.270481493888926,-51.74557901134269
53,-3.61654,-4.58647,1.5,-38.38472993688938,-44.11758424002339,-30.32555161718503,-110.0,-41.789208182331585,-40.716780551683975,-110,-37.4721415364389,-62.07802247782634
136,-0.616541,0.413534,1.5,-43.141734880116346,-30.227262830951933,-32.958304610689545,-110.0,-52.31442564202757,-38.294932364451384,-110,-32.1926213294433,-44.24556120122749
38,-2.61654,-5.58647,1.5,-38.12495836762041,-39.93913421971482,-27.802798588279575,-110.0,-32.718397311960935,-47.9882204794601,-110,-40.7225340939097,-42.36280839452042
93,4.38346,-2.58647,1.5,-52.21340244466145,-76.29522710400649,-39.64574052086616,-110.0,-28.591151908847817,-37.160329689174446,-110,-29.927736607759087,-40.66740869649941
212,-4.61654,5.41353,1.5,-45.196325751369834,-42.63361641584057,-41.76673399227908,-110.0,-47.51717994363997,-46.629964065777585,-110,-38.2085526813489,-49.900932604382575
99,-5.61654,-1.58647,1.5,-38.32109029754833,-43.846121017688205,-35.91022610279156,-110.0,-41.89963944618217,-49.93815976750177,-110,-43.140219715873926,-48.22468918583136
84,-4.61654,-2.58647,1.5,-40.84492328725268,-40.17279410976714,-36.0574262419557,-110.0,-42.64618388071028,-41.57781628629361,-110,-42.309866166465035,-47.646654595936454
200,-0.616541,4.41353,1.5,-50.122204398666625,-28.1484548656914,-34.50064903473616,-110.0,-61.47186750184107,-46.06396572446711,-110,-36.669613320299554,-49.342336008480345
116,-4.61654,-0.586466,1.5,-44.47799555933258,-40.223256494394974,-33.485885259361915,-110.0,-45.70408466933752,-41.275335257234744,-110,-41.99788374478722,-40.61161554994797
23,-1.61654,-6.58647,1.5,-36.222674624619664,-36.070805317148654,-21.16293037070192,-103.56552304100606,-33.93375993922476,-47.31726356562581,-110,-35.16520100428885,-41.080448510654136
94,5.38346,-2.58647,1.5,-47.588279591926614,-46.861162842362255,-43.49992965131112,-110.0,-45.28984413734421,-43.93105815534907,-110,-35.77186640614076,-39.87704617829254
112,7.38346,-1.58647,1.5,-47.47014063775683,-36.5226150136015,-46.48897565126531,-110.0,-40.665560691276205,-36.82362980242368,-110,-36.6028867045104,-29.07478605057647
25,0.383459,-6.58647,1.5,-46.386991739649055,-50.58100910332034,-43.48507757046662,-93.31700640720258,-32.18153581151303,-30.50736067877472,-110,-41.02504048373035,-41.347322839748216
14,5.38346,-7.58647,1.5,-52.01371817347223,-49.152060193098464,-37.824255918393646,-110.0,-40.83303516402409,-36.70159898479637,-110,-45.61316414198912,-32.96638021039435
105,0.383459,-1.58647,1.5,-46.01126067335497,-46.73086870069194,-39.39472220045879,-110.0,-37.42620358261084,-34.588964977915964,-110,-31.72269622364594,-45.618478546089825
51,-5.61654,-4.58647,1.5,-29.247894767458455,-43.70049746415772,-38.75536241570104,-110.0,-42.90410008337981,-53.08111568722167,-110,-45.36675833386962,-41.256035274055904
192,7.38346,3.41353,1.5,-56.18911523027463,-59.48732686473813,-36.465686828243285,-110.0,-32.9739629345633,-23.02814707139974,-110,-27.7412183952085,-34.111530297780085
28,3.38346,-6.58647,1.5,-35.467565934323645,-50.606592269020496,-34.25776296073934,-77.42636359024928,-34.92534759053178,-33.007347092849386,-110,-40.58933830064183,-39.45232066215043
109,4.38346,-1.58647,1.5,-62.25872016348998,-74.76841531809374,-36.685061121617224,-110.0,-38.519703639794145,-32.11161685195292,-110,-34.61076596643611,-32.415835314543116
133,-3.61654,0.413534,1.5,-32.531113440420135,-34.34247627580408,-45.35635157712995,-110.0,-53.93122460581056,-48.611043122657215,-110,-38.38167364980086,-36.40666677287299
21,-3.61654,-6.58647,1.5,-34.4161578869225,-41.79627923884133,-35.650652960460434,-89.3819146141811,-33.68289605419884,-50.13558855580129,-110,-41.47702979612862,-44.40621178454643
4,-4.61654,-7.58647,1.5,-44.756953838251505,-47.136851560029605,-38.04447777443503,-110.0,-34.0176622880427,-40.468942356012576,-110,-50.05508384083798,-40.021390245833935
14,5.38346,-7.58647,1.5,-56.057824893275495,-49.35256985342948,-39.76404940927824,-110.0,-38.210648279122395,-41.87543294759376,-110,-39.525079165662994,-26.789893454910413
103,-1.61654,-1.58647,1.5,-37.007514400984235,-37.75466027151376,-40.694374604945935,-110.0,-49.621613578111536,-42.04702206281177,-110,-38.00386633466112,-53.494618653335294
55,-1.61654,-4.58647,1.5,-36.14431346862612,-58.77479630102816,-33.289921674021585,-110.0,-46.51878022370256,-44.23092678496745,-110,-46.96374689265693,-45.647965620839784
238,5.38346,6.41353,1.5,-66.79477759234008,-38.1681586082356,-42.825674093320295,-110.0,-44.248125980967,-34.868305361248794,-110,-37.382334486996584,-39.9844767169707
140,3.38346,0.413534,1.5,-40.723706412496895,-45.88421411093977,-46.71917485629885,-110.0,-44.757081646191054,-48.22603946570441,-110,-33.05119575879942,-52.78050156474809
97,-7.61654,-1.58647,1.5,-39.82466426317497,-42.77221765324245,-41.97956965584046,-110.0,-44.286275646872326,-44.404251006114166,-110,-42.022402986576886,-44.39906857606445
224,7.38346,5.41353,1.5,-50.54018621156293,-33.93830069545331,-50.243158302953546,-110.0,-34.84077016278946,-39.43421727843704,-110,-43.920460889720715,-42.81797412729645
70,-2.61654,-3.58647,1.5,-32.764020787121495,-34.753551506786195,-27.769121421324883,-110.0,-38.24580811510299,-47.421718547257754,-110,-33.869848495598006,-38.28634482588164
26,1.38346,-6.58647,1.5,-44.93151004679286,-55.60131526251568,-34.650381871306664,-93.95756445970312,-20.974700214563335,-38.1059189269542,-110,-52.21668069907797,-31.422178360524036
85,-3.61654,-2.58647,1.5,-38.66229831687048,-41.02552790796069,-43.676006337626326,-110.0,-38.97519621956748,-35.16788164878372,-110,-40.74137378227904,-47.771870154609346
133,-3.61654,0.413534,1.5,-32.918742706151015,-37.88701064062932,-45.681932778632216,-110.0,-49.11909781323977,-45.37610381808708,-110,-36.17942929504121,-41.61704745289452
113,-7.61654,-0.586466,1.5,-38.59054137919939,-42.922108655906015,-41.831968883278506,-110.0,-41.15852478306545,-33.29221258507705,-110,-46.96864903688442,-41.52173103048159
191,6.38346,3.41353,1.5,-53.24953759484739,-61.45823481031905,-54.419523625648274,-108.25523662670314,-48.75932593731807,-39.478691301202616,-110,-29.650088779019693,-47.63892100709467
137,0.383459,0.413534,1.5,-47.37189495521783,-48.80945255027761,-43.88368718588798,-110.0,-34.52650791228457,-35.56855995804799,-110,-27.522938115035945,-39.20594568680106
82,-6.61654,-2.58647,1.5,-55.84824443202206,-43.00968103874402,-42.42563455023855,-110.0,-48.0734015866872,-67.27026667435035,-110,-48.308350668365875,-36.68642846243415
147,-5.61654,1.41353,1.5,-46.577656615422185,-40.275100970589406,-30.80306207877287,-110.0,-51.725092587105216,-36.69005706799218,-110,-38.719304161707264,-64.52497638380666
36,-4.61654,-5.58647,1.5,-40.80943765366718,-44.376792500448346,-27.658958672992338,-110.0,-38.06990969883165,-40.74853273737491,-110,-39.791533720246754,-40.4453577315964
131,-5.61654,0.413534,1.5,-33.660821536962914,-38.081521385479824,-47.09885683428134,-110.0,-42.418698925302614,-44.95722618507575,-110,-42.67828244463632,-38.53057830000199
177,-7.61654,3.41353,1.5,-41.367147456616735,-54.95488969731286,-48.81124325707114,-110.0,-42.331456924715965,-37.889215292669896,-110,-37.05356412676852,-46.47164428208972
185,0.383459,3.41353,1.5,-49.20196485384542,-44.87889222772713,-50.80734847316646,-110.0,-37.100090032090826,-29.42876392440338,-110,-25.44802284505494,-36.0408132146896
180,-4.61654,3.41353,1.5,-36.36523666705759,-40.67677491992059,-37.180948140418394,-110.0,-46.9469232912904,-47.78267683329181,-110,-29.93056941525193,-45.87011866921662
192,7.38346,3.41353,1.5,-52.05243173260661,-52.19956268305956,-43.26666251230258,-110.0,-38.636949015463266,-24.40627741002096,-110,-23.987772471012676,-36.41318063338298
117,-3.61654,-0.586466,1.5,-36.387991343376335,-44.95566342319316,-38.132782918257355,-110.0,-37.777994136182365,-41.37355129385746,-110,-27.046749342985866,-41.06115272611799
92,3.38346,-2.58647,1.5,-51.95568468366045,-61.36760194432683,-40.35740397540118,-110.0,-45.76105058941006,-29.73169574769217,-110,-40.377039362180824,-36.70002761127285
169,0.383459,2.41353,1.5,-43.3299284956031,-59.92670958528884,-48.948547040187194,-110.0,-34.94937613237132,-32.31158972301649,-110,-24.73530543933829,-64.67268214340424
134,-2.61654,0.413534,1.5,-39.44487818366275,-40.14970582260256,-51.809246715910966,-110.0,-45.64149128570567,-36.58150933477922,-110,-30.44568540713114,-45.11633582825576
53,-3.61654,-4.58647,1.5,-39.993480786668904,-36.165487656189654,-29.79814554042308,-110.0,-42.24956001808283,-40.50476002384852,-110,-37.78879398722168,-56.2720302378868
81,-7.61654,-2.58647,1.5,-41.103782826685894,-41.43804541252334,-37.89529242608021,-110.0,-51.63849114593592,-52.270481598184475,-110,-46.70194908660484,-55.515843277906754
125,4.38346,-0.586466,1.5,-44.49951336072081,-46.050508212467506,-44.838603454119365,-110.0,-32.526050617384804,-35.31289144089911,-110,-43.298903123314965,-39.64307152484658
234,1.38346,6.41353,1.5,-27.671207736639637,-30.05056365605912,-52.4020483436275,-110.0,-42.16239085415205,-44.373299611336,-110,-27.877741818397237,-36.76771120594756
57,0.383459,-4.58647,1.5,-58.857858853631406,-47.28715108327921,-56.8070148980227,-110.0,-36.63407601961921,-44.49238080105226,-110,-28.90082995628275,-43.132513035595345
29,4.38346,-6.58647,1.5,-49.901388881026605,-57.4093117960492,-43.57182462435845,-79.11641610011479,-29.7763374084002,-36.40376319533702,-110,-40.08937152761772,-34.55678334024526
119,-1.61654,-0.586466,1.5,-43.275757510743354,-32.81887395651845,-28.465822140330665,-110.0,-43.0862546208557,-45.3918612342217,-110,-35.241219001554484,-50.29721789639218
211,-5.61654,5.41353,1.5,-41.795635893456414,-56.87198431450017,-39.27697161368736,-110.0,-56.067771047444104,-49.01093391656333,-110,-44.98042758947644,-42.13160196036851
30,5.38346,-6.58647,1.5,-49.00171792371474,-48.6187620305336,-45.22735472536811,-73.75921015841388,-35.280595196134826,-48.791017381609954,-110,-33.498430508682034,-26.852444654824396
154,1.38346,1.41353,1.5,-47.043481974032886,-50.52916268559183,-47.067599209786295,-110.0,-43.79871809771306,-40.87960060105418,-110,-34.99394206781913,-38.40889869171032
214,-2.61654,5.41353,1.5,-34.47019654494679,-52.79045202378849,-35.86173880169434,-110.0,-38.64835337647327,-57.93832803690402,-110,-32.6935189673044,-48.31072169809042
196,-4.61654,4.41353,1.5,-42.05615069367193,-48.20990710644728,-42.7441951398758,-110.0,-49.260352736650496,-48.53023900355412,-110,-37.9228958771647,-41.93920511269111
12,3.38346,-7.58647,1.5,-41.82697229588432,-55.23282304587166,-45.51556118124578,-78.63589035351973,-47.06677582022763,-48.32258302407871,-110,-42.858534387156254,-39.23529395181646
95,6.38346,-2.58647,1.5,-50.420208873276735,-61.574551894792336,-44.02003258610118,-110.0,-30.61008093802659,-45.55230845367249,-110,-42.50301643259512,-38.28003627041053
103,-1.61654,-1.58647,1.5,-27.465694545634857,-35.11099312156638,-48.080371628540654,-110.0,-45.35765288825887,-43.031059495777235,-110,-40.16416152806388,-57.01894993307469
154,1.38346,1.41353,1.5,-38.54751998500562,-53.08109635791549,-52.944838085841354,-110.0,-40.72941099240461,-42.61495322382733,-110,-31.46443575503015,-36.039831343405744
45,4.38346,-5.58647,1.5,-49.788347134028825,-50.20029377820952,-29.37430873284328,-97.79489623249566,-31.02188744608346,-39.5461433339952,-110,-41.30820631693674,-36.38011409091804
34,-6.61654,-5.58647,1.5,-45.46785032702556,-31.69608060801008,-37.05779004926991,-110.0,-39.247788960782785,-46.681287002921295,-110,-38.50804307576758,-33.11638276722067
94,5.38346,-2.58647,1.5,-47.22047053691412,-50.227804793569376,-45.46966750911982,-110.0,-49.67989246430295,-39.86007971337238,-110,-34.06331258624364,-37.31582443631877
55,-1.61654,-4.58647,1.5,-34.59174152692321,-49.87271893346178,-35.783324687420134,-110.0,-41.07006708435622,-45.56322514015896,-110,-38.07050572475645,-44.93840467469321
83,-5.61654,-2.58647,1.5,-35.855462004555996,-38.92236965344128,-36.933093564313026,-110.0,-38.74344555670381,-41.58958614222743,-110,-38.919054142027456,-36.5252604971528
125,4.38346,-0.586466,1.5,-36.68806237364149,-52.35310439825138,-45.38399318343763,-110.0,-33.33027859586323,-35.10976868914492,-110,-41.60527249656362,-41.19654098256767
109,4.38346,-1.58647,1.5,-54.30835760651647,-70.58509187668423,-39.775217911235885,-110.0,-35.569882146075706,-35.85452954613474,-110,-28.689506478634787,-36.632239263071384
223,6.38346,5.41353,1.5,-49.38187814318346,-43.64115341637166,-52.36357814365857,-110.0,-47.76805464688804,-42.03630322240797,-110,-37.66243872021941,-42.48648386612995
196,-4.61654,4.41353,1.5,-38.71245948028488,-48.372692439215456,-40.562139731713664,-110.0,-49.85465510946385,-45.880227026965194,-110,-39.48477208714997,-41.05199716722467
197,-3.61654,4.41353,1.5,-51.43496524584703,-47.7427260913806,-44.09278535357819,-110.0,-42.073861313071255,-50.88384993742357,-110,-34.86169196071564,-58.25619317292715
70,-2.61654,-3.58647,1.5,-30.825652007642095,-32.141549139953604,-27.498487655069443,-110.0,-42.55170819630707,-42.695505765647326,-110,-38.01415983272707,-35.90195212027363
149,-3.61654,1.41353,1.5,-40.24444593316089,-42.12194165656711,-37.79375223358399,-110.0,-53.14289687975405,-37.95423510802527,-110,-39.325872812688566,-49.3517495097524
235,2.38346,6.41353,1.5,-44.39159445817402,-28.934309517235416,-46.09652836727714,-110.0,-52.0900377927524,-52.61034370404562,-110,-40.16949284946555,-58.5417297519088
181,-3.61654,3.41353,1.5,-44.22176270789524,-36.45680288054507,-42.9388798134783,-110.0,-37.08918678846021,-38.47027210588987,-110,-34.253653359366595,-60.73762187050327
55,-1.61654,-4.58647,1.5,-32.89791114643238,-53.26744962025096,-37.831717012242336,-110.0,-36.936940067885565,-49.81324005156809,-110,-44.93566112505903,-45.05660444347975
155,2.38346,1.41353,1.5,-43.527370852505015,-65.16600269673681,-41.52502581343461,-110.0,-33.16620208399202,-33.90890398498446,-110,-32.16347616062554,-47.82872593468572
217,0.383459,5.41353,1.5,-43.85952095925219,-29.11176987120684,-47.20508779291443,-110.0,-49.9548065123,-35.44514586087928,-110,-23.712297825728093,-33.1705341231291
83,-5.61654,-2.58647,1.5,-34.39314774591795,-38.31529449661296,-32.00580886372086,-110.0,-45.28897475678484,-38.685540047875094,-110,-31.014349844330276,-32.76913786207423
221,4.38346,5.41353,1.5,-46.8761540856605,-41.921783228053854,-49.938241709107594,-110.0,-34.63896226954041,-48.121568042780126,-110,-37.12724488204484,-47.518935274157144
76,3.38346,-3.58647,1.5,-46.630924763142424,-45.596572827346,-38.412370783955375,-110.0,-36.829308154965446,-39.62645693589096,-110,-35.55915067679175,-35.44891854992963
99,-5.61654,-1.58647,1.5,-36.99557520603245,-49.118375882905355,-43.564353041831424,-110.0,-38.42934068049358,-49.0266941712381,-110,-46.86056854820818,-43.2882660461452
178,-6.61654,3.41353,1.5,-34.913176518119826,-47.2379074721709,-31.434622300204207,-110.0,-66.41997898099737,-42.24505039158868,-110,-46.48598054791274,-44.74340754241436
227,-5.61654,6.41353,1.5,-31.744402317427703,-41.584864412880286,-37.84157163582381,-110.0,-48.17041827903784,-68.61261339780262,-110,-50.92494254500021,-69.75961652003835
102,-2.61654,-1.58647,1.5,-47.08324079578624,-29.28586012870818,-41.61714484191387,-110.0,-41.59305559075798,-44.57869551035446,-110,-42.64828058772251,-44.5934821737808
169,0.383459,2.41353,1.5,-43.13257167040079,-58.010410899253934,-48.58884845031697,-110.0,-36.118788933336546,-37.36355631825334,-110,-29.043525095869267,-70.05649789344692
196,-4.61654,4.41353,1.5,-39.159299846255635,-50.785826715423994,-37.818896469772945,-110.0,-47.08879834931122,-41.51241632978921,-110,-39.639715710256866,-43.208141066069906
72,-0.616541,-3.58647,1.5,-36.48851355628857,-42.413913927516575,-52.758213763480946,-110.0,-47.02295290182946,-43.107702685171134,-110,-35.44713704503348,-48.21532893291297
171,2.38346,2.41353,1.5,-55.3306542406746,-52.68700729696214,-42.534869879394016,-110.0,-49.72342974450949,-33.31012357136448,-110,-23.64791334186148,-46.98111823909659
104,-0.616541,-1.58647,1.5,-47.29152219623336,-32.16504638739085,-30.802632347243957,-110.0,-50.16436379049919,-46.772465007775615,-110,-33.241400842866646,-45.989576053276934
173,4.38346,2.41353,1.5,-46.51581280785006,-42.98864512173824,-44.5410955359535,-110.0,-38.39446128268052,-31.628866597127512,-110,-28.25747004717371,-45.278173573477055
227,-5.61654,6.41353,1.5,-35.516241099187766,-44.877871521322994,-34.533388418813026,-110.0,-51.70283758523645,-69.33004046825236,-110,-54.26193320989153,-68.05077339029361
135,-1.61654,0.413534,1.5,-40.92419651940523,-35.06706440064014,-36.31281535499778,-110.0,-50.039973758577,-38.95828189057,-110,-30.654332480082676,-43.20731885606104
112,7.38346,-1.58647,1.5,-45.02006744364859,-38.62981297992732,-42.05490958968316,-110.0,-39.7171489882258,-37.94329544445023,-110,-33.22982253463705,-27.713966933135065
92,3.38346,-2.58647,1.5,-44.141461449278395,-63.2181179718525,-37.63439582542753,-110.0,-40.352180475415096,-33.60986507157008,-110,-39.58804771208682,-34.7575380922482
170,1.38346,2.41353,1.5,-53.942104333416495,-46.000798334268374,-38.48149733577644,-110.0,-40.69800332808581,-41.71874235119699,-110,-29.205039440237236,-47.40332274016925
117,-3.61654,-0.586466,1.5,-37.6222876629949,-47.23468672397225,-43.04745489774705,-110.0,-40.46722868963055,-38.76885504283982,-110,-30.6200670037037,-47.64279810332955
56,-0.616541,-4.58647,1.5,-41.20816412171975,-35.2011377270274,-27.68612503658241,-110.0,-55.70127409000579,-44.639508032583656,-110,-42.04379009333438,-34.3782282943436
142,5.38346,0.413534,1.5,-52.83928890300736,-34.44319745765278,-48.43850478541367,-110.0,-57.34669825714436,-30.77642384730178,-110,-33.63530700454294,-41.22530719007746
105,0.383459,-1.58647,1.5,-44.74924757067959,-42.5740140540641,-40.090826000023135,-110.0,-32.764532453244534,-33.91884883933715,-110,-31.989226689267724,-36.14931647282126
77,4.38346,-3.58647,1.5,-47.88967717514283,-52.195412074738,-37.50597633171488,-110.0,-34.23179324740561,-44.36486580057585,-110,-41.23367218285617,-30.51660142926431
20,-4.61654,-6.58647,1.5,-35.13779297493674,-49.59392326087416,-34.70195479916806,-77.90852486675593,-41.7863479581848,-51.27331988391416,-110,-37.82832027665798,-43.69729745834032
50,-6.61654,-4.58647,1.5,-41.62999158501956,-33.25785520288285,-22.959645722893868,-110.0,-41.133308625957504,-37.54411536683054,-110,-34.79141149824685,-43.169857907069655
160,7.38346,1.41353,1.5,-58.718500216947014,-44.54603551361965,-45.82314365666069,-110.0,-38.75943000932494,-25.76953509070883,-110,-42.098807851634405,-42.46493251083984
136,-0.616541,0.413534,1.5,-46.1553591697196,-28.688791894493917,-34.63525036642194,-110.0,-57.67215484185348,-47.44160999543034,-110,-27.168907134540227,-44.062682615455245
177,-7.61654,3.41353,1.5,-37.05930634370576,-55.406664447422415,-49.537089230301845,-110.0,-43.565114008138835,-36.08563749863785,-110,-37.30024004231577,-44.57825375809437
112,7.38346,-1.58647,1.5,-44.83320659350056,-39.1225599991856,-38.1129747451808,-110.0,-37.73400155916109,-38.28431871358592,-110,-33.33411532426005,-32.17254676164439
167,-1.61654,2.41353,1.5,-50.169610241197795,-30.91393849660131,-38.09158636523241,-110.0,-48.82095468844672,-39.251420746735235,-110,-35.65299627031055,-41.25772294298628
153,0.383459,1.41353,1.5,-46.42970394155746,-53.13720272518235,-41.35643606613931,-110.0,-29.648629810650256,-32.042956287149835,-110,-29.97394632757724,-35.79299158883287
123,2.38346,-0.586466,1.5,-42.296897437621006,-71.48484440414147,-65.16894097680752,-110.0,-44.74940351138918,-48.762031371593544,-110,-40.67883196944983,-37.584857159756005
19,-5.61654,-6.58647,1.5,-32.09877290212834,-59.126289978197825,-44.75181522404894,-110.0,-44.93408590138221,-43.87213722170306,-110,-42.39347340423638,-47.22325205840668
175,6.38346,2.41353,1.5,-61.55573107163726,-55.78660571826038,-40.318695929808456,-110.0,-37.98770833145047,-32.82951931649103,-110,-32.927035311733256,-46.74569695137792
174,5.38346,2.41353,1.5,-50.76733122270261,-55.20825355091925,-43.08463456950471,-110.0,-36.032472896104395,-34.318496822568406,-110,-31.666521532862795,-46.18701025206688
95,6.38346,-2.58647,1.5,-58.70061284373837,-57.31310872490196,-45.30018112761363,-110.0,-26.382715941181104,-54.93830358195073,-110,-33.2707714788066,-37.259915386266016
18,-6.61654,-6.58647,1.5,-32.893967524197855,-41.43279875401259,-33.96459668428277,-84.66651805797765,-35.15907966992345,-43.70939197795574,-110,-38.336534295450626,-44.14689705528883
158,5.38346,1.41353,1.5,-61.477732123384314,-67.51614670981967,-41.49938216423174,-110.0,-31.43675683169681,-49.67433346109392,-110,-48.72412969692597,-52.99450056870327
37,-3.61654,-5.58647,1.5,-40.65990302925195,-39.6107766264322,-28.14482091081169,-110.0,-34.81661453433656,-44.76009487931068,-110,-47.21039365273598,-36.772376105152226
56,-0.616541,-4.58647,1.5,-45.32406789968793,-30.52076791015555,-24.94731011256766,-110.0,-54.79657415579317,-47.1102115791277,-110,-42.880365257553706,-36.394496073273594
34,-6.61654,-5.58647,1.5,-45.60932619216573,-36.27382026157321,-36.05878749922493,-110.0,-33.499667542919724,-46.482702941109146,-110,-38.36832424435621,-43.94712630867791
65,-7.61654,-3.58647,1.5,-41.14889703894164,-39.223113720252144,-35.68442416472241,-110.0,-32.826753974540566,-37.644792163168916,-110,-32.38197737225196,-47.28516051215354
39,-1.61654,-5.58647,1.5,-29.37968819275956,-44.074886554453265,-26.047694118381628,-110.0,-26.861329809817367,-40.436849710142,-110,-46.31774364729867,-43.65631291239175
95,6.38346,-2.58647,1.5,-57.722960977488675,-61.05619086740138,-41.688613787253786,-110.0,-33.103500333062264,-50.844220378153146,-110,-37.8058156016162,-34.49310165122961
199,-1.61654,4.41353,1.5,-43.47886726116762,-43.79068765801443,-48.58823458892534,-110.0,-54.43157713861548,-41.01122524702014,-110,-30.94649945575164,-37.51467460977456
4,-4.61654,-7.58647,1.5,-35.89464769552216,-45.88699708588849,-35.04807922452619,-110.0,-33.66690349880973,-36.08823301956337,-110,-50.075961080467536,-43.86147861990629
25,0.383459,-6.58647,1.5,-50.65962646170783,-49.468792821890915,-36.63439351031732,-97.0562149539598,-30.96388379170196,-40.53993943151709,-110,-40.46552175842325,-34.79202830815284
235,2.38346,6.41353,1.5,-44.05996677585294,-26.99600939782561,-51.659345781922454,-110.0,-49.82789592027873,-49.20524917446649,-110,-48.321688774178675,-46.33295809869493
203,2.38346,4.41353,1.5,-52.15817762978538,-44.53069155250243,-57.76318348018998,-110.0,-42.73075756455813,-36.283668363496645,-110,-45.79148511551785,-29.071972076450702
173,4.38346,2.41353,1.5,-47.54618821598127,-37.69357508296802,-41.483089098095384,-110.0,-38.967391654988305,-31.9146665331015,-110,-32.9701479231786,-45.271648895072616
123,2.38346,-0.586466,1.5,-48.279305173496915,-64.82286028247015,-71.30049843727502,-110.0,-39.892220752901096,-45.03356846471441,-110,-35.43717534692202,-41.67716526141507
197,-3.61654,4.41353,1.5,-46.683624331166634,-42.903506839513035,-43.848894626540186,-110.0,-44.0380620651939,-55.67778417451654,-110,-32.863181730311496,-52.04945352562768
28,3.38346,-6.58647,1.5,-33.87243513451866,-38.05189880539329,-31.509882217272096,-71.94628335156725,-35.05123588314803,-37.228012635630705,-110,-38.84163146691463,-39.21858117297825
4,-4.61654,-7.58647,1.5,-36.91104444658554,-42.263932707899585,-40.71807812091582,-110.0,-36.38833663701549,-41.9772673205133,-110,-40.26419648397899,-44.89135133471526
159,6.38346,1.41353,1.5,-54.634583614173785,-57.74123196989631,-35.21161535618704,-110.0,-41.6849019685397,-31.166905030737535,-110,-63.67972791644806,-47.83988044577291
229,-3.61654,6.41353,1.5,-41.542277081455246,-32.32956266784943,-50.96570275179432,-110.0,-63.57929103118326,-72.53607321892278,-110,-48.82485269540644,-45.68186974216404
228,-4.61654,6.41353,1.5,-26.572722385903617,-38.98316848261206,-55.82183703374003,-110.0,-58.00539813753864,-63.52392719754777,-110,-45.682050187481465,-58.84758067384361
238,5.38346,6.41353,1.5,-58.634455090817134,-38.354142577285984,-42.523095596231755,-110.0,-40.99812754137171,-26.06975249874349,-110,-40.171891532163045,-41.54865237600801
22,-2.61654,-6.58647,1.5,-36.84713584567928,-50.90178198226118,-27.498879038333907,-80.81097932490154,-34.02805005639905,-35.195704857973794,-110,-42.69790189132766,-45.36240782726794
149,-3.61654,1.41353,1.5,-37.746608587779875,-39.478898667824495,-39.82019301950032,-110.0,-54.019536603923015,-33.50573682239499,-110,-38.16202995660885,-48.10001542022338
146,-6.61654,1.41353,1.5,-43.41851776080632,-55.1627772468342,-39.84309524044436,-110.0,-50.66949934050084,-33.802714941226306,-110,-36.53902136677621,-45.38650571442512
139,2.38346,0.413534,1.5,-41.148422977940754,-54.58970926364393,-54.9715752081108,-110.0,-37.07476881648261,-33.911799820986886,-110,-34.8160401701622,-40.695493025535946
34,-6.61654,-5.58647,1.5,-47.79406594222621,-35.239393159785614,-39.80351024906591,-110.0,-37.099288828261805,-43.509249968763264,-110,-41.566393657569,-42.463763764954145
30,5.38346,-6.58647,1.5,-39.69566829159148,-38.302524341716584,-43.67105459852441,-79.95149548687947,-39.459876062398266,-43.71320756389007,-110,-33.651929148188685,-24.37393884564754
163,-5.61654,2.41353,1.5,-28.66885140620944,-42.19474768902657,-48.18612435067911,-110.0,-48.87546738973917,-50.94498263773555,-110,-36.610615237156104,-41.51395578035028
178,-6.61654,3.41353,1.5,-28.9723553989176,-46.38668925404716,-36.52874157031113,-110.0,-60.433811903804525,-39.34521300754901,-110,-41.79847708603744,-50.30768835393354
175,6.38346,2.41353,1.5,-60.28032118359001,-48.89601978730716,-40.68343125615601,-110.0,-39.783203588272066,-28.761867372051135,-110,-32.637911075446695,-42.110254347123934
1,-7.61654,-7.58647,1.5,-110.0,-110.0,-110.0,-67.55299783069462,-83.2470967328371,-110.0,-110,-110.0,-110.0
102,-2.61654,-1.58647,1.5,-44.58682140772084,-35.45069743934418,-35.025141575314244,-110.0,-42.43559919661956,-41.005348839230955,-110,-39.470788791720295,-43.37008269499587
190,5.38346,3.41353,1.5,-55.3558969618149,-50.275180543748306,-44.39342489473546,-110.0,-32.1895219620477,-29.34713125414433,-110,-37.918086840519585,-35.210585789743575
105,0.383459,-1.58647,1.5,-39.04253748806255,-43.80332057034379,-48.056647018112834,-110.0,-35.42406099214263,-36.103259051089864,-110,-32.977410801525714,-41.74356475498915
214,-2.61654,5.41353,1.5,-40.65097816555517,-57.173006926809194,-37.94109313256275,-110.0,-42.61055444200263,-57.06451012171111,-110,-27.650418810822032,-50.454161182216744
89,0.383459,-2.58647,1.5,-43.55216648907603,-58.317398363675714,-44.167192566123205,-110.0,-31.4626335629558,-36.87191989094753,-110,-30.893253119495768,-32.598325123845314
84,-4.61654,-2.58647,1.5,-46.59677485837865,-40.284849800975906,-40.43118399658378,-110.0,-44.73444232219289,-42.580268418238425,-110,-45.19996138872461,-50.500324958715034
173,4.38346,2.41353,1.5,-52.08285543277981,-40.86778510819075,-39.9203873694498,-110.0,-44.31156908909826,-28.9066686595107,-110,-37.67730447090651,-47.02948342414868
129,-7.61654,0.413534,1.5,-36.71665399939085,-41.26400302264848,-34.73047368119105,-110.0,-44.63524672312462,-47.54412421942757,-110,-42.569825674354306,-43.364532319925665
165,-3.61654,2.41353,1.5,-35.021709379347705,-28.028637481354423,-37.70105205360179,-110.0,-32.55432013108178,-60.20767333204975,-110,-28.789364076270644,-48.869708882099445
160,7.38346,1.41353,1.5,-57.59259826330778,-46.04796715883209,-45.921779424165194,-110.0,-41.306825925635835,-31.726410208440026,-110,-39.55260899874498,-39.563704637074835
58,1.38346,-4.58647,1.5,-50.1098493981265,-54.14820877506003,-39.65214430431484,-110.0,-29.898510840696755,-34.54211545551287,-110,-42.49596383008087,-32.56361679989974
215,-1.61654,5.41353,1.5,-42.05250538874268,-35.799417505383914,-43.86746167792942,-110.0,-47.58916794062463,-41.36651841319782,-110,-42.84054783207914,-41.75742024681242
216,-0.616541,5.41353,1.5,-58.062208815010294,-24.167014044590218,-34.09149684966714,-110.0,-51.77292016658956,-55.369076660569775,-110,-39.82838633526089,-51.80495727201116
210,-6.61654,5.41353,1.5,-28.11592099079312,-49.49754242319182,-45.21489375343857,-110.0,-51.14340976703606,-53.28572063732575,-110,-52.304249449700094,-47.34597278696634
39,-1.61654,-5.58647,1.5,-32.0326791254947,-42.581366909894555,-32.11127094206318,-110.0,-31.155100588204395,-43.177676237875446,-110,-41.48839510267676,-48.07105671308366
109,4.38346,-1.58647,1.5,-51.63082520517618,-66.55130648614318,-40.99715615300987,-110.0,-37.80354715543934,-39.6477957482852,-110,-35.264781670989144,-39.66612286069186
20,-4.61654,-6.58647,1.5,-34.08820218783813,-38.23042123492252,-38.57594836769977,-85.34056165915304,-43.36089503374434,-55.04416723431361,-110,-30.98704214292321,-40.68694894930142
126,5.38346,-0.586466,1.5,-41.65763231631044,-42.14040048712656,-45.61325592505508,-110.0,-38.6325810109798,-35.46618868536567,-110,-34.28336154262402,-45.15326363329713
125,4.38346,-0.586466,1.5,-40.83264736779939,-44.41894987354982,-46.05484518960034,-110.0,-38.04071818331956,-33.331719908016844,-110,-39.12967435521996,-36.94436502721252
139,2.38346,0.413534,1.5,-45.03372165170605,-55.42906004534893,-50.235649245675035,-110.0,-37.22781236590054,-33.40947799870535,-110,-35.3675620955332,-39.567914475770394
29,4.38346,-6.58647,1.5,-38.76563331988669,-53.63916594236466,-46.17514421455006,-76.75677567812522,-33.834706566338475,-36.68655060447525,-110,-39.741281705909245,-27.978067405364413
67,-5.61654,-3.58647,1.5,-41.04653129292443,-40.03253009527827,-41.1480685805557,-110.0,-40.12773196618922,-54.02547045660837,-110,-49.237854488140016,-49.69292701190308
93,4.38346,-2.58647,1.5,-54.661732053351486,-65.7702865730226,-39.90152290815989,-110.0,-30.725388450506127,-37.60654585696694,-110,-35.86154340843515,-42.629159041706075
198,-2.61654,4.41353,1.5,-54.44628355780209,-39.88384039633984,-43.146992248503,-110.0,-50.77440695493662,-43.50950582358283,-110,-38.74682011680481,-42.59751089877682
165,-3.61654,2.41353,1.5,-38.509150613711654,-31.08764225872281,-34.75808834837368,-110.0,-42.49862124852256,-54.39861509271698,-110,-37.03569896658996,-43.10577660712621
174,5.38346,2.41353,1.5,-55.661273195963496,-54.58886417112158,-47.345153770883186,-110.0,-33.56411869273924,-32.68399321384083,-110,-42.14204250040615,-43.851192490183706
39,-1.61654,-5.58647,1.5,-34.43260687184224,-41.49140533219408,-29.01665074110544,-110.0,-32.230818406677464,-46.17270332987844,-110,-52.65181975328219,-45.276164079664056
221,4.38346,5.41353,1.5,-49.306980541767494,-38.93877330360005,-50.864480196302374,-110.0,-34.353685088619,-39.31349123260874,-110,-37.62171650795126,-47.97566478033953
201,0.383459,4.41353,1.5,-50.20782263934423,-24.935333214349644,-47.68735201551067,-110.0,-36.45036774953788,-45.073018529217094,-110,-27.29254172755413,-42.06806291957125
33,-7.61654,-5.58647,1.5,-41.37413405509793,-36.17355327548261,-36.17186777135044,-110.0,-34.72085919593667,-53.44196759188436,-110,-38.6917692472447,-41.23305333474103
91,2.38346,-2.58647,1.5,-42.36862628923147,-68.98896389655081,-46.30885259368779,-110.0,-29.22864902453836,-37.889707438689705,-110,-41.702898378515215,-38.93218231503198
150,-2.61654,1.41353,1.5,-31.04541814693629,-42.0200646882099,-45.52719748284272,-110.0,-42.0686309810279,-42.19451569712019,-110,-33.97582882744984,-37.77307779654177
222,5.38346,5.41353,1.5,-45.051768523203826,-44.9968170728112,-49.293207491130296,-110.0,-46.29203680487283,-32.04622343899552,-110,-47.03005197563923,-36.249721768869165
129,-7.61654,0.413534,1.5,-36.56942269200101,-39.868159063294534,-37.22258020956947,-110.0,-40.34934957371506,-47.03231056452939,-110,-40.61806488651579,-45.50203932011595
79,6.38346,-3.58647,1.5,-53.50068421981119,-56.1473829607276,-43.781314419322065,-110.0,-37.15069190862699,-37.3163461015698,-110,-55.107701315071935,-31.045465079052352
138,1.38346,0.413534,1.5,-54.842050224027886,-51.79637684233614,-38.55433716727287,-110.0,-33.86944283349451,-53.09182908711585,-110,-32.726299693002865,-38.16965975970197
160,7.38346,1.41353,1.5,-59.971221799192094,-45.18652256005664,-48.21900213670638,-110.0,-32.80605497609589,-29.538866048175848,-110,-41.86660911679365,-45.25862544351008
138,1.38346,0.413534,1.5,-54.57545698337391,-54.66168317923516,-36.4038406117399,-110.0,-40.40677334537677,-53.83713526175204,-110,-33.19014957707354,-34.27099002908731
99,-5.61654,-1.58647,1.5,-47.37959220880512,-45.05534918813198,-36.97917190131368,-110.0,-41.07793417555101,-48.51129484071524,-110,-44.95494779778992,-43.94471189287776
188,3.38346,3.41353,1.5,-56.89604714187627,-44.86778352206545,-48.09461991258135,-110.0,-51.58188092787667,-44.55020146920369,-110,-30.775764050203943,-38.48332841222509
18,-6.61654,-6.58647,1.5,-38.32574751638628,-35.882865943910225,-34.96564569525439,-92.21806770287094,-34.155909723712185,-48.315450340357145,-110,-42.04597107105022,-42.66089759835575
82,-6.61654,-2.58647,1.5,-57.08954170451853,-42.59863810357312,-43.96886252701844,-110.0,-52.87816988303745,-67.02322587891285,-110,-47.30146197542972,-32.7805708214676
168,-0.616541,2.41353,1.5,-48.98881565211573,-44.86395386838011,-28.784291782030117,-110.0,-48.55079466003698,-37.84757683811016,-110,-28.439146450119352,-40.17935520872713
62,5.38346,-4.58647,1.5,-55.73808469447279,-50.106279971110546,-40.69100876834931,-110.0,-37.79410797171966,-44.18691914827822,-110,-41.87836570207299,-33.59255442704758
200,-0.616541,4.41353,1.5,-47.9864554796467,-25.390754353612294,-33.295599381309195,-110.0,-54.90251826219223,-44.67275184519622,-110,-32.6674332692429,-47.492038736829805
18,-6.61654,-6.58647,1.5,-39.20554007481413,-36.42538283094285,-34.30833132608302,-84.97723950454697,-33.62921376173656,-46.40023994183906,-110,-42.55127312636301,-36.702223063088
94,5.38346,-2.58647,1.5,-42.080125787127,-48.09136911683524,-47.993049419816984,-110.0,-38.351968320573505,-48.77714405009197,-110,-37.70168814651901,-34.7283681561889
194,-6.61654,4.41353,1.5,-22.634945415141352,-45.017000921119525,-35.35099132000474,-110.0,-46.07641937367019,-51.565151232966,-110,-36.42942993228734,-49.86172134008731
187,2.38346,3.41353,1.5,-52.93553743693801,-41.74898412739652,-56.33355996653398,-110.0,-43.65433780481738,-41.12485574913574,-110,-28.20325416078355,-42.97175863754385
145,-7.61654,1.41353,1.5,-29.52565264379757,-34.41334758643894,-36.22931661421214,-110.0,-46.562840004239774,-45.16736460110327,-110,-42.74358804268805,-44.81893676403557
106,1.38346,-1.58647,1.5,-46.061858929565915,-45.447847397619974,-50.887073540869814,-110.0,-47.720171604334034,-38.2053838836616,-110,-30.370660248376065,-42.57547522137445
27,2.38346,-6.58647,1.5,-49.95588560265188,-44.13679893696082,-26.77648621812946,-79.31777052733665,-40.21475609646754,-40.39584982949966,-110,-41.59969380338136,-35.59634509221678
136,-0.616541,0.413534,1.5,-44.68892680603359,-29.46744147314942,-36.99886045031661,-110.0,-59.107086189564,-40.78733796590385,-110,-27.52782376263399,-53.58088401290776
47,6.38346,-5.58647,1.5,-44.89304457563303,-56.15917201686901,-32.15934444619798,-100.19651538026052,-30.65980153639194,-33.82772848265174,-110,-39.92322996972959,-36.881879521473465
85,-3.61654,-2.58647,1.5,-35.297408628666815,-45.51329197961187,-41.4746207322237,-110.0,-39.76229519183215,-40.00378664219285,-110,-38.81593512827596,-51.317117454781005
6,-2.61654,-7.58647,1.5,-40.0808473720982,-39.26903080136185,-28.223923864723133,-110.0,-50.84095614258083,-54.748735526327245,-110,-38.13430078152838,-44.85934610702524
101,-3.61654,-1.58647,1.5,-28.48978662521577,-38.510639927114795,-37.720876359488216,-110.0,-53.73933038665935,-59.337091752151075,-110,-47.39293241171403,-48.63916498076883
57,0.383459,-4.58647,1.5,-58.861708533106466,-39.946294080675834,-53.168035551698395,-110.0,-33.73831995262891,-46.83975453454171,-110,-31.47354649256309,-45.45429062634719
97,-7.61654,-1.58647,1.5,-42.90715815350905,-44.54824741066221,-35.690415957655965,-110.0,-37.82182522240799,-39.41614542904185,-110,-43.951934104919914,-46.927894569033626
238,5.38346,6.41353,1.5,-58.34088309950448,-36.2838936940791,-45.33579330153907,-110.0,-40.801791500886246,-32.47246910376936,-110,-38.92203176789979,-38.15057165792077
158,5.38346,1.41353,1.5,-55.12629680122589,-66.4043712039268,-40.4474859174354,-110.0,-31.059356491494743,-50.92610844237834,-110,-42.952313448459904,-45.67979250166293
129,-7.61654,0.413534,1.5,-34.373026937195704,-33.893523666461206,-34.403629932366826,-110.0,-39.14956643416656,-45.93677533374162,-110,-44.21907900836337,-43.243834693023025
92,3.38346,-2.58647,1.5,-46.65530991734512,-65.11071035801953,-39.19806525340643,-110.0,-37.21230003243226,-30.548768568333895,-110,-38.292527206007186,-31.900920340519768
64,7.38346,-4.58647,1.5,-52.94606378024957,-42.04322198874923,-39.40281768980976,-98.0154896769945,-36.34342501916822,-33.53880991673328,-110,-38.494267387986625,-33.13745798504365
182,-2.61654,3.41353,1.5,-41.279547412750105,-36.85295269543267,-35.47343159523053,-110.0,-38.31467545591855,-36.6447853284096,-110,-34.963494400882595,-37.937676384748144
19,-5.61654,-6.58647,1.5,-37.94182078209289,-64.49494637998981,-43.55628475052316,-110.0,-44.06931813250013,-42.142306045661634,-110,-39.49505476664555,-51.542592601019294
224,7.38346,5.41353,1.5,-50.552422530091,-39.444131389721896,-44.15309447142959,-110.0,-35.75344003821705,-37.419958119509815,-110,-44.80482036413035,-43.979829835162
196,-4.61654,4.41353,1.5,-39.79457398617022,-54.566128604305334,-36.50150277321451,-110.0,-55.4521577489134,-50.41932428113587,-110,-36.234385740364175,-43.62219867671167
61,4.38346,-4.58647,1.5,-50.749130065678386,-50.83005189599399,-31.68519347993747,-110.0,-33.24756634325894,-46.2228395277686,-110,-36.800228007465485,-34.80558000172159
69,-3.61654,-3.58647,1.5,-37.94773974492604,-38.130030131729654,-36.3408513354666,-110.0,-38.3446447371219,-47.32332167036011,-110,-40.47553157859427,-49.709632159972514
5,-3.61654,-7.58647,1.5,-42.03628464368128,-38.94964489024156,-39.01745105361679,-110.0,-35.70947448830448,-55.144886735187626,-110,-61.949531234339226,-36.32208860328087
114,-6.61654,-0.586466,1.5,-29.449249740350467,-46.480953503523224,-41.49230456954512,-110.0,-52.46219050301549,-28.610697836722387,-110,-53.28859473869369,-58.08211570565014
111,6.38346,-1.58647,1.5,-34.05996796544956,-52.49394084347853,-43.08288909107283,-110.0,-32.19285111400069,-37.55915755982854,-110,-30.112187458597077,-34.56798049710283
240,7.38346,6.41353,1.5,-62.149709293501665,-34.53613808439742,-55.40993553116907,-110.0,-47.988456950317925,-37.527363196879456,-110,-34.37792034539976,-37.39973236584797
204,3.38346,4.41353,1.5,-45.35706742371149,-34.80078317013582,-53.00810824610884,-110.0,-44.85805558530472,-38.14957856014876,-110,-43.96814364522552,-38.65789326956226
100,-4.61654,-1.58647,1.5,-40.553552388292175,-41.619020661814766,-35.22273635386997,-110.0,-32.518049729945744,-40.355203702169,-110,-36.45289820443072,-45.41287609591265
33,-7.61654,-5.58647,1.5,-43.81787614775909,-39.40639820081738,-40.99140184223041,-110.0,-36.90768938060792,-54.34741796865822,-110,-39.34571123374451,-43.02251275988865
77,4.38346,-3.58647,1.5,-47.53564837143995,-51.837985552923016,-39.4409798623053,-110.0,-37.28115952529187,-33.40769062875539,-110,-43.94352218358639,-35.730487703891185
7,-1.61654,-7.58647,1.5,-42.51414623823894,-39.621012923421695,-32.30207641231133,-110.0,-24.986958684933654,-44.11444289932635,-110,-39.56918102214282,-57.30402796724912
38,-2.61654,-5.58647,1.5,-39.43681009080304,-35.12808410841669,-31.419449338216523,-110.0,-35.772947194315776,-50.08880295626474,-110,-48.17683046840617,-39.08310238406116
170,1.38346,2.41353,1.5,-50.8280697394303,-50.372882010381474,-42.88135980293267,-110.0,-37.84526748497421,-39.072412871389304,-110,-20.609789912298496,-49.84359104959216
24,-0.616541,-6.58647,1.5,-38.69961045422579,-34.98894290571776,-36.829159389263786,-101.56693483858272,-30.633748300450353,-61.4725346959609,-110,-44.69278493955071,-53.013394529134445
229,-3.61654,6.41353,1.5,-37.74684071984906,-33.122950435683755,-45.576199577694425,-110.0,-67.20765848474834,-71.23954851466176,-110,-45.72358656675529,-51.45933695128984
21,-3.61654,-6.58647,1.5,-36.10162354067891,-38.595648858781395,-38.71567960420123,-86.92277745828315,-29.08656711697058,-46.318137942067715,-110,-42.80675842008595,-42.40792463363253
143,6.38346,0.413534,1.5,-48.45610720711147,-56.76922572714539,-45.409140292359766,-110.0,-35.46779139933704,-26.54470347800312,-110,-32.42032914647896,-36.02441974995146
11,2.38346,-7.58647,1.5,-43.97912688934414,-54.617782484108794,-27.94759185220011,-80.13947875677746,-23.64859929938534,-32.440342099051755,-110,-38.640950902467594,-39.20228887908518
222,5.38346,5.41353,1.5,-40.650120268526855,-40.65419015040914,-52.60497031687847,-110.0,-46.91854925951579,-35.90110493948177,-110,-45.975981155762845,-36.93401346532179
115,-5.61654,-0.586466,1.5,-37.06250152470329,-34.12790423413513,-44.24112798989932,-110.0,-34.309417987093696,-37.959749418246425,-110,-39.27186616825892,-39.205407840274475
231,-1.61654,6.41353,1.5,-32.82956379277081,-22.218707238284765,-44.51120262478372,-110.0,-56.100731455598456,-52.03829211624959,-110,-44.107210264051496,-60.84188992215976
36,-4.61654,-5.58647,1.5,-41.85547331090576,-48.35808645677472,-30.211044797603495,-110.0,-40.719946183299584,-40.46939582169308,-110,-46.82565946249481,-36.65633049682397
233,0.383459,6.41353,1.5,-42.04973107569938,-21.73488199228152,-41.389836388240354,-110.0,-50.49552582572384,-41.3180163100696,-110,-42.04757158771431,-50.1906716709891
236,3.38346,6.41353,1.5,-62.2295982752108,-37.2086642395676,-54.69352983239224,-110.0,-44.68257886651954,-43.09171066852938,-110,-47.09212775332018,-46.10418482103875
86,-2.61654,-2.58647,1.5,-43.57359699871493,-40.043987646264725,-31.5517087260742,-110.0,-36.9172751001227,-45.22855446827921,-110,-40.64700046673801,-49.33683417378233
240,7.38346,6.41353,1.5,-64.75466951460675,-33.88114893014134,-50.48142456365402,-110.0,-51.853563651437,-37.1336005295786,-110,-35.51356184043988,-36.66090545043994
36,-4.61654,-5.58647,1.5,-40.206288181543336,-48.750481393003675,-29.710644124961775,-110.0,-39.25414232727784,-43.41925789729304,-110,-40.53820171242835,-34.01856886103937
85,-3.61654,-2.58647,1.5,-40.13877465862067,-47.048943129753354,-41.395965835975645,-110.0,-42.75975188380056,-45.10466647844056,-110,-46.471018180640606,-46.173923418166055
74,1.38346,-3.58647,1.5,-48.58713494650685,-41.456524394191355,-34.900102106996655,-110.0,-38.215512748189234,-45.01531433015396,-110,-41.3400735381551,-40.855068138636966
42,1.38346,-5.58647,1.5,-44.00047394797013,-52.5107672589303,-34.19350989074792,-92.63441568203854,-30.617993471989895,-28.120046672817608,-110,-35.13664062459622,-29.80148977275091
1,-7.61654,-7.58647,1.5,-110.0,-110.0,-110.0,-70.31518994265403,-82.55307307715702,-110.0,-110,-110.0,-110.0
105,0.383459,-1.58647,1.5,-46.5799252778464,-44.40695181865347,-40.26692705957899,-110.0,-34.63885543368315,-38.51176027642677,-110,-29.811242416758752,-45.99814255862205
240,7.38346,6.41353,1.5,-63.04026540024707,-32.34689698857389,-49.36483979225373,-110.0,-49.87882198332696,-35.39772275877095,-110,-33.668489790389316,-39.395389363851606
155,2.38346,1.41353,1.5,-45.683880245300664,-67.64522338939518,-42.483534250274296,-110.0,-36.04189813170219,-36.71205879420875,-110,-27.28729633277909,-40.15687729277394
159,6.38346,1.41353,1.5,-50.7547729834615,-54.303966274515034,-37.57136691192409,-110.0,-37.86489620598493,-30.32421687832371,-110,-59.39850088940316,-49.60336248988525
28,3.38346,-6.58647,1.5,-39.95724678392977,-51.95621369291189,-35.21775922828968,-76.12686509319342,-37.920063929688375,-38.72563621695502,-110,-39.87186555522294,-37.76916114800285
103,-1.61654,-1.58647,1.5,-35.23013920584683,-37.26924562248176,-41.658096464780954,-110.0,-47.590925337338994,-43.433633286300015,-110,-37.25959476811974,-59.530895181721405
230,-2.61654,6.41353,1.5,-34.23216545747606,-29.97926897803042,-37.48238486272356,-110.0,-68.50602393914504,-54.339573789924735,-110,-49.766019648573575,-63.0902832403862
187,2.38346,3.41353,1.5,-52.29894200381611,-45.13840008235576,-61.79237701610681,-110.0,-44.56421973592395,-30.076829726704617,-110,-25.44481890136226,-40.18085884526518
32,7.38346,-6.58647,1.5,-48.124637794367665,-64.17616720591269,-43.8215626412093,-82.82395761183466,-31.32454927583277,-32.55102642682098,-110,-47.59462946529989,-28.980459242465944
215,-1.61654,5.41353,1.5,-46.401927041805834,-32.35003018625061,-42.46947806970998,-110.0,-42.95767479002131,-37.717759435231024,-110,-37.7427222692761,-42.73740124793188
164,-4.61654,2.41353,1.5,-30.460976659616033,-40.500454881296726,-38.88212300902656,-110.0,-48.10092636471226,-43.2451721475831,-110,-30.106656864580103,-56.42348944433201
8,-0.616541,-7.58647,1.5,-30.553314684453884,-43.64020494237331,-52.71671510037556,-110.0,-47.48163440922006,-49.4060313841094,-110,-45.16665829704839,-43.3338696155242
206,5.38346,4.41353,1.5,-55.210793639257176,-40.74619446785475,-45.258610384859026,-110.0,-43.86221812996769,-39.054921014219126,-110,-37.46095941686126,-35.953473598238624
112,7.38346,-1.58647,1.5,-47.03894661702731,-41.73784569226768,-44.853046102790586,-110.0,-36.84926588767331,-35.75621444421884,-110,-39.14783001254849,-29.72955931507344
197,-3.61654,4.41353,1.5,-42.54831990723921,-47.89381373865752,-43.71516613665706,-110.0,-40.902235860283035,-50.83010253714291,-110,-33.35011482894746,-47.916287308112615
83,-5.61654,-2.58647,1.5,-39.898624615784634,-36.69264923629728,-40.35466175131616,-110.0,-43.22976339359855,-43.504191440737834,-110,-27.472042059703107,-42.05255901839013
19,-5.61654,-6.58647,1.5,-37.5810746692174,-58.05492962060426,-48.180581914715475,-110.0,-43.7738074059823,-47.3682913833429,-110,-47.50517109332525,-47.297225812793954
115,-5.61654,-0.586466,1.5,-38.83928481659049,-30.892052590208333,-38.15530235971096,-110.0,-36.03424014252669,-32.08904908902969,-110,-42.399624249303535,-45.55790253490544
213,-3.61654,5.41353,1.5,-44.623454892979346,-53.51155591088288,-51.525190365391786,-110.0,-58.60179503898284,-49.520591901232685,-110,-43.03521495225074,-44.91359775877515
207,6.38346,4.41353,1.5,-42.52100041736567,-47.09720738103088,-48.44092161642415,-110.0,-56.95148011868528,-43.88958795910848,-110,-38.20291156306577,-42.90665498468485
57,0.383459,-4.58647,1.5,-63.35652242885354,-42.64812133073922,-51.034847114966496,-110.0,-35.659442608345955,-44.986513319266656,-110,-30.741089496725397,-53.96508831357116
35,-5.61654,-5.58647,1.5,-38.09588531172081,-35.42271234140261,-45.9123250979239,-110.0,-29.813278041281507,-50.27165734850955,-110,-41.85211620110583,-35.93461484733379
115,-5.61654,-0.586466,1.5,-44.76737974780339,-30.392279686170873,-44.641092007900774,-110.0,-35.65141993163731,-34.840751184776806,-110,-32.61150643514011,-37.869486002703475
153,0.383459,1.41353,1.5,-48.272714129958686,-50.50821328997969,-44.58238174660743,-110.0,-30.25351062254924,-36.271107444830406,-110,-25.941022267298777,-34.173295866965496
32,7.38346,-6.58647,1.5,-56.178276499877,-64.67803869342858,-45.94130284109861,-79.69122267711055,-36.10041734763434,-31.899600735643094,-110,-43.02783398822475,-24.25120308021431
240,7.38346,6.41353,1.5,-60.187566660916715,-36.22899688826896,-51.02529212972049,-110.0,-55.56288305859516,-36.22247736092554,-110,-42.735549078849715,-43.743250392361595
92,3.38346,-2.58647,1.5,-46.75367333766259,-67.43692412759448,-38.98666121013807,-110.0,-43.46740496026011,-33.42655146001036,-110,-42.355508611140166,-34.1099987150041
236,3.38346,6.41353,1.5,-56.424732881806186,-36.01963479558256,-54.662153354777395,-110.0,-40.37835654541844,-32.559640466948814,-110,-43.30822892665877,-47.64143433641367
158,5.38346,1.41353,1.5,-65.0594001973407,-68.45353367002153,-44.07138030666522,-110.0,-38.07665643401431,-52.74053337547215,-110,-49.31551400054011,-52.28508875398151
232,-0.616541,6.41353,1.5,-44.32141985361913,-25.65761817513582,-31.849671918706232,-110.0,-59.11971581336542,-55.706304823828795,-110,-64.15883692042448,-51.61656156353395
41,0.383459,-5.58647,1.5,-57.51076546747273,-57.94524067958281,-57.510748795824234,-110.0,-33.26986376700743,-39.56950306699296,-110,-34.62841427006011,-46.98445586644547
176,7.38346,2.41353,1.5,-54.19668439772092,-65.23734919599207,-62.98590550330346,-110.0,-38.14104019438477,-30.510700690026525,-110,-30.869881433858698,-48.267300798730815
184,-0.616541,3.41353,1.5,-59.24714244675768,-31.77272324726909,-33.20561308248921,-110.0,-42.7942870767895,-34.05077296218871,-110,-27.382824366551603,-40.981246100330104
229,-3.61654,6.41353,1.5,-37.45876646304125,-36.28671979285668,-45.55945226690648,-110.0,-69.81031861901306,-71.7294539382504,-110,-50.3580616435986,-41.98464108332492
51,-5.61654,-4.58647,1.5,-38.87206789740229,-38.49572048038798,-42.9386980641103,-110.0,-37.80505724285428,-49.90911347610878,-110,-42.056520035833245,-44.36594711315818
133,-3.61654,0.413534,1.5,-34.31896904395152,-39.86302931640689,-38.183962711994475,-110.0,-44.22962836177696,-45.94439607761203,-110,-32.969401141017066,-46.90400788314174
237,4.38346,6.41353,1.5,-47.07484197020597,-41.544431485796466,-51.349837979804285,-110.0,-37.993178203971176,-27.349895407904288,-110,-37.47704846152423,-41.14233309985705
44,3.38346,-5.58647,1.5,-43.859406954131224,-50.78263407862914,-30.22495996688935,-95.80091968551253,-40.466197797016115,-36.53411569815111,-110,-43.68850030838458,-31.145003848033195
235,2.38346,6.41353,1.5,-44.27792036776107,-26.664037841587355,-51.71964772425782,-110.0,-42.30455846248447,-55.083859723029576,-110,-51.237746904721455,-49.35691430003706
190,5.38346,3.41353,1.5,-53.44742671390332,-47.80769959833985,-41.50161865219881,-110.0,-32.1659292388744,-25.548297811922,-110,-36.96223758446847,-34.56961808596994
6,-2.61654,-7.58647,1.5,-34.35887822969072,-43.65484706741132,-29.63199744938563,-110.0,-37.41052070786241,-49.6453346588017,-110,-33.619074096704445,-46.96999298506289
136,-0.616541,0.413534,1.5,-42.36168681766978,-32.02983996149724,-27.37403405809889,-110.0,-58.47301965597427,-40.83095581066881,-110,-35.532281620276024,-44.92225962334316
194,-6.61654,4.41353,1.5,-21.08123286857952,-51.5441378139009,-39.2648692634334,-110.0,-47.519073876593986,-50.88666500077933,-110,-39.19339739520802,-52.374443796150274
32,7.38346,-6.58647,1.5,-55.05781705091434,-59.98902939740176,-44.61666157862119,-77.11984786914107,-31.49770541227469,-36.912447040727194,-110,-42.12462128153413,-32.995839687354795
127,6.38346,-0.586466,1.5,-44.35087124056162,-40.91793544269216,-42.79538062054383,-110.0,-47.93339238661706,-31.79589532419624,-110,-36.20619191200988,-36.77948092827558
108,3.38346,-1.58647,1.5,-52.69076856012294,-67.4334700073343,-46.18782193122957,-110.0,-38.85213119780106,-33.96132417902828,-110,-39.81044047463482,-36.43184623351982
96,7.38346,-2.58647,1.5,-56.13361989625773,-38.8591141503058,-36.09129368387603,-110.0,-44.02914936431289,-33.12547436451109,-110,-48.078031277945186,-35.23868819255674
126,5.38346,-0.586466,1.5,-35.841742347398416,-44.75173105873107,-46.725396683571226,-110.0,-34.87932433278449,-36.155889217974405,-110,-36.26786809319239,-44.37061777864606
148,-4.61654,1.41353,1.5,-43.52546849525602,-32.26392309176043,-38.738185849053565,-110.0,-57.14396259352959,-39.3366652163158,-110,-44.23051087384927,-44.43820868124904
166,-2.61654,2.41353,1.5,-46.92292344988813,-33.52472549751416,-45.65027456781159,-110.0,-41.68051670090872,-41.129807658981925,-110,-26.840079905428873,-53.74255053324727
201,0.383459,4.41353,1.5,-54.5420995826297,-28.267703493912535,-51.679707631150926,-110.0,-39.82294006468989,-40.81317069851873,-110,-31.57420676766187,-38.39401160981593
99,-5.61654,-1.58647,1.5,-36.417211991100665,-49.50973376537597,-33.16546139769765,-110.0,-45.34481887397743,-48.75013447536426,-110,-45.1671304903237,-40.00086958483652
200,-0.616541,4.41353,1.5,-49.645518126377226,-30.79389168596297,-38.83481473110892,-110.0,-58.03319934996435,-51.39289931984536,-110,-35.215788704749826,-44.95674950301183
74,1.38346,-3.58647,1.5,-49.59326484477061,-47.30379289733297,-38.789975984105666,-110.0,-27.654344852239557,-42.572933356276614,-110,-39.04488494088485,-45.23248720607909
4,-4.61654,-7.58647,1.5,-39.02646528929273,-39.548032176735376,-38.97856510492953,-110.0,-37.15805707451023,-40.01693118407519,-110,-44.64866680874781,-42.67344748531446
234,1.38346,6.41353,1.5,-32.12655353530291,-25.71557985140754,-51.23137719683942,-110.0,-38.034516910533185,-45.50513034161935,-110,-27.257704802471284,-36.07254575415825
86,-2.61654,-2.58647,1.5,-36.38802871643787,-39.766194445992205,-35.167591811295644,-110.0,-44.2853640048389,-45.25232216211245,-110,-37.525389879495144,-45.14734580451122
107,2.38346,-1.58647,1.5,-45.45731955968288,-52.33455197509102,-47.108725453583894,-110.0,-39.976091500240024,-47.352607687519125,-110,-35.116553858421604,-34.76469447996144
9,0.383459,-7.58647,1.5,-38.65401793897997,-47.02108707803134,-32.32791739862362,-110.0,-31.380250331673615,-30.747187789372543,-110,-39.69702185161567,-29.954841347145877
131,-5.61654,0.413534,1.5,-39.33948948667489,-36.84426701600863,-50.66169688649955,-110.0,-38.239262156665546,-41.03771310218255,-110,-41.34456339074557,-47.292769801404745
140,3.38346,0.413534,1.5,-45.74058245463499,-41.27996327673262,-47.55018562484686,-110.0,-42.92001539206368,-44.13588724137321,-110,-34.367114650266416,-45.94623793863885
49,-7.61654,-4.58647,1.5,-41.07810294503905,-43.5244761874659,-37.02646665591194,-110.0,-41.39465617247065,-56.459595980515786,-110,-43.28012402949385,-32.76544943280386
185,0.383459,3.41353,1.5,-44.76296207490745,-50.93425943063515,-48.485711099689,-110.0,-37.14271969098933,-30.502324502918302,-110,-23.47173263119616,-29.031959183725817
55,-1.61654,-4.58647,1.5,-32.1175205313363,-57.25709718631845,-33.95210293697344,-110.0,-42.59595522403488,-49.12390579114321,-110,-41.9553155876576,-42.917007648459034
157,4.38346,1.41353,1.5,-53.02363005456488,-41.070027799027315,-49.1382287178973,-110.0,-48.08931368084377,-40.693641206716,-110,-25.822768312694173,-41.63257593166863
158,5.38346,1.41353,1.5,-63.548694267812415,-64.0640375918662,-42.214623194011985,-110.0,-35.09101269887536,-55.37961927504841,-110,-48.16463862004327,-49.78225245597129
134,-2.61654,0.413534,1.5,-42.86895908168668,-36.467540689417376,-45.22733953933097,-110.0,-48.71305627357429,-37.678729930533144,-110,-35.04294669897828,-50.39711641619239
57,0.383459,-4.58647,1.5,-62.57765580408431,-41.7370114291292,-52.85849008896034,-110.0,-44.25295431879245,-41.04568019097498,-110,-32.67805313911572,-52.0155650043606
107,2.38346,-1.58647,1.5,-50.832770502340296,-57.90961824875768,-47.51086679550636,-110.0,-37.61460109434258,-44.52669774882648,-110,-35.39888608763934,-37.049221549421226
207,6.38346,4.41353,1.5,-44.419326209519824,-45.73219023206444,-53.330850276630514,-110.0,-49.17263535293685,-35.46784015883654,-110,-38.980793638194825,-45.6566357734597
210,-6.61654,5.41353,1.5,-23.05183297490648,-50.218309347222466,-41.49441422755281,-110.0,-46.69533439883967,-51.33800611266967,-110,-44.23750154429592,-47.92080602520189
150,-2.61654,1.41353,1.5,-29.83070481434763,-40.57185310703595,-43.70994682987991,-110.0,-38.16625522829966,-47.16174695777589,-110,-33.80020926087229,-42.08183579756152
39,-1.61654,-5.58647,1.5,-35.08369472789066,-41.073520402094104,-26.090319739703467,-110.0,-29.784330338885063,-43.932196051700835,-110,-42.49962944820364,-43.43568057393276
76,3.38346,-3.58647,1.5,-48.778062241249586,-51.44055927181858,-38.80471210490707,-110.0,-32.27612561281579,-38.665055230474294,-110,-41.72750340421795,-32.533401185813965
57,0.383459,-4.58647,1.5,-58.51618662605492,-44.276327033877656,-46.759271670812595,-110.0,-36.47997773077743,-47.64567299790133,-110,-36.19268676680748,-51.59498257927889
106,1.38346,-1.58647,1.5,-48.18140501334413,-51.516106000862656,-50.23026556456951,-110.0,-51.76659119615165,-34.83148431451354,-110,-33.205297499850516,-37.54945934340011
69,-3.61654,-3.58647,1.5,-39.57673861782931,-37.455109773950255,-35.53316358060587,-110.0,-36.371380511680606,-40.60482962778282,-110,-41.330057699202975,-45.645191402578696
137,0.383459,0.413534,1.5,-43.83332149210556,-41.46525209307275,-52.084157718015774,-110.0,-32.955587813237365,-37.07319402134299,-110,-24.93170986330456,-36.51670207831301
234,1.38346,6.41353,1.5,-27.212771903817934,-27.280179886504968,-51.12594398893855,-110.0,-46.18908459731285,-44.76066910718913,-110,-25.18544232970623,-42.663036819876446
104,-0.616541,-1.58647,1.5,-49.398736634671586,-34.175201680361155,-33.386291163932526,-110.0,-44.951180220421385,-47.64400627561272,-110,-30.564184290700204,-45.33843688508378
152,-0.616541,1.41353,1.5,-39.01287456789044,-32.495435643592955,-35.13832448646277,-110.0,-42.01953967225485,-44.58227885406201,-110,-29.309980287417815,-45.483419778611236
125,4.38346,-0.586466,1.5,-42.5349320564671,-46.9864323631466,-45.38657526043424,-110.0,-34.04606601603711,-30.751534470348,-110,-38.13871553486928,-38.648229266127146
214,-2.61654,5.41353,1.5,-41.3411114134169,-51.72364979963989,-36.51190338734611,-110.0,-36.835569441254265,-55.083283700064825,-110,-36.50803041371514,-46.28130276916212
181,-3.61654,3.41353,1.5,-39.297481814825105,-42.21349851815277,-42.84267222276052,-110.0,-39.71023900174396,-32.364205543619825,-110,-34.52978511242243,-59.67439845192941
69,-3.61654,-3.58647,1.5,-44.38040733966689,-36.12906912024044,-33.6317981628418,-110.0,-36.35740365428937,-47.351126101390406,-110,-41.45410960223995,-47.487037405536526
166,-2.61654,2.41353,1.5,-45.631555216127126,-29.88665325979352,-45.76916948112044,-110.0,-41.343455085193874,-46.33966220698769,-110,-32.88878163175694,-62.45023458091448
122,1.38346,-0.586466,1.5,-55.01849100871738,-50.4480885513534,-50.95050745386511,-110.0,-43.5947245758509,-56.90430629066775,-110,-32.83309094026098,-32.43560643143986
237,4.38346,6.41353,1.5,-48.63247528923016,-46.50682059104112,-53.698908651485816,-110.0,-41.04809605248179,-32.42932619009808,-110,-38.738626401357536,-38.23998051655569
21,-3.61654,-6.58647,1.5,-35.22787167293308,-41.897977948060216,-40.7184897362051,-82.38675021722916,-33.89392156116059,-51.79721417199727,-110,-39.40551002137816,-40.307176309282355
217,0.383459,5.41353,1.5,-46.98686446533814,-27.42022177957348,-39.89151906421317,-110.0,-48.64111306950995,-38.780210101796634,-110,-19.070093548494732,-37.00905737719887
231,-1.61654,6.41353,1.5,-32.13438600832412,-27.11754781737779,-44.44449568387227,-110.0,-56.65697888445359,-52.14357481652061,-110,-45.07924765712136,-66.19660403129791
197,-3.61654,4.41353,1.5,-45.72191753948146,-52.66528037782754,-47.072342428064566,-110.0,-43.57066295162729,-51.735079137657166,-110,-30.092969146578323,-53.272387574552205
9,0.383459,-7.58647,1.5,-44.80783461958607,-48.273340610673095,-30.9549809972456,-110.0,-28.949996659850708,-26.07932815334014,-110,-34.26954346904719,-34.67773877844669
192,7.38346,3.41353,1.5,-56.47717644591117,-51.192066036979135,-44.18093260720768,-110.0,-33.50048018233372,-24.54740482040812,-110,-24.62580874835039,-33.599395499491735
113,-7.61654,-0.586466,1.5,-41.04759195566427,-43.30083545003686,-38.38524424269522,-110.0,-41.09754008740635,-36.25422703004868,-110,-48.33181609057758,-46.094777001577874
136,-0.616541,0.413534,1.5,-38.173167828138865,-30.835525442354648,-35.45659886250262,-110.0,-59.180251782430425,-44.76484756266361,-110,-32.345900608789464,-44.41326082844605
185,0.383459,3.41353,1.5,-48.65302857268741,-46.285525376638105,-46.87851595320002,-110.0,-34.144427478000694,-33.97945871725754,-110,-29.09171760411169,-29.99880653191498
210,-6.61654,5.41353,1.5,-23.546413121160413,-50.541638005722554,-41.71562510486083,-110.0,-43.369175972125234,-51.23697874586252,-110,-40.39116669134384,-51.64361781315349
203,2.38346,4.41353,1.5,-57.15454360648942,-49.346911517739755,-62.41258697779606,-110.0,-37.68309071128627,-37.91744937539821,-110,-43.13592891405485,-28.805913232606272
221,4.38346,5.41353,1.5,-43.26793145698161,-41.42630150974048,-56.80692525144097,-110.0,-39.62735743661455,-43.51986726738323,-110,-31.661952582866657,-48.60521561969666
61,4.38346,-4.58647,1.5,-53.48039770230886,-44.91863082886691,-37.35737532848792,-110.0,-27.447716888411794,-41.64718026922304,-110,-40.50810610822731,-33.46973965863338
158,5.38346,1.41353,1.5,-56.66945525054377,-71.35613726124443,-43.567262193029336,-110.0,-29.622677387294612,-53.68062562518537,-110,-44.08550070357226,-47.306201925391825
240,7.38346,6.41353,1.5,-64.50368998294506,-33.13897937576666,-45.22863502987602,-110.0,-52.91159648543056,-36.03918823380998,-110,-36.451700519180605,-42.526730116055006
80,7.38346,-3.58647,1.5,-47.56777855655128,-49.61656837639882,-48.698863510059574,-110.0,-37.11611149081645,-33.93218866309701,-110,-36.08112810271709,-47.38229983789129
224,7.38346,5.41353,1.5,-53.4587966635762,-39.11334599367552,-56.27917527761496,-110.0,-34.80221218013674,-34.31835954717743,-110,-43.16231247625076,-46.54044540783918
192,7.38346,3.41353,1.5,-57.23265527256724,-57.341246623142354,-45.62068844869427,-110.0,-36.527085747680935,-16.67542420492918,-110,-28.38436654009252,-34.86021591052753
66,-6.61654,-3.58647,1.5,-47.097357486292715,-46.21274838069041,-35.62136048638231,-110.0,-42.30779020550883,-48.61687585294913,-110,-43.81035833867047,-53.3113041305774
100,-4.61654,-1.58647,1.5,-41.21120080348957,-39.36209034962099,-32.259442376809645,-110.0,-34.77165554511323,-41.72261625945161,-110,-23.71298643234294,-46.271268203784174
17,-7.61654,-6.58647,1.5,-42.21387716303528,-41.15784843188744,-28.321762295678877,-99.90924522712967,-60.44570488666815,-40.863033232486266,-110,-50.04466383167146,-51.62608992089966
62,5.38346,-4.58647,1.5,-53.79686920916969,-52.16505562221691,-47.82729708066892,-110.0,-42.055635993092416,-38.68082705065737,-110,-41.98264706013192,-34.43513911141073
58,1.38346,-4.58647,1.5,-37.658390791043395,-56.29949778067291,-43.13881627119952,-110.0,-36.89485458008772,-36.36587804941143,-110,-42.463819847798504,-30.761236432828888
98,-6.61654,-1.58647,1.5,-37.916572286371334,-27.56386920398981,-37.122811070262465,-110.0,-45.85887214543832,-43.650273907067636,-110,-44.46479497567616,-50.44322317822907
108,3.38346,-1.58647,1.5,-51.93846352382323,-58.906400012604806,-38.53246491403555,-110.0,-37.16076260798879,-39.442909523909165,-110,-42.84131485906045,-33.70826468322122
5,-3.61654,-7.58647,1.5,-46.26255513792665,-33.97996247767026,-37.270544550611405,-110.0,-35.98231271653512,-56.5395377519272,-110,-60.04072247531613,-40.547692643221865
188,3.38346,3.41353,1.5,-64.94594890839231,-43.422234512385664,-48.025578337898025,-110.0,-55.37609440560455,-46.60561131390556,-110,-36.63613208383259,-41.18672506767973
67,-5.61654,-3.58647,1.5,-35.39488493963783,-37.367149225927285,-26.407511232645987,-110.0,-35.34694409115142,-48.11309362926429,-110,-47.323753128857874,-47.57645764584216
46,5.38346,-5.58647,1.5,-48.422074832642835,-60.53230185299932,-44.6171387693944,-95.41403618103466,-28.468119021901373,-40.42231537709669,-110,-28.827257129440905,-34.285848881332
219,2.38346,5.41353,1.5,-54.43107135402411,-29.14970016976853,-56.4202354819279,-110.0,-40.38041981387469,-36.41177107459577,-110,-35.61137827711974,-33.68050948645588
202,1.38346,4.41353,1.5,-49.27635243352222,-35.324811193670435,-54.72615518100775,-110.0,-45.32997498035759,-32.61568891003299,-110,-37.587636357733864,-49.3351567528724
94,5.38346,-2.58647,1.5,-45.5038497869889,-45.93286649421704,-44.49452218826888,-110.0,-48.73938058985476,-43.45860519146803,-110,-38.353909608629465,-39.60855057864569
22,-2.61654,-6.58647,1.5,-36.05346185744472,-40.94299082339449,-37.7027388951732,-76.80158575762161,-42.53497726709237,-44.7096962328507,-110,-34.79965758221887,-53.4382567250082
60,3.38346,-4.58647,1.5,-45.26217447299241,-49.42194980156228,-44.20886860440423,-110.0,-35.32831229969637,-40.07939524722601,-110,-38.186622767716315,-34.57475503600774
84,-4.61654,-2.58647,1.5,-38.01554525639544,-42.34406842533188,-44.75246003347338,-110.0,-39.27016443491436,-48.002357972083544,-110,-43.70964431728477,-49.21242415917972
114,-6.61654,-0.586466,1.5,-29.996027643391272,-48.54255518867392,-37.255064382234494,-110.0,-53.32154967699745,-29.265101659618377,-110,-57.275799987519186,-54.60314889193303
143,6.38346,0.413534,1.5,-48.15236908738447,-58.39333862205257,-50.298494279785366,-110.0,-35.20222669221505,-33.67976310701896,-110,-32.12165608637207,-34.79859032393947
39,-1.61654,-5.58647,1.5,-38.56460569404335,-36.99698150138238,-29.64396546200474,-110.0,-28.22818036136543,-40.01582138068138,-110,-39.048796750920765,-44.21853600864533
110,5.38346,-1.58647,1.5,-44.167329156861136,-51.26626943660015,-36.636576637092375,-110.0,-33.575125642367304,-32.51618960058206,-110,-48.84375287206981,-30.763759657666373
21,-3.61654,-6.58647,1.5,-29.522531464628443,-35.372001534492576,-34.3405316045628,-84.76182028491995,-31.796391801074623,-48.39806081887391,-110,-37.3184044875562,-41.98744735901669
210,-6.61654,5.41353,1.5,-27.46900746506137,-51.68424780088218,-38.385716204303705,-110.0,-50.222055099552755,-55.296380824642334,-110,-39.89621118462228,-48.211062857779446
230,-2.61654,6.41353,1.5,-35.76611548315027,-31.623607819085155,-38.27977886573791,-110.0,-66.6135799983702,-57.475680130691686,-110,-53.637967598040554,-60.85961269602585
120,-0.616541,-0.586466,1.5,-39.91779007594276,-28.685941121777308,-29.772689703036097,-110.0,-44.041576646885744,-43.37265414390683,-110,-27.613227388444027,-45.29492623685426
65,-7.61654,-3.58647,1.5,-43.08679907947936,-43.88492389255211,-39.12682481357765,-110.0,-33.62245105983727,-45.459692200762085,-110,-41.90708351259437,-46.29982708951202
7,-1.61654,-7.58647,1.5,-41.19049164462883,-36.54353938971312,-33.01899329189302,-110.0,-25.373923655793877,-45.6707167635327,-110,-37.95221787605525,-49.46735760424478
98,-6.61654,-1.58647,1.5,-38.97875118895425,-36.67885128381791,-37.755116582937696,-110.0,-48.79922224812212,-49.75834650753495,-110,-47.487875329796175,-52.910486203597856
78,5.38346,-3.58647,1.5,-46.27013460523959,-55.69477412741002,-53.70722537033167,-110.0,-32.126518762661775,-37.87935859881632,-110,-29.96471572788503,-31.28295319907424
147,-5.61654,1.41353,1.5,-46.89687973353557,-36.440603155632715,-34.958100004917945,-110.0,-48.16155200403883,-37.209085999727506,-110,-36.7011154227,-60.79073911108849
26,1.38346,-6.58647,1.5,-39.28504908436177,-51.7995036473471,-39.354611006839406,-97.6658764466982,-15.235009723871412,-28.36852095122071,-110,-50.059625823980646,-33.09456712219525
150,-2.61654,1.41353,1.5,-26.72096003852464,-36.94689790329712,-44.480059223995084,-110.0,-38.250748338447096,-46.68268684647698,-110,-33.01081619598577,-39.22445450413687
141,4.38346,0.413534,1.5,-46.48795086358012,-52.37421759728891,-41.43409260705303,-110.0,-35.94790835375684,-39.57843880519067,-110,-33.4638318580891,-32.08142345557043
109,4.38346,-1.58647,1.5,-51.37785300802331,-66.80918235297068,-40.60016248932615,-110.0,-38.02485203769866,-32.399135691586885,-110,-32.3867739250906,-38.08707766797657
7,-1.61654,-7.58647,1.5,-43.26953548337168,-34.15634704895827,-35.01720960562505,-110.0,-21.943521866737782,-45.20097154628544,-110,-41.43121411679938,-51.359858610526075
118,-2.61654,-0.586466,1.5,-36.45158278812536,-41.606059381614195,-33.776175823604966,-110.0,-48.76189649847066,-39.15082493137696,-110,-36.67043488524312,-42.80376397611345
165,-3.61654,2.41353,1.5,-28.510266113546585,-34.51794103121762,-33.55625443813339,-110.0,-45.2734185942676,-55.63953207097853,-110,-31.88760944958219,-48.856077075072264
214,-2.61654,5.41353,1.5,-41.07437083163256,-54.55215148333668,-35.27483470265723,-110.0,-47.37010367400173,-57.59614295618556,-110,-37.49799986469901,-50.535615640516575
185,0.383459,3.41353,1.5,-49.19741378759425,-46.2192342205684,-45.20243689386341,-110.0,-34.72997007861954,-35.520937731774694,-110,-30.501762510986612,-32.41693655123464
58,1.38346,-4.58647,1.5,-40.80876399112157,-60.43144347117981,-45.757894058405505,-110.0,-31.923311917252537,-32.0241559894381,-110,-45.26625603763016,-33.65536930132357
194,-6.61654,4.41353,1.5,-26.09420950750491,-47.81583341180814,-32.71130154380453,-110.0,-51.866599365045445,-59.32565606594468,-110,-29.815997459101855,-41.10470482212562
93,4.38346,-2.58647,1.5,-49.43517457597717,-65.47906037077364,-37.5073849619119,-110.0,-28.05976545810661,-40.29620251215954,-110,-32.89561859866939,-45.081067279046955
57,0.383459,-4.58647,1.5,-60.36971181967067,-46.32432083873289,-49.77113318537435,-110.0,-35.65820548607629,-44.49364925575313,-110,-29.25059501722454,-51.55512206068584
173,4.38346,2.41353,1.5,-49.464283328424315,-37.77124154198188,-45.810632839918874,-110.0,-37.910436640665125,-36.07676179660321,-110,-24.44433870530816,-41.42924933369259
175,6.38346,2.41353,1.5,-62.50977194615219,-55.86752904040412,-41.91637132964582,-110.0,-37.6132486436988,-27.07028824569122,-110,-38.18937742304094,-43.75557470955203
192,7.38346,3.41353,1.5,-55.23262481653923,-55.68999060286359,-38.814798320220184,-110.0,-38.98360564501737,-19.497314815523872,-110,-26.264493148033797,-41.31331171134894
116,-4.61654,-0.586466,1.5,-38.87465297433276,-39.157414598789416,-36.97022688143901,-110.0,-44.843065433697774,-35.21796095885061,-110,-44.86024343676849,-39.67034729404573
218,1.38346,5.41353,1.5,-44.542497896863125,-34.894308519598766,-44.78632967898571,-110.0,-38.37210408539111,-52.665013167500184,-110,-37.923256757523895,-42.3693423985057
196,-4.61654,4.41353,1.5,-38.01053526888608,-50.678151486811785,-34.030091396084636,-110.0,-49.524776909522984,-44.17276184493568,-110,-38.42840099361496,-47.89715150826477
29,4.38346,-6.58647,1.5,-45.1367754411567,-58.985386370958985,-44.766069967859586,-73.65197037576839,-35.55673937670037,-35.878081515945205,-110,-37.353902196950365,-31.48845556821919
190,5.38346,3.41353,1.5,-55.62003840256311,-47.70809381563593,-38.37325153713593,-110.0,-31.839877499018225,-24.35956733773213,-110,-43.065477542064386,-35.75145500040549
213,-3.61654,5.41353,1.5,-55.7745611254288,-53.07966231529065,-54.55088261611379,-110.0,-53.26582424321465,-47.26298610131643,-110,-40.1193502282372,-41.567956116598445
158,5.38346,1.41353,1.5,-58.61446527589155,-62.539167572646285,-42.19191779211612,-110.0,-35.26753610649038,-48.47090736583991,-110,-42.68240770723665,-47.116386929279834
137,0.383459,0.413534,1.5,-47.21711161534818,-51.66833150723464,-50.08582045165127,-110.0,-36.35468785424746,-42.244108689574375,-110,-31.56664966695913,-41.26679574041188
73,0.383459,-3.58647,1.5,-39.709011824172286,-46.777328090925984,-62.595455390686936,-110.0,-30.608328841053552,-33.21793434900238,-110,-27.370139112459256,-37.56007833876045
24,-0.616541,-6.58647,1.5,-37.74480560972941,-41.00252292617424,-39.65446940147734,-97.42069328850124,-33.78566651067704,-59.157164652802635,-110,-45.431146117559,-56.47231145021893
238,5.38346,6.41353,1.5,-63.66910358122831,-37.05593707397384,-41.40021604529164,-110.0,-51.83809817080817,-34.84760090524744,-110,-39.58797604521966,-41.61374614261853
100,-4.61654,-1.58647,1.5,-44.69766821581426,-44.00193469413541,-30.40132987273769,-110.0,-38.90830038534814,-41.2331268199468,-110,-34.28496842539157,-46.26869858309298
124,3.38346,-0.586466,1.5,-59.490712082004165,-48.94707000194913,-48.98373862520362,-110.0,-33.6598816784277,-38.58666183492051,-110,-29.18600140408592,-37.51161600302609
55,-1.61654,-4.58647,1.5,-33.13655190227829,-47.9967179438054,-29.281145595035333,-110.0,-39.7496445592066,-48.17850213542129,-110,-37.66500698866829,-45.07859831561992
116,-4.61654,-0.586466,1.5,-37.513011385342374,-42.352600383995366,-33.30851103864021,-110.0,-45.2851542526454,-37.96680203222981,-110,-43.38969153654698,-35.5932587315559
120,-0.616541,-0.586466,1.5,-40.71356997217646,-30.83830322285474,-35.050623539133746,-110.0,-44.09393006943706,-41.687101284184905,-110,-36.638278838826686,-45.37557214493603
44,3.38346,-5.58647,1.5,-45.19662923350844,-49.97917728230245,-34.022056004648114,-94.87895177756243,-41.681330616770296,-38.47151696078561,-110,-36.846805623774145,-35.03846667975341
156,3.38346,1.41353,1.5,-53.00964161431158,-43.71580730098058,-50.809819541344744,-110.0,-39.98778994049635,-35.9732101519537,-110,-37.11395002499813,-45.68294262110032
220,3.38346,5.41353,1.5,-43.27200652769445,-33.11940623565691,-51.14060163301219,-110.0,-40.021004848892694,-42.78524684926265,-110,-41.99331791806746,-45.58287476119606
188,3.38346,3.41353,1.5,-62.910025464343015,-43.598489806235136,-53.186339600393296,-110.0,-44.230351870455245,-48.17085293611864,-110,-35.523607113516135,-40.70714532762126
62,5.38346,-4.58647,1.5,-55.42797462443848,-50.268711409443185,-45.45829263815415,-110.0,-37.529012426145506,-43.069144924499085,-110,-42.961295360188345,-37.07276576661775
175,6.38346,2.41353,1.5,-62.50633898989646,-48.98199673380549,-45.970328377470565,-110.0,-37.154164664142485,-29.762072886785337,-110,-32.23529335339413,-43.26109840146678
126,5.38346,-0.586466,1.5,-44.505677135438034,-50.440047310338464,-50.00336779665725,-110.0,-33.23996574312151,-34.359455090582046,-110,-33.49807461626437,-41.57452764619472
111,6.38346,-1.58647,1.5,-43.09173355949457,-50.630657555482806,-38.46226905632164,-110.0,-39.289376777245835,-33.14160773835859,-110,-32.62534091768888,-38.63438093257351
236,3.38346,6.41353,1.5,-58.731199350125046,-41.50028862330875,-55.2766377539836,-110.0,-42.00562220297215,-36.64991067553159,-110,-37.51038261989805,-48.35438006849342
191,6.38346,3.41353,1.5,-53.96991820461914,-61.8198984915488,-59.15881648234148,-110.0,-45.629460495040725,-39.782533619328106,-110,-34.58519353972608,-47.13678552927026
125,4.38346,-0.586466,1.5,-43.480232213399695,-48.257195244083135,-45.13016901697889,-110.0,-32.67007009826431,-34.439544600630306,-110,-49.67469757801014,-45.965782758100715
115,-5.61654,-0.586466,1.5,-41.173683935221135,-34.052916885751195,-49.52038682333061,-110.0,-38.11733134105512,-29.104224477897493,-110,-40.73790971780689,-40.14106560421784
67,-5.61654,-3.58647,1.5,-33.116433597839034,-42.87787752837926,-33.289823780647126,-110.0,-38.46674768229096,-46.5483131624876,-110,-44.94455306073252,-51.913877508123306
23,-1.61654,-6.58647,1.5,-43.38851475475612,-42.47791653699231,-21.26226136004986,-97.98527771249512,-39.809159554184326,-46.440683534652,-110,-33.742425723825065,-46.02527664719827
160,7.38346,1.41353,1.5,-56.21704179187184,-50.48518297340652,-48.77870296079735,-110.0,-39.51460392503162,-29.43798694085777,-110,-40.33073007288941,-40.39657939255842
179,-5.61654,3.41353,1.5,-31.820103492984323,-43.87514374636957,-35.05317304686793,-110.0,-43.56640022979607,-39.38527379819439,-110,-37.53181203427681,-50.04303357590404
125,4.38346,-0.586466,1.5,-39.82954057848473,-46.64325442953348,-40.56767393630442,-110.0,-31.605888331827536,-30.8809395833589,-110,-46.39609884004476,-38.771850695101264
148,-4.61654,1.41353,1.5,-35.75097685957092,-35.81529249273691,-43.577315029773935,-110.0,-57.9352895837186,-37.92917349312914,-110,-37.17879936117648,-45.27467828736727
159,6.38346,1.41353,1.5,-52.12372084088639,-58.616032345948035,-39.90206587314795,-110.0,-42.32091810070644,-34.25373054413248,-110,-62.3980315895529,-48.231062671134765
185,0.383459,3.41353,1.5,-48.06982495270176,-43.83763330151051,-43.6650260269995,-110.0,-33.91135829181327,-31.253977977639742,-110,-33.50654284192861,-32.701336782678936
186,1.38346,3.41353,1.5,-48.41843722000782,-45.609575361468366,-46.238862063269075,-110.0,-30.415770304023628,-40.63659804176549,-110,-19.173315735209655,-39.743322972385485
24,-0.616541,-6.58647,1.5,-32.91711672207807,-40.05994582683147,-38.651958253954085,-104.70221863280118,-30.01590177794701,-65.73236955115337,-110,-43.15869895186406,-53.39589021998107
43,2.38346,-5.58647,1.5,-48.38610744118507,-52.965511259375745,-37.77513815829846,-96.96326475619112,-32.291405336021754,-34.771002077935734,-110,-33.58345076515636,-36.70203547125976
196,-4.61654,4.41353,1.5,-45.85960688236482,-53.124917385417326,-39.625221325205146,-110.0,-47.692603689831145,-44.920981754893454,-110,-38.44368376699095,-41.49831767403592
169,0.383459,2.41353,1.5,-49.27724572900871,-58.779413611313394,-44.38421137599869,-110.0,-32.583521705092124,-30.88763934952671,-110,-26.239743790229323,-67.31920690586077
90,1.38346,-2.58647,1.5,-45.29415236871151,-46.38473509626824,-37.48056445456802,-110.0,-37.46332383499965,-33.53387239732457,-110,-36.40823089853412,-31.934331656852443
226,-6.61654,6.41353,1.5,-43.65986104913723,-56.04780720332643,-41.14315551647469,-110.0,-48.86942336108771,-70.99294677415298,-110,-44.55442514401032,-59.009335673515345
135,-1.61654,0.413534,1.5,-38.3273109714784,-37.06491677767919,-33.85407784770468,-110.0,-49.7456637773862,-43.939616085462816,-110,-32.75404998435782,-49.83922067154665
44,3.38346,-5.58647,1.5,-46.70692527531131,-50.22739483391618,-33.766326921267115,-99.9416591072554,-44.98120187655647,-36.23562248498643,-110,-46.37089321693208,-27.86984959643022
184,-0.616541,3.41353,1.5,-60.192917008349966,-36.73045106847172,-30.74262152733971,-110.0,-42.216051891520515,-40.04143516101173,-110,-26.64198009976075,-44.54334153712601
184,-0.616541,3.41353,1.5,-52.90492965375238,-31.032371825883946,-32.39907981457799,-110.0,-36.86251194274461,-30.998470661899653,-110,-28.314056574602603,-48.19136429805631
75,2.38346,-3.58647,1.5,-42.099630420766914,-48.312625727319606,-48.48972015353008,-110.0,-32.02778720582852,-37.37354852127994,-110,-33.39320827583931,-40.021196096738144
111,6.38346,-1.58647,1.5,-39.03660723899024,-48.58201704039022,-42.48535999611632,-110.0,-34.154914307265095,-34.01902037799091,-110,-38.57084975251129,-37.47501616771477
187,2.38346,3.41353,1.5,-50.13565348500376,-42.52202900851702,-60.678328105183446,-110.0,-42.39280153222309,-36.74500746917301,-110,-22.643137716003096,-47.386928316203665
68,-4.61654,-3.58647,1.5,-49.494464096284545,-34.443125883206676,-34.675666373367065,-110.0,-37.08127233007981,-51.09065129221077,-110,-34.45892081381265,-57.892881925697786
51,-5.61654,-4.58647,1.5,-36.84234578943002,-44.02834563810462,-39.56560838826355,-110.0,-30.66243224295934,-49.92860131554317,-110,-46.333030581977624,-45.928440385079945
56,-0.616541,-4.58647,1.5,-38.93264212016703,-40.42696333776806,-32.622059774513495,-110.0,-51.81206290711264,-45.82461677511483,-110,-39.7629031747119,-37.44892883328369
182,-2.61654,3.41353,1.5,-42.37338451384099,-35.30288731232165,-43.05182602102563,-110.0,-39.074041631638664,-42.71265288834269,-110,-34.68359119895413,-50.12034221094704
237,4.38346,6.41353,1.5,-49.61976093273775,-41.23376193992746,-44.88368134779475,-110.0,-37.42089706741256,-31.69239650098602,-110,-35.75297309204056,-38.326207753311344
238,5.38346,6.41353,1.5,-61.36856294266612,-36.85466534081415,-39.98823099562561,-110.0,-42.021352250981835,-33.72259406518849,-110,-38.89224096770896,-39.18017000799846
121,0.383459,-0.586466,1.5,-44.82518688161654,-46.95497003868604,-44.55702186435267,-110.0,-35.53625647183477,-34.661972851922016,-110,-26.18551383490519,-35.154419920101084
192,7.38346,3.41353,1.5,-55.5302741393266,-56.71034541838175,-33.39516411163607,-110.0,-40.41273864282923,-12.905650214628713,-110,-27.64338450438156,-35.01052546042911
172,3.38346,2.41353,1.5,-57.18361388404172,-32.63976706267061,-47.18922587508553,-110.0,-35.79468898779516,-29.559662563335507,-110,-34.61631788104933,-35.13948620381185
164,-4.61654,2.41353,1.5,-35.60120741914425,-46.11349570000848,-41.00060559719711,-110.0,-45.77003749685404,-48.27420912090371,-110,-29.299712479701626,-51.145381662514154
90,1.38346,-2.58647,1.5,-42.31656477688061,-50.77791905878762,-39.15899843296245,-110.0,-34.62189327142706,-34.81968748309457,-110,-39.17564912301625,-39.16629174766609
103,-1.61654,-1.58647,1.5,-30.917895822964823,-33.43537926783665,-46.00064921224542,-110.0,-42.650699538187745,-40.06667469254835,-110,-34.411323725458224,-60.15376161278621
54,-2.61654,-4.58647,1.5,-43.21735793859748,-33.91482071909566,-42.83648948405492,-110.0,-37.11615113736414,-48.196695205554505,-110,-45.25451722568263,-48.36761015844287
224,7.38346,5.41353,1.5,-49.28918007141511,-36.614301103061344,-43.37786157809418,-110.0,-35.708176521573115,-36.80321193869661,-110,-41.18426544140313,-47.912985666970066
91,2.38346,-2.58647,1.5,-44.59844794197152,-66.01124276609411,-44.72116091718432,-110.0,-33.379235525036954,-38.50901884769655,-110,-45.070013758610344,-42.98840643307472
88,-0.616541,-2.58647,1.5,-51.50153698880876,-32.87999111748639,-33.8939395569355,-110.0,-67.51271630080686,-50.025428570045136,-110,-32.017443034806824,-47.13646457250483
198,-2.61654,4.41353,1.5,-49.01942729941619,-35.694185712769304,-47.2158654320348,-110.0,-51.89717597234224,-46.440191460904,-110,-29.559847085350462,-43.39218457459117
106,1.38346,-1.58647,1.5,-44.29125580389445,-48.47075059155139,-48.62372012494451,-110.0,-48.03748656136275,-43.17946600137174,-110,-33.57008408234222,-38.61314194674086
111,6.38346,-1.58647,1.5,-28.153254977565883,-50.451021372351455,-44.332202601176334,-110.0,-36.55869838201173,-36.79655751292,-110,-27.681094083417445,-38.39536937319608
58,1.38346,-4.58647,1.5,-42.88775895795187,-55.95953064455468,-50.204430800183275,-110.0,-32.980560003049376,-24.638285600939874,-110,-41.03064462280592,-31.756806141805185
176,7.38346,2.41353,1.5,-55.782583621121866,-59.2451853777138,-61.06759658613368,-110.0,-36.28271362127173,-31.250067757146063,-110,-28.560475083024784,-46.33067089884314
223,6.38346,5.41353,1.5,-49.31949483996104,-41.2929793224665,-58.94450197597711,-110.0,-57.13811034037505,-42.336525872802035,-110,-40.855602360409435,-42.37836695630083
36,-4.61654,-5.58647,1.5,-33.71084883474015,-44.832923384049906,-29.64348368782106,-110.0,-36.7491068862579,-45.059387536365016,-110,-46.32838905384318,-31.226399710111956
155,2.38346,1.41353,1.5,-45.19785538832549,-63.52939985360275,-45.15198241717659,-110.0,-34.30543262350076,-38.376765837295736,-110,-34.335564196587626,-41.84411123675456
109,4.38346,-1.58647,1.5,-56.22993871941276,-73.3861452972532,-43.78418907995712,-110.0,-38.15927248131398,-35.65516154229074,-110,-34.56292733701326,-38.01989935162448
56,-0.616541,-4.58647,1.5,-40.408703701951865,-34.20467019298687,-21.79806577576976,-110.0,-50.25210389950122,-45.66177557916068,-110,-37.66911696077693,-35.60057650053871
230,-2.61654,6.41353,1.5,-31.507536898427844,-28.7617813776888,-40.405763791595966,-110.0,-73.8188623667138,-60.089266627368424,-110,-55.89725445444163,-68.63340207987098
213,-3.61654,5.41353,1.5,-44.7768807545549,-55.41927070312117,-49.41037447281835,-110.0,-54.96518300876469,-52.65997504901576,-110,-37.91736401241695,-43.110256739209646
221,4.38346,5.41353,1.5,-46.25637209179928,-30.577473683615413,-48.63588555959369,-110.0,-35.08325575010282,-44.704193179406346,-110,-43.673568165744605,-50.96759386304177
59,2.38346,-4.58647,1.5,-53.18788906273633,-56.42473124457235,-30.26328738645199,-110.0,-26.79464786927565,-34.666603766101176,-110,-37.16327307630281,-35.35339707997304
201,0.383459,4.41353,1.5,-46.20628172830605,-33.01106019353981,-50.84378261134829,-110.0,-35.105474620203324,-40.97897184700653,-110,-25.88580324143688,-39.356933272683975
140,3.38346,0.413534,1.5,-48.032899930503056,-48.855190869806094,-52.6052852813396,-110.0,-40.43137190587687,-47.587988717143624,-110,-34.39368257682837,-42.45557843854451
171,2.38346,2.41353,1.5,-55.04781551227942,-51.086898505262425,-38.6405078547624,-110.0,-49.01433279300212,-33.858007268255726,-110,-26.64006278161813,-41.554112003413785
19,-5.61654,-6.58647,1.5,-38.58532613164335,-59.07461844215417,-41.2753200316522,-110.0,-43.03894245371894,-43.85683730065429,-110,-43.01324914541467,-44.49384683923301
94,5.38346,-2.58647,1.5,-47.10929925354298,-53.48884586300347,-41.836748177935505,-110.0,-43.09243771063016,-44.95597799231503,-110,-36.66885992174293,-38.66825017363409
29,4.38346,-6.58647,1.5,-44.98717797034129,-56.11298042471136,-40.70935556310624,-76.03943316080792,-30.799925251654688,-29.972141409625763,-110,-41.717753013437466,-35.645045801753085
50,-6.61654,-4.58647,1.5,-39.709128062610745,-39.087431772762265,-34.3280356092595,-110.0,-46.87237475929672,-34.80454278407802,-110,-36.0757523390749,-37.89491178308434
200,-0.616541,4.41353,1.5,-50.84894366794072,-28.218989323621717,-28.734698882864077,-110.0,-63.81729163752532,-42.99345854273554,-110,-28.792904597975262,-47.769809295168415
172,3.38346,2.41353,1.5,-54.197955077031835,-35.05656263745832,-50.9326040059476,-110.0,-30.32373530848536,-33.780921882877955,-110,-40.635114788260026,-32.427942550741825
7,-1.61654,-7.58647,1.5,-42.369469806545105,-38.61113175844511,-35.1316096917065,-110.0,-23.38900266934545,-46.53893730052327,-110,-44.03819158915885,-55.86324488602963
150,-2.61654,1.41353,1.5,-27.553887250083196,-40.64610097566727,-40.39965139863081,-110.0,-39.189373346231434,-47.60993250757189,-110,-33.79100990556451,-38.872946861404955
232,-0.616541,6.41353,1.5,-41.076199130927584,-19.63106020298665,-35.29511280494269,-110.0,-56.885008994895,-55.6807769562696,-110,-61.33157433266607,-47.66329022399154
30,5.38346,-6.58647,1.5,-46.62014839355402,-49.61840270392361,-48.12829665907168,-76.86044079233808,-40.00400200783088,-39.59340727453299,-110,-31.976536965328236,-24.803394138458643
150,-2.61654,1.41353,1.5,-34.431462238959206,-41.39486658409661,-41.86191064612489,-110.0,-43.17094848175984,-49.33575181712963,-110,-32.56426353180608,-45.08043740413982
231,-1.61654,6.41353,1.5,-32.098164030125766,-22.53402549771841,-42.490434619892376,-110.0,-54.22013730064878,-52.337887222205055,-110,-49.13918082039656,-60.63414845975595
17,-7.61654,-6.58647,1.5,-42.68589225714347,-35.282674989994206,-30.321530891895875,-97.75491716753548,-46.12522985363378,-40.3842458401216,-110,-52.144439877558234,-45.82981008101511
35,-5.61654,-5.58647,1.5,-32.03241134637163,-42.22430171806697,-36.179285191573946,-110.0,-29.6704617645804,-45.84677850773616,-110,-42.144121526423845,-41.48845816205595
129,-7.61654,0.413534,1.5,-25.155958786002905,-42.044380292451095,-34.18646661334888,-110.0,-42.41401689303206,-41.94196238456763,-110,-37.91101412051113,-49.17008673286424
90,1.38346,-2.58647,1.5,-43.82648600390602,-51.11472025861323,-37.83961229775489,-110.0,-28.189874276077788,-40.30337853424556,-110,-34.13280416388566,-35.97743905500387
187,2.38346,3.41353,1.5,-50.96144946264869,-45.16191427267098,-57.20141039431451,-110.0,-43.81923707925465,-35.35448788987534,-110,-26.493765574042133,-47.110870141693866
226,-6.61654,6.41353,1.5,-43.37058070064932,-44.77648386801438,-39.63365659547712,-110.0,-49.16135774548693,-64.01269262882816,-110,-46.65820585212311,-57.77023988074305
169,0.383459,2.41353,1.5,-46.866514004855986,-52.48049496506394,-48.29786220902885,-110.0,-31.023727308857733,-28.7396393940516,-110,-26.866892741230405,-66.70781576161579
53,-3.61654,-4.58647,1.5,-34.327279918391824,-46.456197777303856,-32.60906162887817,-110.0,-33.11284468662617,-41.09182055960735,-110,-39.66581062809826,-64.92894814073351
93,4.38346,-2.58647,1.5,-51.66684238546412,-69.04857024952648,-40.02159615975325,-110.0,-28.320333010734775,-39.321051709964,-110,-38.22464886360404,-47.14796466968992
200,-0.616541,4.41353,1.5,-46.96406819527402,-26.249287190376656,-37.29179399980268,-110.0,-51.02347885473556,-45.74425054609197,-110,-36.05475802421934,-41.04771548297884
92,3.38346,-2.58647,1.5,-50.22336935225986,-63.39086769604319,-39.796303253590885,-110.0,-41.021145057772515,-30.99621607986195,-110,-36.49978394358924,-30.467919169273777
209,-7.61654,5.41353,1.5,-29.07425125117875,-65.65817577232347,-36.73440338316784,-110.0,-56.622230051363154,-56.288364019954585,-110,-38.46581816159309,-56.159138094803936
27,2.38346,-6.58647,1.5,-51.112619799963554,-46.00603610971575,-26.475521114020033,-72.42976312342182,-38.40604073424132,-40.3860066889442,-110,-38.57271484162964,-34.5365370026053
195,-5.61654,4.41353,1.5,-23.42288027220218,-49.36961603335029,-39.68871525623324,-110.0,-40.13365472612136,-41.56466726011425,-110,-37.08543049581445,-57.01565623112526
122,1.38346,-0.586466,1.5,-53.95557551717389,-49.74841221398315,-42.65895418780777,-110.0,-44.75114152633154,-58.65544437635115,-110,-38.01833783443626,-42.39267581492855
82,-6.61654,-2.58647,1.5,-56.80999965126658,-44.84491339970516,-39.57550960578033,-110.0,-48.85024223464539,-67.10460545913877,-110,-49.98037336996083,-38.163567777548245
154,1.38346,1.41353,1.5,-42.46060861031674,-56.41462870401747,-44.98042004850733,-110.0,-40.284362100094455,-39.05467270599572,-110,-33.75062817287798,-36.770104700793745
104,-0.616541,-1.58647,1.5,-47.79172335039162,-39.28735374082412,-34.761538477119494,-110.0,-42.52863976264686,-50.23908430788413,-110,-33.76540890987461,-40.94420880548845
163,-5.61654,2.41353,1.5,-28.170132111078967,-45.40805531970267,-44.576930027691674,-110.0,-48.04434660828285,-51.85754790354432,-110,-39.082515738394335,-36.06163502495537
199,-1.61654,4.41353,1.5,-46.280187260905294,-42.48204313914339,-40.28177673973637,-110.0,-66.15522002840497,-49.520314025434246,-110,-29.126651946086195,-39.4129025531651
7,-1.61654,-7.58647,1.5,-40.14016960684432,-39.18464644661886,-36.36980806537125,-110.0,-29.727243050602674,-41.9469195307858,-110,-49.48865767988617,-54.57905050309657
210,-6.61654,5.41353,1.5,-25.36485921505551,-47.51997216079538,-39.87902049299502,-110.0,-47.10156370508584,-55.41879814885765,-110,-41.08113199815252,-47.78835741456941
104,-0.616541,-1.58647,1.5,-50.98076438985292,-31.192808251500203,-29.7777248955425,-110.0,-42.7576805414929,-47.01487403335524,-110,-27.689913324549273,-44.985008723184905
207,6.38346,4.41353,1.5,-43.48402234197694,-46.3370504622819,-50.34305368889691,-110.0,-49.98963292923081,-36.83581382067592,-110,-40.97788870845329,-44.357863184688135
76,3.38346,-3.58647,1.5,-47.764481942284434,-49.91344624725028,-39.89175596803612,-110.0,-33.30406228118752,-33.43264149996899,-110,-34.556291106690495,-30.3343117204922
119,-1.61654,-0.586466,1.5,-38.20155737751287,-34.963166944641934,-29.34403114938932,-110.0,-51.16372919287842,-45.83522504571691,-110,-37.29278843952533,-47.61184971903017
197,-3.61654,4.41353,1.5,-46.77666527251573,-49.329948455032145,-48.83516748399011,-110.0,-44.379394929020144,-48.33829489735091,-110,-31.83367759523469,-53.01525800398861
150,-2.61654,1.41353,1.5,-35.598131523906304,-40.63419897279803,-45.24328373133897,-110.0,-41.77421294657971,-48.52552454159461,-110,-30.45914664532771,-42.465082580203074
215,-1.61654,5.41353,1.5,-46.5491888660458,-37.752187358072625,-37.56776260434205,-110.0,-41.864661466687,-42.36823368798156,-110,-35.80221194349807,-50.843773914472294
151,-1.61654,1.41353,1.5,-37.76221848840675,-40.01688591567066,-35.805778352425634,-110.0,-56.12039041436795,-38.1973396462951,-110,-32.48373402709392,-48.245712382136986
194,-6.61654,4.41353,1.5,-26.68322020141344,-51.88902029161679,-35.660052300583345,-110.0,-52.90961049703386,-53.036924415751514,-110,-37.39593414383915,-42.489358501881696
14,5.38346,-7.58647,1.5,-54.91364166632561,-54.090126434434794,-40.91966701236913,-110.0,-41.99512907679719,-38.22645152463998,-110,-44.462832001960365,-21.689418849014043
225,-7.61654,6.41353,1.5,-23.030353096576196,-37.99528630675138,-32.64821845174309,-110.0,-61.62518689195402,-54.07891123664454,-110,-53.63480779216536,-41.21587168428914
188,3.38346,3.41353,1.5,-63.317883152086026,-41.27542048288914,-53.61795405815949,-110.0,-48.13359012649406,-42.21675731264504,-110,-27.543070791857296,-34.576683737741135
176,7.38346,2.41353,1.5,-54.30442856735379,-61.56073948650898,-61.56396750015138,-110.0,-36.88874355847534,-30.21313403289983,-110,-37.608531938259816,-43.98989789098809
50,-6.61654,-4.58647,1.5,-43.89555111722144,-31.866921234383955,-31.01992449705421,-110.0,-42.05980534448845,-44.4800518550432,-110,-35.28054180738916,-45.58875570670981
90,1.38346,-2.58647,1.5,-41.49035489386696,-56.026497201385176,-38.19746515158221,-110.0,-36.169606850175725,-36.27377993058246,-110,-34.26366815859169,-35.01379261093356
68,-4.61654,-3.58647,1.5,-39.80135326005694,-35.15813851564454,-38.85375680691397,-110.0,-35.71047674391839,-56.27132783190586,-110,-37.74513448498013,-56.95441411553319
175,6.38346,2.41353,1.5,-58.92115964056058,-55.91236278293347,-40.495549558771906,-110.0,-38.16305026334945,-32.48188763127884,-110,-32.39552666836632,-45.79117711126396
183,-1.61654,3.41353,1.5,-49.957297880054526,-34.90003007366514,-38.647123928153015,-110.0,-44.164728593334445,-36.81990903097169,-110,-30.867217819997222,-40.62777882851057
86,-2.61654,-2.58647,1.5,-42.8513039746643,-46.19310252593469,-34.2630753498925,-110.0,-37.39076575312301,-43.610720668077846,-110,-45.01262196541949,-49.62531885023768
3,-5.61654,-7.58647,1.5,-42.3382191701288,-51.30885328029235,-38.35048295727085,-110.0,-35.6823254874405,-38.10371039869965,-110,-36.59577489765234,-39.62487692382253
130,-6.61654,0.413534,1.5,-35.038501110170195,-46.29835960605824,-45.66372401510765,-110.0,-40.81823441172804,-39.349529248432376,-110,-44.23751995499453,-58.15898028356954
69,-3.61654,-3.58647,1.5,-38.41890051222427,-39.597458049218254,-33.51754033542802,-110.0,-42.08307913383128,-43.26737762381033,-110,-46.28155430873004,-45.16019779619701
176,7.38346,2.41353,1.5,-53.65035215989114,-60.11942058871583,-56.82287669339061,-110.0,-38.39641471481928,-34.66495906180138,-110,-28.45252843281866,-50.136967315368366
17,-7.61654,-6.58647,1.5,-45.819910835639035,-42.45026408791314,-35.10133289509202,-100.98056196964464,-55.58634598525534,-40.79798936828094,-110,-48.31392701101843,-56.69129324833285
13,4.38346,-7.58647,1.5,-36.57378961532413,-46.359256554230534,-43.12575279057735,-110.0,-48.23400210250669,-40.29480302240097,-110,-35.42239529021895,-43.340116917206295
212,-4.61654,5.41353,1.5,-42.41532933392973,-46.76712554590035,-45.34906288772644,-110.0,-43.24636542392556,-47.65217143517306,-110,-30.52398817240054,-48.057694774724375
162,-6.61654,2.41353,1.5,-34.050412251297885,-41.80572675629918,-41.55428893954631,-110.0,-50.81136020862434,-45.564285311262864,-110,-37.603278484747875,-40.0434184380702
213,-3.61654,5.41353,1.5,-47.19078982435892,-51.61780237136435,-53.133832547630426,-110.0,-53.96013381447233,-48.73599314904955,-110,-34.387734556675795,-43.205794498752475
134,-2.61654,0.413534,1.5,-38.1986068494271,-41.06731397940612,-48.99729977889811,-110.0,-47.16275560477702,-32.65928291895691,-110,-26.69785042196494,-51.277022662565585
163,-5.61654,2.41353,1.5,-30.941731481818255,-46.40222925793605,-49.356550734982775,-110.0,-46.98140561040745,-43.16090395289588,-110,-36.87207526931158,-43.081905293809264
36,-4.61654,-5.58647,1.5,-40.93911978957369,-39.59470457119248,-26.33843046502026,-110.0,-34.37634691987353,-41.44226270855143,-110,-42.11198289854925,-39.06117288523794
30,5.38346,-6.58647,1.5,-45.63304593167399,-45.77947620434924,-46.422046079480374,-73.93518980222058,-37.432126210516685,-42.95568847871596,-110,-34.957835545747145,-28.84496427521715
12,3.38346,-7.58647,1.5,-34.403053150035966,-52.46548303326845,-43.864955806229474,-80.96200243156521,-49.74190177481381,-45.93133696147057,-110,-39.45268144191965,-48.91206695960865
229,-3.61654,6.41353,1.5,-41.767338520313295,-36.7094753347031,-50.588600427241566,-110.0,-68.02912207832576,-72.96438866999496,-110,-48.48265822518822,-45.57638802336467
215,-1.61654,5.41353,1.5,-45.08789600695375,-40.747175242145445,-43.30202823233874,-110.0,-44.25040040235413,-45.70867130550924,-110,-35.99471700515576,-39.63322718924689
34,-6.61654,-5.58647,1.5,-50.34176783751485,-30.391624013272512,-34.51204766682142,-110.0,-34.93588945660729,-48.34132883307029,-110,-39.186339166982286,-35.73049195575365
43,2.38346,-5.58647,1.5,-52.946161242865315,-55.81415198644211,-40.10010355327276,-88.15529941094132,-30.934071396064564,-36.44036049182191,-110,-30.4847456225566,-36.40867735949876
127,6.38346,-0.586466,1.5,-51.31487146794132,-35.352631611529475,-43.07253558664025,-110.0,-47.23402205546775,-33.77033972164517,-110,-39.45735211528811,-30.11962167697897
152,-0.616541,1.41353,1.5,-35.93993318499089,-36.47524084842292,-31.529074199671363,-110.0,-43.83750447964933,-44.91095389067391,-110,-32.26201212445232,-45.540264510329976
112,7.38346,-1.58647,1.5,-46.06377198951739,-34.41699635303749,-48.234286220088656,-110.0,-35.17424530123579,-41.59864127474723,-110,-37.67812802205733,-38.3555748085546
164,-4.61654,2.41353,1.5,-37.18317978503509,-42.609991549775664,-40.4192115126007,-110.0,-46.032721829018904,-46.08595645664153,-110,-29.82810144022528,-51.33533600713143
214,-2.61654,5.41353,1.5,-38.52993506172875,-49.775452151369024,-37.54338156707209,-110.0,-47.624478082460655,-58.948574372868585,-110,-29.20981614262446,-45.32689414392437
34,-6.61654,-5.58647,1.5,-51.21122392909286,-36.16714656026212,-34.592742300261314,-110.0,-39.78800346801876,-47.641875415899406,-110,-39.760972899027585,-35.91188815929139
67,-5.61654,-3.58647,1.5,-35.9361638225434,-33.4799545877857,-38.09357165023285,-110.0,-40.5728403222133,-45.770797154136474,-110,-51.04248906335119,-54.56502746007861
144,7.38346,0.413534,1.5,-49.73753512279156,-57.58996443973943,-39.305007108478726,-110.0,-33.411720680143674,-25.282347346329978,-110,-37.80548577398539,-41.21163771591824
6,-2.61654,-7.58647,1.5,-31.48106278483799,-40.502346002485275,-22.603167233700766,-110.0,-44.67066142352541,-50.126183923471906,-110,-40.04407446978224,-44.33042891681258
190,5.38346,3.41353,1.5,-57.214057826437156,-44.755313491677,-41.7253427949349,-110.0,-39.60168736122151,-30.28810032186548,-110,-37.94921939173243,-35.36867918423979
230,-2.61654,6.41353,1.5,-38.72482989834873,-32.5071819709912,-34.86726648468132,-110.0,-67.20367488548476,-53.98282167065966,-110,-50.59323861726203,-66.90743275681653
219,2.38346,5.41353,1.5,-56.94504610865657,-28.946147974678357,-62.846417525525894,-110.0,-45.048739614021535,-36.19709997589001,-110,-36.756992226483085,-32.55385448548286
160,7.38346,1.41353,1.5,-57.40501721580036,-46.31211512257958,-51.80178747902109,-110.0,-41.60373808619099,-23.9443136919569,-110,-49.250524491414886,-45.50440308612498
51,-5.61654,-4.58647,1.5,-33.71804369109916,-39.62814288549521,-42.37114880695975,-110.0,-38.87351944343503,-49.443929524491345,-110,-40.77208725151698,-50.91500044933383
129,-7.61654,0.413534,1.5,-36.6697096476314,-40.82671168763053,-34.02592749683997,-110.0,-40.21862082747161,-47.49107927717394,-110,-41.94723351935463,-43.11356019814064
175,6.38346,2.41353,1.5,-53.87853576445874,-56.69394213847572,-43.9161892828317,-110.0,-42.424669253964446,-34.617165378859134,-110,-30.324127165943754,-44.18318248947752
88,-0.616541,-2.58647,1.5,-54.2963497131563,-39.048452262517145,-35.56542111645622,-110.0,-67.54733385301836,-50.10386968219251,-110,-42.473974115641646,-42.475775074464494
116,-4.61654,-0.586466,1.5,-49.13358230771687,-40.25166115983946,-37.63080302128792,-110.0,-45.02074432675072,-30.307105644372875,-110,-37.66951386021698,-35.10916813563944
35,-5.61654,-5.58647,1.5,-34.93451228890587,-40.01316177237917,-39.815495507647455,-110.0,-31.04405776572526,-48.92506101418429,-110,-37.48314524525711,-38.09350657390072
103,-1.61654,-1.58647,1.5,-35.156307659339575,-38.05048621288682,-50.59929586339701,-110.0,-47.38150671076416,-50.4040588496384,-110,-34.69614146260117,-53.52830534054283
132,-4.61654,0.413534,1.5,-35.86361506115425,-39.28553724869221,-36.44290592120963,-110.0,-44.23592704426566,-41.96721848519812,-110,-42.8584557772437,-46.47490898703359
53,-3.61654,-4.58647,1.5,-37.02438379885566,-45.37825202038298,-27.08091445862015,-110.0,-41.713442567369725,-47.18191072311923,-110,-41.09151148153117,-58.40318080201164
66,-6.61654,-3.58647,1.5,-43.67808796731693,-42.59530240908633,-35.68382899362792,-110.0,-43.24514080802159,-52.66100154413464,-110,-43.50112922111092,-59.07779877151439
106,1.38346,-1.58647,1.5,-46.15805862926303,-52.87633914462798,-50.07005321979718,-110.0,-48.664497569815666,-36.70360607964914,-110,-33.28713199512692,-37.67775630328314
212,-4.61654,5.41353,1.5,-48.06437129150595,-47.31461940988888,-45.30699158820432,-110.0,-46.520158662834135,-50.4463527660112,-110,-33.53887943792289,-51.758672044980905
2,-6.61654,-7.58647,1.5,-39.580830152517045,-48.04490334064842,-37.18091207539569,-110.0,-32.75782959934659,-46.22355679469426,-110,-40.60060748181582,-48.29488546963228
134,-2.61654,0.413534,1.5,-36.73917556909441,-38.13119030085651,-45.80590660634833,-110.0,-48.30702270950691,-35.27958130824814,-110,-24.659592770771237,-51.27791364887806
26,1.38346,-6.58647,1.5,-43.73444003034655,-50.23399580394872,-41.58890301945708,-100.80233712065288,-21.110267902233037,-28.46393729031095,-110,-52.15565228876827,-27.52232868430993
86,-2.61654,-2.58647,1.5,-39.479678858937106,-43.771682002584456,-35.90907717426114,-110.0,-47.177860442429704,-44.12425413009372,-110,-43.2565835387136,-45.66642928821739
50,-6.61654,-4.58647,1.5,-42.43266544136986,-37.33333726155172,-24.5909475899543,-110.0,-43.01649240155722,-42.587680862785795,-110,-37.86096006687296,-43.925823704621294
237,4.38346,6.41353,1.5,-53.98902209884804,-42.531745749679054,-49.208066902036855,-110.0,-41.102583197693384,-33.87432039360862,-110,-32.298703371143056,-42.30322024335521
183,-1.61654,3.41353,1.5,-49.47611440012837,-34.452156369362875,-46.61888073077513,-110.0,-47.96177503471117,-30.789996491529493,-110,-23.136862032330573,-40.71821409972504
208,7.38346,4.41353,1.5,-51.497572477487736,-36.10129361956487,-56.45583915426321,-110.0,-48.28190350442519,-19.76615779566676,-110,-31.656323258756046,-38.90145876257328
46,5.38346,-5.58647,1.5,-45.59265319436415,-59.26159530937227,-48.970145017842896,-102.1385914213526,-38.49703244659369,-40.551037071803734,-110,-37.40187525464683,-30.904247233682476
235,2.38346,6.41353,1.5,-43.67564759427658,-29.063574298266904,-48.46499019148105,-110.0,-52.714281173797296,-53.45733900919341,-110,-47.36387779387807,-52.04231233891471
88,-0.616541,-2.58647,1.5,-53.36287866517473,-34.43234756631507,-40.70758761546234,-110.0,-62.799595657027155,-49.78327377140828,-110,-28.07359092986318,-44.911063326189755
95,6.38346,-2.58647,1.5,-54.81060659325043,-60.53789606073647,-39.66385638528007,-110.0,-34.17254304896414,-48.05656055017997,-110,-35.14407966218547,-31.513155617984292
69,-3.61654,-3.58647,1.5,-43.55751544885002,-36.56079961771379,-32.832246163038214,-110.0,-43.37180783501571,-44.23331781135822,-110,-40.80827751024533,-45.40862916018061
9,0.383459,-7.58647,1.5,-42.46363686163916,-48.2978566870355,-28.52452997156283,-110.0,-24.92801196752542,-26.51969996620043,-110,-40.740317731510125,-27.211166443649596
69,-3.61654,-3.58647,1.5,-44.34121510651524,-43.68517716728406,-35.07423817781808,-110.0,-38.987656352771424,-48.633623792499804,-110,-40.114307790243586,-46.691432068904575
79,6.38346,-3.58647,1.5,-50.61501301749549,-52.00396448196676,-36.86432831137434,-110.0,-40.01451356792591,-44.32449986459564,-110,-52.50903619123976,-28.48580514238292
21,-3.61654,-6.58647,1.5,-35.978173615513,-38.39637529807207,-35.04425723244002,-89.0473796919605,-32.96444660681344,-44.959508187396594,-110,-41.458900503081814,-41.05856862361747
82,-6.61654,-2.58647,1.5,-61.425132510781,-47.89106891746311,-39.0818459411103,-110.0,-48.56138092942466,-69.01641998719063,-110,-46.08682240866758,-35.84661291266381
180,-4.61654,3.41353,1.5,-36.17656194963601,-44.633044152740126,-37.54469508439866,-110.0,-43.66548558042465,-50.55007323707036,-110,-35.156561362127945,-43.93114835412598
211,-5.61654,5.41353,1.5,-35.48288766188603,-51.95756610544693,-34.7647138084279,-110.0,-55.79303177867242,-44.249676725232774,-110,-43.33231142444936,-41.292706707274206
97,-7.61654,-1.58647,1.5,-47.868967732733296,-39.49975176407334,-39.5822221161111,-110.0,-45.25260482534961,-48.11571992365689,-110,-43.801746981070174,-43.74659825516644
206,5.38346,4.41353,1.5,-57.873630894817566,-34.41524802519465,-51.39175285005076,-110.0,-43.43999785499034,-36.83182429009631,-110,-38.760857597416546,-37.93452228425397
22,-2.61654,-6.58647,1.5,-38.491866417171025,-48.86180159809117,-29.059488371252527,-77.63968170330378,-38.52920961182895,-33.55259805616173,-110,-39.04898514930918,-52.687125504659704
130,-6.61654,0.413534,1.5,-31.663225127658993,-46.58936357381264,-52.164702625812254,-110.0,-39.07788423389887,-38.42678237317109,-110,-42.46473361348909,-60.97207833935611
119,-1.61654,-0.586466,1.5,-34.76861622723324,-37.24005166478441,-29.750303883928463,-110.0,-44.09815332101866,-42.1898180161256,-110,-37.27505104961665,-51.11155498419115
107,2.38346,-1.58647,1.5,-48.17865751166218,-52.7281032741169,-44.876535258622255,-110.0,-46.78316035748419,-40.975620714317785,-110,-37.94712561285912,-32.685095474001194
51,-5.61654,-4.58647,1.5,-30.79041904055345,-40.92132423335378,-42.51306469698531,-110.0,-30.247092279139736,-45.21988143741429,-110,-46.76572442307592,-48.33044903223597
233,0.383459,6.41353,1.5,-32.308956483896026,-24.74018337392525,-42.77817633901932,-110.0,-46.434988407109714,-40.03850392400013,-110,-41.92143585071785,-41.387448596981706
43,2.38346,-5.58647,1.5,-51.26431263007929,-60.32544025252232,-40.03275472004674,-94.43166291819078,-34.55365639706209,-35.41946351918731,-110,-39.753805903200565,-38.53599173571393
64,7.38346,-4.58647,1.5,-48.334915427362695,-44.34386194682883,-42.46603821687834,-95.8844146661909,-40.519001605055685,-35.65392596181667,-110,-47.92415801058308,-32.176715951845786
156,3.38346,1.41353,1.5,-62.95033451154905,-46.981106017550445,-53.49346349267993,-110.0,-37.109072796329166,-39.26799084757857,-110,-35.89219375836004,-49.343480412320005
101,-3.61654,-1.58647,1.5,-25.571670664999008,-41.19940511307232,-40.19857826438833,-110.0,-47.15768730194761,-59.22519623818746,-110,-47.75361077508583,-47.90992081570043
92,3.38346,-2.58647,1.5,-47.902460556421666,-65.60950745705057,-36.42575902790122,-110.0,-48.451169595727734,-31.995917648927403,-110,-39.667926421333355,-30.788327235121063
237,4.38346,6.41353,1.5,-48.733671546292946,-46.245134187073845,-51.820246163908585,-110.0,-33.865358593889205,-25.16644847458431,-110,-36.666253351251,-39.874712392356464
7,-1.61654,-7.58647,1.5,-37.26647792468235,-40.90537423124067,-37.445057254865446,-110.0,-23.59740367972573,-49.4914306671719,-110,-38.78122381562014,-54.4409401036557
61,4.38346,-4.58647,1.5,-47.36523892386347,-50.26242535789616,-41.0445920859732,-110.0,-32.58126038631886,-44.95782604116323,-110,-41.027199171354354,-31.989066812963884
33,-7.61654,-5.58647,1.5,-45.96873020662838,-38.349672354383536,-31.362282493286344,-110.0,-33.66229335522935,-50.10110743676272,-110,-30.31006005736484,-40.02569692874678
92,3.38346,-2.58647,1.5,-52.76839156297676,-64.08328152361787,-38.80918476677533,-110.0,-40.7203165326667,-25.95428952118355,-110,-45.099899743841995,-33.120729296389555
69,-3.61654,-3.58647,1.5,-40.12915924922063,-37.84084273064816,-34.99865708055056,-110.0,-41.560405407715194,-47.367727263718784,-110,-38.27962972181877,-45.77540668744743
86,-2.61654,-2.58647,1.5,-45.994279461878094,-38.675578255289814,-27.470144401728767,-110.0,-42.21160111382489,-40.14830227665996,-110,-43.72400117601927,-52.49542938844739
37,-3.61654,-5.58647,1.5,-36.86231169144768,-42.86330646335686,-29.1014062893428,-110.0,-41.17441459369856,-52.26994767065104,-110,-43.462506710927805,-39.38341096271054
16,7.38346,-7.58647,1.5,-40.814505968467905,-49.65740617512431,-45.91887350431412,-87.5747256453227,-43.8629161210355,-35.53374712980667,-110,-30.62421963807277,-28.05616255859679
97,-7.61654,-1.58647,1.5,-38.02892229064221,-43.681152358173705,-46.09473578138721,-110.0,-47.03202563000029,-40.74886097778317,-110,-39.86229984792966,-45.111686728822775
162,-6.61654,2.41353,1.5,-30.423553637879422,-44.63827553865225,-37.55141351224205,-110.0,-41.82693610730338,-45.46691689196806,-110,-32.61893264146027,-45.92042532999337
214,-2.61654,5.41353,1.5,-41.56897970364407,-53.75049303194593,-39.674086711343385,-110.0,-36.64733331801788,-56.14312189255928,-110,-36.15209037903546,-44.88634653895105
138,1.38346,0.413534,1.5,-60.71436263907045,-51.83849446798746,-38.45611948163212,-110.0,-33.60038093363926,-46.99375623805016,-110,-29.891713686219205,-39.832508825823496
113,-7.61654,-0.586466,1.5,-40.99554341020886,-40.86780997223467,-38.175852666521266,-110.0,-38.53896144366486,-33.237336082468815,-110,-47.32348043752242,-45.53351624699844
152,-0.616541,1.41353,1.5,-40.087255992527616,-37.48609266765346,-33.91789029751674,-110.0,-39.38590992465059,-46.78182914807978,-110,-28.504368513448583,-48.880909746852915
40,-0.616541,-5.58647,1.5,-56.04914395308337,-47.46321996355117,-22.66159506989684,-110.0,-43.831239536983915,-45.62259727165451,-110,-41.93327025124064,-40.42377054221366
215,-1.61654,5.41353,1.5,-43.67047080779908,-40.474426088302174,-38.545445228314385,-110.0,-44.114708188462814,-44.359535582764224,-110,-32.93302704352644,-47.066872571344895
169,0.383459,2.41353,1.5,-46.673113060435405,-61.43835689290391,-50.45533132574864,-110.0,-31.666210395054776,-33.71121050475982,-110,-25.916957975121708,-66.66660961060293
178,-6.61654,3.41353,1.5,-33.448058368894365,-46.428033863162234,-36.53108997340252,-110.0,-59.378328621654816,-41.60483269122714,-110,-41.62164409651753,-45.29947991845625
82,-6.61654,-2.58647,1.5,-61.017985108161874,-43.61748975283919,-48.02499937818359,-110.0,-50.89773628106261,-60.32859371263535,-110,-50.67824241260894,-34.90117495047347
232,-0.616541,6.41353,1.5,-42.571033111600805,-20.54302108805615,-31.795106713668503,-110.0,-58.09684530560781,-51.1605468124588,-110,-55.58597641035871,-48.21985140495786
188,3.38346,3.41353,1.5,-59.92094617092904,-43.28383920768938,-49.87303878030078,-110.0,-50.10929877624027,-50.064927037125095,-110,-28.97245259904357,-38.48310987051602
80,7.38346,-3.58647,1.5,-48.98602782436959,-42.99018567408035,-50.15774186615005,-110.0,-40.57096762051114,-36.72509914032795,-110,-36.59548027496526,-47.57690183173795
26,1.38346,-6.58647,1.5,-45.476910897842,-55.70870335527638,-36.235874473469046,-95.9628706496228,-23.670664308573016,-31.56577607463056,-110,-54.69148754012641,-32.248011065836664
57,0.383459,-4.58647,1.5,-59.8225728671212,-46.482668943982006,-54.37687873894237,-110.0,-33.63390308953862,-44.80064664835612,-110,-37.2272166183597,-46.78322498052963
5,-3.61654,-7.58647,1.5,-37.72463839883024,-35.76929062548242,-45.1311789711615,-110.0,-30.86694430398066,-55.331655925643766,-110,-58.42438301199081,-38.64426490760142
98,-6.61654,-1.58647,1.5,-38.17800787973573,-37.335814514626975,-37.96295641986938,-110.0,-43.26829797609784,-47.05532428721502,-110,-47.1158866302343,-50.5366925662895
106,1.38346,-1.58647,1.5,-46.1747281750053,-54.55614941501221,-52.7947913948563,-110.0,-50.79287249983339,-40.60354646521181,-110,-35.32699568611725,-38.18083974070743
115,-5.61654,-0.586466,1.5,-39.14774291744104,-33.92633619309856,-39.88898097670109,-110.0,-31.38626838414548,-31.39552678805455,-110,-41.87216025258382,-38.276684742800526
208,7.38346,4.41353,1.5,-46.65248318431397,-33.7654096378734,-56.1598898592715,-110.0,-50.0337176654477,-21.47411517524579,-110,-29.992282773719506,-39.77144638145724
186,1.38346,3.41353,1.5,-48.437710478251525,-49.65138556076109,-48.31396725900612,-110.0,-26.18796022983027,-35.35473010667731,-110,-24.29413005852432,-41.93337792617288
148,-4.61654,1.41353,1.5,-32.8679082130286,-33.031458884720614,-51.01867554356262,-110.0,-59.78070815451847,-37.82535845129971,-110,-35.01988885524696,-44.53194480518437
178,-6.61654,3.41353,1.5,-26.052187529570865,-45.22785485960392,-38.95599354997447,-110.0,-55.401720588605336,-39.2692936276169,-110,-45.53944714983798,-40.207619066956134
16,7.38346,-7.58647,1.5,-40.10849108569281,-50.01049849796748,-51.87969520760035,-81.22815621992756,-43.03463063466185,-36.149544647094466,-110,-33.157089140204874,-29.7649125123325
209,-7.61654,5.41353,1.5,-23.46651445741347,-60.93599264706037,-31.75389972318034,-110.0,-53.708364950307555,-53.72303026361645,-110,-35.232405088230855,-48.80360844256243
192,7.38346,3.41353,1.5,-54.73268087549635,-54.341602465571185,-42.878429597743136,-110.0,-38.303818464304705,-22.24836228764507,-110,-30.80531502697292,-38.780467996388694
104,-0.616541,-1.58647,1.5,-48.783009230529046,-31.940094880460755,-34.65107754734444,-110.0,-48.9987909527961,-42.161755754832626,-110,-36.73116466349936,-47.31666433594337
126,5.38346,-0.586466,1.5,-40.70520324144503,-50.01539047265929,-48.340703317447826,-110.0,-30.787125304349715,-39.338856667286606,-110,-33.5533406037857,-43.73959051113525
174,5.38346,2.41353,1.5,-53.87059567844767,-56.73365096110416,-44.08824014888562,-110.0,-33.675186967868804,-27.681631898722156,-110,-37.517058286635894,-41.10474002945632
175,6.38346,2.41353,1.5,-57.99249936765979,-52.210228964806966,-44.19181865019422,-110.0,-39.40937604051743,-30.299203731996208,-110,-35.68849349447139,-47.647276933427314
180,-4.61654,3.41353,1.5,-38.88558085123173,-44.52996147803986,-44.352799155849446,-110.0,-46.607180295755384,-47.54530987491151,-110,-34.27894258346988,-42.787874398149945
29,4.38346,-6.58647,1.5,-47.860278783398186,-57.72138974041848,-41.45522049462371,-78.80778851927373,-31.377638444704903,-33.60204736918556,-110,-37.78249031868726,-33.98758166953254
