rp_id,x,y,floor,ap0,ap1,ap2,ap3,ap4,ap5,ap6,ap7,ap8,ap9,ap10,ap11,ap12,ap13,ap14,ap15,ap16,ap17,ap18,ap19,ap20,ap21,ap22,ap23,ap24,ap25,ap26,ap27,ap28,ap29,ap30,ap31,ap32,ap33,ap34,ap35,ap36,ap37,ap38,ap39,ap40,ap41,ap42,ap43,ap44,ap45,ap46,ap47,ap48,ap49,ap50,ap51,ap52,ap53,ap54,ap55,ap56,ap57,ap58,ap59,ap60,ap61,ap62,ap63,ap64,ap65,ap66,ap67,ap68,ap69,ap70,ap71,ap72,ap73,ap74,ap75,ap76,ap77,ap78,ap79,ap80,ap81,ap82,ap83,ap84,ap85,ap86,ap87,ap88,ap89,ap90,ap91,ap92,ap93,ap94,ap95,ap96,ap97,ap98,ap99,ap100,ap101,ap102,ap103,ap104,ap105,ap106,ap107,ap108,ap109,ap110,ap111,ap112,ap113,ap114,ap115,ap116,ap117,ap118,ap119,ap120,ap121,ap122,ap123,ap124,ap125,ap126,ap127,ap128,ap129,ap130,ap131,ap132,ap133,ap134,ap135,ap136,ap137,ap138,ap139,ap140,ap141,ap142,ap143,ap144,ap145,ap146,ap147,ap148,ap149,ap150,ap151,ap152,ap153,ap154,ap155,ap156,ap157,ap158,ap159,ap160,ap161,ap162,ap163,ap164,ap165,ap166,ap167,ap168,ap169,ap170,ap171,ap172,ap173,ap174,ap175,ap176,ap177,ap178,ap179,ap180,ap181,ap182,ap183,ap184,ap185,ap186,ap187,ap188,ap189,ap190,ap191,ap192,ap193,ap194,ap195,ap196,ap197,ap198,ap199,ap200,ap201,ap202,ap203,ap204,ap205,ap206,ap207,ap208,ap209,ap210,ap211,ap212,ap213,ap214,ap215,ap216,ap217,ap218,ap219,ap220,ap221,ap222,ap223,ap224,ap225,ap226,ap227,ap228,ap229,ap230,ap231,ap232,ap233,ap234,ap235,ap236,ap237,ap238,ap239,ap240,ap241,ap242,ap243,ap244,ap245,ap246,ap247,ap248,ap249,ap250,ap251,ap252,ap253,ap254,ap255,ap256,ap257,ap258,ap259,ap260,ap261,ap262,ap263,ap264,ap265,ap266,ap267,ap268,ap269,ap270,ap271,ap272,ap273,ap274,ap275,ap276,ap277,ap278,ap279,ap280,ap281,ap282,ap283,ap284,ap285,ap286,ap287,ap288,ap289,ap290,ap291,ap292,ap293,ap294,ap295,ap296,ap297,ap298,ap299,ap300,ap301,ap302,ap303,ap304,ap305,ap306,ap307,ap308,ap309,ap310,ap311,ap312,ap313,ap314,ap315,ap316,ap317,ap318,ap319,ap320,ap321,ap322,ap323,ap324,ap325,ap326,ap327,ap328,ap329,ap330,ap331,ap332,ap333,ap334,ap335,ap336,ap337,ap338,ap339,ap340,ap341,ap342,ap343,ap344,ap345,ap346,ap347,ap348,ap349,ap350,ap351,ap352,ap353,ap354,ap355,ap356,ap357,ap358,ap359,ap360,ap361,ap362,ap363,ap364,ap365,ap366,ap367,ap368,ap369,ap370,ap371,ap372,ap373,ap374,ap375,ap376,ap377,ap378,ap379,ap380,ap381,ap382,ap383,ap384,ap385,ap386,ap387,ap388,ap389,ap390,ap391,ap392,ap393,ap394,ap395,ap396,ap397,ap398,ap399,ap400,ap401,ap402,ap403,ap404,ap405,ap406,ap407,ap408,ap409,ap410,ap411,ap412,ap413,ap414,ap415,ap416,ap417,ap418,ap419,ap420,ap421,ap422,ap423,ap424,ap425,ap426,ap427,ap428,ap429,ap430,ap431,ap432,ap433,ap434,ap435,ap436,ap437,ap438,ap439,ap440,ap441,ap442,ap443,ap444,ap445,ap446,ap447,ap448,ap449,ap450,ap451,ap452,ap453,ap454,ap455,ap456,ap457,ap458,ap459,ap460,ap461,ap462,ap463,ap464,ap465,ap466,ap467,ap468,ap469,ap470,ap471,ap472,ap473,ap474,ap475,ap476,ap477,ap478,ap479,ap480,ap481,ap482,ap483,ap484,ap485,ap486,ap487,ap488,ap489,ap490,ap491,ap492,ap493,ap494,ap495,ap496,ap497,ap498,ap499,ap500,ap501,ap502,ap503,ap504,ap505,ap506,ap507,ap508,ap509,ap510,ap511,ap512,ap513,ap514,ap515,ap516,ap517,ap518,ap519,ap520,ap521,ap522,ap523,ap524,ap525,ap526,ap527,ap528,ap529,ap530,ap531,ap532,ap533,ap534,ap535,ap536,ap537,ap538,ap539,ap540,ap541,ap542,ap543,ap544,ap545,ap546,ap547,ap548,ap549,ap550,ap551,ap552,ap553,ap554,ap555,ap556,ap557,ap558,ap559,ap560,ap561,ap562,ap563,ap564,ap565,ap566,ap567,ap568,ap569,ap570,ap571,ap572,ap573,ap574,ap575,ap576,ap577,ap578,ap579,ap580,ap581,ap582,ap583,ap584,ap585,ap586,ap587,ap588,ap589,ap590,ap591,ap592,ap593,ap594,ap595,ap596,ap597,ap598,ap599,ap600,ap601,ap602,ap603,ap604,ap605,ap606,ap607,ap608,ap609,ap610,ap611,ap612,ap613,ap614,ap615,ap616,ap617,ap618,ap619
48,12.91385188,29.21654402,5,-86,-92,-85,-85,-110,-88,-110,-84,-90,-110,-110,-110,-110,-110,-61,-110,-60,-110,-110,-110,-110,-110,-110,-110,-110,-110,-85,-110,-110,-86,-110,-96,-110,-110,-110,-110,-110,-110,-110,-110,-110,-110,-110,-110,-110,-110,-110,-110,-110,-110,-90,-110,-110,-110,-110,-110,-110,-110,-110,-110,-110,-110,-110,-110,-110,-110,-110,-110,-62,-110,-63,-110,-110,-110,-110,-110,-110,-110,-110,-110,-110,-110,-110,-110,-110,-110,-110,-110,-110,-110,-110,-110,-110,-110,-110,-110,-110,-110,-110,-110,-110,-110,-110,-110,-110,-110,-110,-110,-110,-110,-110,-110,-110,-110,-110,-110,-110,-110,-110,-110,-110,-110,-110,-110,-110,-110,-110,-110,-110,-110,-110,-110,-110,-110,-110,-110,-110,-110,-110,-110,-110,-110,-110,-110,-110,-110,-110,-110,-110,-110,-110,-110,-110,-110,-110,-110,-110,-110,-110,-110,-110,-110,-110,-110,-110,-110,-110,-110,-110,-110,-110,-110,-110,-110,-110,-110,-110,-110,-110,-110,-110,-110,-110,-110,-110,-110,-110,-110,-110,-110,-110,-110,-110,-110,-110,-110,-110,-110,-110,-110,-110,-110,-110,-110,-110,-110,-110,-110,-110,-110,-110,-110,-110,-110,-110,-110,-110,-110,-110,-110,-110,-110,-110,-110,-110,-110,-110,-110,-110,-110,-110,-110,-110,-110,-110,-110,-110,-110,-110,-110,-110,-110,-110,-110,-110,-110,-110,-110,-110,-110,-110,-110,-110,-110,-110,-110,-110,-110,-110,-110,-110,-110,-110,-110,-110,-110,-110,-110,-110,-110,-110,-110,-110,-110,-110,-110,-110,-110,-110,-110,-110,-110,-110,-110,-110,-110,-110,-110,-110,-110,-110,-110,-110,-110,-110,-110,-110,-110,-110,-110,-110,-110,-110,-110,-110,-110,-110,-110,-110,-110,-110,-110,-110,-110,-110,-110,-110,-110,-110,-110,-110,-110,-110,-110,-110,-110,-110,-110,-110,-110,-110,-110,-110,-110,-110,-110,-110,-110,-110,-110,-110,-110,-110,-110,-110,-110,-110,-110,-110,-110,-110,-110,-110,-110,-110,-110,-110,-110,-110,-110,-110,-110,-110,-110,-110,-110,-110,-110,-110,-110,-110,-110,-110,-110,-110,-110,-110,-110,-110,-110,-110,-110,-110,-110,-110,-110,-110,-110,-110,-110,-110,-110,-110,-110,-110,-110,-110,-110,-110,-110,-110,-110,-110,-110,-110,-110,-110,-110,-110,-110,-110,-110,-110,-110,-110,-110,-110,-110,-110,-110,-110,-110,-110,-110,-110,-110,-110,-110,-110,-110,-110,-110,-110,-110,-110,-110,-110,-110,-110,-110,-110,-110,-110,-110,-110,-110,-110,-110,-110,-110,-110,-110,-110,-110,-110,-110,-110,-110,-110,-110,-110,-110,-110,-110,-110,-110,-110,-110,-110,-110,-110,-110,-110,-110,-110,-110,-110,-110,-110,-110,-110,-110,-110,-110,-110,-110,-110,-110,-110,-110,-110,-110,-110,-110,-110,-110,-110,-110,-110,-110,-110,-110,-110,-110,-110,-110,-110,-110,-110,-110,-110,-110,-110,-110,-110,-110,-110,-110,-110,-110,-110,-110,-110,-110,-110,-110,-110,-110,-110,-110,-110,-110,-110,-110,-110,-110,-110,-110,-110,-110,-110,-110,-110,-110,-110,-110,-110,-110,-110,-110,-110,-110,-110,-110,-110,-110,-110,-110,-110,-110,-110,-110,-110,-110,-110,-110,-110,-110,-110,-110,-110,-110,-110,-110,-110,-110,-110,-110,-110,-110,-110,-110,-110,-110,-110,-110,-110,-110,-110,-110,-110,-110,-110,-110,-110,-110,-110,-110,-110,-110,-110,-110,-110,-110,-110,-110,-110,-110,-110,-110,-110,-110,-110,-110,-110,-110,-110,-110,-110,-110
48,12.91385188,29.21654402,5,-110,-90,-86,-85,-110,-110,-110,-84,-90,-110,-110,-110,-110,-110,-61,-110,-61,-110,-110,-110,-110,-110,-110,-110,-91,-110,-110,-92,-110,-110,-110,-110,-110,-110,-110,-91,-110,-110,-110,-110,-110,-110,-110,-110,-110,-110,-110,-110,-88,-110,-85,-110,-110,-110,-110,-110,-110,-110,-110,-110,-110,-110,-110,-110,-110,-110,-110,-110,-56,-110,-110,-110,-88,-110,-110,-110,-110,-110,-110,-110,-110,-110,-110,-110,-110,-110,-110,-110,-110,-110,-110,-110,-110,-110,-110,-110,-110,-110,-110,-110,-110,-110,-110,-110,-110,-110,-110,-110,-110,-110,-110,-110,-110,-110,-110,-110,-110,-110,-110,-110,-110,-110,-110,-110,-110,-110,-110,-110,-110,-110,-110,-110,-110,-110,-110,-110,-110,-110,-110,-110,-110,-110,-110,-110,-110,-110,-110,-110,-110,-110,-110,-110,-110,-110,-110,-110,-110,-110,-110,-110,-110,-110,-110,-110,-110,-110,-110,-110,-110,-110,-110,-110,-110,-110,-110,-110,-110,-110,-110,-110,-110,-110,-110,-110,-110,-110,-110,-110,-110,-110,-110,-110,-110,-110,-110,-110,-110,-110,-110,-110,-110,-110,-110,-110,-110,-110,-110,-110,-110,-110,-110,-110,-110,-110,-110,-110,-110,-110,-110,-110,-110,-110,-110,-110,-110,-110,-110,-110,-110,-110,-110,-110,-110,-110,-110,-110,-110,-110,-110,-110,-110,-110,-110,-110,-110,-110,-110,-110,-110,-110,-110,-110,-110,-110,-110,-110,-110,-110,-110,-110,-110,-110,-110,-110,-110,-110,-110,-110,-110,-110,-110,-110,-110,-110,-110,-110,-110,-110,-110,-110,-110,-110,-110,-110,-110,-110,-110,-110,-110,-110,-110,-110,-110,-110,-110,-110,-110,-110,-110,-110,-110,-110,-110,-110,-110,-110,-110,-110,-110,-110,-110,-110,-110,-110,-110,-110,-110,-110,-110,-110,-110,-110,-110,-110,-110,-110,-110,-110,-110,-110,-110,-110,-110,-110,-110,-110,-110,-110,-110,-110,-110,-110,-110,-110,-110,-110,-110,-110,-110,-110,-110,-110,-110,-110,-110,-110,-110,-110,-110,-110,-110,-110,-110,-110,-110,-110,-110,-110,-110,-110,-110,-110,-110,-110,-110,-110,-110,-110,-110,-110,-110,-110,-110,-110,-110,-110,-110,-110,-110,-110,-110,-110,-110,-110,-110,-110,-110,-110,-110,-110,-110,-110,-110,-110,-110,-110,-110,-110,-110,-110,-110,-110,-110,-110,-110,-110,-110,-110,-110,-110,-110,-110,-110,-110,-110,-110,-110,-110,-110,-110,-110,-110,-110,-110,-110,-110,-110,-110,-110,-110,-110,-110,-110,-110,-110,-110,-110,-110,-110,-110,-110,-110,-110,-110,-110,-110,-110,-110,-110,-110,-110,-110,-110,-110,-110,-110,-110,-110,-110,-110,-110,-110,-110,-110,-110,-110,-110,-110,-110,-110,-110,-110,-110,-110,-110,-110,-110,-110,-110,-110,-110,-110,-110,-110,-110,-110,-110,-110,-110,-110,-110,-110,-110,-110,-110,-110,-110,-110,-110,-110,-110,-110,-110,-110,-110,-110,-110,-110,-110,-110,-110,-110,-110,-110,-110,-110,-110,-110,-110,-110,-110,-110,-110,-110,-110,-110,-110,-110,-110,-110,-110,-110,-110,-110,-110,-110,-110,-110,-110,-110,-110,-110,-110,-110,-110,-110,-110,-110,-110,-110,-110,-110,-110,-110,-110,-110,-110,-110,-110,-110,-110,-110,-110,-110,-110,-110,-110,-110,-110,-110,-110,-110,-110,-110,-110,-110,-110,-110,-110,-110,-110,-110,-110,-110,-110,-110,-110,-110,-110,-110,-110,-110,-110,-110,-110,-110,-110,-110,-110,-110,-110,-110,-110,-110,-110,-110,-110,-110,-110,-110
48,12.91385188,29.21654402,5,-90,-91,-91,-86,-110,-110,-87,-87,-90,-110,-110,-110,-110,-110,-58,-110,-58,-110,-110,-110,-110,-110,-110,-110,-91,-110,-110,-89,-110,-83,-110,-110,-110,-110,-110,-91,-110,-110,-110,-110,-110,-110,-110,-110,-110,-110,-110,-110,-87,-110,-86,-110,-110,-110,-110,-110,-110,-110,-110,-110,-110,-110,-110,-110,-110,-110,-83,-110,-54,-110,-110,-110,-83,-110,-110,-110,-110,-110,-110,-110,-110,-110,-110,-110,-110,-110,-110,-110,-110,-110,-110,-110,-110,-110,-110,-110,-110,-110,-110,-110,-110,-110,-110,-110,-110,-110,-110,-110,-110,-110,-110,-110,-110,-110,-110,-110,-110,-110,-110,-110,-110,-110,-110,-110,-110,-110,-110,-110,-110,-110,-110,-110,-110,-110,-110,-110,-110,-110,-110,-110,-110,-110,-110,-110,-110,-110,-110,-110,-110,-110,-110,-110,-110,-110,-110,-110,-110,-110,-110,-110,-110,-110,-110,-110,-110,-110,-110,-110,-110,-110,-110,-110,-110,-110,-110,-110,-110,-110,-110,-110,-110,-110,-110,-110,-110,-110,-110,-110,-110,-110,-110,-110,-110,-110,-110,-110,-110,-110,-110,-110,-110,-110,-110,-110,-110,-110,-110,-110,-110,-110,-110,-110,-110,-110,-110,-110,-110,-110,-110,-110,-110,-110,-110,-110,-110,-110,-110,-110,-110,-110,-110,-110,-110,-110,-110,-110,-110,-110,-110,-110,-110,-110,-110,-110,-110,-110,-110,-110,-110,-110,-110,-110,-110,-110,-110,-110,-110,-110,-110,-110,-110,-110,-110,-110,-110,-110,-110,-110,-110,-110,-110,-110,-110,-110,-110,-110,-110,-110,-110,-110,-110,-110,-110,-110,-110,-110,-110,-110,-110,-110,-110,-110,-110,-110,-110,-110,-110,-110,-110,-110,-110,-110,-110,-110,-110,-110,-110,-110,-110,-110,-110,-110,-110,-110,-110,-110,-110,-110,-110,-110,-110,-110,-110,-110,-110,-110,-110,-110,-110,-110,-110,-110,-110,-110,-110,-110,-110,-110,-110,-110,-110,-110,-110,-110,-110,-110,-110,-110,-110,-110,-110,-110,-110,-110,-110,-110,-110,-110,-110,-110,-110,-110,-110,-110,-110,-110,-110,-110,-110,-110,-110,-110,-110,-110,-110,-110,-110,-110,-110,-110,-110,-110,-110,-110,-110,-110,-110,-110,-110,-110,-110,-110,-110,-110,-110,-110,-110,-110,-110,-110,-110,-110,-110,-110,-110,-110,-110,-110,-110,-110,-110,-110,-110,-110,-110,-110,-110,-110,-110,-110,-110,-110,-110,-110,-110,-110,-110,-110,-110,-110,-110,-110,-110,-110,-110,-110,-110,-110,-110,-110,-110,-110,-110,-110,-110,-110,-110,-110,-110,-110,-110,-110,-110,-110,-110,-110,-110,-110,-110,-110,-110,-110,-110,-110,-110,-110,-110,-110,-110,-110,-110,-110,-110,-110,-110,-110,-110,-110,-110,-110,-110,-110,-110,-110,-110,-110,-110,-110,-110,-110,-110,-110,-110,-110,-110,-110,-110,-110,-110,-110,-110,-110,-110,-110,-110,-110,-110,-110,-110,-110,-110,-110,-110,-110,-110,-110,-110,-110,-110,-110,-110,-110,-110,-110,-110,-110,-110,-110,-110,-110,-110,-110,-110,-110,-110,-110,-110,-110,-110,-110,-110,-110,-110,-110,-110,-110,-110,-110,-110,-110,-110,-110,-110,-110,-110,-110,-110,-110,-110,-110,-110,-110,-110,-110,-110,-110,-110,-110,-110,-110,-110,-110,-110,-110,-110,-110,-110,-110,-110,-110,-110,-110,-110,-110,-110,-110,-110,-110,-110,-110,-110,-110,-110,-110,-110,-110,-110,-110,-110,-110,-110,-110,-110,-110,-110,-110,-110,-110,-110,-110,-110,-110,-110,-110,-110,-110,-110,-110,-110,-110
48,12.91385188,29.21654402,5,-110,-91,-84,-84,-110,-89,-85,-83,-90,-110,-110,-110,-110,-110,-59,-110,-60,-110,-110,-110,-110,-110,-110,-110,-110,-110,-84,-90,-110,-83,-110,-110,-110,-110,-110,-96,-110,-110,-110,-110,-110,-110,-110,-110,-110,-110,-110,-110,-90,-110,-89,-110,-110,-110,-110,-110,-110,-110,-110,-110,-110,-110,-110,-110,-110,-110,-81,-110,-59,-110,-58,-110,-80,-110,-110,-110,-110,-110,-110,-110,-110,-110,-110,-110,-110,-110,-110,-110,-110,-110,-110,-110,-110,-110,-110,-110,-110,-110,-110,-110,-110,-110,-110,-110,-110,-110,-110,-110,-110,-110,-110,-110,-110,-110,-110,-110,-110,-110,-110,-110,-110,-110,-110,-110,-110,-110,-110,-110,-110,-110,-110,-110,-110,-110,-110,-110,-110,-110,-110,-110,-110,-110,-110,-110,-110,-110,-110,-110,-110,-110,-110,-110,-110,-110,-110,-110,-110,-110,-110,-110,-110,-110,-110,-110,-110,-110,-110,-110,-110,-110,-110,-110,-110,-110,-110,-110,-110,-110,-110,-110,-110,-110,-110,-110,-110,-110,-110,-110,-110,-110,-110,-110,-110,-110,-110,-110,-110,-110,-110,-110,-110,-110,-110,-110,-110,-110,-110,-110,-110,-110,-110,-110,-110,-110,-110,-110,-110,-110,-110,-110,-110,-110,-110,-110,-110,-110,-110,-110,-110,-110,-110,-110,-110,-110,-110,-110,-110,-110,-110,-110,-110,-110,-110,-110,-110,-110,-110,-110,-110,-110,-110,-110,-110,-110,-110,-110,-110,-110,-110,-110,-110,-110,-110,-110,-110,-110,-110,-110,-110,-110,-110,-110,-110,-110,-110,-110,-110,-110,-110,-110,-110,-110,-110,-110,-110,-110,-110,-110,-110,-110,-110,-110,-110,-110,-110,-110,-110,-110,-110,-110,-110,-110,-110,-110,-110,-110,-110,-110,-110,-110,-110,-110,-110,-110,-110,-110,-110,-110,-110,-110,-110,-110,-110,-110,-110,-110,-110,-110,-110,-110,-110,-110,-110,-110,-110,-110,-110,-110,-110,-110,-110,-110,-110,-110,-110,-110,-110,-110,-110,-110,-110,-110,-110,-110,-110,-110,-110,-110,-110,-110,-110,-110,-110,-110,-110,-110,-110,-110,-110,-110,-110,-110,-110,-110,-110,-110,-110,-110,-110,-110,-110,-110,-110,-110,-110,-110,-110,-110,-110,-110,-110,-110,-110,-110,-110,-110,-110,-110,-110,-110,-110,-110,-110,-110,-110,-110,-110,-110,-110,-110,-110,-110,-110,-110,-110,-110,-110,-110,-110,-110,-110,-110,-110,-110,-110,-110,-110,-110,-110,-110,-110,-110,-110,-110,-110,-110,-110,-110,-110,-110,-110,-110,-110,-110,-110,-110,-110,-110,-110,-110,-110,-110,-110,-110,-110,-110,-110,-110,-110,-110,-110,-110,-110,-110,-110,-110,-110,-110,-110,-110,-110,-110,-110,-110,-110,-110,-110,-110,-110,-110,-110,-110,-110,-110,-110,-110,-110,-110,-110,-110,-110,-110,-110,-110,-110,-110,-110,-110,-110,-110,-110,-110,-110,-110,-110,-110,-110,-110,-110,-110,-110,-110,-110,-110,-110,-110,-110,-110,-110,-110,-110,-110,-110,-110,-110,-110,-110,-110,-110,-110,-110,-110,-110,-110,-110,-110,-110,-110,-110,-110,-110,-110,-110,-110,-110,-110,-110,-110,-110,-110,-110,-110,-110,-110,-110,-110,-110,-110,-110,-110,-110,-110,-110,-110,-110,-110,-110,-110,-110,-110,-110,-110,-110,-110,-110,-110,-110,-110,-110,-110,-110,-110,-110,-110,-110,-110,-110,-110,-110,-110,-110,-110,-110,-110,-110,-110,-110,-110,-110,-110,-110,-110,-110,-110,-110,-110,-110,-110,-110,-110,-110,-110,-110,-110,-110,-110,-110,-110,-110,-110
48,12.91385188,29.21654402,5,-85,-91,-87,-89,-110,-91,-90,-90,-90,-110,-110,-110,-110,-110,-61,-110,-61,-110,-110,-110,-110,-110,-110,-110,-91,-110,-85,-90,-110,-110,-110,-89,-110,-110,-110,-110,-110,-110,-110,-110,-110,-110,-110,-110,-110,-110,-110,-110,-88,-110,-89,-85,-110,-86,-110,-110,-110,-110,-110,-110,-110,-110,-110,-110,-110,-110,-77,-110,-55,-110,-110,-110,-77,-110,-110,-110,-110,-110,-110,-110,-110,-110,-110,-110,-110,-110,-110,-110,-110,-110,-110,-110,-110,-110,-110,-110,-110,-110,-110,-110,-110,-110,-110,-110,-110,-110,-110,-110,-110,-110,-110,-110,-110,-110,-110,-110,-110,-110,-110,-110,-110,-110,-110,-110,-110,-110,-110,-110,-110,-110,-110,-110,-110,-110,-110,-110,-110,-110,-110,-110,-110,-110,-110,-110,-110,-110,-110,-110,-110,-110,-110,-110,-110,-110,-110,-110,-110,-110,-110,-110,-110,-110,-110,-110,-110,-110,-110,-110,-110,-110,-110,-110,-110,-110,-110,-110,-110,-110,-110,-110,-110,-110,-110,-110,-110,-110,-110,-110,-110,-110,-110,-110,-110,-110,-110,-110,-110,-110,-110,-110,-110,-110,-110,-110,-110,-110,-110,-110,-110,-110,-110,-110,-110,-110,-110,-110,-110,-110,-110,-110,-110,-110,-110,-110,-110,-110,-110,-110,-110,-110,-110,-110,-110,-110,-110,-110,-110,-110,-110,-110,-110,-110,-110,-110,-110,-110,-110,-110,-110,-110,-110,-110,-110,-110,-110,-110,-110,-110,-110,-110,-110,-110,-110,-110,-110,-110,-110,-110,-110,-110,-110,-110,-110,-110,-110,-110,-110,-110,-110,-110,-110,-110,-110,-110,-110,-110,-110,-110,-110,-110,-110,-110,-110,-110,-110,-110,-110,-110,-110,-110,-110,-110,-110,-110,-110,-110,-110,-110,-110,-110,-110,-110,-110,-110,-110,-110,-110,-110,-110,-110,-110,-110,-110,-110,-110,-110,-110,-110,-110,-110,-110,-110,-110,-110,-110,-110,-110,-110,-110,-110,-110,-110,-110,-110,-110,-110,-110,-110,-110,-110,-110,-110,-110,-110,-110,-110,-110,-110,-110,-110,-110,-110,-110,-110,-110,-110,-110,-110,-110,-110,-110,-110,-110,-110,-110,-110,-110,-110,-110,-110,-110,-110,-110,-110,-110,-110,-110,-110,-110,-110,-110,-110,-110,-110,-110,-110,-110,-110,-110,-110,-110,-110,-110,-110,-110,-110,-110,-110,-110,-110,-110,-110,-110,-110,-110,-110,-110,-110,-110,-110,-110,-110,-110,-110,-110,-110,-110,-110,-110,-110,-110,-110,-110,-110,-110,-110,-110,-110,-110,-110,-110,-110,-110,-110,-110,-110,-110,-110,-110,-110,-110,-110,-110,-110,-110,-110,-110,-110,-110,-110,-110,-110,-110,-110,-110,-110,-110,-110,-110,-110,-110,-110,-110,-110,-110,-110,-110,-110,-110,-110,-110,-110,-110,-110,-110,-110,-110,-110,-110,-110,-110,-110,-110,-110,-110,-110,-110,-110,-110,-110,-110,-110,-110,-110,-110,-110,-110,-110,-110,-110,-110,-110,-110,-110,-110,-110,-110,-110,-110,-110,-110,-110,-110,-110,-110,-110,-110,-110,-110,-110,-110,-110,-110,-110,-110,-110,-110,-110,-110,-110,-110,-110,-110,-110,-110,-110,-110,-110,-110,-110,-110,-110,-110,-110,-110,-110,-110,-110,-110,-110,-110,-110,-110,-110,-110,-110,-110,-110,-110,-110,-110,-110,-110,-110,-110,-110,-110,-110,-110,-110,-110,-110,-110,-110,-110,-110,-110,-110,-110,-110,-110,-110,-110,-110,-110,-110,-110,-110,-110,-110,-110,-110,-110,-110,-110,-110,-110,-110,-110,-110,-110,-110,-110,-110,-110,-110,-110,-110,-110,-110
48,12.91385188,29.21654402,5,-86,-90,-86,-86,-110,-87,-86,-85,-90,-110,-110,-110,-110,-110,-60,-110,-60,-110,-110,-110,-110,-110,-110,-110,-90,-110,-89,-90,-110,-86,-110,-110,-110,-110,-110,-110,-110,-110,-110,-110,-110,-110,-110,-110,-110,-110,-110,-110,-110,-110,-110,-87,-110,-110,-110,-110,-110,-110,-110,-110,-110,-110,-90,-110,-110,-110,-78,-110,-55,-110,-110,-110,-76,-110,-110,-110,-110,-110,-110,-110,-110,-110,-110,-110,-110,-110,-110,-110,-110,-110,-110,-110,-110,-110,-110,-110,-110,-110,-110,-110,-110,-110,-110,-110,-110,-110,-110,-110,-110,-110,-110,-110,-110,-110,-110,-110,-110,-110,-110,-110,-110,-110,-110,-110,-110,-110,-110,-110,-110,-110,-110,-110,-110,-110,-110,-110,-110,-110,-110,-110,-110,-110,-110,-110,-110,-110,-110,-110,-110,-110,-110,-110,-110,-110,-110,-110,-110,-110,-110,-110,-110,-110,-110,-110,-110,-110,-110,-110,-110,-110,-110,-110,-110,-110,-110,-110,-110,-110,-110,-110,-110,-110,-110,-110,-110,-110,-110,-110,-110,-110,-110,-110,-110,-110,-110,-110,-110,-110,-110,-110,-110,-110,-110,-110,-110,-110,-110,-110,-110,-110,-110,-110,-110,-110,-110,-110,-110,-110,-110,-110,-110,-110,-110,-110,-110,-110,-110,-110,-110,-110,-110,-110,-110,-110,-110,-110,-110,-110,-110,-110,-110,-110,-110,-110,-110,-110,-110,-110,-110,-110,-110,-110,-110,-110,-110,-110,-110,-110,-110,-110,-110,-110,-110,-110,-110,-110,-110,-110,-110,-110,-110,-110,-110,-110,-110,-110,-110,-110,-110,-110,-110,-110,-110,-110,-110,-110,-110,-110,-110,-110,-110,-110,-110,-110,-110,-110,-110,-110,-110,-110,-110,-110,-110,-110,-110,-110,-110,-110,-110,-110,-110,-110,-110,-110,-110,-110,-110,-110,-110,-110,-110,-110,-110,-110,-110,-110,-110,-110,-110,-110,-110,-110,-110,-110,-110,-110,-110,-110,-110,-110,-110,-110,-110,-110,-110,-110,-110,-110,-110,-110,-110,-110,-110,-110,-110,-110,-110,-110,-110,-110,-110,-110,-110,-110,-110,-110,-110,-110,-110,-110,-110,-110,-110,-110,-110,-110,-110,-110,-110,-110,-110,-110,-110,-110,-110,-110,-110,-110,-110,-110,-110,-110,-110,-110,-110,-110,-110,-110,-110,-110,-110,-110,-110,-110,-110,-110,-110,-110,-110,-110,-110,-110,-110,-110,-110,-110,-110,-110,-110,-110,-110,-110,-110,-110,-110,-110,-110,-110,-110,-110,-110,-110,-110,-110,-110,-110,-110,-110,-110,-110,-110,-110,-110,-110,-110,-110,-110,-110,-110,-110,-110,-110,-110,-110,-110,-110,-110,-110,-110,-110,-110,-110,-110,-110,-110,-110,-110,-110,-110,-110,-110,-110,-110,-110,-110,-110,-110,-110,-110,-110,-110,-110,-110,-110,-110,-110,-110,-110,-110,-110,-110,-110,-110,-110,-110,-110,-110,-110,-110,-110,-110,-110,-110,-110,-110,-110,-110,-110,-110,-110,-110,-110,-110,-110,-110,-110,-110,-110,-110,-110,-110,-110,-110,-110,-110,-110,-110,-110,-110,-110,-110,-110,-110,-110,-110,-110,-110,-110,-110,-110,-110,-110,-110,-110,-110,-110,-110,-110,-110,-110,-110,-110,-110,-110,-110,-110,-110,-110,-110,-110,-110,-110,-110,-110,-110,-110,-110,-110,-110,-110,-110,-110,-110,-110,-110,-110,-110,-110,-110,-110,-110,-110,-110,-110,-110,-110,-110,-110,-110,-110,-110,-110,-110,-110,-110,-110,-110,-110,-110,-110,-110,-110,-110,-110,-110,-110,-110,-110,-110,-110,-110,-110,-110,-110,-110,-110,-110,-110,-110,-110
47,8.52431189,29.21654402,5,-110,-76,-75,-110,-110,-110,-77,-110,-77,-110,-110,-110,-110,-110,-47,-110,-47,-110,-110,-110,-110,-110,-110,-110,-110,-110,-110,-110,-110,-110,-110,-110,-110,-110,-110,-110,-110,-110,-110,-110,-110,-110,-110,-110,-110,-110,-110,-110,-83,-110,-82,-110,-110,-110,-110,-110,-110,-110,-110,-110,-110,-110,-110,-110,-110,-110,-83,-110,-48,-110,-51,-110,-83,-110,-110,-110,-110,-110,-110,-110,-110,-110,-110,-110,-110,-110,-110,-110,-110,-110,-110,-110,-110,-110,-110,-110,-110,-110,-110,-110,-110,-110,-110,-110,-110,-110,-110,-110,-110,-110,-110,-110,-110,-110,-110,-110,-110,-110,-110,-110,-110,-110,-110,-110,-110,-110,-110,-110,-110,-110,-110,-110,-110,-110,-110,-110,-110,-110,-110,-110,-110,-110,-110,-110,-110,-110,-110,-110,-110,-110,-110,-110,-110,-110,-110,-110,-110,-110,-110,-110,-110,-110,-110,-110,-110,-110,-110,-110,-110,-110,-110,-110,-110,-110,-110,-110,-110,-110,-110,-110,-110,-110,-110,-110,-110,-110,-110,-110,-110,-110,-110,-110,-110,-110,-110,-110,-110,-110,-110,-110,-110,-110,-110,-110,-110,-110,-110,-110,-110,-110,-110,-110,-110,-110,-110,-110,-110,-110,-110,-110,-110,-110,-110,-110,-110,-110,-110,-110,-110,-110,-110,-110,-110,-110,-110,-110,-110,-110,-110,-110,-110,-110,-110,-110,-110,-110,-110,-110,-110,-110,-110,-110,-110,-110,-110,-110,-110,-110,-110,-110,-110,-110,-110,-110,-110,-110,-110,-110,-110,-110,-110,-110,-110,-110,-110,-110,-110,-110,-110,-110,-110,-110,-110,-110,-110,-110,-110,-110,-110,-110,-110,-110,-110,-110,-110,-110,-110,-110,-110,-110,-110,-110,-110,-110,-110,-110,-110,-110,-110,-110,-110,-110,-110,-110,-110,-110,-110,-110,-110,-110,-110,-110,-110,-110,-110,-110,-110,-110,-110,-110,-110,-110,-110,-110,-110,-110,-110,-110,-110,-110,-110,-110,-110,-110,-110,-110,-110,-110,-110,-110,-110,-110,-110,-110,-110,-110,-110,-110,-110,-110,-110,-110,-110,-110,-110,-110,-110,-110,-110,-110,-110,-110,-110,-110,-110,-110,-110,-110,-110,-110,-110,-110,-110,-110,-110,-110,-110,-110,-110,-110,-110,-110,-110,-110,-110,-110,-110,-110,-110,-110,-110,-110,-110,-110,-110,-110,-110,-110,-110,-110,-110,-110,-110,-110,-110,-110,-110,-110,-110,-110,-110,-110,-110,-110,-110,-110,-110,-110,-110,-110,-110,-110,-110,-110,-110,-110,-110,-110,-110,-110,-110,-110,-110,-110,-110,-110,-110,-110,-110,-110,-110,-110,-110,-110,-110,-110,-110,-110,-110,-110,-110,-110,-110,-110,-110,-110,-110,-110,-110,-110,-110,-110,-110,-110,-110,-110,-110,-110,-110,-110,-110,-110,-110,-110,-110,-110,-110,-110,-110,-110,-110,-110,-110,-110,-110,-110,-110,-110,-110,-110,-110,-110,-110,-110,-110,-110,-110,-110,-110,-110,-110,-110,-110,-110,-110,-110,-110,-110,-110,-110,-110,-110,-110,-110,-110,-110,-110,-110,-110,-110,-110,-110,-110,-110,-110,-110,-110,-110,-110,-110,-110,-110,-110,-110,-110,-110,-110,-110,-110,-110,-110,-110,-110,-110,-110,-110,-110,-110,-110,-110,-110,-110,-110,-110,-110,-110,-110,-110,-110,-110,-110,-110,-110,-110,-110,-110,-110,-110,-110,-110,-110,-110,-110,-110,-110,-110,-110,-110,-110,-110,-110,-110,-110,-110,-110,-110,-110,-110,-110,-110,-110,-110,-110,-110,-110,-110,-110,-110,-110,-110,-110,-110,-110,-110,-110,-110,-110,-110,-110,-110
47,8.52431189,29.21654402,5,-110,-80,-74,-110,-110,-110,-75,-110,-79,-110,-110,-110,-110,-110,-47,-110,-46,-110,-110,-110,-110,-110,-110,-110,-110,-110,-110,-110,-110,-110,-110,-110,-110,-110,-110,-110,-110,-110,-110,-110,-110,-110,-110,-110,-110,-110,-110,-110,-87,-110,-85,-110,-110,-110,-110,-110,-110,-110,-110,-110,-110,-110,-110,-110,-110,-110,-83,-110,-48,-110,-52,-110,-81,-110,-110,-110,-110,-110,-110,-110,-110,-110,-110,-110,-110,-110,-110,-110,-110,-110,-110,-110,-110,-110,-110,-110,-110,-110,-110,-110,-110,-110,-110,-110,-110,-110,-110,-110,-110,-110,-110,-110,-110,-110,-110,-110,-110,-110,-110,-110,-110,-110,-110,-110,-110,-110,-110,-110,-110,-110,-110,-110,-110,-110,-110,-110,-110,-110,-110,-110,-110,-110,-110,-110,-110,-110,-110,-110,-110,-110,-110,-110,-110,-110,-110,-110,-110,-110,-110,-110,-110,-110,-110,-110,-110,-110,-110,-110,-110,-110,-110,-110,-110,-110,-110,-110,-110,-110,-110,-110,-110,-110,-110,-110,-110,-110,-110,-91,-110,-110,-110,-110,-110,-110,-110,-110,-110,-110,-110,-110,-110,-110,-110,-110,-110,-110,-110,-110,-110,-110,-110,-110,-110,-110,-110,-110,-110,-110,-110,-110,-110,-110,-110,-110,-110,-110,-110,-110,-110,-110,-110,-110,-110,-110,-110,-110,-110,-110,-110,-110,-110,-110,-110,-110,-110,-110,-110,-110,-110,-110,-110,-110,-110,-110,-110,-110,-110,-110,-110,-110,-110,-110,-110,-110,-110,-110,-110,-110,-110,-110,-110,-110,-110,-110,-110,-110,-110,-110,-110,-110,-110,-110,-110,-110,-110,-110,-110,-110,-110,-110,-110,-110,-110,-110,-110,-110,-110,-110,-110,-110,-110,-110,-110,-110,-110,-110,-110,-110,-110,-110,-110,-110,-110,-110,-110,-110,-110,-110,-110,-110,-110,-110,-110,-110,-110,-110,-110,-110,-110,-110,-110,-110,-110,-110,-110,-110,-110,-110,-110,-110,-110,-110,-110,-110,-110,-110,-110,-110,-110,-110,-110,-110,-110,-110,-110,-110,-110,-110,-110,-110,-110,-110,-110,-110,-110,-110,-110,-110,-110,-110,-110,-110,-110,-110,-110,-110,-110,-110,-110,-110,-110,-110,-110,-110,-110,-110,-110,-110,-110,-110,-110,-110,-110,-110,-110,-110,-110,-110,-110,-110,-110,-110,-110,-110,-110,-110,-110,-110,-110,-110,-110,-110,-110,-110,-110,-110,-110,-110,-110,-110,-110,-110,-110,-110,-110,-110,-110,-110,-110,-110,-110,-110,-110,-110,-110,-110,-110,-110,-110,-110,-110,-110,-110,-110,-110,-110,-110,-110,-110,-110,-110,-110,-110,-110,-110,-110,-110,-110,-110,-110,-110,-110,-110,-110,-110,-110,-110,-110,-110,-110,-110,-110,-110,-110,-110,-110,-110,-110,-110,-110,-110,-110,-110,-110,-110,-110,-110,-110,-110,-110,-110,-110,-110,-110,-110,-110,-110,-110,-110,-110,-110,-110,-110,-110,-110,-110,-110,-110,-110,-110,-110,-110,-110,-110,-110,-110,-110,-110,-110,-110,-110,-110,-110,-110,-110,-110,-110,-110,-110,-110,-110,-110,-110,-110,-110,-110,-110,-110,-110,-110,-110,-110,-110,-110,-110,-110,-110,-110,-110,-110,-110,-110,-110,-110,-110,-110,-110,-110,-110,-110,-110,-110,-110,-110,-110,-110,-110,-110,-110,-110,-110,-110,-110,-110,-110,-110,-110,-110,-110,-110,-110,-110,-110,-110,-110,-110,-110,-110,-110,-110,-110,-110,-110,-110,-110,-110,-110,-110,-110,-110,-110,-110,-110,-110,-110,-110,-110,-110,-110,-110,-110,-110,-110,-110,-110,-110,-110,-110,-110,-110
47,8.52431189,29.21654402,5,-110,-77,-71,-110,-110,-110,-72,-110,-78,-110,-110,-110,-110,-110,-48,-110,-47,-110,-110,-110,-110,-110,-110,-110,-110,-110,-110,-110,-110,-110,-110,-110,-110,-110,-110,-110,-110,-110,-110,-110,-110,-110,-110,-110,-110,-110,-110,-110,-81,-110,-81,-89,-110,-88,-110,-110,-110,-110,-110,-110,-110,-110,-110,-110,-110,-110,-82,-110,-43,-110,-43,-110,-82,-110,-110,-110,-110,-110,-110,-110,-110,-110,-110,-110,-110,-110,-110,-110,-110,-110,-110,-110,-110,-110,-110,-110,-110,-110,-110,-110,-110,-110,-110,-110,-110,-110,-110,-110,-110,-110,-110,-110,-110,-110,-110,-110,-110,-110,-110,-110,-110,-110,-110,-110,-110,-110,-110,-110,-110,-110,-110,-110,-110,-110,-110,-110,-110,-110,-110,-110,-110,-110,-110,-110,-110,-110,-110,-110,-110,-110,-110,-110,-110,-110,-110,-110,-110,-110,-110,-110,-110,-110,-110,-110,-110,-110,-110,-110,-110,-110,-110,-110,-110,-110,-110,-110,-110,-110,-110,-110,-110,-110,-110,-110,-110,-110,-110,-110,-110,-110,-110,-110,-110,-110,-110,-110,-110,-110,-110,-110,-110,-110,-110,-110,-110,-110,-110,-110,-110,-110,-110,-110,-110,-110,-110,-110,-110,-110,-110,-110,-110,-110,-110,-110,-110,-110,-110,-110,-110,-110,-110,-110,-110,-110,-110,-110,-110,-110,-110,-110,-110,-110,-110,-110,-110,-110,-110,-110,-110,-110,-110,-110,-110,-110,-110,-110,-110,-110,-110,-110,-110,-110,-110,-110,-110,-110,-110,-110,-110,-110,-110,-110,-110,-110,-110,-110,-110,-110,-110,-110,-110,-110,-110,-110,-110,-110,-110,-110,-110,-110,-110,-110,-110,-110,-110,-110,-110,-110,-110,-110,-110,-110,-110,-110,-110,-110,-110,-110,-110,-110,-110,-110,-110,-110,-110,-110,-110,-110,-110,-110,-110,-110,-110,-110,-110,-110,-110,-110,-110,-110,-110,-110,-110,-110,-110,-110,-110,-110,-110,-110,-110,-110,-110,-110,-110,-110,-110,-110,-110,-110,-110,-110,-110,-110,-110,-110,-110,-110,-110,-110,-110,-110,-110,-110,-110,-110,-110,-110,-110,-110,-110,-110,-110,-110,-110,-110,-110,-110,-110,-110,-110,-110,-110,-110,-110,-110,-110,-110,-110,-110,-110,-110,-110,-110,-110,-110,-110,-110,-110,-110,-110,-110,-110,-110,-110,-110,-110,-110,-110,-110,-110,-110,-110,-110,-110,-110,-110,-110,-110,-110,-110,-110,-110,-110,-110,-110,-110,-110,-110,-110,-110,-110,-110,-110,-110,-110,-110,-110,-110,-110,-110,-110,-110,-110,-110,-110,-110,-110,-110,-110,-110,-110,-110,-110,-110,-110,-110,-110,-110,-110,-110,-110,-110,-110,-110,-110,-110,-110,-110,-110,-110,-110,-110,-110,-110,-110,-110,-110,-110,-110,-110,-110,-110,-110,-110,-110,-110,-110,-110,-110,-110,-110,-110,-110,-110,-110,-110,-110,-110,-110,-110,-110,-110,-110,-110,-110,-110,-110,-110,-110,-110,-110,-110,-110,-110,-110,-110,-110,-110,-110,-110,-110,-110,-110,-110,-110,-110,-110,-110,-110,-110,-110,-110,-110,-110,-110,-110,-110,-110,-110,-110,-110,-110,-110,-110,-110,-110,-110,-110,-110,-110,-110,-110,-110,-110,-110,-110,-110,-110,-110,-110,-110,-110,-110,-110,-110,-110,-110,-110,-110,-110,-110,-110,-110,-110,-110,-110,-110,-110,-110,-110,-110,-110,-110,-110,-110,-110,-110,-110,-110,-110,-110,-110,-110,-110,-110,-110,-110,-110,-110,-110,-110,-110,-110,-110,-110,-110,-110,-110,-110,-110,-110,-110,-110,-110,-110,-110,-110,-110,-110
47,8.52431189,29.21654402,5,-110,-77,-75,-110,-110,-110,-74,-110,-79,-110,-110,-110,-110,-110,-49,-110,-48,-110,-110,-110,-110,-110,-110,-110,-110,-110,-110,-110,-110,-110,-110,-110,-110,-110,-110,-110,-110,-110,-110,-110,-110,-110,-110,-110,-110,-110,-110,-110,-85,-110,-86,-87,-110,-89,-110,-110,-110,-110,-110,-110,-110,-110,-110,-110,-110,-110,-86,-110,-47,-110,-110,-110,-84,-110,-110,-110,-110,-110,-110,-110,-110,-110,-110,-110,-110,-110,-110,-110,-110,-110,-110,-110,-110,-110,-110,-110,-110,-110,-110,-110,-110,-110,-110,-110,-110,-110,-110,-110,-110,-110,-110,-110,-110,-110,-110,-110,-110,-110,-110,-110,-110,-110,-110,-110,-110,-110,-110,-110,-110,-110,-110,-110,-110,-110,-110,-110,-110,-110,-110,-110,-110,-110,-110,-110,-110,-110,-110,-110,-110,-110,-110,-110,-110,-110,-110,-110,-110,-110,-110,-110,-110,-110,-110,-110,-110,-110,-110,-110,-110,-110,-110,-110,-110,-110,-110,-110,-110,-110,-110,-110,-110,-110,-110,-110,-110,-110,-110,-110,-110,-110,-110,-110,-110,-110,-110,-110,-110,-110,-110,-110,-110,-110,-110,-110,-110,-110,-110,-110,-110,-110,-110,-110,-110,-110,-110,-110,-110,-110,-110,-110,-110,-110,-110,-110,-110,-110,-110,-110,-110,-110,-110,-110,-110,-110,-110,-110,-110,-110,-110,-110,-110,-110,-110,-110,-110,-110,-110,-110,-110,-110,-110,-110,-110,-110,-110,-110,-110,-110,-110,-110,-110,-110,-110,-110,-110,-110,-110,-110,-110,-110,-110,-110,-110,-110,-110,-110,-110,-110,-110,-110,-110,-110,-110,-110,-110,-110,-110,-110,-110,-110,-110,-110,-110,-110,-110,-110,-110,-110,-110,-110,-110,-110,-110,-110,-110,-110,-110,-110,-110,-110,-110,-110,-110,-110,-110,-110,-110,-110,-110,-110,-110,-110,-110,-110,-110,-110,-110,-110,-110,-110,-110,-110,-110,-110,-110,-110,-110,-110,-110,-110,-110,-110,-110,-110,-110,-110,-110,-110,-110,-110,-110,-110,-110,-110,-110,-110,-110,-110,-110,-110,-110,-110,-110,-110,-110,-110,-110,-110,-110,-110,-110,-110,-110,-110,-110,-110,-110,-110,-110,-110,-110,-110,-110,-110,-110,-110,-110,-110,-110,-110,-110,-110,-110,-110,-110,-110,-110,-110,-110,-110,-110,-110,-110,-110,-110,-110,-110,-110,-110,-110,-110,-110,-110,-110,-110,-110,-110,-110,-110,-110,-110,-110,-110,-110,-110,-110,-110,-110,-110,-110,-110,-110,-110,-110,-110,-110,-110,-110,-110,-110,-110,-110,-110,-110,-110,-110,-110,-110,-110,-110,-110,-110,-110,-110,-110,-110,-110,-110,-110,-110,-110,-110,-110,-110,-110,-110,-110,-110,-110,-110,-110,-110,-110,-110,-110,-110,-110,-110,-110,-110,-110,-110,-110,-110,-110,-110,-110,-110,-110,-110,-110,-110,-110,-110,-110,-110,-110,-110,-110,-110,-110,-110,-110,-110,-110,-110,-110,-110,-110,-110,-110,-110,-110,-110,-110,-110,-110,-110,-110,-110,-110,-110,-110,-110,-110,-110,-110,-110,-110,-110,-110,-110,-110,-110,-110,-110,-110,-110,-110,-110,-110,-110,-110,-110,-110,-110,-110,-110,-110,-110,-110,-110,-110,-110,-110,-110,-110,-110,-110,-110,-110,-110,-110,-110,-110,-110,-110,-110,-110,-110,-110,-110,-110,-110,-110,-110,-110,-110,-110,-110,-110,-110,-110,-110,-110,-110,-110,-110,-110,-110,-110,-110,-110,-110,-110,-110,-110,-110,-110,-110,-110,-110,-110,-110,-110,-110,-110,-110,-110,-110,-110,-110,-110,-110,-110,-110,-110,-110,-110,-110
47,8.52431189,29.21654402,5,-89,-77,-72,-110,-110,-110,-73,-110,-76,-110,-110,-110,-110,-110,-48,-110,-48,-110,-110,-110,-110,-110,-110,-110,-110,-110,-110,-110,-110,-110,-110,-110,-110,-110,-110,-110,-110,-110,-110,-110,-110,-110,-110,-110,-110,-110,-110,-110,-81,-110,-81,-87,-110,-88,-110,-110,-110,-110,-110,-110,-110,-110,-110,-110,-110,-110,-84,-110,-49,-110,-110,-110,-85,-110,-110,-110,-110,-110,-110,-110,-110,-110,-110,-110,-110,-110,-110,-110,-110,-110,-110,-110,-110,-110,-110,-110,-110,-110,-110,-110,-110,-110,-110,-110,-110,-110,-110,-110,-110,-110,-110,-110,-110,-110,-110,-110,-110,-110,-110,-110,-110,-110,-110,-110,-110,-110,-110,-110,-110,-110,-110,-110,-110,-110,-110,-110,-110,-110,-110,-110,-110,-110,-110,-110,-110,-110,-110,-110,-110,-110,-110,-110,-110,-110,-110,-110,-110,-110,-110,-110,-110,-110,-110,-110,-110,-110,-110,-110,-110,-110,-110,-110,-110,-110,-110,-110,-110,-110,-110,-110,-110,-110,-110,-110,-110,-110,-110,-110,-110,-110,-110,-110,-110,-110,-110,-110,-110,-110,-110,-110,-110,-110,-110,-110,-110,-110,-110,-110,-110,-110,-110,-110,-110,-110,-110,-110,-110,-110,-110,-110,-110,-110,-110,-110,-110,-110,-110,-110,-110,-110,-110,-110,-110,-110,-110,-110,-110,-110,-110,-110,-110,-110,-110,-110,-110,-110,-110,-110,-110,-110,-110,-110,-110,-110,-110,-110,-110,-110,-110,-110,-110,-110,-110,-110,-110,-110,-110,-110,-110,-110,-110,-110,-110,-110,-110,-110,-110,-110,-110,-110,-110,-110,-110,-110,-110,-110,-110,-110,-110,-110,-110,-110,-110,-110,-110,-110,-110,-110,-110,-110,-110,-110,-110,-110,-110,-110,-110,-110,-110,-110,-110,-110,-110,-110,-110,-110,-110,-110,-110,-110,-110,-110,-110,-110,-110,-110,-110,-110,-110,-110,-110,-110,-110,-110,-110,-110,-110,-110,-110,-110,-110,-110,-110,-110,-110,-110,-110,-110,-110,-110,-110,-110,-110,-110,-110,-110,-110,-110,-110,-110,-110,-110,-110,-110,-110,-110,-110,-110,-110,-110,-110,-110,-110,-110,-110,-110,-110,-110,-110,-110,-110,-110,-110,-110,-110,-110,-110,-110,-110,-110,-110,-110,-110,-110,-110,-110,-110,-110,-110,-110,-110,-110,-110,-110,-110,-110,-110,-110,-110,-110,-110,-110,-110,-110,-110,-110,-110,-110,-110,-110,-110,-110,-110,-110,-110,-110,-110,-110,-110,-110,-110,-110,-110,-110,-110,-110,-110,-110,-110,-110,-110,-110,-110,-110,-110,-110,-110,-110,-110,-110,-110,-110,-110,-110,-110,-110,-110,-110,-110,-110,-110,-110,-110,-110,-110,-110,-110,-110,-110,-110,-110,-110,-110,-110,-110,-110,-110,-110,-110,-110,-110,-110,-110,-110,-110,-110,-110,-110,-110,-110,-110,-110,-110,-110,-110,-110,-110,-110,-110,-110,-110,-110,-110,-110,-110,-110,-110,-110,-110,-110,-110,-110,-110,-110,-110,-110,-110,-110,-110,-110,-110,-110,-110,-110,-110,-110,-110,-110,-110,-110,-110,-110,-110,-110,-110,-110,-110,-110,-110,-110,-110,-110,-110,-110,-110,-110,-110,-110,-110,-110,-110,-110,-110,-110,-110,-110,-110,-110,-110,-110,-110,-110,-110,-110,-110,-110,-110,-110,-110,-110,-110,-110,-110,-110,-110,-110,-110,-110,-110,-110,-110,-110,-110,-110,-110,-110,-110,-110,-110,-110,-110,-110,-110,-110,-110,-110,-110,-110,-110,-110,-110,-110,-110,-110,-110,-110,-110,-110,-110,-110,-110,-110,-110,-110,-110,-110,-110,-110,-110,-110
47,8.52431189,29.21654402,5,-110,-76,-74,-110,-110,-110,-73,-110,-76,-110,-110,-110,-110,-110,-48,-110,-47,-110,-110,-110,-110,-110,-110,-110,-110,-110,-110,-110,-110,-110,-110,-110,-110,-110,-110,-110,-110,-110,-110,-110,-110,-110,-110,-110,-110,-110,-110,-110,-79,-110,-80,-89,-110,-89,-110,-110,-110,-110,-110,-110,-110,-110,-110,-110,-110,-110,-85,-110,-51,-110,-54,-110,-83,-110,-110,-110,-110,-110,-110,-110,-110,-110,-110,-110,-110,-110,-110,-110,-110,-110,-110,-110,-110,-110,-110,-110,-110,-110,-110,-110,-110,-110,-110,-110,-110,-110,-110,-110,-110,-110,-110,-110,-110,-110,-110,-110,-110,-110,-110,-110,-110,-110,-110,-110,-110,-110,-110,-110,-110,-110,-110,-110,-110,-110,-110,-110,-110,-110,-110,-110,-110,-110,-110,-110,-110,-110,-110,-110,-110,-110,-110,-110,-110,-110,-110,-110,-110,-110,-110,-110,-110,-110,-110,-110,-110,-110,-110,-110,-110,-110,-110,-110,-110,-110,-110,-110,-110,-110,-110,-110,-110,-110,-110,-110,-110,-110,-110,-110,-110,-110,-110,-110,-110,-110,-110,-110,-110,-110,-110,-110,-110,-110,-110,-110,-110,-110,-110,-110,-110,-110,-110,-110,-110,-110,-110,-110,-110,-110,-110,-110,-110,-110,-110,-110,-110,-110,-110,-110,-110,-110,-110,-110,-110,-110,-110,-110,-110,-110,-110,-110,-110,-110,-110,-110,-110,-110,-110,-110,-110,-110,-110,-110,-110,-110,-110,-110,-110,-110,-110,-110,-110,-110,-110,-110,-110,-110,-110,-110,-110,-110,-110,-110,-110,-110,-110,-110,-110,-110,-110,-110,-110,-110,-110,-110,-110,-110,-110,-110,-110,-110,-110,-110,-110,-110,-110,-110,-110,-110,-110,-110,-110,-110,-110,-110,-110,-110,-110,-110,-110,-110,-110,-110,-110,-110,-110,-110,-110,-110,-110,-110,-110,-110,-110,-110,-110,-110,-110,-110,-110,-110,-110,-110,-110,-110,-110,-110,-110,-110,-110,-110,-110,-110,-110,-110,-110,-110,-110,-110,-110,-110,-110,-110,-110,-110,-110,-110,-110,-110,-110,-110,-110,-110,-110,-110,-110,-110,-110,-110,-110,-110,-110,-110,-110,-110,-110,-110,-110,-110,-110,-110,-110,-110,-110,-110,-110,-110,-110,-110,-110,-110,-110,-110,-110,-110,-110,-110,-110,-110,-110,-110,-110,-110,-110,-110,-110,-110,-110,-110,-110,-110,-110,-110,-110,-110,-110,-110,-110,-110,-110,-110,-110,-110,-110,-110,-110,-110,-110,-110,-110,-110,-110,-110,-110,-110,-110,-110,-110,-110,-110,-110,-110,-110,-110,-110,-110,-110,-110,-110,-110,-110,-110,-110,-110,-110,-110,-110,-110,-110,-110,-110,-110,-110,-110,-110,-110,-110,-110,-110,-110,-110,-110,-110,-110,-110,-110,-110,-110,-110,-110,-110,-110,-110,-110,-110,-110,-110,-110,-110,-110,-110,-110,-110,-110,-110,-110,-110,-110,-110,-110,-110,-110,-110,-110,-110,-110,-110,-110,-110,-110,-110,-110,-110,-110,-110,-110,-110,-110,-110,-110,-110,-110,-110,-110,-110,-110,-110,-110,-110,-110,-110,-110,-110,-110,-110,-110,-110,-110,-110,-110,-110,-110,-110,-110,-110,-110,-110,-110,-110,-110,-110,-110,-110,-110,-110,-110,-110,-110,-110,-110,-110,-110,-110,-110,-110,-110,-110,-110,-110,-110,-110,-110,-110,-110,-110,-110,-110,-110,-110,-110,-110,-110,-110,-110,-110,-110,-110,-110,-110,-110,-110,-110,-110,-110,-110,-110,-110,-110,-110,-110,-110,-110,-110,-110,-110,-110,-110,-110,-110,-110,-110,-110,-110,-110,-110,-110,-110,-110,-110,-110,-110
46,4.1347719,29.21654402,5,-110,-110,-86,-110,-110,-110,-87,-110,-110,-110,-110,-110,-110,-110,-69,-110,-69,-110,-110,-110,-110,-110,-110,-85,-110,-110,-110,-110,-110,-110,-110,-110,-110,-110,-110,-110,-110,-110,-110,-110,-110,-110,-85,-110,-110,-110,-110,-110,-110,-110,-110,-110,-110,-88,-110,-110,-110,-110,-110,-110,-110,-110,-110,-110,-110,-110,-79,-110,-53,-110,-110,-110,-79,-110,-110,-110,-110,-110,-110,-110,-110,-110,-110,-110,-110,-110,-110,-110,-110,-110,-110,-110,-110,-110,-110,-110,-110,-110,-110,-110,-110,-110,-110,-110,-110,-110,-110,-110,-110,-110,-110,-110,-110,-110,-110,-110,-110,-110,-110,-110,-110,-110,-110,-110,-110,-110,-110,-110,-110,-110,-110,-110,-110,-110,-110,-110,-110,-110,-110,-110,-110,-110,-110,-110,-110,-110,-110,-110,-110,-110,-110,-110,-110,-110,-110,-110,-110,-110,-110,-110,-110,-110,-110,-110,-110,-110,-110,-110,-110,-110,-110,-110,-110,-110,-110,-110,-110,-110,-110,-110,-110,-110,-110,-110,-110,-110,-110,-110,-110,-110,-110,-110,-110,-110,-110,-110,-110,-110,-110,-110,-110,-110,-110,-110,-110,-110,-110,-110,-110,-110,-110,-110,-110,-110,-110,-110,-110,-110,-110,-110,-110,-110,-110,-110,-110,-110,-110,-110,-110,-110,-110,-110,-110,-110,-110,-110,-110,-110,-110,-110,-110,-110,-110,-110,-110,-110,-110,-110,-110,-110,-110,-110,-110,-110,-110,-110,-110,-110,-110,-110,-110,-110,-110,-110,-110,-110,-110,-110,-110,-110,-110,-110,-110,-110,-110,-110,-110,-110,-110,-110,-110,-110,-110,-110,-110,-110,-110,-110,-110,-110,-110,-110,-110,-110,-110,-110,-110,-110,-110,-110,-110,-110,-110,-110,-110,-110,-110,-110,-110,-110,-110,-110,-110,-110,-110,-110,-110,-110,-110,-110,-110,-110,-110,-110,-110,-110,-110,-110,-110,-110,-110,-110,-110,-110,-110,-110,-110,-110,-110,-110,-110,-110,-110,-110,-110,-110,-110,-110,-110,-110,-110,-110,-110,-110,-110,-110,-110,-110,-110,-110,-110,-110,-110,-110,-110,-110,-110,-110,-110,-110,-110,-110,-110,-110,-110,-110,-110,-110,-110,-110,-110,-110,-110,-110,-110,-110,-110,-110,-110,-110,-110,-110,-110,-110,-110,-110,-110,-110,-110,-110,-110,-110,-110,-110,-110,-110,-110,-110,-110,-110,-110,-110,-110,-110,-110,-110,-110,-110,-110,-110,-110,-110,-110,-110,-110,-110,-110,-110,-110,-110,-110,-110,-110,-110,-110,-110,-110,-110,-110,-110,-110,-110,-110,-110,-110,-110,-110,-110,-110,-110,-110,-110,-110,-110,-110,-110,-110,-110,-110,-110,-110,-110,-110,-110,-110,-110,-110,-110,-110,-110,-110,-110,-110,-110,-110,-110,-110,-110,-110,-110,-110,-110,-110,-110,-110,-110,-110,-110,-110,-110,-110,-110,-110,-110,-110,-110,-110,-110,-110,-110,-110,-110,-110,-110,-110,-110,-110,-110,-110,-110,-110,-110,-110,-110,-110,-110,-110,-110,-110,-110,-110,-110,-110,-110,-110,-110,-110,-110,-110,-110,-110,-110,-110,-110,-110,-110,-110,-110,-110,-110,-110,-110,-110,-110,-110,-110,-110,-110,-110,-110,-110,-110,-110,-110,-110,-110,-110,-110,-110,-110,-110,-110,-110,-110,-110,-110,-110,-110,-110,-110,-110,-110,-110,-110,-110,-110,-110,-110,-110,-110,-110,-110,-110,-110,-110,-110,-110,-110,-110,-110,-110,-110,-110,-110,-110,-110,-110,-110,-110,-110,-110,-110,-110,-110,-110,-110,-110,-110,-110,-110,-110,-110,-110,-110,-110,-110,-110,-110,-110,-110
46,4.1347719,29.21654402,5,-110,-91,-91,-110,-110,-110,-110,-110,-91,-110,-110,-110,-110,-110,-66,-110,-66,-110,-110,-110,-110,-110,-110,-85,-110,-110,-110,-110,-110,-110,-110,-110,-110,-110,-110,-110,-110,-110,-110,-110,-110,-110,-85,-110,-110,-110,-110,-110,-110,-110,-110,-110,-110,-88,-110,-110,-110,-110,-110,-110,-110,-110,-110,-110,-110,-110,-81,-110,-53,-110,-110,-110,-80,-86,-110,-110,-110,-110,-110,-110,-110,-110,-110,-110,-110,-110,-110,-110,-110,-110,-110,-110,-110,-110,-110,-110,-110,-110,-110,-110,-110,-110,-110,-110,-110,-110,-110,-110,-110,-110,-110,-110,-110,-110,-110,-110,-110,-110,-110,-110,-110,-110,-110,-110,-110,-110,-110,-110,-110,-110,-110,-110,-110,-110,-110,-110,-110,-110,-110,-110,-110,-110,-110,-110,-110,-110,-110,-110,-110,-110,-110,-110,-110,-110,-110,-110,-110,-110,-110,-110,-110,-110,-110,-110,-110,-110,-110,-110,-110,-110,-110,-110,-110,-110,-110,-110,-110,-110,-110,-110,-110,-110,-110,-110,-110,-110,-110,-110,-110,-110,-110,-110,-110,-110,-110,-110,-110,-110,-110,-110,-110,-110,-110,-110,-110,-110,-110,-110,-110,-110,-110,-110,-110,-110,-110,-110,-110,-110,-110,-110,-110,-110,-110,-110,-110,-110,-110,-110,-110,-110,-110,-110,-110,-110,-110,-110,-110,-110,-110,-110,-110,-110,-110,-110,-110,-110,-110,-110,-110,-110,-110,-110,-110,-110,-110,-110,-110,-110,-110,-110,-110,-110,-110,-110,-110,-110,-110,-110,-110,-110,-110,-110,-110,-110,-110,-110,-110,-110,-110,-110,-110,-110,-110,-110,-110,-110,-110,-110,-110,-110,-110,-110,-110,-110,-110,-110,-110,-110,-110,-110,-110,-110,-110,-110,-110,-110,-110,-110,-110,-110,-110,-110,-110,-110,-110,-110,-110,-110,-110,-110,-110,-110,-110,-110,-110,-110,-110,-110,-110,-110,-110,-110,-110,-110,-110,-110,-110,-110,-110,-110,-110,-110,-110,-110,-110,-110,-110,-110,-110,-110,-110,-110,-110,-110,-110,-110,-110,-110,-110,-110,-110,-110,-110,-110,-110,-110,-110,-110,-110,-110,-110,-110,-110,-110,-110,-110,-110,-110,-110,-110,-110,-110,-110,-110,-110,-110,-110,-110,-110,-110,-110,-110,-110,-110,-110,-110,-110,-110,-110,-110,-110,-110,-110,-110,-110,-110,-110,-110,-110,-110,-110,-110,-110,-110,-110,-110,-110,-110,-110,-110,-110,-110,-110,-110,-110,-110,-110,-110,-110,-110,-110,-110,-110,-110,-110,-110,-110,-110,-110,-110,-110,-110,-110,-110,-110,-110,-110,-110,-110,-110,-110,-110,-110,-110,-110,-110,-110,-110,-110,-110,-110,-110,-110,-110,-110,-110,-110,-110,-110,-110,-110,-110,-110,-110,-110,-110,-110,-110,-110,-110,-110,-110,-110,-110,-110,-110,-110,-110,-110,-110,-110,-110,-110,-110,-110,-110,-110,-110,-110,-110,-110,-110,-110,-110,-110,-110,-110,-110,-110,-110,-110,-110,-110,-110,-110,-110,-110,-110,-110,-110,-110,-110,-110,-110,-110,-110,-110,-110,-110,-110,-110,-110,-110,-110,-110,-110,-110,-110,-110,-110,-110,-110,-110,-110,-110,-110,-110,-110,-110,-110,-110,-110,-110,-110,-110,-110,-110,-110,-110,-110,-110,-110,-110,-110,-110,-110,-110,-110,-110,-110,-110,-110,-110,-110,-110,-110,-110,-110,-110,-110,-110,-110,-110,-110,-110,-110,-110,-110,-110,-110,-110,-110,-110,-110,-110,-110,-110,-110,-110,-110,-110,-110,-110,-110,-110,-110,-110,-110,-110,-110,-110,-110,-110,-110,-110,-110,-110,-110,-110,-110
46,4.1347719,29.21654402,5,-110,-89,-110,-110,-110,-110,-110,-110,-92,-110,-110,-110,-110,-110,-61,-110,-61,-110,-110,-110,-110,-110,-110,-85,-110,-110,-110,-110,-110,-110,-110,-110,-110,-110,-110,-92,-110,-110,-110,-110,-110,-110,-85,-110,-110,-110,-110,-110,-110,-110,-110,-90,-110,-110,-110,-110,-110,-110,-110,-110,-110,-110,-110,-110,-110,-110,-83,-110,-56,-110,-110,-110,-82,-110,-110,-110,-110,-110,-110,-110,-110,-110,-110,-110,-110,-110,-110,-110,-110,-110,-110,-110,-110,-110,-110,-110,-110,-110,-110,-110,-110,-110,-110,-110,-110,-110,-110,-110,-110,-110,-110,-110,-110,-110,-110,-110,-110,-110,-110,-110,-110,-110,-110,-110,-110,-110,-110,-110,-110,-110,-110,-110,-110,-110,-110,-110,-110,-110,-110,-110,-110,-110,-110,-110,-110,-110,-110,-110,-110,-110,-110,-110,-110,-110,-110,-110,-110,-110,-110,-110,-110,-110,-110,-110,-110,-110,-110,-110,-110,-110,-110,-110,-110,-110,-110,-110,-110,-110,-110,-110,-110,-110,-110,-110,-110,-110,-110,-110,-110,-110,-110,-110,-110,-110,-110,-110,-110,-110,-110,-110,-110,-110,-110,-110,-110,-110,-110,-110,-110,-110,-110,-110,-110,-110,-110,-110,-110,-110,-110,-110,-110,-110,-110,-110,-110,-110,-110,-110,-110,-110,-110,-110,-110,-110,-110,-110,-110,-110,-110,-110,-110,-110,-110,-110,-110,-110,-110,-110,-110,-110,-110,-110,-110,-110,-110,-110,-110,-110,-110,-110,-110,-110,-110,-110,-110,-110,-110,-110,-110,-110,-110,-110,-110,-110,-110,-110,-110,-110,-110,-110,-110,-110,-110,-110,-110,-110,-110,-110,-110,-110,-110,-110,-110,-110,-110,-110,-110,-110,-110,-110,-110,-110,-110,-110,-110,-110,-110,-110,-110,-110,-110,-110,-110,-110,-110,-110,-110,-110,-110,-110,-110,-110,-110,-110,-110,-110,-110,-110,-110,-110,-110,-110,-110,-110,-110,-110,-110,-110,-110,-110,-110,-110,-110,-110,-110,-110,-110,-110,-110,-110,-110,-110,-110,-110,-110,-110,-110,-110,-110,-110,-110,-110,-110,-110,-110,-110,-110,-110,-110,-110,-110,-110,-110,-110,-110,-110,-110,-110,-110,-110,-110,-110,-110,-110,-110,-110,-110,-110,-110,-110,-110,-110,-110,-110,-110,-110,-110,-110,-110,-110,-110,-110,-110,-110,-110,-110,-110,-110,-110,-110,-110,-110,-110,-110,-110,-110,-110,-110,-110,-110,-110,-110,-110,-110,-110,-110,-110,-110,-110,-110,-110,-110,-110,-110,-110,-110,-110,-110,-110,-110,-110,-110,-110,-110,-110,-110,-110,-110,-110,-110,-110,-110,-110,-110,-110,-110,-110,-110,-110,-110,-110,-110,-110,-110,-110,-110,-110,-110,-110,-110,-110,-110,-110,-110,-110,-110,-110,-110,-110,-110,-110,-110,-110,-110,-110,-110,-110,-110,-110,-110,-110,-110,-110,-110,-110,-110,-110,-110,-110,-110,-110,-110,-110,-110,-110,-110,-110,-110,-110,-110,-110,-110,-110,-110,-110,-110,-110,-110,-110,-110,-110,-110,-110,-110,-110,-110,-110,-110,-110,-110,-110,-110,-110,-110,-110,-110,-110,-110,-110,-110,-110,-110,-110,-110,-110,-110,-110,-110,-110,-110,-110,-110,-110,-110,-110,-110,-110,-110,-110,-110,-110,-110,-110,-110,-110,-110,-110,-110,-110,-110,-110,-110,-110,-110,-110,-110,-110,-110,-110,-110,-110,-110,-110,-110,-110,-110,-110,-110,-110,-110,-110,-110,-110,-110,-110,-110,-110,-110,-110,-110,-110,-110,-110,-110,-110,-110,-110,-110,-110,-110,-110,-110,-110,-110,-110,-110,-110,-110,-110,-110
46,4.1347719,29.21654402,5,-110,-87,-110,-110,-110,-110,-110,-110,-87,-110,-110,-110,-110,-110,-64,-110,-66,-110,-110,-110,-110,-110,-110,-85,-110,-110,-110,-110,-110,-110,-110,-110,-110,-110,-110,-94,-110,-110,-110,-110,-110,-110,-82,-110,-86,-110,-110,-110,-110,-110,-93,-110,-110,-110,-110,-110,-110,-110,-110,-110,-110,-110,-110,-110,-110,-110,-81,-110,-61,-110,-110,-110,-82,-110,-110,-110,-110,-110,-110,-110,-110,-110,-110,-110,-110,-110,-110,-110,-110,-110,-110,-110,-110,-110,-110,-110,-110,-110,-110,-110,-110,-110,-110,-110,-110,-110,-110,-110,-110,-110,-110,-110,-110,-110,-110,-110,-110,-110,-110,-110,-110,-110,-110,-110,-110,-110,-110,-110,-110,-110,-110,-110,-110,-110,-110,-110,-110,-110,-110,-110,-110,-110,-110,-110,-110,-110,-110,-110,-110,-110,-110,-110,-110,-110,-110,-110,-110,-110,-110,-110,-110,-110,-110,-110,-110,-110,-110,-110,-110,-110,-110,-110,-110,-110,-110,-110,-110,-110,-110,-110,-110,-110,-110,-110,-110,-110,-110,-110,-110,-110,-110,-110,-110,-110,-110,-110,-110,-110,-110,-110,-110,-110,-110,-110,-110,-110,-110,-110,-110,-110,-110,-110,-110,-110,-110,-110,-110,-110,-110,-110,-110,-110,-110,-110,-110,-110,-110,-110,-110,-110,-110,-110,-110,-110,-110,-110,-110,-110,-110,-110,-110,-110,-110,-110,-110,-110,-110,-110,-110,-110,-110,-110,-110,-110,-110,-110,-110,-110,-110,-110,-110,-110,-110,-110,-110,-110,-110,-110,-110,-110,-110,-110,-110,-110,-110,-110,-110,-110,-110,-110,-110,-110,-110,-110,-110,-110,-110,-110,-110,-110,-110,-110,-110,-110,-110,-110,-110,-110,-110,-110,-110,-110,-110,-110,-110,-110,-110,-110,-110,-110,-110,-110,-110,-110,-110,-110,-110,-110,-110,-110,-110,-110,-110,-110,-110,-110,-110,-110,-110,-110,-110,-110,-110,-110,-110,-110,-110,-110,-110,-110,-110,-110,-110,-110,-110,-110,-110,-110,-110,-110,-110,-110,-110,-110,-110,-110,-110,-110,-110,-110,-110,-110,-110,-110,-110,-110,-110,-110,-110,-110,-110,-110,-110,-110,-110,-110,-110,-110,-110,-110,-110,-110,-110,-110,-110,-110,-110,-110,-110,-110,-110,-110,-110,-110,-110,-110,-110,-110,-110,-110,-110,-110,-110,-110,-110,-110,-110,-110,-110,-110,-110,-110,-110,-110,-110,-110,-110,-110,-110,-110,-110,-110,-110,-110,-110,-110,-110,-110,-110,-110,-110,-110,-110,-110,-110,-110,-110,-110,-110,-110,-110,-110,-110,-110,-110,-110,-110,-110,-110,-110,-110,-110,-110,-110,-110,-110,-110,-110,-110,-110,-110,-110,-110,-110,-110,-110,-110,-110,-110,-110,-110,-110,-110,-110,-110,-110,-110,-110,-110,-110,-110,-110,-110,-110,-110,-110,-110,-110,-110,-110,-110,-110,-110,-110,-110,-110,-110,-110,-110,-110,-110,-110,-110,-110,-110,-110,-110,-110,-110,-110,-110,-110,-110,-110,-110,-110,-110,-110,-110,-110,-110,-110,-110,-110,-110,-110,-110,-110,-110,-110,-110,-110,-110,-110,-110,-110,-110,-110,-110,-110,-110,-110,-110,-110,-110,-110,-110,-110,-110,-110,-110,-110,-110,-110,-110,-110,-110,-110,-110,-110,-110,-110,-110,-110,-110,-110,-110,-110,-110,-110,-110,-110,-110,-110,-110,-110,-110,-110,-110,-110,-110,-110,-110,-110,-110,-110,-110,-110,-110,-110,-110,-110,-110,-110,-110,-110,-110,-110,-110,-110,-110,-110,-110,-110,-110,-110,-110,-110,-110,-110,-110,-110,-110,-110,-110,-110,-110,-110,-110,-110
46,4.1347719,29.21654402,5,-110,-89,-110,-110,-110,-110,-110,-110,-87,-110,-110,-110,-110,-110,-62,-110,-63,-110,-110,-110,-110,-110,-110,-84,-110,-110,-110,-110,-110,-110,-110,-110,-110,-110,-110,-93,-110,-110,-110,-110,-110,-110,-83,-110,-110,-110,-110,-110,-93,-110,-92,-110,-110,-85,-110,-110,-110,-110,-110,-110,-110,-110,-110,-110,-110,-110,-110,-110,-59,-110,-110,-110,-110,-110,-110,-110,-110,-110,-110,-110,-110,-110,-110,-110,-110,-110,-110,-110,-110,-110,-110,-110,-110,-110,-110,-110,-110,-110,-110,-110,-110,-110,-110,-110,-110,-110,-110,-110,-110,-110,-110,-110,-110,-110,-110,-110,-110,-110,-110,-110,-110,-110,-110,-110,-110,-110,-110,-110,-110,-110,-110,-110,-110,-110,-110,-110,-110,-110,-110,-110,-110,-110,-110,-110,-110,-110,-110,-110,-110,-110,-110,-110,-110,-110,-110,-110,-110,-110,-110,-110,-110,-110,-110,-110,-110,-110,-110,-110,-110,-110,-110,-110,-110,-110,-110,-110,-110,-110,-110,-110,-110,-110,-110,-110,-110,-110,-110,-110,-110,-110,-110,-110,-110,-110,-110,-110,-110,-110,-110,-110,-110,-110,-110,-110,-110,-110,-110,-110,-110,-110,-110,-110,-110,-110,-110,-110,-110,-110,-110,-110,-110,-110,-110,-110,-110,-110,-110,-110,-110,-110,-110,-110,-110,-110,-110,-110,-110,-110,-110,-110,-110,-110,-110,-110,-110,-110,-110,-110,-110,-110,-110,-110,-110,-110,-110,-110,-110,-110,-110,-110,-110,-110,-110,-110,-110,-110,-110,-110,-110,-110,-110,-110,-110,-110,-110,-110,-110,-110,-110,-110,-110,-110,-110,-110,-110,-110,-110,-110,-110,-110,-110,-110,-110,-110,-110,-110,-110,-110,-110,-110,-110,-110,-110,-110,-110,-110,-110,-110,-110,-110,-110,-110,-110,-110,-110,-110,-110,-110,-110,-110,-110,-110,-110,-110,-110,-110,-110,-110,-110,-110,-110,-110,-110,-110,-110,-110,-110,-110,-110,-110,-110,-110,-110,-110,-110,-110,-110,-110,-110,-110,-110,-110,-110,-110,-110,-110,-110,-110,-110,-110,-110,-110,-110,-110,-110,-110,-110,-110,-110,-110,-110,-110,-110,-110,-110,-110,-110,-110,-110,-110,-110,-110,-110,-110,-110,-110,-110,-110,-110,-110,-110,-110,-110,-110,-110,-110,-110,-110,-110,-110,-110,-110,-110,-110,-110,-110,-110,-110,-110,-110,-110,-110,-110,-110,-110,-110,-110,-110,-110,-110,-110,-110,-110,-110,-110,-110,-110,-110,-110,-110,-110,-110,-110,-110,-110,-110,-110,-110,-110,-110,-110,-110,-110,-110,-110,-110,-110,-110,-110,-110,-110,-110,-110,-110,-110,-110,-110,-110,-110,-110,-110,-110,-110,-110,-110,-110,-110,-110,-110,-110,-110,-110,-110,-110,-110,-110,-110,-110,-110,-110,-110,-110,-110,-110,-110,-110,-110,-110,-110,-110,-110,-110,-110,-110,-110,-110,-110,-110,-110,-110,-110,-110,-110,-110,-110,-110,-110,-110,-110,-110,-110,-110,-110,-110,-110,-110,-110,-110,-110,-110,-110,-110,-110,-110,-110,-110,-110,-110,-110,-110,-110,-110,-110,-110,-110,-110,-110,-110,-110,-110,-110,-110,-110,-110,-110,-110,-110,-110,-110,-110,-110,-110,-110,-110,-110,-110,-110,-110,-110,-110,-110,-110,-110,-110,-110,-110,-110,-110,-110,-110,-110,-110,-110,-110,-110,-110,-110,-110,-110,-110,-110,-110,-110,-110,-110,-110,-110,-110,-110,-110,-110,-110,-110,-110,-110,-110,-110,-110,-110,-110,-110,-110,-110,-110,-110,-110,-110,-110,-110,-110,-110,-110,-110,-110,-110,-110,-110,-110,-110,-110
46,4.1347719,29.21654402,5,-110,-90,-110,-110,-110,-110,-110,-110,-86,-110,-110,-110,-110,-110,-66,-110,-65,-110,-110,-110,-110,-110,-110,-86,-110,-110,-110,-110,-110,-110,-110,-110,-110,-110,-110,-110,-110,-110,-110,-110,-110,-110,-85,-110,-110,-110,-110,-110,-91,-110,-110,-90,-110,-87,-110,-110,-110,-110,-110,-110,-110,-110,-110,-110,-110,-110,-110,-110,-60,-110,-110,-110,-110,-110,-110,-110,-110,-110,-110,-110,-110,-110,-110,-110,-110,-110,-110,-110,-110,-110,-110,-110,-110,-110,-110,-110,-110,-110,-110,-110,-110,-110,-110,-110,-110,-110,-110,-110,-110,-110,-110,-110,-110,-110,-110,-110,-110,-110,-110,-110,-110,-110,-110,-110,-110,-110,-110,-110,-110,-110,-110,-110,-110,-110,-110,-110,-110,-110,-110,-110,-110,-110,-110,-110,-110,-110,-110,-110,-110,-110,-110,-110,-110,-110,-110,-110,-110,-110,-110,-110,-110,-110,-110,-110,-110,-110,-110,-110,-110,-110,-110,-110,-110,-110,-110,-110,-110,-110,-110,-110,-110,-110,-110,-110,-110,-110,-110,-110,-110,-110,-110,-110,-110,-110,-110,-110,-110,-110,-110,-110,-110,-110,-110,-110,-110,-110,-110,-110,-110,-110,-110,-110,-110,-110,-110,-110,-110,-110,-110,-110,-110,-110,-110,-110,-110,-110,-110,-110,-110,-110,-110,-110,-110,-110,-110,-110,-110,-110,-110,-110,-110,-110,-110,-110,-110,-110,-110,-110,-110,-110,-110,-110,-110,-110,-110,-110,-110,-110,-110,-110,-110,-110,-110,-110,-110,-110,-110,-110,-110,-110,-110,-110,-110,-110,-110,-110,-110,-110,-110,-110,-110,-110,-110,-110,-110,-110,-110,-110,-110,-110,-110,-110,-110,-110,-110,-110,-110,-110,-110,-110,-110,-110,-110,-110,-110,-110,-110,-110,-110,-110,-110,-110,-110,-110,-110,-110,-110,-110,-110,-110,-110,-110,-110,-110,-110,-110,-110,-110,-110,-110,-110,-110,-110,-110,-110,-110,-110,-110,-110,-110,-110,-110,-110,-110,-110,-110,-110,-110,-110,-110,-110,-110,-110,-110,-110,-110,-110,-110,-110,-110,-110,-110,-110,-110,-110,-110,-110,-110,-110,-110,-110,-110,-110,-110,-110,-110,-110,-110,-110,-110,-110,-110,-110,-110,-110,-110,-110,-110,-110,-110,-110,-110,-110,-110,-110,-110,-110,-110,-110,-110,-110,-110,-110,-110,-110,-110,-110,-110,-110,-110,-110,-110,-110,-110,-110,-110,-110,-110,-110,-110,-110,-110,-110,-110,-110,-110,-110,-110,-110,-110,-110,-110,-110,-110,-110,-110,-110,-110,-110,-110,-110,-110,-110,-110,-110,-110,-110,-110,-110,-110,-110,-110,-110,-110,-110,-110,-110,-110,-110,-110,-110,-110,-110,-110,-110,-110,-110,-110,-110,-110,-110,-110,-110,-110,-110,-110,-110,-110,-110,-110,-110,-110,-110,-110,-110,-110,-110,-110,-110,-110,-110,-110,-110,-110,-110,-110,-110,-110,-110,-110,-110,-110,-110,-110,-110,-110,-110,-110,-110,-110,-110,-110,-110,-110,-110,-110,-110,-110,-110,-110,-110,-110,-110,-110,-110,-110,-110,-110,-110,-110,-110,-110,-110,-110,-110,-110,-110,-110,-110,-110,-110,-110,-110,-110,-110,-110,-110,-110,-110,-110,-110,-110,-110,-110,-110,-110,-110,-110,-110,-110,-110,-110,-110,-110,-110,-110,-110,-110,-110,-110,-110,-110,-110,-110,-110,-110,-110,-110,-110,-110,-110,-110,-110,-110,-110,-110,-110,-110,-110,-110,-110,-110,-110,-110,-110,-110,-110,-110,-110,-110,-110,-110,-110,-110,-110,-110,-110,-110,-110,-110,-110,-110,-110,-110,-110,-110,-110,-110,-110,-110
45,12.91385188,27.42843992,5,-82,-91,-88,-90,-110,-82,-85,-90,-91,-110,-110,-110,-110,-110,-68,-110,-68,-110,-110,-110,-110,-110,-110,-110,-110,-110,-110,-110,-110,-92,-110,-110,-110,-110,-110,-110,-110,-110,-110,-110,-110,-110,-110,-110,-110,-110,-110,-110,-90,-110,-89,-78,-110,-79,-110,-110,-110,-110,-110,-110,-110,-110,-110,-110,-110,-110,-85,-110,-63,-110,-110,-110,-86,-110,-110,-110,-110,-110,-110,-110,-110,-110,-110,-110,-110,-110,-110,-110,-110,-110,-110,-110,-110,-110,-110,-110,-110,-110,-110,-110,-110,-110,-110,-110,-110,-110,-110,-110,-110,-110,-110,-110,-110,-110,-110,-110,-110,-110,-110,-110,-110,-110,-110,-110,-110,-110,-110,-110,-110,-110,-110,-110,-110,-110,-110,-110,-110,-110,-110,-110,-110,-110,-110,-110,-110,-110,-110,-110,-110,-110,-110,-110,-110,-110,-110,-110,-110,-110,-110,-110,-110,-110,-110,-110,-110,-110,-110,-110,-110,-110,-110,-110,-110,-110,-110,-110,-110,-110,-110,-110,-110,-110,-110,-110,-110,-110,-110,-110,-110,-110,-110,-110,-110,-110,-110,-110,-110,-110,-110,-110,-110,-110,-110,-110,-110,-110,-110,-110,-110,-110,-110,-110,-110,-110,-110,-110,-110,-110,-110,-110,-110,-110,-110,-110,-110,-110,-110,-110,-110,-110,-110,-110,-110,-110,-110,-110,-110,-110,-110,-110,-110,-110,-110,-110,-110,-110,-110,-110,-110,-110,-110,-110,-110,-110,-110,-110,-110,-110,-110,-110,-110,-110,-110,-110,-110,-110,-110,-110,-110,-110,-110,-110,-110,-110,-110,-110,-110,-110,-110,-110,-110,-110,-110,-110,-110,-110,-110,-110,-110,-110,-110,-110,-110,-110,-110,-110,-110,-110,-110,-110,-110,-110,-110,-110,-110,-110,-110,-110,-110,-110,-110,-110,-110,-110,-110,-110,-110,-110,-110,-110,-110,-110,-110,-110,-110,-110,-110,-110,-110,-110,-110,-110,-110,-110,-110,-110,-110,-110,-110,-110,-110,-110,-110,-110,-110,-110,-110,-110,-110,-110,-110,-110,-110,-110,-110,-110,-110,-110,-110,-110,-110,-110,-110,-110,-110,-110,-110,-110,-110,-110,-110,-110,-110,-110,-110,-110,-110,-110,-110,-110,-110,-110,-110,-110,-110,-110,-110,-110,-110,-110,-110,-110,-110,-110,-110,-110,-110,-110,-110,-110,-110,-110,-110,-110,-110,-110,-110,-110,-110,-110,-110,-110,-110,-110,-110,-110,-110,-110,-110,-110,-110,-110,-110,-110,-110,-110,-110,-110,-110,-110,-110,-110,-110,-110,-110,-110,-110,-110,-110,-110,-110,-110,-110,-110,-110,-110,-110,-110,-110,-110,-110,-110,-110,-110,-110,-110,-110,-110,-110,-110,-110,-110,-110,-110,-110,-110,-110,-110,-110,-110,-110,-110,-110,-110,-110,-110,-110,-110,-110,-110,-110,-110,-110,-110,-110,-110,-110,-110,-110,-110,-110,-110,-110,-110,-110,-110,-110,-110,-110,-110,-110,-110,-110,-110,-110,-110,-110,-110,-110,-110,-110,-110,-110,-110,-110,-110,-110,-110,-110,-110,-110,-110,-110,-110,-110,-110,-110,-110,-110,-110,-110,-110,-110,-110,-110,-110,-110,-110,-110,-110,-110,-110,-110,-110,-110,-110,-110,-110,-110,-110,-110,-110,-110,-110,-110,-110,-110,-110,-110,-110,-110,-110,-110,-110,-110,-110,-110,-110,-110,-110,-110,-110,-110,-110,-110,-110,-110,-110,-110,-110,-110,-110,-110,-110,-110,-110,-110,-110,-110,-110,-110,-110,-110,-110,-110,-110,-110,-110,-110,-110,-110,-110,-110,-110,-110,-110,-110,-110,-110,-110,-110,-110,-110,-110,-110,-110,-110,-110,-110,-110
45,12.91385188,27.42843992,5,-85,-110,-86,-88,-110,-85,-110,-88,-110,-110,-110,-110,-110,-110,-70,-110,-71,-110,-110,-110,-110,-110,-110,-110,-89,-110,-110,-90,-110,-110,-110,-110,-110,-110,-110,-110,-110,-110,-110,-110,-110,-110,-110,-110,-110,-110,-110,-110,-90,-110,-92,-77,-110,-78,-110,-110,-110,-110,-110,-110,-110,-110,-110,-110,-110,-110,-86,-110,-62,-110,-110,-110,-85,-110,-110,-110,-110,-110,-110,-110,-110,-110,-110,-110,-110,-110,-110,-110,-110,-110,-110,-110,-110,-110,-110,-110,-110,-110,-110,-110,-110,-110,-110,-110,-110,-110,-110,-110,-110,-110,-110,-110,-110,-110,-110,-110,-110,-110,-110,-110,-110,-110,-110,-110,-110,-110,-110,-110,-110,-110,-110,-110,-110,-110,-110,-110,-110,-110,-110,-110,-110,-110,-110,-110,-110,-110,-110,-110,-110,-110,-110,-110,-110,-110,-110,-110,-110,-110,-110,-110,-110,-110,-110,-110,-110,-110,-110,-110,-110,-110,-110,-110,-110,-110,-110,-110,-110,-110,-110,-110,-110,-110,-110,-110,-110,-110,-110,-110,-110,-110,-110,-110,-110,-110,-110,-110,-110,-110,-110,-110,-110,-110,-110,-110,-110,-110,-110,-110,-110,-110,-110,-110,-110,-110,-110,-110,-110,-110,-110,-110,-110,-110,-110,-110,-110,-110,-110,-110,-110,-110,-110,-110,-110,-110,-110,-110,-110,-110,-110,-110,-110,-110,-110,-110,-110,-110,-110,-110,-110,-110,-110,-110,-110,-110,-110,-110,-110,-110,-110,-110,-110,-110,-110,-110,-110,-110,-110,-110,-110,-110,-110,-110,-110,-110,-110,-110,-110,-110,-110,-110,-110,-110,-110,-110,-110,-110,-110,-110,-110,-110,-110,-110,-110,-110,-110,-110,-110,-110,-110,-110,-110,-110,-110,-110,-110,-110,-110,-110,-110,-110,-110,-110,-110,-110,-110,-110,-110,-110,-110,-110,-110,-110,-110,-110,-110,-110,-110,-110,-110,-110,-110,-110,-110,-110,-110,-110,-110,-110,-110,-110,-110,-110,-110,-110,-110,-110,-110,-110,-110,-110,-110,-110,-110,-110,-110,-110,-110,-110,-110,-110,-110,-110,-110,-110,-110,-110,-110,-110,-110,-110,-110,-110,-110,-110,-110,-110,-110,-110,-110,-110,-110,-110,-110,-110,-110,-110,-110,-110,-110,-110,-110,-110,-110,-110,-110,-110,-110,-110,-110,-110,-110,-110,-110,-110,-110,-110,-110,-110,-110,-110,-110,-110,-110,-110,-110,-110,-110,-110,-110,-110,-110,-110,-110,-110,-110,-110,-110,-110,-110,-110,-110,-110,-110,-110,-110,-110,-110,-110,-110,-110,-110,-110,-110,-110,-110,-110,-110,-110,-110,-110,-110,-110,-110,-110,-110,-110,-110,-110,-110,-110,-110,-110,-110,-110,-110,-110,-110,-110,-110,-110,-110,-110,-110,-110,-110,-110,-110,-110,-110,-110,-110,-110,-110,-110,-110,-110,-110,-110,-110,-110,-110,-110,-110,-110,-110,-110,-110,-110,-110,-110,-110,-110,-110,-110,-110,-110,-110,-110,-110,-110,-110,-110,-110,-110,-110,-110,-110,-110,-110,-110,-110,-110,-110,-110,-110,-110,-110,-110,-110,-110,-110,-110,-110,-110,-110,-110,-110,-110,-110,-110,-110,-110,-110,-110,-110,-110,-110,-110,-110,-110,-110,-110,-110,-110,-110,-110,-110,-110,-110,-110,-110,-110,-110,-110,-110,-110,-110,-110,-110,-110,-110,-110,-110,-110,-110,-110,-110,-110,-110,-110,-110,-110,-110,-110,-110,-110,-110,-110,-110,-110,-110,-110,-110,-110,-110,-110,-110,-110,-110,-110,-110,-110,-110,-110,-110,-110,-110,-110,-110,-110,-110,-110,-110,-110,-110,-110,-110,-110,-110,-110
45,12.91385188,27.42843992,5,-87,-91,-87,-85,-110,-86,-86,-85,-92,-110,-110,-110,-110,-110,-71,-110,-71,-110,-110,-110,-110,-110,-110,-110,-88,-110,-110,-89,-110,-110,-110,-110,-110,-110,-110,-110,-110,-110,-110,-110,-110,-110,-110,-110,-110,-110,-110,-110,-94,-110,-94,-84,-110,-83,-110,-110,-110,-110,-110,-110,-110,-110,-110,-110,-110,-110,-85,-110,-64,-110,-110,-110,-87,-110,-110,-110,-110,-110,-110,-110,-110,-110,-110,-110,-110,-110,-110,-110,-110,-110,-110,-110,-110,-110,-110,-110,-110,-110,-110,-110,-110,-110,-110,-110,-110,-110,-110,-110,-110,-110,-110,-110,-110,-110,-110,-110,-110,-110,-110,-110,-110,-110,-110,-110,-110,-110,-110,-110,-110,-110,-110,-110,-110,-110,-110,-110,-110,-110,-110,-110,-110,-110,-110,-110,-110,-110,-110,-110,-110,-110,-110,-110,-110,-110,-110,-110,-110,-110,-110,-110,-110,-110,-110,-110,-110,-110,-110,-110,-110,-110,-110,-110,-110,-110,-110,-110,-110,-110,-110,-110,-110,-110,-110,-110,-110,-110,-110,-110,-110,-110,-110,-110,-110,-110,-110,-110,-110,-110,-110,-110,-110,-110,-110,-110,-110,-110,-110,-110,-110,-110,-110,-110,-110,-110,-110,-110,-110,-110,-110,-110,-110,-110,-110,-110,-110,-110,-110,-110,-110,-110,-110,-110,-110,-110,-110,-110,-110,-110,-110,-110,-110,-110,-110,-110,-110,-110,-110,-110,-110,-110,-110,-110,-110,-110,-110,-110,-110,-110,-110,-110,-110,-110,-110,-110,-110,-110,-110,-110,-110,-110,-110,-110,-110,-110,-110,-110,-110,-110,-110,-110,-110,-110,-110,-110,-110,-110,-110,-110,-110,-110,-110,-110,-110,-110,-110,-110,-110,-110,-110,-110,-110,-110,-110,-110,-110,-110,-110,-110,-110,-110,-110,-110,-110,-110,-110,-110,-110,-110,-110,-110,-110,-110,-110,-110,-110,-110,-110,-110,-110,-110,-110,-110,-110,-110,-110,-110,-110,-110,-110,-110,-110,-110,-110,-110,-110,-110,-110,-110,-110,-110,-110,-110,-110,-110,-110,-110,-110,-110,-110,-110,-110,-110,-110,-110,-110,-110,-110,-110,-110,-110,-110,-110,-110,-110,-110,-110,-110,-110,-110,-110,-110,-110,-110,-110,-110,-110,-110,-110,-110,-110,-110,-110,-110,-110,-110,-110,-110,-110,-110,-110,-110,-110,-110,-110,-110,-110,-110,-110,-110,-110,-110,-110,-110,-110,-110,-110,-110,-110,-110,-110,-110,-110,-110,-110,-110,-110,-110,-110,-110,-110,-110,-110,-110,-110,-110,-110,-110,-110,-110,-110,-110,-110,-110,-110,-110,-110,-110,-110,-110,-110,-110,-110,-110,-110,-110,-110,-110,-110,-110,-110,-110,-110,-110,-110,-110,-110,-110,-110,-110,-110,-110,-110,-110,-110,-110,-110,-110,-110,-110,-110,-110,-110,-110,-110,-110,-110,-110,-110,-110,-110,-110,-110,-110,-110,-110,-110,-110,-110,-110,-110,-110,-110,-110,-110,-110,-110,-110,-110,-110,-110,-110,-110,-110,-110,-110,-110,-110,-110,-110,-110,-110,-110,-110,-110,-110,-110,-110,-110,-110,-110,-110,-110,-110,-110,-110,-110,-110,-110,-110,-110,-110,-110,-110,-110,-110,-110,-110,-110,-110,-110,-110,-110,-110,-110,-110,-110,-110,-110,-110,-110,-110,-110,-110,-110,-110,-110,-110,-110,-110,-110,-110,-110,-110,-110,-110,-110,-110,-110,-110,-110,-110,-110,-110,-110,-110,-110,-110,-110,-110,-110,-110,-110,-110,-110,-110,-110,-110,-110,-110,-110,-110,-110,-110,-110,-110,-110,-110,-110,-110,-110,-110,-110,-110,-110,-110,-110,-110,-110,-110,-110
45,12.91385188,27.42843992,5,-80,-91,-87,-84,-110,-82,-89,-85,-92,-110,-110,-110,-110,-110,-69,-110,-69,-110,-110,-110,-110,-110,-110,-110,-90,-110,-110,-90,-110,-110,-110,-91,-110,-110,-110,-90,-110,-110,-110,-110,-110,-110,-110,-110,-110,-110,-110,-110,-90,-110,-92,-80,-110,-82,-110,-110,-110,-110,-110,-110,-110,-110,-110,-110,-110,-110,-84,-110,-62,-110,-110,-110,-83,-110,-110,-110,-110,-110,-110,-110,-110,-110,-110,-110,-110,-110,-110,-110,-110,-110,-110,-110,-110,-110,-110,-110,-110,-110,-110,-110,-110,-110,-110,-110,-110,-110,-110,-110,-110,-110,-110,-110,-110,-110,-110,-110,-110,-110,-110,-110,-110,-110,-110,-110,-110,-110,-110,-110,-110,-110,-110,-110,-110,-110,-110,-110,-110,-110,-110,-110,-110,-110,-110,-110,-110,-110,-110,-110,-110,-110,-110,-110,-110,-110,-110,-110,-110,-110,-110,-110,-110,-110,-110,-110,-110,-110,-110,-110,-110,-110,-110,-110,-110,-110,-110,-110,-110,-110,-110,-110,-110,-110,-110,-110,-110,-110,-110,-110,-110,-110,-110,-110,-110,-110,-110,-110,-110,-110,-110,-110,-110,-110,-110,-110,-110,-110,-110,-110,-110,-110,-110,-110,-110,-110,-110,-110,-110,-110,-110,-110,-110,-110,-110,-110,-110,-110,-110,-110,-110,-110,-110,-110,-110,-110,-110,-110,-110,-110,-110,-110,-110,-110,-110,-110,-110,-110,-110,-110,-110,-110,-110,-110,-110,-110,-110,-110,-110,-110,-110,-110,-110,-110,-110,-110,-110,-110,-110,-110,-110,-110,-110,-110,-110,-110,-110,-110,-110,-110,-110,-110,-110,-110,-110,-110,-110,-110,-110,-110,-110,-110,-110,-110,-110,-110,-110,-110,-110,-110,-110,-110,-110,-110,-110,-110,-110,-110,-110,-110,-110,-110,-110,-110,-110,-110,-110,-110,-110,-110,-110,-110,-110,-110,-110,-110,-110,-110,-110,-110,-110,-110,-110,-110,-110,-110,-110,-110,-110,-110,-110,-110,-110,-110,-110,-110,-110,-110,-110,-110,-110,-110,-110,-110,-110,-110,-110,-110,-110,-110,-110,-110,-110,-110,-110,-110,-110,-110,-110,-110,-110,-110,-110,-110,-110,-110,-110,-110,-110,-110,-110,-110,-110,-110,-110,-110,-110,-110,-110,-110,-110,-110,-110,-110,-110,-110,-110,-110,-110,-110,-110,-110,-110,-110,-110,-110,-110,-110,-110,-110,-110,-110,-110,-110,-110,-110,-110,-110,-110,-110,-110,-110,-110,-110,-110,-110,-110,-110,-110,-110,-110,-110,-110,-110,-110,-110,-110,-110,-110,-110,-110,-110,-110,-110,-110,-110,-110,-110,-110,-110,-110,-110,-110,-110,-110,-110,-110,-110,-110,-110,-110,-110,-110,-110,-110,-110,-110,-110,-110,-110,-110,-110,-110,-110,-110,-110,-110,-110,-110,-110,-110,-110,-110,-110,-110,-110,-110,-110,-110,-110,-110,-110,-110,-110,-110,-110,-110,-110,-110,-110,-110,-110,-110,-110,-110,-110,-110,-110,-110,-110,-110,-110,-110,-110,-110,-110,-110,-110,-110,-110,-110,-110,-110,-110,-110,-110,-110,-110,-110,-110,-110,-110,-110,-110,-110,-110,-110,-110,-110,-110,-110,-110,-110,-110,-110,-110,-110,-110,-110,-110,-110,-110,-110,-110,-110,-110,-110,-110,-110,-110,-110,-110,-110,-110,-110,-110,-110,-110,-110,-110,-110,-110,-110,-110,-110,-110,-110,-110,-110,-110,-110,-110,-110,-110,-110,-110,-110,-110,-110,-110,-110,-110,-110,-110,-110,-110,-110,-110,-110,-110,-110,-110,-110,-110,-110,-110,-110,-110,-110,-110,-110,-110,-110,-110,-110,-110,-110,-110,-110,-110,-110,-110
45,12.91385188,27.42843992,5,-82,-110,-84,-87,-110,-83,-85,-86,-90,-110,-110,-110,-110,-110,-68,-110,-69,-110,-110,-110,-110,-110,-110,-110,-93,-110,-110,-91,-110,-110,-110,-110,-110,-110,-110,-92,-110,-110,-110,-110,-110,-110,-110,-110,-110,-110,-110,-110,-91,-110,-90,-80,-110,-81,-110,-110,-110,-110,-110,-110,-110,-110,-110,-110,-110,-110,-84,-110,-62,-110,-110,-110,-83,-110,-110,-110,-110,-110,-110,-110,-110,-110,-110,-110,-110,-110,-110,-110,-110,-110,-110,-110,-110,-110,-110,-110,-110,-110,-110,-110,-110,-110,-110,-110,-110,-110,-110,-110,-110,-110,-110,-110,-110,-110,-110,-110,-110,-110,-110,-110,-110,-110,-110,-110,-110,-110,-110,-110,-110,-110,-110,-110,-110,-110,-110,-110,-110,-110,-110,-110,-110,-110,-110,-110,-110,-110,-110,-110,-110,-110,-110,-110,-110,-110,-110,-110,-110,-110,-110,-110,-110,-110,-110,-110,-110,-110,-110,-110,-110,-110,-110,-110,-110,-110,-110,-110,-110,-110,-110,-110,-110,-110,-110,-110,-110,-110,-110,-110,-110,-110,-110,-110,-110,-110,-110,-110,-110,-110,-110,-110,-110,-110,-110,-110,-110,-110,-110,-110,-110,-110,-110,-110,-110,-110,-110,-110,-110,-110,-110,-110,-110,-110,-110,-110,-110,-110,-110,-110,-110,-110,-110,-110,-110,-110,-110,-110,-110,-110,-110,-110,-110,-110,-110,-110,-110,-110,-110,-110,-110,-110,-110,-110,-110,-110,-110,-110,-110,-110,-110,-110,-110,-110,-110,-110,-110,-110,-110,-110,-110,-110,-110,-110,-110,-110,-110,-110,-110,-110,-110,-110,-110,-110,-110,-110,-110,-110,-110,-110,-110,-110,-110,-110,-110,-110,-110,-110,-110,-110,-110,-110,-110,-110,-110,-110,-110,-110,-110,-110,-110,-110,-110,-110,-110,-110,-110,-110,-110,-110,-110,-110,-110,-110,-110,-110,-110,-110,-110,-110,-110,-110,-110,-110,-110,-110,-110,-110,-110,-110,-110,-110,-110,-110,-110,-110,-110,-110,-110,-110,-110,-110,-110,-110,-110,-110,-110,-110,-110,-110,-110,-110,-110,-110,-110,-110,-110,-110,-110,-110,-110,-110,-110,-110,-110,-110,-110,-110,-110,-110,-110,-110,-110,-110,-110,-110,-110,-110,-110,-110,-110,-110,-110,-110,-110,-110,-110,-110,-110,-110,-110,-110,-110,-110,-110,-110,-110,-110,-110,-110,-110,-110,-110,-110,-110,-110,-110,-110,-110,-110,-110,-110,-110,-110,-110,-110,-110,-110,-110,-110,-110,-110,-110,-110,-110,-110,-110,-110,-110,-110,-110,-110,-110,-110,-110,-110,-110,-110,-110,-110,-110,-110,-110,-110,-110,-110,-110,-110,-110,-110,-110,-110,-110,-110,-110,-110,-110,-110,-110,-110,-110,-110,-110,-110,-110,-110,-110,-110,-110,-110,-110,-110,-110,-110,-110,-110,-110,-110,-110,-110,-110,-110,-110,-110,-110,-110,-110,-110,-110,-110,-110,-110,-110,-110,-110,-110,-110,-110,-110,-110,-110,-110,-110,-110,-110,-110,-110,-110,-110,-110,-110,-110,-110,-110,-110,-110,-110,-110,-110,-110,-110,-110,-110,-110,-110,-110,-110,-110,-110,-110,-110,-110,-110,-110,-110,-110,-110,-110,-110,-110,-110,-110,-110,-110,-110,-110,-110,-110,-110,-110,-110,-110,-110,-110,-110,-110,-110,-110,-110,-110,-110,-110,-110,-110,-110,-110,-110,-110,-110,-110,-110,-110,-110,-110,-110,-110,-110,-110,-110,-110,-110,-110,-110,-110,-110,-110,-110,-110,-110,-110,-110,-110,-110,-110,-110,-110,-110,-110,-110,-110,-110,-110,-110,-110,-110,-110,-110,-110,-110,-110,-110,-110
45,12.91385188,27.42843992,5,-85,-90,-110,-88,-110,-83,-110,-83,-92,-110,-110,-110,-110,-110,-68,-110,-65,-110,-110,-110,-110,-110,-110,-110,-91,-110,-110,-89,-110,-110,-110,-110,-110,-110,-110,-96,-110,-110,-110,-110,-110,-110,-110,-110,-110,-110,-110,-110,-87,-110,-89,-78,-110,-79,-110,-110,-110,-110,-110,-110,-110,-110,-110,-110,-110,-110,-88,-110,-61,-110,-110,-87,-86,-110,-110,-110,-110,-110,-110,-110,-110,-110,-110,-110,-110,-110,-110,-110,-110,-110,-110,-110,-110,-110,-110,-110,-110,-110,-110,-110,-110,-110,-110,-110,-110,-110,-110,-110,-110,-110,-110,-110,-110,-110,-110,-110,-110,-110,-110,-110,-110,-110,-110,-110,-110,-110,-110,-110,-110,-110,-110,-110,-110,-110,-110,-110,-110,-110,-110,-110,-110,-110,-110,-110,-110,-110,-110,-110,-110,-110,-110,-110,-110,-110,-110,-110,-110,-110,-110,-110,-110,-110,-110,-110,-110,-110,-110,-110,-110,-110,-110,-110,-110,-110,-110,-110,-110,-110,-110,-110,-110,-110,-110,-110,-110,-110,-110,-110,-110,-110,-110,-110,-110,-110,-110,-110,-110,-110,-110,-110,-110,-110,-110,-110,-110,-110,-110,-110,-110,-110,-110,-110,-110,-110,-110,-110,-110,-110,-110,-110,-110,-110,-110,-110,-110,-110,-110,-110,-110,-110,-110,-110,-110,-110,-110,-110,-110,-110,-110,-110,-110,-110,-110,-110,-110,-110,-110,-110,-110,-110,-110,-110,-110,-110,-110,-110,-110,-110,-110,-110,-110,-110,-110,-110,-110,-110,-110,-110,-110,-110,-110,-110,-110,-110,-110,-110,-110,-110,-110,-110,-110,-110,-110,-110,-110,-110,-110,-110,-110,-110,-110,-110,-110,-110,-110,-110,-110,-110,-110,-110,-110,-110,-110,-110,-110,-110,-110,-110,-110,-110,-110,-110,-110,-110,-110,-110,-110,-110,-110,-110,-110,-110,-110,-110,-110,-110,-110,-110,-110,-110,-110,-110,-110,-110,-110,-110,-110,-110,-110,-110,-110,-110,-110,-110,-110,-110,-110,-110,-110,-110,-110,-110,-110,-110,-110,-110,-110,-110,-110,-110,-110,-110,-110,-110,-110,-110,-110,-110,-110,-110,-110,-110,-110,-110,-110,-110,-110,-110,-110,-110,-110,-110,-110,-110,-110,-110,-110,-110,-110,-110,-110,-110,-110,-110,-110,-110,-110,-110,-110,-110,-110,-110,-110,-110,-110,-110,-110,-110,-110,-110,-110,-110,-110,-110,-110,-110,-110,-110,-110,-110,-110,-110,-110,-110,-110,-110,-110,-110,-110,-110,-110,-110,-110,-110,-110,-110,-110,-110,-110,-110,-110,-110,-110,-110,-110,-110,-110,-110,-110,-110,-110,-110,-110,-110,-110,-110,-110,-110,-110,-110,-110,-110,-110,-110,-110,-110,-110,-110,-110,-110,-110,-110,-110,-110,-110,-110,-110,-110,-110,-110,-110,-110,-110,-110,-110,-110,-110,-110,-110,-110,-110,-110,-110,-110,-110,-110,-110,-110,-110,-110,-110,-110,-110,-110,-110,-110,-110,-110,-110,-110,-110,-110,-110,-110,-110,-110,-110,-110,-110,-110,-110,-110,-110,-110,-110,-110,-110,-110,-110,-110,-110,-110,-110,-110,-110,-110,-110,-110,-110,-110,-110,-110,-110,-110,-110,-110,-110,-110,-110,-110,-110,-110,-110,-110,-110,-110,-110,-110,-110,-110,-110,-110,-110,-110,-110,-110,-110,-110,-110,-110,-110,-110,-110,-110,-110,-110,-110,-110,-110,-110,-110,-110,-110,-110,-110,-110,-110,-110,-110,-110,-110,-110,-110,-110,-110,-110,-110,-110,-110,-110,-110,-110,-110,-110,-110,-110,-110,-110,-110,-110,-110,-110,-110,-110,-110,-110,-110,-110,-110,-110
44,8.52431189,27.42843992,5,-110,-87,-77,-110,-110,-110,-80,-110,-87,-110,-110,-110,-110,-110,-58,-110,-59,-110,-110,-110,-110,-110,-110,-110,-110,-110,-110,-110,-110,-110,-110,-110,-110,-110,-110,-110,-110,-110,-110,-110,-110,-110,-110,-110,-110,-110,-110,-110,-110,-110,-110,-110,-110,-82,-110,-110,-110,-110,-110,-110,-110,-110,-110,-110,-110,-110,-84,-110,-61,-110,-110,-110,-84,-110,-110,-110,-110,-110,-110,-110,-110,-110,-110,-110,-110,-110,-110,-110,-110,-110,-110,-110,-110,-110,-110,-110,-110,-110,-110,-110,-110,-110,-110,-110,-110,-110,-110,-110,-110,-110,-110,-110,-110,-110,-110,-110,-110,-110,-110,-110,-110,-110,-110,-110,-110,-110,-110,-110,-110,-110,-110,-110,-110,-110,-110,-110,-110,-110,-110,-110,-110,-110,-110,-110,-110,-110,-110,-110,-110,-110,-110,-110,-110,-110,-110,-110,-110,-110,-110,-110,-110,-110,-110,-110,-110,-110,-110,-110,-110,-110,-110,-110,-110,-110,-110,-110,-110,-110,-110,-110,-110,-110,-110,-110,-110,-110,-110,-110,-110,-110,-110,-110,-110,-110,-110,-110,-110,-110,-110,-110,-110,-110,-110,-110,-110,-110,-110,-110,-110,-110,-110,-110,-110,-110,-110,-110,-110,-110,-110,-110,-110,-110,-110,-110,-110,-110,-110,-110,-110,-110,-110,-110,-110,-110,-110,-110,-110,-110,-110,-110,-110,-110,-110,-110,-110,-110,-110,-110,-110,-110,-110,-110,-110,-110,-110,-110,-110,-110,-110,-110,-110,-110,-110,-110,-110,-110,-110,-110,-110,-110,-110,-110,-110,-110,-110,-110,-110,-110,-110,-110,-110,-110,-110,-110,-110,-110,-110,-110,-110,-110,-110,-110,-110,-110,-110,-110,-110,-110,-110,-110,-110,-110,-110,-110,-110,-110,-110,-110,-110,-110,-110,-110,-110,-110,-110,-110,-110,-110,-110,-110,-110,-110,-110,-110,-110,-110,-110,-110,-110,-110,-110,-110,-110,-110,-110,-110,-110,-110,-110,-110,-110,-110,-110,-110,-110,-110,-110,-110,-110,-110,-110,-110,-110,-110,-110,-110,-110,-110,-110,-110,-110,-110,-110,-110,-110,-110,-110,-110,-110,-110,-110,-110,-110,-110,-110,-110,-110,-110,-110,-110,-110,-110,-110,-110,-110,-110,-110,-110,-110,-110,-110,-110,-110,-110,-110,-110,-110,-110,-110,-110,-110,-110,-110,-110,-110,-110,-110,-110,-110,-110,-110,-110,-110,-110,-110,-110,-110,-110,-110,-110,-110,-110,-110,-110,-110,-110,-110,-110,-110,-110,-110,-110,-110,-110,-110,-110,-110,-110,-110,-110,-110,-110,-110,-110,-110,-110,-110,-110,-110,-110,-110,-110,-110,-110,-110,-110,-110,-110,-110,-110,-110,-110,-110,-110,-110,-110,-110,-110,-110,-110,-110,-110,-110,-110,-110,-110,-110,-110,-110,-110,-110,-110,-110,-110,-110,-110,-110,-110,-110,-110,-110,-110,-110,-110,-110,-110,-110,-110,-110,-110,-110,-110,-110,-110,-110,-110,-110,-110,-110,-110,-110,-110,-110,-110,-110,-110,-110,-110,-110,-110,-110,-110,-110,-110,-110,-110,-110,-110,-110,-110,-110,-110,-110,-110,-110,-110,-110,-110,-110,-110,-110,-110,-110,-110,-110,-110,-110,-110,-110,-110,-110,-110,-110,-110,-110,-110,-110,-110,-110,-110,-110,-110,-110,-110,-110,-110,-110,-110,-110,-110,-110,-110,-110,-110,-110,-110,-110,-110,-110,-110,-110,-110,-110,-110,-110,-110,-110,-110,-110,-110,-110,-110,-110,-110,-110,-110,-110,-110,-110,-110,-110,-110,-110,-110,-110,-110,-110,-110,-110,-110,-110,-110,-110,-110,-110,-110,-110,-110,-110,-110
44,8.52431189,27.42843992,5,-110,-88,-83,-110,-110,-110,-81,-110,-86,-110,-110,-110,-110,-110,-59,-110,-59,-110,-110,-110,-110,-110,-110,-110,-110,-110,-110,-110,-110,-110,-110,-110,-110,-110,-110,-110,-110,-110,-110,-110,-110,-110,-110,-110,-110,-110,-110,-110,-80,-110,-78,-88,-110,-85,-110,-110,-110,-110,-110,-110,-110,-110,-110,-110,-110,-110,-84,-110,-61,-110,-110,-110,-87,-110,-110,-110,-110,-110,-110,-110,-110,-110,-110,-110,-110,-110,-110,-110,-110,-110,-110,-110,-110,-110,-110,-110,-110,-110,-110,-110,-110,-110,-110,-110,-110,-110,-110,-110,-110,-110,-110,-110,-110,-110,-110,-110,-110,-110,-110,-110,-110,-110,-110,-110,-110,-110,-110,-110,-110,-110,-110,-110,-110,-110,-110,-110,-110,-110,-110,-110,-110,-110,-110,-110,-110,-110,-110,-110,-110,-110,-110,-110,-110,-110,-110,-110,-110,-110,-110,-110,-110,-110,-110,-110,-110,-110,-110,-110,-110,-110,-110,-110,-110,-110,-110,-110,-110,-110,-110,-110,-110,-110,-110,-110,-110,-110,-110,-110,-110,-110,-110,-110,-110,-110,-110,-110,-110,-110,-110,-110,-110,-110,-110,-110,-110,-110,-110,-110,-110,-110,-110,-110,-110,-110,-110,-110,-110,-110,-110,-110,-110,-110,-110,-110,-110,-110,-110,-110,-110,-110,-110,-110,-110,-110,-110,-110,-110,-110,-110,-110,-110,-110,-110,-110,-110,-110,-110,-110,-110,-110,-110,-110,-110,-110,-110,-110,-110,-110,-110,-110,-110,-110,-110,-110,-110,-110,-110,-110,-110,-110,-110,-110,-110,-110,-110,-110,-110,-110,-110,-110,-110,-110,-110,-110,-110,-110,-110,-110,-110,-110,-110,-110,-110,-110,-110,-110,-110,-110,-110,-110,-110,-110,-110,-110,-110,-110,-110,-110,-110,-110,-110,-110,-110,-110,-110,-110,-110,-110,-110,-110,-110,-110,-110,-110,-110,-110,-110,-110,-110,-110,-110,-110,-110,-110,-110,-110,-110,-110,-110,-110,-110,-110,-110,-110,-110,-110,-110,-110,-110,-110,-110,-110,-110,-110,-110,-110,-110,-110,-110,-110,-110,-110,-110,-110,-110,-110,-110,-110,-110,-110,-110,-110,-110,-110,-110,-110,-110,-110,-110,-110,-110,-110,-110,-110,-110,-110,-110,-110,-110,-110,-110,-110,-110,-110,-110,-110,-110,-110,-110,-110,-110,-110,-110,-110,-110,-110,-110,-110,-110,-110,-110,-110,-110,-110,-110,-110,-110,-110,-110,-110,-110,-110,-110,-110,-110,-110,-110,-110,-110,-110,-110,-110,-110,-110,-110,-110,-110,-110,-110,-110,-110,-110,-110,-110,-110,-110,-110,-110,-110,-110,-110,-110,-110,-110,-110,-110,-110,-110,-110,-110,-110,-110,-110,-110,-110,-110,-110,-110,-110,-110,-110,-110,-110,-110,-110,-110,-110,-110,-110,-110,-110,-110,-110,-110,-110,-110,-110,-110,-110,-110,-110,-110,-110,-110,-110,-110,-110,-110,-110,-110,-110,-110,-110,-110,-110,-110,-110,-110,-110,-110,-110,-110,-110,-110,-110,-110,-110,-110,-110,-110,-110,-110,-110,-110,-110,-110,-110,-110,-110,-110,-110,-110,-110,-110,-110,-110,-110,-110,-110,-110,-110,-110,-110,-110,-110,-110,-110,-110,-110,-110,-110,-110,-110,-110,-110,-110,-110,-110,-110,-110,-110,-110,-110,-110,-110,-110,-110,-110,-110,-110,-110,-110,-110,-110,-110,-110,-110,-110,-110,-110,-110,-110,-110,-110,-110,-110,-110,-110,-110,-110,-110,-110,-110,-110,-110,-110,-110,-110,-110,-110,-110,-110,-110,-110,-110,-110,-110,-110,-110,-110,-110,-110,-110,-110,-110,-110,-110,-110,-110,-110
44,8.52431189,27.42843992,5,-110,-84,-84,-110,-110,-110,-83,-110,-86,-110,-110,-110,-110,-110,-58,-110,-58,-110,-110,-110,-110,-110,-110,-110,-110,-110,-110,-110,-110,-110,-110,-110,-110,-110,-110,-110,-110,-110,-110,-110,-110,-110,-110,-110,-110,-110,-110,-110,-77,-110,-110,-79,-110,-78,-110,-110,-110,-110,-110,-110,-110,-110,-110,-110,-110,-110,-85,-110,-57,-110,-61,-110,-84,-110,-110,-110,-110,-110,-110,-110,-110,-110,-110,-110,-110,-110,-110,-110,-110,-110,-110,-110,-110,-110,-110,-110,-110,-110,-110,-110,-110,-110,-110,-110,-110,-110,-110,-110,-110,-110,-110,-110,-110,-110,-110,-110,-110,-110,-110,-110,-110,-110,-110,-110,-110,-110,-110,-110,-110,-110,-110,-110,-110,-110,-110,-110,-110,-110,-110,-110,-110,-110,-110,-110,-110,-110,-110,-110,-110,-110,-110,-110,-110,-110,-110,-110,-110,-110,-110,-110,-110,-110,-110,-110,-110,-110,-110,-110,-110,-110,-110,-110,-110,-110,-110,-110,-110,-110,-110,-110,-110,-110,-110,-110,-110,-110,-110,-92,-110,-110,-110,-110,-110,-110,-110,-110,-110,-110,-110,-110,-110,-110,-110,-110,-110,-110,-110,-110,-110,-110,-110,-110,-110,-110,-110,-110,-110,-110,-110,-110,-110,-110,-110,-110,-110,-110,-110,-110,-110,-110,-110,-110,-110,-110,-110,-110,-110,-110,-110,-110,-110,-110,-110,-110,-110,-110,-110,-110,-110,-110,-110,-110,-110,-110,-110,-110,-110,-110,-110,-110,-110,-110,-110,-110,-110,-110,-110,-110,-110,-110,-110,-110,-110,-110,-110,-110,-110,-110,-110,-110,-110,-110,-110,-110,-110,-110,-110,-110,-110,-110,-110,-110,-110,-110,-110,-110,-110,-110,-110,-110,-110,-110,-110,-110,-110,-110,-110,-110,-110,-110,-110,-110,-110,-110,-110,-110,-110,-110,-110,-110,-110,-110,-110,-110,-110,-110,-110,-110,-110,-110,-110,-110,-110,-110,-110,-110,-110,-110,-110,-110,-110,-110,-110,-110,-110,-110,-110,-110,-110,-110,-110,-110,-110,-110,-110,-110,-110,-110,-110,-110,-110,-110,-110,-110,-110,-110,-110,-110,-110,-110,-110,-110,-110,-110,-110,-110,-110,-110,-110,-110,-110,-110,-110,-110,-110,-110,-110,-110,-110,-110,-110,-110,-110,-110,-110,-110,-110,-110,-110,-110,-110,-110,-110,-110,-110,-110,-110,-110,-110,-110,-110,-110,-110,-110,-110,-110,-110,-110,-110,-110,-110,-110,-110,-110,-110,-110,-110,-110,-110,-110,-110,-110,-110,-110,-110,-110,-110,-110,-110,-110,-110,-110,-110,-110,-110,-110,-110,-110,-110,-110,-110,-110,-110,-110,-110,-110,-110,-110,-110,-110,-110,-110,-110,-110,-110,-110,-110,-110,-110,-110,-110,-110,-110,-110,-110,-110,-110,-110,-110,-110,-110,-110,-110,-110,-110,-110,-110,-110,-110,-110,-110,-110,-110,-110,-110,-110,-110,-110,-110,-110,-110,-110,-110,-110,-110,-110,-110,-110,-110,-110,-110,-110,-110,-110,-110,-110,-110,-110,-110,-110,-110,-110,-110,-110,-110,-110,-110,-110,-110,-110,-110,-110,-110,-110,-110,-110,-110,-110,-110,-110,-110,-110,-110,-110,-110,-110,-110,-110,-110,-110,-110,-110,-110,-110,-110,-110,-110,-110,-110,-110,-110,-110,-110,-110,-110,-110,-110,-110,-110,-110,-110,-110,-110,-110,-110,-110,-110,-110,-110,-110,-110,-110,-110,-110,-110,-110,-110,-110,-110,-110,-110,-110,-110,-110,-110,-110,-110,-110,-110,-110,-110,-110,-110,-110,-110,-110,-110,-110,-110,-110,-110,-110,-110,-110,-110,-110,-110,-110,-110,-110
44,8.52431189,27.42843992,5,-110,-88,-77,-110,-110,-110,-78,-110,-89,-110,-110,-110,-110,-110,-57,-110,-57,-110,-110,-110,-110,-110,-110,-110,-110,-110,-110,-110,-110,-110,-110,-110,-110,-110,-110,-110,-110,-110,-110,-110,-110,-110,-110,-110,-110,-110,-110,-110,-110,-110,-110,-84,-110,-110,-110,-110,-110,-110,-110,-110,-110,-110,-110,-110,-110,-110,-87,-110,-57,-110,-60,-110,-86,-110,-110,-110,-110,-110,-110,-110,-110,-110,-110,-110,-110,-110,-110,-110,-110,-110,-110,-110,-110,-110,-110,-110,-110,-110,-110,-110,-110,-110,-110,-110,-110,-110,-110,-110,-110,-110,-110,-110,-110,-110,-110,-110,-110,-110,-110,-110,-110,-110,-110,-110,-110,-110,-110,-110,-110,-110,-110,-110,-110,-110,-110,-110,-110,-110,-110,-110,-110,-110,-110,-110,-110,-110,-110,-110,-110,-110,-110,-110,-110,-110,-110,-110,-110,-110,-110,-110,-110,-110,-110,-110,-110,-110,-110,-110,-110,-110,-110,-110,-110,-110,-110,-110,-110,-110,-110,-110,-110,-110,-110,-110,-110,-110,-110,-110,-90,-110,-110,-110,-110,-110,-110,-110,-110,-110,-110,-110,-110,-110,-110,-110,-110,-110,-110,-110,-110,-110,-110,-110,-110,-110,-110,-110,-110,-110,-110,-110,-110,-110,-110,-110,-110,-110,-110,-110,-110,-110,-110,-110,-110,-110,-110,-110,-110,-110,-110,-110,-110,-110,-110,-110,-110,-110,-110,-110,-110,-110,-110,-110,-110,-110,-110,-110,-110,-110,-110,-110,-110,-110,-110,-110,-110,-110,-110,-110,-110,-110,-110,-110,-110,-110,-110,-110,-110,-110,-110,-110,-110,-110,-110,-110,-110,-110,-110,-110,-110,-110,-110,-110,-110,-110,-110,-110,-110,-110,-110,-110,-110,-110,-110,-110,-110,-110,-110,-110,-110,-110,-110,-110,-110,-110,-110,-110,-110,-110,-110,-110,-110,-110,-110,-110,-110,-110,-110,-110,-110,-110,-110,-110,-110,-110,-110,-110,-110,-110,-110,-110,-110,-110,-110,-110,-110,-110,-110,-110,-110,-110,-110,-110,-110,-110,-110,-110,-110,-110,-110,-110,-110,-110,-110,-110,-110,-110,-110,-110,-110,-110,-110,-110,-110,-110,-110,-110,-110,-110,-110,-110,-110,-110,-110,-110,-110,-110,-110,-110,-110,-110,-110,-110,-110,-110,-110,-110,-110,-110,-110,-110,-110,-110,-110,-110,-110,-110,-110,-110,-110,-110,-110,-110,-110,-110,-110,-110,-110,-110,-110,-110,-110,-110,-110,-110,-110,-110,-110,-110,-110,-110,-110,-110,-110,-110,-110,-110,-110,-110,-110,-110,-110,-110,-110,-110,-110,-110,-110,-110,-110,-110,-110,-110,-110,-110,-110,-110,-110,-110,-110,-110,-110,-110,-110,-110,-110,-110,-110,-110,-110,-110,-110,-110,-110,-110,-110,-110,-110,-110,-110,-110,-110,-110,-110,-110,-110,-110,-110,-110,-110,-110,-110,-110,-110,-110,-110,-110,-110,-110,-110,-110,-110,-110,-110,-110,-110,-110,-110,-110,-110,-110,-110,-110,-110,-110,-110,-110,-110,-110,-110,-110,-110,-110,-110,-110,-110,-110,-110,-110,-110,-110,-110,-110,-110,-110,-110,-110,-110,-110,-110,-110,-110,-110,-110,-110,-110,-110,-110,-110,-110,-110,-110,-110,-110,-110,-110,-110,-110,-110,-110,-110,-110,-110,-110,-110,-110,-110,-110,-110,-110,-110,-110,-110,-110,-110,-110,-110,-110,-110,-110,-110,-110,-110,-110,-110,-110,-110,-110,-110,-110,-110,-110,-110,-110,-110,-110,-110,-110,-110,-110,-110,-110,-110,-110,-110,-110,-110,-110,-110,-110,-110,-110,-110,-110,-110,-110,-110,-110,-110,-110,-110
44,8.52431189,27.42843992,5,-110,-87,-79,-110,-110,-110,-75,-110,-88,-110,-110,-110,-110,-110,-57,-110,-57,-110,-110,-110,-110,-110,-110,-110,-110,-110,-110,-110,-110,-110,-110,-110,-110,-110,-110,-110,-110,-110,-110,-110,-110,-110,-110,-110,-110,-110,-110,-110,-110,-110,-110,-84,-110,-110,-110,-110,-110,-110,-110,-110,-110,-110,-110,-110,-110,-110,-86,-110,-57,-110,-60,-110,-84,-110,-88,-110,-110,-110,-110,-110,-110,-110,-110,-110,-110,-110,-110,-110,-110,-110,-110,-110,-110,-110,-110,-110,-110,-110,-110,-110,-110,-110,-110,-110,-110,-110,-110,-110,-110,-110,-110,-110,-110,-110,-110,-110,-110,-110,-110,-110,-110,-110,-110,-110,-110,-110,-110,-110,-110,-110,-110,-110,-110,-110,-110,-110,-110,-110,-110,-110,-110,-110,-110,-110,-110,-110,-110,-110,-110,-110,-110,-110,-110,-110,-110,-110,-110,-110,-110,-110,-110,-110,-110,-110,-110,-110,-110,-110,-110,-110,-110,-110,-110,-110,-110,-110,-110,-110,-110,-110,-110,-110,-110,-110,-110,-110,-110,-90,-91,-110,-110,-110,-110,-110,-110,-110,-110,-110,-110,-110,-110,-110,-110,-110,-110,-110,-110,-110,-110,-110,-110,-110,-110,-110,-110,-110,-110,-110,-110,-110,-110,-110,-110,-110,-110,-110,-110,-110,-110,-110,-110,-110,-110,-110,-110,-110,-110,-110,-110,-110,-110,-110,-110,-110,-110,-110,-110,-110,-110,-110,-110,-110,-110,-110,-110,-110,-110,-110,-110,-110,-110,-110,-110,-110,-110,-110,-110,-110,-110,-110,-110,-110,-110,-110,-110,-110,-110,-110,-110,-110,-110,-110,-110,-110,-110,-110,-110,-110,-110,-110,-110,-110,-110,-110,-110,-110,-110,-110,-110,-110,-110,-110,-110,-110,-110,-110,-110,-110,-110,-110,-110,-110,-110,-110,-110,-110,-110,-110,-110,-110,-110,-110,-110,-110,-110,-110,-110,-110,-110,-110,-110,-110,-110,-110,-110,-110,-110,-110,-110,-110,-110,-110,-110,-110,-110,-110,-110,-110,-110,-110,-110,-110,-110,-110,-110,-110,-110,-110,-110,-110,-110,-110,-110,-110,-110,-110,-110,-110,-110,-110,-110,-110,-110,-110,-110,-110,-110,-110,-110,-110,-110,-110,-110,-110,-110,-110,-110,-110,-110,-110,-110,-110,-110,-110,-110,-110,-110,-110,-110,-110,-110,-110,-110,-110,-110,-110,-110,-110,-110,-110,-110,-110,-110,-110,-110,-110,-110,-110,-110,-110,-110,-110,-110,-110,-110,-110,-110,-110,-110,-110,-110,-110,-110,-110,-110,-110,-110,-110,-110,-110,-110,-110,-110,-110,-110,-110,-110,-110,-110,-110,-110,-110,-110,-110,-110,-110,-110,-110,-110,-110,-110,-110,-110,-110,-110,-110,-110,-110,-110,-110,-110,-110,-110,-110,-110,-110,-110,-110,-110,-110,-110,-110,-110,-110,-110,-110,-110,-110,-110,-110,-110,-110,-110,-110,-110,-110,-110,-110,-110,-110,-110,-110,-110,-110,-110,-110,-110,-110,-110,-110,-110,-110,-110,-110,-110,-110,-110,-110,-110,-110,-110,-110,-110,-110,-110,-110,-110,-110,-110,-110,-110,-110,-110,-110,-110,-110,-110,-110,-110,-110,-110,-110,-110,-110,-110,-110,-110,-110,-110,-110,-110,-110,-110,-110,-110,-110,-110,-110,-110,-110,-110,-110,-110,-110,-110,-110,-110,-110,-110,-110,-110,-110,-110,-110,-110,-110,-110,-110,-110,-110,-110,-110,-110,-110,-110,-110,-110,-110,-110,-110,-110,-110,-110,-110,-110,-110,-110,-110,-110,-110,-110,-110,-110,-110,-110,-110,-110,-110,-110,-110,-110,-110,-110,-110,-110,-110,-110,-110,-110,-110
44,8.52431189,27.42843992,5,-110,-87,-78,-110,-110,-110,-78,-110,-88,-110,-110,-110,-110,-110,-57,-110,-57,-110,-110,-110,-110,-110,-110,-110,-110,-110,-110,-110,-110,-110,-110,-110,-110,-110,-110,-110,-110,-110,-110,-110,-110,-110,-110,-110,-110,-110,-110,-110,-110,-110,-110,-81,-110,-79,-110,-110,-110,-110,-110,-110,-110,-110,-110,-110,-110,-110,-87,-110,-59,-110,-110,-110,-86,-110,-89,-110,-110,-110,-110,-110,-110,-110,-110,-110,-110,-110,-110,-110,-110,-110,-110,-110,-110,-110,-110,-110,-110,-110,-110,-110,-110,-110,-110,-110,-110,-110,-110,-110,-110,-110,-110,-110,-110,-110,-110,-110,-110,-110,-110,-110,-110,-110,-110,-110,-110,-110,-110,-110,-110,-110,-110,-110,-110,-110,-110,-110,-110,-110,-110,-110,-110,-110,-110,-110,-110,-110,-110,-110,-110,-110,-110,-110,-110,-110,-110,-110,-110,-110,-110,-110,-110,-110,-110,-110,-110,-110,-110,-110,-110,-110,-110,-110,-110,-110,-110,-110,-110,-110,-110,-110,-110,-110,-110,-110,-110,-110,-110,-110,-90,-110,-110,-110,-110,-110,-110,-110,-110,-110,-110,-110,-110,-110,-110,-110,-110,-110,-110,-110,-110,-110,-110,-110,-110,-110,-110,-110,-110,-110,-110,-110,-110,-110,-110,-110,-110,-110,-110,-110,-110,-110,-110,-110,-110,-110,-110,-110,-110,-110,-110,-110,-110,-110,-110,-110,-110,-110,-110,-110,-110,-110,-110,-110,-110,-110,-110,-110,-110,-110,-110,-110,-110,-110,-110,-110,-110,-110,-110,-110,-110,-110,-110,-110,-110,-110,-110,-110,-110,-110,-110,-110,-110,-110,-110,-110,-110,-110,-110,-110,-110,-110,-110,-110,-110,-110,-110,-110,-110,-110,-110,-110,-110,-110,-110,-110,-110,-110,-110,-110,-110,-110,-110,-110,-110,-110,-110,-110,-110,-110,-110,-110,-110,-110,-110,-110,-110,-110,-110,-110,-110,-110,-110,-110,-110,-110,-110,-110,-110,-110,-110,-110,-110,-110,-110,-110,-110,-110,-110,-110,-110,-110,-110,-110,-110,-110,-110,-110,-110,-110,-110,-110,-110,-110,-110,-110,-110,-110,-110,-110,-110,-110,-110,-110,-110,-110,-110,-110,-110,-110,-110,-110,-110,-110,-110,-110,-110,-110,-110,-110,-110,-110,-110,-110,-110,-110,-110,-110,-110,-110,-110,-110,-110,-110,-110,-110,-110,-110,-110,-110,-110,-110,-110,-110,-110,-110,-110,-110,-110,-110,-110,-110,-110,-110,-110,-110,-110,-110,-110,-110,-110,-110,-110,-110,-110,-110,-110,-110,-110,-110,-110,-110,-110,-110,-110,-110,-110,-110,-110,-110,-110,-110,-110,-110,-110,-110,-110,-110,-110,-110,-110,-110,-110,-110,-110,-110,-110,-110,-110,-110,-110,-110,-110,-110,-110,-110,-110,-110,-110,-110,-110,-110,-110,-110,-110,-110,-110,-110,-110,-110,-110,-110,-110,-110,-110,-110,-110,-110,-110,-110,-110,-110,-110,-110,-110,-110,-110,-110,-110,-110,-110,-110,-110,-110,-110,-110,-110,-110,-110,-110,-110,-110,-110,-110,-110,-110,-110,-110,-110,-110,-110,-110,-110,-110,-110,-110,-110,-110,-110,-110,-110,-110,-110,-110,-110,-110,-110,-110,-110,-110,-110,-110,-110,-110,-110,-110,-110,-110,-110,-110,-110,-110,-110,-110,-110,-110,-110,-110,-110,-110,-110,-110,-110,-110,-110,-110,-110,-110,-110,-110,-110,-110,-110,-110,-110,-110,-110,-110,-110,-110,-110,-110,-110,-110,-110,-110,-110,-110,-110,-110,-110,-110,-110,-110,-110,-110,-110,-110,-110,-110,-110,-110,-110,-110,-110,-110,-110,-110,-110,-110,-110,-110
43,4.1347719,27.42843992,5,-110,-90,-110,-110,-110,-110,-110,-110,-91,-110,-110,-110,-110,-110,-59,-110,-61,-110,-110,-110,-110,-110,-110,-88,-110,-110,-110,-110,-110,-110,-110,-90,-110,-110,-110,-110,-110,-110,-110,-110,-110,-110,-88,-110,-110,-110,-110,-110,-89,-110,-89,-110,-110,-110,-110,-110,-110,-110,-110,-110,-110,-110,-110,-110,-110,-110,-87,-110,-60,-110,-63,-110,-88,-86,-110,-110,-110,-110,-110,-110,-110,-110,-110,-110,-110,-110,-110,-110,-110,-110,-110,-110,-110,-110,-110,-110,-110,-110,-110,-110,-110,-110,-110,-110,-110,-110,-110,-110,-110,-110,-110,-110,-110,-110,-110,-110,-110,-110,-110,-110,-110,-110,-110,-110,-110,-110,-110,-110,-110,-110,-110,-110,-110,-110,-110,-110,-110,-110,-110,-110,-110,-110,-110,-110,-110,-110,-110,-110,-110,-110,-110,-110,-110,-110,-110,-110,-110,-110,-110,-110,-110,-110,-110,-110,-110,-110,-110,-110,-110,-110,-110,-110,-110,-110,-110,-110,-110,-110,-110,-110,-110,-110,-110,-110,-110,-110,-110,-110,-110,-110,-110,-110,-110,-110,-110,-110,-110,-110,-110,-110,-110,-110,-110,-110,-110,-110,-110,-110,-110,-110,-110,-110,-110,-110,-110,-110,-110,-110,-110,-110,-110,-110,-110,-110,-110,-110,-110,-110,-110,-110,-110,-110,-110,-110,-110,-110,-110,-110,-110,-110,-110,-110,-110,-110,-110,-110,-110,-110,-110,-110,-110,-110,-110,-110,-110,-110,-110,-110,-110,-110,-110,-110,-110,-110,-110,-110,-110,-110,-110,-110,-110,-110,-110,-110,-110,-110,-110,-110,-110,-110,-110,-110,-110,-110,-110,-110,-110,-110,-110,-110,-110,-110,-110,-110,-110,-110,-110,-110,-110,-110,-110,-110,-110,-110,-110,-110,-110,-110,-110,-110,-110,-110,-110,-110,-110,-110,-110,-110,-110,-110,-110,-110,-110,-110,-110,-110,-110,-110,-110,-110,-110,-110,-110,-110,-110,-110,-110,-110,-110,-110,-110,-110,-110,-110,-110,-110,-110,-110,-110,-110,-110,-110,-110,-110,-110,-110,-110,-110,-110,-110,-110,-110,-110,-110,-110,-110,-110,-110,-110,-110,-110,-110,-110,-110,-110,-110,-110,-110,-110,-110,-110,-110,-110,-110,-110,-110,-110,-110,-110,-110,-110,-110,-110,-110,-110,-110,-110,-110,-110,-110,-110,-110,-110,-110,-110,-110,-110,-110,-110,-110,-110,-110,-110,-110,-110,-110,-110,-110,-110,-110,-110,-110,-110,-110,-110,-110,-110,-110,-110,-110,-110,-110,-110,-110,-110,-110,-110,-110,-110,-110,-110,-110,-110,-110,-110,-110,-110,-110,-110,-110,-110,-110,-110,-110,-110,-110,-110,-110,-110,-110,-110,-110,-110,-110,-110,-110,-110,-110,-110,-110,-110,-110,-110,-110,-110,-110,-110,-110,-110,-110,-110,-110,-110,-110,-110,-110,-110,-110,-110,-110,-110,-110,-110,-110,-110,-110,-110,-110,-110,-110,-110,-110,-110,-110,-110,-110,-110,-110,-110,-110,-110,-110,-110,-110,-110,-110,-110,-110,-110,-110,-110,-110,-110,-110,-110,-110,-110,-110,-110,-110,-110,-110,-110,-110,-110,-110,-110,-110,-110,-110,-110,-110,-110,-110,-110,-110,-110,-110,-110,-110,-110,-110,-110,-110,-110,-110,-110,-110,-110,-110,-110,-110,-110,-110,-110,-110,-110,-110,-110,-110,-110,-110,-110,-110,-110,-110,-110,-110,-110,-110,-110,-110,-110,-110,-110,-110,-110,-110,-110,-110,-110,-110,-110,-110,-110,-110,-110,-110,-110,-110,-110,-110,-110,-110,-110,-110,-110,-110,-110,-110,-110,-110,-110,-110,-110,-110,-110,-110,-110,-110
43,4.1347719,27.42843992,5,-110,-91,-84,-110,-110,-110,-85,-110,-93,-110,-110,-110,-110,-110,-66,-110,-66,-110,-110,-110,-110,-110,-110,-87,-110,-110,-110,-110,-110,-110,-110,-110,-110,-110,-110,-90,-110,-110,-110,-110,-110,-110,-87,-110,-110,-110,-110,-110,-87,-110,-86,-110,-110,-110,-110,-110,-110,-110,-110,-110,-110,-110,-110,-110,-110,-110,-110,-110,-65,-110,-66,-110,-110,-110,-110,-110,-110,-110,-110,-110,-110,-110,-110,-110,-110,-110,-110,-110,-110,-110,-110,-110,-110,-110,-110,-110,-110,-110,-110,-110,-110,-110,-110,-110,-110,-110,-110,-110,-110,-110,-110,-110,-110,-110,-110,-110,-110,-110,-110,-110,-110,-110,-110,-110,-110,-110,-110,-110,-110,-110,-110,-110,-110,-110,-110,-110,-110,-110,-89,-110,-110,-110,-110,-110,-110,-110,-110,-110,-110,-110,-110,-110,-110,-110,-110,-110,-110,-110,-110,-110,-110,-110,-110,-110,-110,-110,-110,-110,-110,-110,-110,-110,-110,-110,-110,-110,-110,-110,-110,-110,-110,-110,-110,-110,-110,-110,-110,-87,-110,-110,-110,-110,-110,-110,-110,-110,-110,-110,-110,-110,-110,-110,-110,-110,-110,-110,-110,-110,-110,-110,-110,-110,-110,-110,-110,-110,-110,-110,-110,-110,-110,-110,-110,-110,-110,-110,-110,-110,-110,-110,-110,-110,-110,-110,-110,-110,-110,-110,-110,-110,-110,-110,-110,-110,-110,-110,-110,-110,-110,-110,-110,-110,-110,-110,-110,-110,-110,-110,-110,-110,-110,-110,-110,-110,-110,-110,-110,-110,-110,-110,-110,-110,-110,-110,-110,-110,-110,-110,-110,-110,-110,-110,-110,-110,-110,-110,-110,-110,-110,-110,-110,-110,-110,-110,-110,-110,-110,-110,-110,-110,-110,-110,-110,-110,-110,-110,-110,-110,-110,-110,-110,-110,-110,-110,-110,-110,-110,-110,-110,-110,-110,-110,-110,-110,-110,-110,-110,-110,-110,-110,-110,-110,-110,-110,-110,-110,-110,-110,-110,-110,-110,-110,-110,-110,-110,-110,-110,-110,-110,-110,-110,-110,-110,-110,-110,-110,-110,-110,-110,-110,-110,-110,-110,-110,-110,-110,-110,-110,-110,-110,-110,-110,-110,-110,-110,-110,-110,-110,-110,-110,-110,-110,-110,-110,-110,-110,-110,-110,-110,-110,-110,-110,-110,-110,-110,-110,-110,-110,-110,-110,-110,-110,-110,-110,-110,-110,-110,-110,-110,-110,-110,-110,-110,-110,-110,-110,-110,-110,-110,-110,-110,-110,-110,-110,-110,-110,-110,-110,-110,-110,-110,-110,-110,-110,-110,-110,-110,-110,-110,-110,-110,-110,-110,-110,-110,-110,-110,-110,-110,-110,-110,-110,-110,-110,-110,-110,-110,-110,-110,-110,-110,-110,-110,-110,-110,-110,-110,-110,-110,-110,-110,-110,-110,-110,-110,-110,-110,-110,-110,-110,-110,-110,-110,-110,-110,-110,-110,-110,-110,-110,-110,-110,-110,-110,-110,-110,-110,-110,-110,-110,-110,-110,-110,-110,-110,-110,-110,-110,-110,-110,-110,-110,-110,-110,-110,-110,-110,-110,-110,-110,-110,-110,-110,-110,-110,-110,-110,-110,-110,-110,-110,-110,-110,-110,-110,-110,-110,-110,-110,-110,-110,-110,-110,-110,-110,-110,-110,-110,-110,-110,-110,-110,-110,-110,-110,-110,-110,-110,-110,-110,-110,-110,-110,-110,-110,-110,-110,-110,-110,-110,-110,-110,-110,-110,-110,-110,-110,-110,-110,-110,-110,-110,-110,-110,-110,-110,-110,-110,-110,-110,-110,-110,-110,-110,-110,-110,-110,-110,-110,-110,-110,-110,-110,-110,-110,-110,-110,-110,-110,-110,-110,-110,-110,-110,-110,-110,-110,-110,-110,-110
43,4.1347719,27.42843992,5,-110,-91,-84,-110,-110,-110,-82,-110,-92,-110,-110,-110,-110,-110,-70,-110,-70,-110,-110,-110,-110,-110,-110,-87,-110,-110,-110,-110,-110,-110,-110,-89,-110,-110,-110,-91,-110,-110,-110,-110,-110,-110,-87,-110,-110,-110,-110,-110,-110,-110,-110,-110,-110,-110,-110,-110,-110,-110,-110,-110,-110,-110,-110,-110,-110,-110,-110,-110,-63,-110,-110,-110,-110,-85,-110,-110,-110,-110,-110,-110,-110,-110,-110,-110,-110,-110,-110,-110,-110,-110,-110,-110,-110,-110,-110,-110,-110,-110,-110,-110,-110,-110,-110,-110,-110,-110,-110,-110,-110,-110,-110,-93,-110,-110,-110,-110,-110,-110,-110,-110,-110,-110,-110,-110,-110,-110,-110,-110,-110,-110,-110,-110,-110,-110,-110,-110,-110,-110,-110,-110,-110,-110,-110,-110,-110,-110,-110,-110,-110,-110,-110,-110,-110,-110,-110,-110,-110,-110,-110,-110,-110,-110,-110,-110,-110,-110,-110,-110,-110,-110,-110,-110,-110,-110,-110,-110,-110,-110,-110,-110,-110,-110,-110,-110,-110,-110,-110,-110,-110,-110,-110,-110,-110,-110,-110,-110,-110,-110,-110,-110,-110,-110,-110,-110,-110,-110,-110,-110,-110,-110,-110,-110,-110,-110,-110,-110,-110,-110,-110,-110,-110,-110,-110,-110,-110,-110,-110,-110,-110,-110,-110,-110,-110,-110,-110,-110,-110,-110,-110,-110,-110,-110,-110,-110,-110,-110,-110,-110,-110,-110,-110,-110,-110,-110,-110,-110,-110,-110,-110,-110,-110,-110,-110,-110,-110,-110,-110,-110,-110,-110,-110,-110,-110,-110,-110,-110,-110,-110,-110,-110,-110,-110,-110,-110,-110,-110,-110,-110,-110,-110,-110,-110,-110,-110,-110,-110,-110,-110,-110,-110,-110,-110,-110,-110,-110,-110,-110,-110,-110,-110,-110,-110,-110,-110,-110,-110,-110,-110,-110,-110,-110,-110,-110,-110,-110,-110,-110,-110,-110,-110,-110,-110,-110,-110,-110,-110,-110,-110,-110,-110,-110,-110,-110,-110,-110,-110,-110,-110,-110,-110,-110,-110,-110,-110,-110,-110,-110,-110,-110,-110,-110,-110,-110,-110,-110,-110,-110,-110,-110,-110,-110,-110,-110,-110,-110,-110,-110,-110,-110,-110,-110,-110,-110,-110,-110,-110,-110,-110,-110,-110,-110,-110,-110,-110,-110,-110,-110,-110,-110,-110,-110,-110,-110,-110,-110,-110,-110,-110,-110,-110,-110,-110,-110,-110,-110,-110,-110,-110,-110,-110,-110,-110,-110,-110,-110,-110,-110,-110,-110,-110,-110,-110,-110,-110,-110,-110,-110,-110,-110,-110,-110,-110,-110,-110,-110,-110,-110,-110,-110,-110,-110,-110,-110,-110,-110,-110,-110,-110,-110,-110,-110,-110,-110,-110,-110,-110,-110,-110,-110,-110,-110,-110,-110,-110,-110,-110,-110,-110,-110,-110,-110,-110,-110,-110,-110,-110,-110,-110,-110,-110,-110,-110,-110,-110,-110,-110,-110,-110,-110,-110,-110,-110,-110,-110,-110,-110,-110,-110,-110,-110,-110,-110,-110,-110,-110,-110,-110,-110,-110,-110,-110,-110,-110,-110,-110,-110,-110,-110,-110,-110,-110,-110,-110,-110,-110,-110,-110,-110,-110,-110,-110,-110,-110,-110,-110,-110,-110,-110,-110,-110,-110,-110,-110,-110,-110,-110,-110,-110,-110,-110,-110,-110,-110,-110,-110,-110,-110,-110,-110,-110,-110,-110,-110,-110,-110,-110,-110,-110,-110,-110,-110,-110,-110,-110,-110,-110,-110,-110,-110,-110,-110,-110,-110,-110,-110,-110,-110,-110,-110,-110,-110,-110,-110,-110,-110,-110,-110,-110,-110,-110,-110,-110,-110,-110,-110,-110,-110,-110,-110,-110
43,4.1347719,27.42843992,5,-110,-88,-85,-110,-110,-110,-87,-110,-91,-110,-110,-110,-110,-110,-66,-110,-65,-110,-110,-110,-110,-110,-110,-85,-110,-110,-110,-110,-110,-110,-110,-90,-110,-110,-110,-90,-110,-89,-110,-110,-110,-110,-82,-110,-110,-110,-110,-110,-110,-110,-110,-110,-110,-110,-110,-110,-110,-110,-110,-110,-110,-110,-110,-110,-110,-110,-110,-110,-61,-110,-110,-110,-110,-110,-110,-110,-110,-110,-110,-110,-110,-110,-110,-110,-110,-110,-110,-110,-110,-110,-110,-110,-110,-110,-110,-110,-110,-110,-110,-110,-110,-110,-110,-110,-110,-110,-110,-110,-110,-110,-110,-110,-110,-110,-110,-110,-110,-110,-110,-110,-110,-110,-110,-110,-110,-110,-110,-110,-110,-110,-110,-110,-110,-110,-110,-110,-110,-110,-110,-110,-110,-110,-110,-110,-110,-110,-110,-110,-110,-110,-110,-110,-110,-110,-110,-110,-110,-110,-110,-110,-110,-110,-110,-110,-110,-110,-110,-110,-110,-110,-110,-110,-110,-110,-110,-110,-110,-110,-110,-110,-110,-110,-110,-110,-110,-110,-110,-110,-110,-110,-110,-110,-110,-110,-110,-110,-110,-110,-110,-110,-110,-110,-110,-110,-110,-110,-110,-110,-110,-110,-110,-110,-110,-110,-110,-110,-110,-110,-110,-110,-110,-110,-110,-110,-110,-110,-110,-110,-110,-110,-110,-110,-110,-110,-110,-110,-110,-110,-110,-110,-110,-110,-110,-110,-110,-110,-110,-110,-110,-110,-110,-110,-110,-110,-110,-110,-110,-110,-110,-110,-110,-110,-110,-110,-110,-110,-110,-110,-110,-110,-110,-110,-110,-110,-110,-110,-110,-110,-110,-110,-110,-110,-110,-110,-110,-110,-110,-110,-110,-110,-110,-110,-110,-110,-110,-110,-110,-110,-110,-110,-110,-110,-110,-110,-110,-110,-110,-110,-110,-110,-110,-110,-110,-110,-110,-110,-110,-110,-110,-110,-110,-110,-110,-110,-110,-110,-110,-110,-110,-110,-110,-110,-110,-110,-110,-110,-110,-110,-110,-110,-110,-110,-110,-110,-110,-110,-110,-110,-110,-110,-110,-110,-110,-110,-110,-110,-110,-110,-110,-110,-110,-110,-110,-110,-110,-110,-110,-110,-110,-110,-110,-110,-110,-110,-110,-110,-110,-110,-110,-110,-110,-110,-110,-110,-110,-110,-110,-110,-110,-110,-110,-110,-110,-110,-110,-110,-110,-110,-110,-110,-110,-110,-110,-110,-110,-110,-110,-110,-110,-110,-110,-110,-110,-110,-110,-110,-110,-110,-110,-110,-110,-110,-110,-110,-110,-110,-110,-110,-110,-110,-110,-110,-110,-110,-110,-110,-110,-110,-110,-110,-110,-110,-110,-110,-110,-110,-110,-110,-110,-110,-110,-110,-110,-110,-110,-110,-110,-110,-110,-110,-110,-110,-110,-110,-110,-110,-110,-110,-110,-110,-110,-110,-110,-110,-110,-110,-110,-110,-110,-110,-110,-110,-110,-110,-110,-110,-110,-110,-110,-110,-110,-110,-110,-110,-110,-110,-110,-110,-110,-110,-110,-110,-110,-110,-110,-110,-110,-110,-110,-110,-110,-110,-110,-110,-110,-110,-110,-110,-110,-110,-110,-110,-110,-110,-110,-110,-110,-110,-110,-110,-110,-110,-110,-110,-110,-110,-110,-110,-110,-110,-110,-110,-110,-110,-110,-110,-110,-110,-110,-110,-110,-110,-110,-110,-110,-110,-110,-110,-110,-110,-110,-110,-110,-110,-110,-110,-110,-110,-110,-110,-110,-110,-110,-110,-110,-110,-110,-110,-110,-110,-110,-110,-110,-110,-110,-110,-110,-110,-110,-110,-110,-110,-110,-110,-110,-110,-110,-110,-110,-110,-110,-110,-110,-110,-110,-110,-110,-110,-110,-110,-110,-110,-110,-110,-110,-110,-110,-110,-110,-110
43,4.1347719,27.42843992,5,-110,-91,-87,-110,-110,-110,-87,-110,-89,-110,-110,-110,-110,-110,-63,-110,-63,-110,-110,-110,-110,-110,-110,-86,-110,-110,-110,-110,-110,-110,-110,-88,-110,-110,-110,-110,-110,-110,-110,-110,-110,-110,-86,-110,-110,-110,-110,-110,-110,-110,-86,-110,-110,-110,-110,-110,-110,-110,-110,-110,-110,-110,-110,-110,-110,-110,-89,-110,-63,-110,-110,-110,-110,-110,-110,-110,-110,-110,-110,-110,-110,-110,-110,-110,-110,-110,-110,-110,-110,-110,-110,-110,-110,-110,-110,-110,-110,-110,-110,-110,-110,-110,-110,-110,-110,-110,-110,-110,-110,-110,-110,-110,-110,-92,-110,-110,-110,-110,-110,-110,-110,-110,-110,-110,-110,-110,-110,-110,-110,-110,-110,-110,-110,-110,-110,-110,-110,-110,-110,-110,-110,-110,-110,-110,-110,-110,-110,-110,-110,-110,-110,-110,-110,-110,-110,-110,-110,-110,-110,-110,-110,-110,-110,-110,-110,-110,-110,-110,-110,-110,-110,-110,-110,-110,-110,-110,-110,-110,-110,-110,-110,-110,-110,-110,-110,-110,-110,-110,-110,-110,-110,-110,-110,-110,-110,-110,-110,-110,-110,-110,-110,-110,-110,-110,-110,-110,-110,-110,-110,-110,-110,-110,-110,-110,-110,-110,-110,-110,-110,-110,-110,-110,-110,-110,-110,-110,-110,-110,-110,-110,-110,-110,-110,-110,-110,-110,-110,-110,-110,-110,-110,-110,-110,-110,-110,-110,-110,-110,-110,-110,-110,-110,-110,-110,-110,-110,-110,-110,-110,-110,-110,-110,-110,-110,-110,-110,-110,-110,-110,-110,-110,-110,-110,-110,-110,-110,-110,-110,-110,-110,-110,-110,-110,-110,-110,-110,-110,-110,-110,-110,-110,-110,-110,-110,-110,-110,-110,-110,-110,-110,-110,-110,-110,-110,-110,-110,-110,-110,-110,-110,-110,-110,-110,-110,-110,-110,-110,-110,-110,-110,-110,-110,-110,-110,-110,-110,-110,-110,-110,-110,-110,-110,-110,-110,-110,-110,-110,-110,-110,-110,-110,-110,-110,-110,-110,-110,-110,-110,-110,-110,-110,-110,-110,-110,-110,-110,-110,-110,-110,-110,-110,-110,-110,-110,-110,-110,-110,-110,-110,-110,-110,-110,-110,-110,-110,-110,-110,-110,-110,-110,-110,-110,-110,-110,-110,-110,-110,-110,-110,-110,-110,-110,-110,-110,-110,-110,-110,-110,-110,-110,-110,-110,-110,-110,-110,-110,-110,-110,-110,-110,-110,-110,-110,-110,-110,-110,-110,-110,-110,-110,-110,-110,-110,-110,-110,-110,-110,-110,-110,-110,-110,-110,-110,-110,-110,-110,-110,-110,-110,-110,-110,-110,-110,-110,-110,-110,-110,-110,-110,-110,-110,-110,-110,-110,-110,-110,-110,-110,-110,-110,-110,-110,-110,-110,-110,-110,-110,-110,-110,-110,-110,-110,-110,-110,-110,-110,-110,-110,-110,-110,-110,-110,-110,-110,-110,-110,-110,-110,-110,-110,-110,-110,-110,-110,-110,-110,-110,-110,-110,-110,-110,-110,-110,-110,-110,-110,-110,-110,-110,-110,-110,-110,-110,-110,-110,-110,-110,-110,-110,-110,-110,-110,-110,-110,-110,-110,-110,-110,-110,-110,-110,-110,-110,-110,-110,-110,-110,-110,-110,-110,-110,-110,-110,-110,-110,-110,-110,-110,-110,-110,-110,-110,-110,-110,-110,-110,-110,-110,-110,-110,-110,-110,-110,-110,-110,-110,-110,-110,-110,-110,-110,-110,-110,-110,-110,-110,-110,-110,-110,-110,-110,-110,-110,-110,-110,-110,-110,-110,-110,-110,-110,-110,-110,-110,-110,-110,-110,-110,-110,-110,-110,-110,-110,-110,-110,-110,-110,-110,-110,-110,-110,-110,-110,-110,-110,-110,-110,-110,-110,-110
43,4.1347719,27.42843992,5,-110,-91,-87,-110,-110,-110,-88,-110,-90,-110,-110,-110,-110,-110,-66,-110,-66,-110,-110,-110,-110,-110,-110,-86,-110,-110,-110,-110,-110,-110,-110,-110,-110,-110,-110,-90,-110,-110,-110,-110,-110,-110,-86,-110,-110,-110,-110,-110,-110,-110,-110,-91,-110,-110,-110,-110,-110,-110,-110,-110,-110,-110,-110,-110,-110,-110,-85,-110,-65,-110,-69,-110,-87,-110,-110,-110,-110,-110,-110,-110,-110,-110,-110,-110,-110,-110,-110,-110,-110,-110,-110,-110,-110,-110,-110,-110,-110,-110,-110,-110,-110,-110,-110,-110,-110,-110,-110,-110,-110,-110,-110,-110,-110,-110,-110,-110,-110,-110,-110,-110,-110,-110,-110,-110,-110,-110,-110,-110,-110,-110,-110,-110,-110,-110,-110,-110,-110,-110,-110,-110,-110,-110,-110,-110,-110,-110,-110,-110,-110,-110,-110,-110,-110,-110,-110,-110,-110,-110,-110,-110,-110,-110,-110,-110,-110,-110,-110,-110,-110,-110,-110,-110,-110,-110,-110,-110,-110,-110,-110,-110,-110,-110,-110,-110,-110,-110,-110,-110,-110,-110,-110,-110,-110,-110,-110,-110,-110,-110,-110,-110,-110,-110,-110,-110,-110,-110,-110,-110,-110,-110,-110,-110,-110,-110,-110,-110,-110,-110,-110,-110,-110,-110,-110,-110,-110,-110,-110,-110,-110,-110,-110,-110,-110,-110,-110,-110,-110,-110,-110,-110,-110,-110,-110,-110,-110,-110,-110,-110,-110,-110,-110,-110,-110,-110,-110,-110,-110,-110,-110,-110,-110,-110,-110,-110,-110,-110,-110,-110,-110,-110,-110,-110,-110,-110,-110,-110,-110,-110,-110,-110,-110,-110,-110,-110,-110,-110,-110,-110,-110,-110,-110,-110,-110,-110,-110,-110,-110,-110,-110,-110,-110,-110,-110,-110,-110,-110,-110,-110,-110,-110,-110,-110,-110,-110,-110,-110,-110,-110,-110,-110,-110,-110,-110,-110,-110,-110,-110,-110,-110,-110,-110,-110,-110,-110,-110,-110,-110,-110,-110,-110,-110,-110,-110,-110,-110,-110,-110,-110,-110,-110,-110,-110,-110,-110,-110,-110,-110,-110,-110,-110,-110,-110,-110,-110,-110,-110,-110,-110,-110,-110,-110,-110,-110,-110,-110,-110,-110,-110,-110,-110,-110,-110,-110,-110,-110,-110,-110,-110,-110,-110,-110,-110,-110,-110,-110,-110,-110,-110,-110,-110,-110,-110,-110,-110,-110,-110,-110,-110,-110,-110,-110,-110,-110,-110,-110,-110,-110,-110,-110,-110,-110,-110,-110,-110,-110,-110,-110,-110,-110,-110,-110,-110,-110,-110,-110,-110,-110,-110,-110,-110,-110,-110,-110,-110,-110,-110,-110,-110,-110,-110,-110,-110,-110,-110,-110,-110,-110,-110,-110,-110,-110,-110,-110,-110,-110,-110,-110,-110,-110,-110,-110,-110,-110,-110,-110,-110,-110,-110,-110,-110,-110,-110,-110,-110,-110,-110,-110,-110,-110,-110,-110,-110,-110,-110,-110,-110,-110,-110,-110,-110,-110,-110,-110,-110,-110,-110,-110,-110,-110,-110,-110,-110,-110,-110,-110,-110,-110,-110,-110,-110,-110,-110,-110,-110,-110,-110,-110,-110,-110,-110,-110,-110,-110,-110,-110,-110,-110,-110,-110,-110,-110,-110,-110,-110,-110,-110,-110,-110,-110,-110,-110,-110,-110,-110,-110,-110,-110,-110,-110,-110,-110,-110,-110,-110,-110,-110,-110,-110,-110,-110,-110,-110,-110,-110,-110,-110,-110,-110,-110,-110,-110,-110,-110,-110,-110,-110,-110,-110,-110,-110,-110,-110,-110,-110,-110,-110,-110,-110,-110,-110,-110,-110,-110,-110,-110,-110,-110,-110,-110,-110,-110,-110,-110,-110,-110,-110,-110,-110,-110,-110
42,12.91385188,25.64033581,5,-88,-110,-83,-110,-110,-86,-84,-110,-110,-110,-110,-110,-110,-110,-79,-110,-80,-110,-110,-110,-110,-110,-110,-110,-110,-110,-110,-92,-110,-110,-110,-89,-110,-110,-110,-110,-110,-110,-110,-110,-110,-110,-110,-110,-110,-110,-110,-110,-84,-110,-85,-86,-110,-87,-110,-110,-110,-110,-110,-110,-110,-110,-110,-110,-110,-110,-110,-110,-72,-110,-110,-110,-110,-110,-110,-110,-110,-110,-110,-110,-110,-110,-110,-110,-110,-110,-110,-110,-110,-110,-110,-110,-110,-110,-110,-110,-110,-110,-110,-110,-110,-110,-110,-110,-110,-110,-110,-110,-110,-110,-110,-110,-110,-110,-110,-110,-110,-110,-110,-110,-110,-110,-110,-110,-110,-110,-110,-110,-110,-110,-110,-110,-110,-110,-110,-110,-110,-110,-110,-110,-110,-110,-110,-110,-110,-110,-110,-110,-110,-110,-110,-110,-110,-110,-110,-110,-110,-110,-110,-110,-110,-110,-110,-110,-110,-110,-110,-110,-110,-110,-110,-110,-110,-110,-110,-110,-110,-110,-110,-110,-110,-110,-110,-110,-110,-110,-110,-110,-110,-110,-110,-110,-110,-110,-110,-110,-110,-110,-110,-110,-110,-110,-110,-110,-110,-110,-110,-110,-110,-110,-110,-110,-110,-110,-110,-110,-110,-110,-110,-110,-110,-110,-110,-110,-110,-110,-110,-110,-110,-110,-110,-110,-110,-110,-110,-110,-110,-110,-110,-110,-110,-110,-110,-110,-110,-110,-110,-110,-110,-110,-110,-110,-110,-110,-110,-110,-110,-110,-110,-110,-110,-110,-110,-110,-110,-110,-110,-110,-110,-110,-110,-110,-110,-110,-110,-110,-110,-110,-110,-110,-110,-110,-110,-110,-110,-110,-110,-110,-110,-110,-110,-110,-110,-110,-110,-110,-110,-110,-110,-110,-110,-110,-110,-110,-110,-110,-110,-110,-110,-110,-110,-110,-110,-110,-110,-110,-110,-110,-110,-110,-110,-110,-110,-110,-110,-110,-110,-110,-110,-110,-110,-110,-110,-110,-110,-110,-110,-110,-110,-110,-110,-110,-110,-110,-110,-110,-110,-110,-110,-110,-110,-110,-110,-110,-110,-110,-110,-110,-110,-110,-110,-110,-110,-110,-110,-110,-110,-110,-110,-110,-110,-110,-110,-110,-110,-110,-110,-110,-110,-110,-110,-110,-110,-110,-110,-110,-110,-110,-110,-110,-110,-110,-110,-110,-110,-110,-110,-110,-110,-110,-110,-110,-110,-110,-110,-110,-110,-110,-110,-110,-110,-110,-110,-110,-110,-110,-110,-110,-110,-110,-110,-110,-110,-110,-110,-110,-110,-110,-110,-110,-110,-110,-110,-110,-110,-110,-110,-110,-110,-110,-110,-110,-110,-110,-110,-110,-110,-110,-110,-110,-110,-110,-110,-110,-110,-110,-110,-110,-110,-110,-110,-110,-110,-110,-110,-110,-110,-110,-110,-110,-110,-110,-110,-110,-110,-110,-110,-110,-110,-110,-110,-110,-110,-110,-110,-110,-110,-110,-110,-110,-110,-110,-110,-110,-110,-110,-110,-110,-110,-110,-110,-110,-110,-110,-110,-110,-110,-110,-110,-110,-110,-110,-110,-110,-110,-110,-110,-110,-110,-110,-110,-110,-110,-110,-110,-110,-110,-110,-110,-110,-110,-110,-110,-110,-110,-110,-110,-110,-110,-110,-110,-110,-110,-110,-110,-110,-110,-110,-110,-110,-110,-110,-110,-110,-110,-110,-110,-110,-110,-110,-110,-110,-110,-110,-110,-110,-110,-110,-110,-110,-110,-110,-110,-110,-110,-110,-110,-110,-110,-110,-110,-110,-110,-110,-110,-110,-110,-110,-110,-110,-110,-110,-110,-110,-110,-110,-110,-110,-110,-110,-110,-110,-110,-110,-110,-110,-110,-110,-110,-110,-110,-110,-110,-110,-110,-110,-110,-110,-110,-110
42,12.91385188,25.64033581,5,-86,-94,-86,-85,-110,-86,-87,-85,-110,-110,-110,-110,-110,-110,-76,-110,-76,-110,-110,-110,-110,-110,-110,-110,-90,-110,-110,-90,-110,-110,-110,-90,-110,-110,-110,-110,-90,-89,-110,-110,-110,-110,-110,-110,-110,-110,-110,-110,-83,-110,-84,-80,-110,-81,-110,-110,-110,-110,-110,-110,-110,-110,-110,-110,-110,-110,-110,-110,-77,-110,-110,-110,-110,-110,-110,-110,-110,-110,-110,-110,-110,-110,-110,-110,-110,-110,-110,-110,-110,-110,-110,-110,-110,-110,-110,-110,-110,-110,-110,-110,-110,-110,-110,-110,-110,-110,-110,-110,-110,-110,-110,-110,-110,-110,-110,-110,-110,-110,-110,-110,-110,-110,-110,-110,-110,-110,-110,-110,-110,-110,-110,-110,-110,-110,-110,-110,-110,-110,-110,-110,-110,-110,-110,-110,-110,-110,-110,-110,-110,-110,-110,-110,-110,-110,-110,-110,-110,-110,-110,-110,-110,-110,-110,-110,-110,-110,-110,-110,-110,-110,-110,-110,-110,-110,-110,-110,-110,-110,-110,-110,-110,-110,-110,-110,-110,-110,-110,-110,-110,-110,-110,-110,-110,-110,-110,-110,-110,-110,-110,-110,-110,-110,-110,-110,-110,-110,-110,-110,-110,-110,-110,-110,-110,-110,-110,-110,-110,-110,-110,-110,-110,-110,-110,-110,-110,-110,-110,-110,-110,-110,-110,-110,-110,-110,-110,-110,-110,-110,-110,-110,-110,-110,-110,-110,-110,-110,-110,-110,-110,-110,-110,-110,-110,-110,-110,-110,-110,-110,-110,-110,-110,-110,-110,-110,-110,-110,-110,-110,-110,-110,-110,-110,-110,-110,-110,-110,-110,-110,-110,-110,-110,-110,-110,-110,-110,-110,-110,-110,-110,-110,-110,-110,-110,-110,-110,-110,-110,-110,-110,-110,-110,-110,-110,-110,-110,-110,-110,-110,-110,-110,-110,-110,-110,-110,-110,-110,-110,-110,-110,-110,-110,-110,-110,-110,-110,-110,-110,-110,-110,-110,-110,-110,-110,-110,-110,-110,-110,-110,-110,-110,-110,-110,-110,-110,-110,-110,-110,-110,-110,-110,-110,-110,-110,-110,-110,-110,-110,-110,-110,-110,-110,-110,-110,-110,-110,-110,-110,-110,-110,-110,-110,-110,-110,-110,-110,-110,-110,-110,-110,-110,-110,-110,-110,-110,-110,-110,-110,-110,-110,-110,-110,-110,-110,-110,-110,-110,-110,-110,-110,-110,-110,-110,-110,-110,-110,-110,-110,-110,-110,-110,-110,-110,-110,-110,-110,-110,-110,-110,-110,-110,-110,-110,-110,-110,-110,-110,-110,-110,-110,-110,-110,-110,-110,-110,-110,-110,-110,-110,-110,-110,-110,-110,-110,-110,-110,-110,-110,-110,-110,-110,-110,-110,-110,-110,-110,-110,-110,-110,-110,-110,-110,-110,-110,-110,-110,-110,-110,-110,-110,-110,-110,-110,-110,-110,-110,-110,-110,-110,-110,-110,-110,-110,-110,-110,-110,-110,-110,-110,-110,-110,-110,-110,-110,-110,-110,-110,-110,-110,-110,-110,-110,-110,-110,-110,-110,-110,-110,-110,-110,-110,-110,-110,-110,-110,-110,-110,-110,-110,-110,-110,-110,-110,-110,-110,-110,-110,-110,-110,-110,-110,-110,-110,-110,-110,-110,-110,-110,-110,-110,-110,-110,-110,-110,-110,-110,-110,-110,-110,-110,-110,-110,-110,-110,-110,-110,-110,-110,-110,-110,-110,-110,-110,-110,-110,-110,-110,-110,-110,-110,-110,-110,-110,-110,-110,-110,-110,-110,-110,-110,-110,-110,-110,-110,-110,-110,-110,-110,-110,-110,-110,-110,-110,-110,-110,-110,-110,-110,-110,-110,-110,-110,-110,-110,-110,-110,-110,-110,-110,-110,-110,-110,-110,-110,-110,-110,-110,-110,-110,-110,-110
42,12.91385188,25.64033581,5,-92,-110,-110,-84,-110,-110,-110,-87,-110,-110,-110,-110,-110,-110,-75,-110,-75,-110,-110,-110,-110,-110,-110,-110,-87,-110,-110,-89,-110,-110,-110,-110,-110,-110,-110,-110,-88,-87,-110,-110,-110,-110,-110,-110,-110,-110,-110,-110,-81,-110,-83,-81,-110,-81,-110,-110,-110,-110,-110,-110,-110,-110,-110,-110,-110,-110,-110,-110,-78,-110,-110,-110,-110,-110,-110,-110,-110,-110,-110,-110,-110,-110,-110,-110,-110,-110,-110,-110,-110,-110,-110,-110,-110,-110,-110,-110,-110,-110,-110,-110,-110,-110,-110,-110,-110,-110,-110,-110,-110,-110,-110,-110,-110,-110,-110,-110,-110,-110,-110,-110,-110,-110,-110,-110,-110,-110,-110,-110,-110,-110,-110,-110,-110,-110,-110,-110,-110,-110,-90,-110,-110,-110,-110,-110,-110,-110,-110,-110,-110,-110,-110,-110,-110,-110,-110,-110,-110,-110,-110,-110,-110,-110,-110,-110,-110,-110,-110,-110,-110,-110,-110,-110,-110,-110,-110,-110,-110,-110,-110,-110,-110,-110,-110,-110,-110,-110,-110,-110,-110,-110,-110,-110,-110,-110,-110,-110,-110,-110,-110,-110,-110,-110,-110,-110,-110,-110,-110,-110,-110,-110,-110,-110,-110,-110,-110,-110,-110,-110,-110,-110,-110,-110,-110,-110,-110,-110,-110,-110,-110,-110,-110,-110,-110,-110,-110,-110,-110,-110,-110,-110,-110,-110,-110,-110,-110,-110,-110,-110,-110,-110,-110,-110,-110,-110,-110,-110,-110,-110,-110,-110,-110,-110,-110,-110,-110,-110,-110,-110,-110,-110,-110,-110,-110,-110,-110,-110,-110,-110,-110,-110,-110,-110,-110,-110,-110,-110,-110,-110,-110,-110,-110,-110,-110,-110,-110,-110,-110,-110,-110,-110,-110,-110,-110,-110,-110,-110,-110,-110,-110,-110,-110,-110,-110,-110,-110,-110,-110,-110,-110,-110,-110,-110,-110,-110,-110,-110,-110,-110,-110,-110,-110,-110,-110,-110,-110,-110,-110,-110,-110,-110,-110,-110,-110,-110,-110,-110,-110,-110,-110,-110,-110,-110,-110,-110,-110,-110,-110,-110,-110,-110,-110,-110,-110,-110,-110,-110,-110,-110,-110,-110,-110,-110,-110,-110,-110,-110,-110,-110,-110,-110,-110,-110,-110,-110,-110,-110,-110,-110,-110,-110,-110,-110,-110,-110,-110,-110,-110,-110,-110,-110,-110,-110,-110,-110,-110,-110,-110,-110,-110,-110,-110,-110,-110,-110,-110,-110,-110,-110,-110,-110,-110,-110,-110,-110,-110,-110,-110,-110,-110,-110,-110,-110,-110,-110,-110,-110,-110,-110,-110,-110,-110,-110,-110,-110,-110,-110,-110,-110,-110,-110,-110,-110,-110,-110,-110,-110,-110,-110,-110,-110,-110,-110,-110,-110,-110,-110,-110,-110,-110,-110,-110,-110,-110,-110,-110,-110,-110,-110,-110,-110,-110,-110,-110,-110,-110,-110,-110,-110,-110,-110,-110,-110,-110,-110,-110,-110,-110,-110,-110,-110,-110,-110,-110,-110,-110,-110,-110,-110,-110,-110,-110,-110,-110,-110,-110,-110,-110,-110,-110,-110,-110,-110,-110,-110,-110,-110,-110,-110,-110,-110,-110,-110,-110,-110,-110,-110,-110,-110,-110,-110,-110,-110,-110,-110,-110,-110,-110,-110,-110,-110,-110,-110,-110,-110,-110,-110,-110,-110,-110,-110,-110,-110,-110,-110,-110,-110,-110,-110,-110,-110,-110,-110,-110,-110,-110,-110,-110,-110,-110,-110,-110,-110,-110,-110,-110,-110,-110,-110,-110,-110,-110,-110,-110,-110,-110,-110,-110,-110,-110,-110,-110,-110,-110,-110,-110,-110,-110,-110,-110,-110,-110,-110,-110,-110,-110,-110,-110,-110,-110,-110
42,12.91385188,25.64033581,5,-88,-92,-110,-87,-110,-110,-87,-84,-93,-110,-110,-110,-110,-110,-76,-110,-76,-110,-110,-110,-110,-110,-110,-110,-88,-110,-110,-88,-110,-110,-110,-90,-110,-110,-110,-110,-89,-110,-110,-110,-110,-110,-110,-110,-110,-110,-110,-110,-82,-110,-82,-77,-110,-78,-110,-110,-110,-110,-110,-110,-110,-110,-110,-110,-110,-110,-110,-110,-73,-110,-110,-110,-110,-110,-110,-110,-110,-110,-110,-110,-110,-110,-110,-110,-110,-110,-110,-110,-110,-110,-110,-110,-110,-110,-110,-110,-110,-110,-110,-110,-110,-110,-110,-110,-110,-110,-110,-110,-110,-110,-110,-110,-110,-110,-110,-110,-110,-110,-110,-110,-110,-110,-110,-110,-110,-110,-110,-110,-110,-110,-110,-110,-110,-110,-110,-110,-110,-110,-110,-110,-110,-110,-110,-110,-110,-110,-110,-110,-110,-110,-110,-110,-110,-110,-110,-110,-110,-110,-110,-110,-110,-110,-110,-110,-110,-110,-110,-110,-110,-110,-110,-110,-110,-110,-110,-110,-110,-110,-110,-110,-110,-110,-110,-110,-110,-110,-110,-110,-110,-110,-110,-110,-110,-110,-110,-110,-110,-110,-110,-110,-110,-110,-110,-110,-110,-110,-110,-110,-110,-110,-110,-110,-110,-110,-110,-110,-110,-110,-110,-110,-110,-110,-110,-110,-110,-110,-110,-110,-110,-110,-110,-110,-110,-110,-110,-110,-110,-110,-110,-110,-110,-110,-110,-110,-110,-110,-110,-110,-110,-110,-110,-110,-110,-110,-110,-110,-110,-110,-110,-110,-110,-110,-110,-110,-110,-110,-110,-110,-110,-110,-110,-110,-110,-110,-110,-110,-110,-110,-110,-110,-110,-110,-110,-110,-110,-110,-110,-110,-110,-110,-110,-110,-110,-110,-110,-110,-110,-110,-110,-110,-110,-110,-110,-110,-110,-110,-110,-110,-110,-110,-110,-110,-110,-110,-110,-110,-110,-110,-110,-110,-110,-110,-110,-110,-110,-110,-110,-110,-110,-110,-110,-110,-110,-110,-110,-110,-110,-110,-110,-110,-110,-110,-110,-110,-110,-110,-110,-110,-110,-110,-110,-110,-110,-110,-110,-110,-110,-110,-110,-110,-110,-110,-110,-110,-110,-110,-110,-110,-110,-110,-110,-110,-110,-110,-110,-110,-110,-110,-110,-110,-110,-110,-110,-110,-110,-110,-110,-110,-110,-110,-110,-110,-110,-110,-110,-110,-110,-110,-110,-110,-110,-110,-110,-110,-110,-110,-110,-110,-110,-110,-110,-110,-110,-110,-110,-110,-110,-110,-110,-110,-110,-110,-110,-110,-110,-110,-110,-110,-110,-110,-110,-110,-110,-110,-110,-110,-110,-110,-110,-110,-110,-110,-110,-110,-110,-110,-110,-110,-110,-110,-110,-110,-110,-110,-110,-110,-110,-110,-110,-110,-110,-110,-110,-110,-110,-110,-110,-110,-110,-110,-110,-110,-110,-110,-110,-110,-110,-110,-110,-110,-110,-110,-110,-110,-110,-110,-110,-110,-110,-110,-110,-110,-110,-110,-110,-110,-110,-110,-110,-110,-110,-110,-110,-110,-110,-110,-110,-110,-110,-110,-110,-110,-110,-110,-110,-110,-110,-110,-110,-110,-110,-110,-110,-110,-110,-110,-110,-110,-110,-110,-110,-110,-110,-110,-110,-110,-110,-110,-110,-110,-110,-110,-110,-110,-110,-110,-110,-110,-110,-110,-110,-110,-110,-110,-110,-110,-110,-110,-110,-110,-110,-110,-110,-110,-110,-110,-110,-110,-110,-110,-110,-110,-110,-110,-110,-110,-110,-110,-110,-110,-110,-110,-110,-110,-110,-110,-110,-110,-110,-110,-110,-110,-110,-110,-110,-110,-110,-110,-110,-110,-110,-110,-110,-110,-110,-110,-110,-110,-110,-110,-110,-110,-110,-110,-110,-110,-110,-110,-110,-110
42,12.91385188,25.64033581,5,-87,-92,-110,-85,-110,-88,-110,-82,-91,-110,-110,-110,-110,-110,-76,-110,-76,-110,-110,-110,-110,-110,-110,-110,-89,-110,-110,-89,-110,-110,-110,-110,-110,-110,-110,-110,-110,-89,-110,-110,-110,-110,-110,-110,-110,-110,-110,-110,-84,-110,-82,-81,-110,-81,-110,-110,-110,-110,-110,-110,-110,-110,-110,-110,-110,-110,-110,-110,-77,-110,-110,-110,-110,-110,-110,-110,-110,-110,-110,-110,-110,-110,-110,-110,-110,-110,-110,-110,-110,-110,-110,-110,-110,-110,-110,-110,-110,-110,-110,-110,-110,-110,-110,-110,-110,-110,-110,-110,-110,-110,-110,-110,-110,-110,-110,-110,-110,-110,-110,-110,-110,-110,-110,-110,-110,-110,-110,-110,-110,-110,-110,-110,-110,-110,-110,-110,-110,-110,-87,-110,-110,-110,-110,-110,-110,-110,-110,-110,-110,-110,-110,-110,-110,-110,-110,-110,-110,-110,-110,-110,-110,-110,-110,-110,-110,-110,-110,-110,-110,-110,-110,-110,-110,-110,-110,-110,-110,-110,-110,-110,-110,-110,-110,-110,-110,-110,-110,-110,-110,-110,-110,-110,-110,-110,-110,-110,-110,-110,-110,-110,-110,-110,-110,-110,-110,-110,-110,-110,-110,-110,-110,-110,-110,-110,-110,-110,-110,-110,-110,-110,-110,-110,-110,-110,-110,-110,-110,-110,-110,-110,-110,-110,-110,-110,-110,-110,-110,-110,-110,-110,-110,-110,-110,-110,-110,-110,-110,-110,-110,-110,-110,-110,-110,-110,-110,-110,-110,-110,-110,-110,-110,-110,-110,-110,-110,-110,-110,-110,-110,-110,-110,-110,-110,-110,-110,-110,-110,-110,-110,-110,-110,-110,-110,-110,-110,-110,-110,-110,-110,-110,-110,-110,-110,-110,-110,-110,-110,-110,-110,-110,-110,-110,-110,-110,-110,-110,-110,-110,-110,-110,-110,-110,-110,-110,-110,-110,-110,-110,-110,-110,-110,-110,-110,-110,-110,-110,-110,-110,-110,-110,-110,-110,-110,-110,-110,-110,-110,-110,-110,-110,-110,-110,-110,-110,-110,-110,-110,-110,-110,-110,-110,-110,-110,-110,-110,-110,-110,-110,-110,-110,-110,-110,-110,-110,-110,-110,-110,-110,-110,-110,-110,-110,-110,-110,-110,-110,-110,-110,-110,-110,-110,-110,-110,-110,-110,-110,-110,-110,-110,-110,-110,-110,-110,-110,-110,-110,-110,-110,-110,-110,-110,-110,-110,-110,-110,-110,-110,-110,-110,-110,-110,-110,-110,-110,-110,-110,-110,-110,-110,-110,-110,-110,-110,-110,-110,-110,-110,-110,-110,-110,-110,-110,-110,-110,-110,-110,-110,-110,-110,-110,-110,-110,-110,-110,-110,-110,-110,-110,-110,-110,-110,-110,-110,-110,-110,-110,-110,-110,-110,-110,-110,-110,-110,-110,-110,-110,-110,-110,-110,-110,-110,-110,-110,-110,-110,-110,-110,-110,-110,-110,-110,-110,-110,-110,-110,-110,-110,-110,-110,-110,-110,-110,-110,-110,-110,-110,-110,-110,-110,-110,-110,-110,-110,-110,-110,-110,-110,-110,-110,-110,-110,-110,-110,-110,-110,-110,-110,-110,-110,-110,-110,-110,-110,-110,-110,-110,-110,-110,-110,-110,-110,-110,-110,-110,-110,-110,-110,-110,-110,-110,-110,-110,-110,-110,-110,-110,-110,-110,-110,-110,-110,-110,-110,-110,-110,-110,-110,-110,-110,-110,-110,-110,-110,-110,-110,-110,-110,-110,-110,-110,-110,-110,-110,-110,-110,-110,-110,-110,-110,-110,-110,-110,-110,-110,-110,-110,-110,-110,-110,-110,-110,-110,-110,-110,-110,-110,-110,-110,-110,-110,-110,-110,-110,-110,-110,-110,-110,-110,-110,-110,-110,-110,-110,-110,-110,-110,-110,-110,-110,-110
42,12.91385188,25.64033581,5,-86,-90,-89,-83,-110,-87,-110,-82,-94,-110,-110,-110,-110,-110,-74,-110,-76,-110,-110,-110,-110,-110,-110,-110,-88,-110,-110,-88,-110,-110,-110,-110,-110,-110,-110,-110,-110,-88,-110,-110,-110,-110,-110,-110,-110,-110,-110,-110,-85,-110,-83,-78,-110,-80,-110,-110,-110,-110,-110,-110,-110,-110,-110,-110,-110,-110,-110,-110,-76,-110,-79,-110,-110,-110,-110,-110,-110,-110,-110,-110,-110,-110,-110,-110,-110,-110,-110,-110,-110,-110,-110,-110,-110,-110,-110,-110,-110,-110,-110,-110,-110,-110,-110,-110,-110,-110,-110,-110,-110,-110,-110,-110,-110,-110,-110,-110,-110,-110,-110,-110,-110,-110,-110,-110,-110,-110,-110,-110,-110,-110,-110,-110,-110,-110,-110,-110,-110,-110,-110,-110,-110,-110,-110,-110,-110,-110,-110,-110,-110,-110,-110,-110,-110,-110,-110,-110,-110,-110,-110,-110,-110,-110,-110,-110,-110,-110,-110,-110,-110,-110,-110,-110,-110,-110,-110,-110,-110,-110,-110,-110,-110,-110,-110,-110,-110,-110,-110,-110,-110,-110,-110,-110,-110,-110,-110,-110,-110,-110,-110,-110,-110,-110,-110,-110,-110,-110,-110,-110,-110,-110,-110,-110,-110,-110,-110,-110,-110,-110,-110,-110,-110,-110,-110,-110,-110,-110,-110,-110,-110,-110,-110,-110,-110,-110,-110,-110,-110,-110,-110,-110,-110,-110,-110,-110,-110,-110,-110,-110,-110,-110,-110,-110,-110,-110,-110,-110,-110,-110,-110,-110,-110,-110,-110,-110,-110,-110,-110,-110,-110,-110,-110,-110,-110,-110,-110,-110,-110,-110,-110,-110,-110,-110,-110,-110,-110,-110,-110,-110,-110,-110,-110,-110,-110,-110,-110,-110,-110,-110,-110,-110,-110,-110,-110,-110,-110,-110,-110,-110,-110,-110,-110,-110,-110,-110,-110,-110,-110,-110,-110,-110,-110,-110,-110,-110,-110,-110,-110,-110,-110,-110,-110,-110,-110,-110,-110,-110,-110,-110,-110,-110,-110,-110,-110,-110,-110,-110,-110,-110,-110,-110,-110,-110,-110,-110,-110,-110,-110,-110,-110,-110,-110,-110,-110,-110,-110,-110,-110,-110,-110,-110,-110,-110,-110,-110,-110,-110,-110,-110,-110,-110,-110,-110,-110,-110,-110,-110,-110,-110,-110,-110,-110,-110,-110,-110,-110,-110,-110,-110,-110,-110,-110,-110,-110,-110,-110,-110,-110,-110,-110,-110,-110,-110,-110,-110,-110,-110,-110,-110,-110,-110,-110,-110,-110,-110,-110,-110,-110,-110,-110,-110,-110,-110,-110,-110,-110,-110,-110,-110,-110,-110,-110,-110,-110,-110,-110,-110,-110,-110,-110,-110,-110,-110,-110,-110,-110,-110,-110,-110,-110,-110,-110,-110,-110,-110,-110,-110,-110,-110,-110,-110,-110,-110,-110,-110,-110,-110,-110,-110,-110,-110,-110,-110,-110,-110,-110,-110,-110,-110,-110,-110,-110,-110,-110,-110,-110,-110,-110,-110,-110,-110,-110,-110,-110,-110,-110,-110,-110,-110,-110,-110,-110,-110,-110,-110,-110,-110,-110,-110,-110,-110,-110,-110,-110,-110,-110,-110,-110,-110,-110,-110,-110,-110,-110,-110,-110,-110,-110,-110,-110,-110,-110,-110,-110,-110,-110,-110,-110,-110,-110,-110,-110,-110,-110,-110,-110,-110,-110,-110,-110,-110,-110,-110,-110,-110,-110,-110,-110,-110,-110,-110,-110,-110,-110,-110,-110,-110,-110,-110,-110,-110,-110,-110,-110,-110,-110,-110,-110,-110,-110,-110,-110,-110,-110,-110,-110,-110,-110,-110,-110,-110,-110,-110,-110,-110,-110,-110,-110,-110,-110,-110,-110,-110,-110,-110,-110,-110,-110,-110,-110,-110
41,8.52431189,25.64033581,5,-110,-110,-110,-110,-110,-96,-87,-90,-110,-110,-110,-110,-110,-110,-65,-110,-65,-110,-110,-110,-110,-110,-110,-110,-110,-110,-110,-110,-110,-110,-110,-110,-110,-110,-110,-110,-110,-110,-110,-110,-110,-110,-110,-110,-110,-110,-110,-110,-77,-110,-110,-74,-110,-72,-110,-110,-110,-110,-110,-110,-110,-110,-110,-110,-110,-110,-110,-110,-65,-110,-110,-110,-110,-110,-110,-110,-110,-110,-110,-110,-110,-110,-110,-110,-110,-110,-110,-110,-110,-110,-110,-110,-110,-110,-110,-110,-110,-110,-110,-110,-110,-110,-110,-110,-110,-110,-110,-110,-110,-110,-110,-110,-110,-110,-110,-110,-110,-110,-110,-110,-110,-110,-110,-110,-110,-110,-110,-110,-110,-110,-110,-110,-110,-110,-110,-110,-110,-110,-110,-110,-110,-110,-110,-110,-110,-110,-110,-110,-110,-110,-110,-110,-110,-110,-110,-110,-110,-110,-110,-110,-110,-110,-110,-110,-110,-110,-110,-110,-110,-110,-110,-110,-110,-110,-110,-110,-110,-110,-110,-110,-110,-110,-110,-110,-110,-110,-110,-86,-88,-110,-110,-110,-110,-110,-110,-110,-110,-110,-110,-110,-110,-110,-110,-110,-110,-110,-110,-110,-110,-110,-110,-110,-110,-110,-110,-110,-110,-110,-110,-110,-110,-110,-110,-110,-110,-110,-110,-110,-110,-110,-110,-110,-110,-110,-110,-110,-110,-110,-110,-110,-110,-110,-110,-110,-110,-110,-110,-110,-110,-110,-110,-110,-110,-110,-110,-110,-110,-110,-110,-110,-110,-110,-110,-110,-110,-110,-110,-110,-110,-110,-110,-110,-110,-110,-110,-110,-110,-110,-110,-110,-110,-110,-110,-110,-110,-110,-110,-110,-110,-110,-110,-110,-110,-110,-110,-110,-110,-110,-110,-110,-110,-110,-110,-110,-110,-110,-110,-110,-110,-110,-110,-110,-110,-110,-110,-110,-110,-110,-110,-110,-110,-110,-110,-110,-110,-110,-110,-110,-110,-110,-110,-110,-110,-110,-110,-110,-110,-110,-110,-110,-110,-110,-110,-110,-110,-110,-110,-110,-110,-110,-110,-110,-110,-110,-110,-110,-110,-110,-110,-110,-110,-110,-110,-110,-110,-110,-110,-110,-110,-110,-110,-110,-110,-110,-110,-110,-110,-110,-110,-110,-110,-110,-110,-110,-110,-110,-110,-110,-110,-110,-110,-110,-110,-110,-110,-110,-110,-110,-110,-110,-110,-110,-110,-110,-110,-110,-110,-110,-110,-110,-110,-110,-110,-110,-110,-110,-110,-110,-110,-110,-110,-110,-110,-110,-110,-110,-110,-110,-110,-110,-110,-110,-110,-110,-110,-110,-110,-110,-110,-110,-110,-110,-110,-110,-110,-110,-110,-110,-110,-110,-110,-110,-110,-110,-110,-110,-110,-110,-110,-110,-110,-110,-110,-110,-110,-110,-110,-110,-110,-110,-110,-110,-110,-110,-110,-110,-110,-110,-110,-110,-110,-110,-110,-110,-110,-110,-110,-110,-110,-110,-110,-110,-110,-110,-110,-110,-110,-110,-110,-110,-110,-110,-110,-110,-110,-110,-110,-110,-110,-110,-110,-110,-110,-110,-110,-110,-110,-110,-110,-110,-110,-110,-110,-110,-110,-110,-110,-110,-110,-110,-110,-110,-110,-110,-110,-110,-110,-110,-110,-110,-110,-110,-110,-110,-110,-110,-110,-110,-110,-110,-110,-110,-110,-110,-110,-110,-110,-110,-110,-110,-110,-110,-110,-110,-110,-110,-110,-110,-110,-110,-110,-110,-110,-110,-110,-110,-110,-110,-110,-110,-110,-110,-110,-110,-110,-110,-110,-110,-110,-110,-110,-110,-110,-110,-110,-110,-110,-110,-110,-110,-110,-110,-110,-110,-110,-110,-110,-110,-110,-110,-110,-110,-110,-110,-110,-110,-110,-110,-110,-110
41,8.52431189,25.64033581,5,-110,-92,-110,-110,-110,-110,-87,-90,-89,-110,-110,-110,-110,-110,-65,-110,-65,-110,-110,-110,-110,-110,-110,-110,-110,-110,-110,-110,-110,-110,-110,-110,-110,-110,-110,-110,-110,-110,-110,-110,-110,-110,-110,-110,-110,-110,-110,-110,-75,-110,-77,-72,-110,-73,-110,-110,-110,-110,-110,-110,-110,-110,-110,-110,-110,-110,-110,-110,-66,-110,-67,-110,-110,-110,-110,-110,-110,-110,-110,-110,-110,-110,-110,-110,-110,-110,-110,-110,-110,-110,-110,-110,-110,-110,-110,-110,-110,-110,-110,-110,-110,-110,-110,-110,-110,-110,-110,-110,-110,-110,-110,-110,-110,-110,-110,-110,-110,-110,-110,-110,-110,-110,-110,-110,-110,-110,-110,-110,-110,-110,-110,-110,-110,-110,-110,-110,-110,-110,-110,-110,-110,-110,-110,-110,-110,-110,-110,-110,-110,-110,-110,-110,-110,-110,-110,-110,-110,-110,-110,-110,-110,-110,-110,-110,-110,-110,-110,-110,-110,-110,-110,-110,-110,-110,-110,-110,-110,-110,-110,-110,-110,-110,-110,-110,-110,-110,-110,-84,-89,-110,-110,-110,-110,-110,-110,-110,-110,-110,-110,-110,-110,-110,-110,-110,-110,-110,-110,-110,-110,-110,-110,-110,-110,-110,-110,-110,-110,-110,-110,-110,-110,-110,-110,-110,-110,-110,-110,-110,-110,-110,-110,-110,-110,-110,-110,-110,-110,-110,-110,-110,-110,-110,-110,-110,-110,-110,-110,-110,-110,-110,-110,-110,-110,-110,-110,-110,-110,-110,-110,-110,-110,-110,-110,-110,-110,-110,-110,-110,-110,-110,-110,-110,-110,-110,-110,-110,-110,-110,-110,-110,-110,-110,-110,-110,-110,-110,-110,-110,-110,-110,-110,-110,-110,-110,-110,-110,-110,-110,-110,-110,-110,-110,-110,-110,-110,-110,-110,-110,-110,-110,-110,-110,-110,-110,-110,-110,-110,-110,-110,-110,-110,-110,-110,-110,-110,-110,-110,-110,-110,-110,-110,-110,-110,-110,-110,-110,-110,-110,-110,-110,-110,-110,-110,-110,-110,-110,-110,-110,-110,-110,-110,-110,-110,-110,-110,-110,-110,-110,-110,-110,-110,-110,-110,-110,-110,-110,-110,-110,-110,-110,-110,-110,-110,-110,-110,-110,-110,-110,-110,-110,-110,-110,-110,-110,-110,-110,-110,-110,-110,-110,-110,-110,-110,-110,-110,-110,-110,-110,-110,-110,-110,-110,-110,-110,-110,-110,-110,-110,-110,-110,-110,-110,-110,-110,-110,-110,-110,-110,-110,-110,-110,-110,-110,-110,-110,-110,-110,-110,-110,-110,-110,-110,-110,-110,-110,-110,-110,-110,-110,-110,-110,-110,-110,-110,-110,-110,-110,-110,-110,-110,-110,-110,-110,-110,-110,-110,-110,-110,-110,-110,-110,-110,-110,-110,-110,-110,-110,-110,-110,-110,-110,-110,-110,-110,-110,-110,-110,-110,-110,-110,-110,-110,-110,-110,-110,-110,-110,-110,-110,-110,-110,-110,-110,-110,-110,-110,-110,-110,-110,-110,-110,-110,-110,-110,-110,-110,-110,-110,-110,-110,-110,-110,-110,-110,-110,-110,-110,-110,-110,-110,-110,-110,-110,-110,-110,-110,-110,-110,-110,-110,-110,-110,-110,-110,-110,-110,-110,-110,-110,-110,-110,-110,-110,-110,-110,-110,-110,-110,-110,-110,-110,-110,-110,-110,-110,-110,-110,-110,-110,-110,-110,-110,-110,-110,-110,-110,-110,-110,-110,-110,-110,-110,-110,-110,-110,-110,-110,-110,-110,-110,-110,-110,-110,-110,-110,-110,-110,-110,-110,-110,-110,-110,-110,-110,-110,-110,-110,-110,-110,-110,-110,-110,-110,-110,-110,-110,-110,-110,-110,-110,-110,-110,-110,-110,-110,-110,-110,-110,-110,-110
41,8.52431189,25.64033581,5,-110,-91,-84,-87,-110,-110,-83,-88,-91,-110,-110,-110,-110,-110,-66,-110,-65,-110,-110,-110,-110,-110,-110,-110,-110,-110,-110,-110,-110,-110,-110,-110,-110,-110,-110,-110,-110,-110,-110,-110,-110,-110,-110,-110,-110,-110,-110,-110,-73,-110,-73,-72,-110,-73,-110,-110,-110,-110,-110,-110,-110,-110,-110,-110,-110,-110,-110,-110,-64,-110,-110,-110,-110,-110,-110,-110,-110,-110,-110,-110,-110,-110,-110,-110,-110,-110,-110,-110,-110,-110,-110,-110,-110,-110,-110,-110,-110,-110,-110,-110,-110,-110,-110,-110,-110,-110,-110,-110,-110,-110,-110,-110,-110,-110,-110,-110,-110,-110,-110,-110,-110,-110,-110,-110,-110,-110,-110,-110,-110,-110,-110,-110,-110,-110,-110,-110,-110,-110,-110,-110,-110,-110,-110,-110,-110,-110,-110,-110,-110,-110,-110,-110,-110,-110,-110,-110,-110,-110,-110,-110,-110,-110,-110,-110,-110,-110,-110,-110,-110,-110,-110,-110,-110,-110,-110,-110,-110,-110,-110,-110,-110,-110,-110,-110,-110,-110,-110,-83,-91,-110,-110,-110,-110,-110,-110,-110,-110,-110,-110,-110,-110,-110,-110,-110,-110,-110,-110,-110,-110,-110,-110,-110,-110,-110,-110,-110,-110,-110,-110,-110,-110,-110,-110,-110,-110,-110,-110,-110,-110,-110,-110,-110,-110,-110,-110,-110,-110,-110,-110,-110,-110,-110,-110,-110,-110,-110,-110,-110,-110,-110,-110,-110,-110,-110,-110,-110,-110,-110,-110,-110,-110,-110,-110,-110,-110,-110,-110,-110,-110,-110,-110,-110,-110,-110,-110,-110,-110,-110,-110,-110,-110,-110,-110,-110,-110,-110,-110,-110,-110,-110,-110,-110,-110,-110,-110,-110,-110,-110,-110,-110,-110,-110,-110,-110,-110,-110,-110,-110,-110,-110,-110,-110,-110,-110,-110,-110,-110,-110,-110,-110,-110,-110,-110,-110,-110,-110,-110,-110,-110,-110,-110,-110,-110,-110,-110,-110,-110,-110,-110,-110,-110,-110,-110,-110,-110,-110,-110,-110,-110,-110,-110,-110,-110,-110,-110,-110,-110,-110,-110,-110,-110,-110,-110,-110,-110,-110,-110,-110,-110,-110,-110,-110,-110,-110,-110,-110,-110,-110,-110,-110,-110,-110,-110,-110,-110,-110,-110,-110,-110,-110,-110,-110,-110,-110,-110,-110,-110,-110,-110,-110,-110,-110,-110,-110,-110,-110,-110,-110,-110,-110,-110,-110,-110,-110,-110,-110,-110,-110,-110,-110,-110,-110,-110,-110,-110,-110,-110,-110,-110,-110,-110,-110,-110,-110,-110,-110,-110,-110,-110,-110,-110,-110,-110,-110,-110,-110,-110,-110,-110,-110,-110,-110,-110,-110,-110,-110,-110,-110,-110,-110,-110,-110,-110,-110,-110,-110,-110,-110,-110,-110,-110,-110,-110,-110,-110,-110,-110,-110,-110,-110,-110,-110,-110,-110,-110,-110,-110,-110,-110,-110,-110,-110,-110,-110,-110,-110,-110,-110,-110,-110,-110,-110,-110,-110,-110,-110,-110,-110,-110,-110,-110,-110,-110,-110,-110,-110,-110,-110,-110,-110,-110,-110,-110,-110,-110,-110,-110,-110,-110,-110,-110,-110,-110,-110,-110,-110,-110,-110,-110,-110,-110,-110,-110,-110,-110,-110,-110,-110,-110,-110,-110,-110,-110,-110,-110,-110,-110,-110,-110,-110,-110,-110,-110,-110,-110,-110,-110,-110,-110,-110,-110,-110,-110,-110,-110,-110,-110,-110,-110,-110,-110,-110,-110,-110,-110,-110,-110,-110,-110,-110,-110,-110,-110,-110,-110,-110,-110,-110,-110,-110,-110,-110,-110,-110,-110,-110,-110,-110,-110,-110,-110,-110,-110,-110,-110,-110,-110,-110,-110,-110
41,8.52431189,25.64033581,5,-110,-91,-87,-92,-110,-110,-88,-89,-90,-110,-110,-110,-110,-110,-65,-110,-65,-110,-110,-110,-110,-110,-110,-110,-110,-110,-110,-110,-110,-110,-110,-110,-110,-110,-110,-110,-110,-110,-110,-110,-110,-110,-110,-110,-110,-110,-110,-110,-75,-110,-73,-71,-110,-71,-110,-110,-110,-110,-110,-110,-110,-110,-110,-110,-110,-110,-91,-110,-64,-110,-110,-110,-110,-110,-110,-110,-110,-110,-110,-110,-110,-110,-110,-110,-110,-110,-110,-110,-110,-110,-110,-110,-110,-110,-110,-110,-110,-110,-110,-110,-110,-110,-110,-110,-110,-110,-110,-110,-110,-110,-110,-110,-110,-110,-110,-110,-110,-110,-110,-110,-110,-110,-110,-110,-110,-110,-110,-110,-110,-110,-110,-110,-110,-110,-110,-110,-110,-110,-110,-110,-110,-110,-110,-110,-110,-110,-110,-110,-110,-110,-110,-110,-110,-110,-110,-110,-110,-110,-110,-110,-110,-110,-110,-110,-110,-110,-110,-110,-110,-110,-110,-110,-110,-110,-110,-110,-110,-110,-110,-110,-110,-110,-110,-110,-110,-110,-110,-91,-91,-110,-110,-110,-110,-110,-110,-110,-110,-110,-110,-110,-110,-110,-110,-110,-110,-110,-110,-110,-110,-110,-110,-110,-110,-110,-110,-110,-110,-110,-110,-110,-110,-110,-110,-110,-110,-110,-110,-110,-110,-110,-110,-110,-110,-110,-110,-110,-110,-110,-110,-110,-110,-110,-110,-110,-110,-110,-110,-110,-110,-110,-110,-110,-110,-110,-110,-110,-110,-110,-110,-110,-110,-110,-110,-110,-110,-110,-110,-110,-110,-110,-110,-110,-110,-110,-110,-110,-110,-110,-110,-110,-110,-110,-110,-110,-110,-110,-110,-110,-110,-110,-110,-110,-110,-110,-110,-110,-110,-110,-110,-110,-110,-110,-110,-110,-110,-110,-110,-110,-110,-110,-110,-110,-110,-110,-110,-110,-110,-110,-110,-110,-110,-110,-110,-110,-110,-110,-110,-110,-110,-110,-110,-110,-110,-110,-110,-110,-110,-110,-110,-110,-110,-110,-110,-110,-110,-110,-110,-110,-110,-110,-110,-110,-110,-110,-110,-110,-110,-110,-110,-110,-110,-110,-110,-110,-110,-110,-110,-110,-110,-110,-110,-110,-110,-110,-110,-110,-110,-110,-110,-110,-110,-110,-110,-110,-110,-110,-110,-110,-110,-110,-110,-110,-110,-110,-110,-110,-110,-110,-110,-110,-110,-110,-110,-110,-110,-110,-110,-110,-110,-110,-110,-110,-110,-110,-110,-110,-110,-110,-110,-110,-110,-110,-110,-110,-110,-110,-110,-110,-110,-110,-110,-110,-110,-110,-110,-110,-110,-110,-110,-110,-110,-110,-110,-110,-110,-110,-110,-110,-110,-110,-110,-110,-110,-110,-110,-110,-110,-110,-110,-110,-110,-110,-110,-110,-110,-110,-110,-110,-110,-110,-110,-110,-110,-110,-110,-110,-110,-110,-110,-110,-110,-110,-110,-110,-110,-110,-110,-110,-110,-110,-110,-110,-110,-110,-110,-110,-110,-110,-110,-110,-110,-110,-110,-110,-110,-110,-110,-110,-110,-110,-110,-110,-110,-110,-110,-110,-110,-110,-110,-110,-110,-110,-110,-110,-110,-110,-110,-110,-110,-110,-110,-110,-110,-110,-110,-110,-110,-110,-110,-110,-110,-110,-110,-110,-110,-110,-110,-110,-110,-110,-110,-110,-110,-110,-110,-110,-110,-110,-110,-110,-110,-110,-110,-110,-110,-110,-110,-110,-110,-110,-110,-110,-110,-110,-110,-110,-110,-110,-110,-110,-110,-110,-110,-110,-110,-110,-110,-110,-110,-110,-110,-110,-110,-110,-110,-110,-110,-110,-110,-110,-110,-110,-110,-110,-110,-110,-110,-110,-110,-110,-110,-110,-110,-110,-110,-110,-110,-110,-110,-110
41,8.52431189,25.64033581,5,-110,-90,-84,-91,-110,-110,-86,-110,-90,-110,-110,-110,-110,-110,-64,-110,-65,-110,-110,-110,-110,-110,-110,-110,-110,-110,-110,-110,-110,-110,-110,-110,-110,-110,-110,-110,-110,-110,-110,-90,-110,-110,-110,-110,-110,-110,-110,-110,-75,-110,-72,-71,-110,-72,-110,-110,-110,-110,-110,-110,-110,-110,-110,-110,-110,-110,-110,-110,-66,-110,-66,-110,-110,-110,-110,-110,-110,-110,-110,-110,-110,-110,-110,-110,-110,-110,-110,-110,-110,-110,-110,-110,-110,-110,-110,-110,-110,-110,-110,-110,-110,-110,-110,-110,-110,-110,-110,-110,-110,-110,-110,-110,-110,-110,-110,-110,-110,-110,-110,-110,-110,-110,-110,-110,-110,-110,-110,-110,-110,-110,-110,-110,-110,-110,-110,-110,-110,-110,-110,-110,-110,-110,-110,-110,-110,-110,-110,-110,-110,-110,-110,-110,-110,-110,-110,-110,-110,-110,-110,-110,-110,-110,-110,-110,-110,-110,-110,-110,-110,-110,-110,-110,-110,-110,-110,-110,-110,-110,-110,-110,-110,-110,-110,-110,-110,-110,-110,-86,-89,-110,-110,-110,-110,-110,-110,-110,-110,-110,-110,-110,-110,-110,-110,-110,-110,-110,-110,-110,-110,-110,-110,-110,-110,-110,-110,-110,-110,-110,-110,-110,-110,-110,-110,-110,-110,-110,-110,-110,-110,-110,-110,-110,-110,-110,-110,-110,-110,-110,-110,-110,-110,-110,-110,-110,-110,-110,-110,-110,-110,-110,-110,-110,-110,-110,-110,-110,-110,-110,-110,-110,-110,-110,-110,-110,-110,-110,-110,-110,-110,-110,-110,-110,-110,-110,-110,-110,-110,-110,-110,-110,-110,-110,-110,-110,-110,-110,-110,-110,-110,-110,-110,-110,-110,-110,-110,-110,-110,-110,-110,-110,-110,-110,-110,-110,-110,-110,-110,-110,-110,-110,-110,-110,-110,-110,-110,-110,-110,-110,-110,-110,-110,-110,-110,-110,-110,-110,-110,-110,-110,-110,-110,-110,-110,-110,-110,-110,-110,-110,-110,-110,-110,-110,-110,-110,-110,-110,-110,-110,-110,-110,-110,-110,-110,-110,-110,-110,-110,-110,-110,-110,-110,-110,-110,-110,-110,-110,-110,-110,-110,-110,-110,-110,-110,-110,-110,-110,-110,-110,-110,-110,-110,-110,-110,-110,-110,-110,-110,-110,-110,-110,-110,-110,-110,-110,-110,-110,-110,-110,-110,-110,-110,-110,-110,-110,-110,-110,-110,-110,-110,-110,-110,-110,-110,-110,-110,-110,-110,-110,-110,-110,-110,-110,-110,-110,-110,-110,-110,-110,-110,-110,-110,-110,-110,-110,-110,-110,-110,-110,-110,-110,-110,-110,-110,-110,-110,-110,-110,-110,-110,-110,-110,-110,-110,-110,-110,-110,-110,-110,-110,-110,-110,-110,-110,-110,-110,-110,-110,-110,-110,-110,-110,-110,-110,-110,-110,-110,-110,-110,-110,-110,-110,-110,-110,-110,-110,-110,-110,-110,-110,-110,-110,-110,-110,-110,-110,-110,-110,-110,-110,-110,-110,-110,-110,-110,-110,-110,-110,-110,-110,-110,-110,-110,-110,-110,-110,-110,-110,-110,-110,-110,-110,-110,-110,-110,-110,-110,-110,-110,-110,-110,-110,-110,-110,-110,-110,-110,-110,-110,-110,-110,-110,-110,-110,-110,-110,-110,-110,-110,-110,-110,-110,-110,-110,-110,-110,-110,-110,-110,-110,-110,-110,-110,-110,-110,-110,-110,-110,-110,-110,-110,-110,-110,-110,-110,-110,-110,-110,-110,-110,-110,-110,-110,-110,-110,-110,-110,-110,-110,-110,-110,-110,-110,-110,-110,-110,-110,-110,-110,-110,-110,-110,-110,-110,-110,-110,-110,-110,-110,-110,-110,-110,-110,-110,-110,-110,-110,-110,-110,-110,-110
41,8.52431189,25.64033581,5,-110,-91,-84,-91,-110,-110,-83,-110,-89,-110,-110,-110,-110,-110,-65,-110,-65,-110,-110,-110,-110,-110,-110,-110,-110,-110,-110,-110,-110,-110,-110,-110,-110,-110,-110,-110,-110,-110,-110,-110,-110,-110,-110,-110,-110,-110,-110,-110,-76,-110,-77,-71,-110,-72,-110,-110,-110,-110,-110,-110,-110,-110,-110,-110,-110,-110,-110,-110,-64,-110,-110,-110,-110,-110,-110,-110,-110,-110,-110,-110,-110,-110,-110,-110,-110,-110,-110,-110,-110,-110,-110,-110,-110,-110,-110,-110,-110,-110,-110,-110,-110,-110,-110,-110,-110,-110,-110,-110,-110,-110,-110,-110,-110,-110,-110,-110,-110,-110,-110,-110,-110,-110,-110,-110,-110,-110,-110,-110,-110,-110,-110,-110,-110,-110,-110,-110,-110,-110,-110,-110,-110,-110,-110,-110,-110,-110,-110,-110,-110,-110,-110,-110,-110,-110,-110,-110,-110,-110,-110,-110,-110,-110,-110,-110,-110,-110,-110,-110,-110,-110,-110,-110,-110,-110,-110,-110,-110,-110,-110,-110,-110,-110,-110,-110,-110,-110,-110,-87,-87,-110,-110,-110,-110,-110,-110,-110,-110,-110,-110,-110,-110,-110,-110,-110,-110,-110,-110,-110,-110,-110,-110,-110,-110,-110,-110,-110,-110,-110,-110,-110,-110,-110,-110,-110,-110,-110,-110,-110,-110,-110,-110,-110,-110,-110,-110,-110,-110,-110,-110,-110,-110,-110,-110,-110,-110,-110,-110,-110,-110,-110,-110,-110,-110,-110,-110,-110,-110,-110,-110,-110,-110,-110,-110,-110,-110,-110,-110,-110,-110,-110,-110,-110,-110,-110,-110,-110,-110,-110,-110,-110,-110,-110,-110,-110,-110,-110,-110,-110,-110,-110,-110,-110,-110,-110,-110,-110,-110,-110,-110,-110,-110,-110,-110,-110,-110,-110,-110,-110,-110,-110,-110,-110,-110,-110,-110,-110,-110,-110,-110,-110,-110,-110,-110,-110,-110,-110,-110,-110,-110,-110,-110,-110,-110,-110,-110,-110,-110,-110,-110,-110,-110,-110,-110,-110,-110,-110,-110,-110,-110,-110,-110,-110,-110,-110,-110,-110,-110,-110,-110,-110,-110,-110,-110,-110,-110,-110,-110,-110,-110,-110,-110,-110,-110,-110,-110,-110,-110,-110,-110,-110,-110,-110,-110,-110,-110,-110,-110,-110,-110,-110,-110,-110,-110,-110,-110,-110,-110,-110,-110,-110,-110,-110,-110,-110,-110,-110,-110,-110,-110,-110,-110,-110,-110,-110,-110,-110,-110,-110,-110,-110,-110,-110,-110,-110,-110,-110,-110,-110,-110,-110,-110,-110,-110,-110,-110,-110,-110,-110,-110,-110,-110,-110,-110,-110,-110,-110,-110,-110,-110,-110,-110,-110,-110,-110,-110,-110,-110,-110,-110,-110,-110,-110,-110,-110,-110,-110,-110,-110,-110,-110,-110,-110,-110,-110,-110,-110,-110,-110,-110,-110,-110,-110,-110,-110,-110,-110,-110,-110,-110,-110,-110,-110,-110,-110,-110,-110,-110,-110,-110,-110,-110,-110,-110,-110,-110,-110,-110,-110,-110,-110,-110,-110,-110,-110,-110,-110,-110,-110,-110,-110,-110,-110,-110,-110,-110,-110,-110,-110,-110,-110,-110,-110,-110,-110,-110,-110,-110,-110,-110,-110,-110,-110,-110,-110,-110,-110,-110,-110,-110,-110,-110,-110,-110,-110,-110,-110,-110,-110,-110,-110,-110,-110,-110,-110,-110,-110,-110,-110,-110,-110,-110,-110,-110,-110,-110,-110,-110,-110,-110,-110,-110,-110,-110,-110,-110,-110,-110,-110,-110,-110,-110,-110,-110,-110,-110,-110,-110,-110,-110,-110,-110,-110,-110,-110,-110,-110,-110,-110,-110,-110,-110,-110,-110,-110,-110,-110,-110,-110,-110,-110
40,4.1347719,25.64033581,5,-110,-90,-88,-110,-110,-110,-110,-89,-95,-110,-110,-110,-110,-110,-68,-110,-66,-110,-110,-110,-110,-110,-110,-110,-110,-110,-110,-110,-110,-110,-110,-91,-110,-110,-110,-110,-110,-110,-110,-110,-110,-110,-110,-110,-110,-110,-110,-110,-86,-110,-86,-82,-110,-79,-110,-110,-110,-110,-110,-110,-110,-110,-110,-110,-110,-110,-88,-110,-70,-110,-72,-110,-89,-110,-110,-110,-110,-110,-110,-110,-110,-110,-110,-110,-110,-110,-110,-110,-110,-110,-110,-110,-110,-110,-110,-110,-110,-110,-110,-110,-110,-110,-110,-110,-110,-110,-110,-110,-110,-110,-110,-110,-110,-110,-110,-110,-110,-110,-110,-110,-110,-110,-110,-110,-110,-110,-110,-110,-110,-110,-110,-110,-110,-110,-110,-110,-110,-110,-110,-110,-110,-110,-110,-110,-110,-110,-110,-110,-110,-110,-110,-110,-110,-110,-110,-110,-110,-110,-110,-110,-110,-110,-110,-110,-110,-110,-110,-110,-110,-110,-110,-110,-110,-110,-110,-110,-110,-110,-110,-110,-110,-110,-110,-110,-110,-110,-110,-110,-110,-110,-110,-110,-110,-110,-110,-110,-110,-110,-110,-110,-110,-110,-110,-110,-110,-110,-110,-110,-110,-110,-110,-110,-110,-110,-110,-110,-110,-110,-110,-110,-110,-110,-110,-110,-110,-110,-110,-110,-110,-110,-110,-110,-110,-110,-110,-110,-110,-110,-110,-110,-110,-110,-110,-110,-110,-110,-110,-110,-110,-110,-110,-110,-110,-110,-110,-110,-110,-110,-110,-110,-110,-110,-110,-110,-110,-110,-110,-110,-110,-110,-110,-110,-110,-110,-110,-110,-110,-110,-110,-110,-110,-110,-110,-110,-110,-110,-110,-110,-110,-110,-110,-110,-110,-110,-110,-110,-110,-110,-110,-110,-110,-110,-110,-110,-110,-110,-110,-110,-110,-110,-110,-110,-110,-110,-110,-110,-110,-110,-110,-110,-110,-110,-110,-110,-110,-110,-110,-110,-110,-110,-110,-110,-110,-110,-110,-110,-110,-110,-110,-110,-110,-110,-110,-110,-110,-110,-110,-110,-110,-110,-110,-110,-110,-110,-110,-110,-110,-110,-110,-110,-110,-110,-110,-110,-110,-110,-110,-110,-110,-110,-110,-110,-110,-110,-110,-110,-110,-110,-110,-110,-110,-110,-110,-110,-110,-110,-110,-110,-110,-110,-110,-110,-110,-110,-110,-110,-110,-110,-110,-110,-110,-110,-110,-110,-110,-110,-110,-110,-110,-110,-110,-110,-110,-110,-110,-110,-110,-110,-110,-110,-110,-110,-110,-110,-110,-110,-110,-110,-110,-110,-110,-110,-110,-110,-110,-110,-110,-110,-110,-110,-110,-110,-110,-110,-110,-110,-110,-110,-110,-110,-110,-110,-110,-110,-110,-110,-110,-110,-110,-110,-110,-110,-110,-110,-110,-110,-110,-110,-110,-110,-110,-110,-110,-110,-110,-110,-110,-110,-110,-110,-110,-110,-110,-110,-110,-110,-110,-110,-110,-110,-110,-110,-110,-110,-110,-110,-110,-110,-110,-110,-110,-110,-110,-110,-110,-110,-110,-110,-110,-110,-110,-110,-110,-110,-110,-110,-110,-110,-110,-110,-110,-110,-110,-110,-110,-110,-110,-110,-110,-110,-110,-110,-110,-110,-110,-110,-110,-110,-110,-110,-110,-110,-110,-110,-110,-110,-110,-110,-110,-110,-110,-110,-110,-110,-110,-110,-110,-110,-110,-110,-110,-110,-110,-110,-110,-110,-110,-110,-110,-110,-110,-110,-110,-110,-110,-110,-110,-110,-110,-110,-110,-110,-110,-110,-110,-110,-110,-110,-110,-110,-110,-110,-110,-110,-110,-110,-110,-110,-110,-110,-110,-110,-110,-110,-110,-110,-110,-110,-110,-110,-110,-110,-110,-110,-110,-110,-110,-110,-110,-110
40,4.1347719,25.64033581,5,-110,-92,-85,-90,-110,-110,-110,-110,-110,-110,-110,-110,-110,-110,-67,-110,-67,-110,-110,-110,-110,-110,-110,-88,-110,-110,-110,-110,-110,-110,-110,-90,-110,-110,-110,-110,-110,-110,-110,-110,-110,-110,-110,-110,-110,-110,-110,-110,-86,-110,-87,-80,-110,-80,-110,-110,-110,-110,-110,-110,-110,-110,-110,-110,-110,-110,-89,-110,-74,-110,-110,-110,-86,-110,-110,-110,-110,-110,-110,-110,-110,-110,-110,-110,-110,-110,-110,-110,-110,-110,-110,-110,-110,-110,-110,-110,-110,-110,-110,-110,-110,-110,-110,-110,-110,-110,-110,-110,-110,-110,-110,-110,-110,-110,-110,-110,-110,-110,-110,-110,-110,-110,-110,-110,-110,-110,-110,-110,-110,-110,-110,-110,-110,-110,-110,-110,-110,-110,-110,-110,-110,-110,-110,-110,-110,-110,-110,-110,-110,-110,-110,-110,-110,-110,-110,-110,-110,-110,-110,-110,-110,-110,-110,-110,-110,-110,-110,-110,-110,-110,-110,-110,-110,-110,-110,-110,-110,-110,-110,-110,-110,-110,-110,-110,-110,-110,-110,-110,-89,-110,-110,-110,-110,-110,-110,-110,-110,-110,-110,-110,-110,-110,-110,-110,-110,-110,-110,-110,-110,-110,-110,-110,-110,-110,-110,-110,-110,-110,-110,-110,-110,-110,-110,-90,-110,-110,-110,-110,-110,-110,-110,-110,-110,-110,-110,-110,-110,-110,-110,-110,-110,-110,-110,-110,-110,-110,-110,-110,-110,-110,-110,-110,-110,-110,-110,-110,-110,-110,-110,-110,-110,-110,-110,-110,-110,-110,-110,-110,-110,-110,-110,-110,-110,-110,-110,-110,-110,-110,-110,-110,-110,-110,-110,-110,-110,-110,-110,-110,-110,-110,-110,-110,-110,-110,-110,-110,-110,-110,-110,-110,-110,-110,-110,-110,-110,-110,-110,-110,-110,-110,-110,-110,-110,-110,-110,-110,-110,-110,-110,-110,-110,-110,-110,-110,-110,-110,-110,-110,-110,-110,-110,-110,-110,-110,-110,-110,-110,-110,-110,-110,-110,-110,-110,-110,-110,-110,-110,-110,-110,-110,-110,-110,-110,-110,-110,-110,-110,-110,-110,-110,-110,-110,-110,-110,-110,-110,-110,-110,-110,-110,-110,-110,-110,-110,-110,-110,-110,-110,-110,-110,-110,-110,-110,-110,-110,-110,-110,-110,-110,-110,-110,-110,-110,-110,-110,-110,-110,-110,-110,-110,-110,-110,-110,-110,-110,-110,-110,-110,-110,-110,-110,-110,-110,-110,-110,-110,-110,-110,-110,-110,-110,-110,-110,-110,-110,-110,-110,-110,-110,-110,-110,-110,-110,-110,-110,-110,-110,-110,-110,-110,-110,-110,-110,-110,-110,-110,-110,-110,-110,-110,-110,-110,-110,-110,-110,-110,-110,-110,-110,-110,-110,-110,-110,-110,-110,-110,-110,-110,-110,-110,-110,-110,-110,-110,-110,-110,-110,-110,-110,-110,-110,-110,-110,-110,-110,-110,-110,-110,-110,-110,-110,-110,-110,-110,-110,-110,-110,-110,-110,-110,-110,-110,-110,-110,-110,-110,-110,-110,-110,-110,-110,-110,-110,-110,-110,-110,-110,-110,-110,-110,-110,-110,-110,-110,-110,-110,-110,-110,-110,-110,-110,-110,-110,-110,-110,-110,-110,-110,-110,-110,-110,-110,-110,-110,-110,-110,-110,-110,-110,-110,-110,-110,-110,-110,-110,-110,-110,-110,-110,-110,-110,-110,-110,-110,-110,-110,-110,-110,-110,-110,-110,-110,-110,-110,-110,-110,-110,-110,-110,-110,-110,-110,-110,-110,-110,-110,-110,-110,-110,-110,-110,-110,-110,-110,-110,-110,-110,-110,-110,-110,-110,-110,-110,-110,-110,-110,-110,-110,-110,-110,-110,-110,-110,-110,-110,-110,-110,-110,-110,-110
40,4.1347719,25.64033581,5,-110,-93,-89,-92,-110,-110,-110,-110,-92,-110,-110,-110,-110,-110,-67,-110,-67,-110,-110,-110,-110,-110,-110,-110,-110,-110,-110,-110,-110,-110,-110,-90,-110,-110,-110,-110,-110,-110,-110,-91,-110,-110,-110,-110,-110,-110,-110,-110,-86,-110,-86,-82,-110,-83,-110,-110,-110,-110,-110,-110,-110,-110,-110,-110,-110,-110,-88,-110,-70,-110,-110,-110,-89,-87,-110,-110,-110,-110,-110,-110,-110,-110,-110,-110,-110,-110,-110,-110,-110,-110,-110,-110,-110,-110,-110,-110,-110,-110,-110,-110,-110,-110,-110,-110,-110,-110,-110,-110,-110,-110,-110,-110,-110,-110,-110,-110,-110,-110,-110,-110,-110,-110,-110,-110,-110,-110,-110,-110,-110,-110,-110,-110,-110,-110,-110,-110,-110,-110,-110,-110,-110,-110,-110,-110,-110,-110,-110,-110,-110,-110,-110,-110,-110,-110,-110,-110,-110,-110,-110,-110,-110,-110,-110,-110,-110,-110,-110,-110,-110,-110,-110,-110,-110,-110,-110,-110,-110,-110,-110,-110,-110,-110,-110,-110,-110,-110,-110,-110,-110,-110,-110,-110,-110,-110,-110,-110,-110,-110,-110,-110,-110,-110,-110,-110,-110,-110,-110,-110,-110,-110,-110,-110,-110,-110,-110,-110,-110,-110,-110,-110,-110,-110,-110,-110,-110,-110,-110,-110,-110,-110,-110,-110,-110,-110,-110,-110,-110,-110,-110,-110,-110,-110,-110,-110,-110,-110,-110,-110,-110,-110,-110,-110,-110,-110,-110,-110,-110,-110,-110,-110,-110,-110,-110,-110,-110,-110,-110,-110,-110,-110,-110,-110,-110,-110,-110,-110,-110,-110,-110,-110,-110,-110,-110,-110,-110,-110,-110,-110,-110,-110,-110,-110,-110,-110,-110,-110,-110,-110,-110,-110,-110,-110,-110,-110,-110,-110,-110,-110,-110,-110,-110,-110,-110,-110,-110,-110,-110,-110,-110,-110,-110,-110,-110,-110,-110,-110,-110,-110,-110,-110,-110,-110,-110,-110,-110,-110,-110,-110,-110,-110,-110,-110,-110,-110,-110,-110,-110,-110,-110,-110,-110,-110,-110,-110,-110,-110,-110,-110,-110,-110,-110,-110,-110,-110,-110,-110,-110,-110,-110,-110,-110,-110,-110,-110,-110,-110,-110,-110,-110,-110,-110,-110,-110,-110,-110,-110,-110,-110,-110,-110,-110,-110,-110,-110,-110,-110,-110,-110,-110,-110,-110,-110,-110,-110,-110,-110,-110,-110,-110,-110,-110,-110,-110,-110,-110,-110,-110,-110,-110,-110,-110,-110,-110,-110,-110,-110,-110,-110,-110,-110,-110,-110,-110,-110,-110,-110,-110,-110,-110,-110,-110,-110,-110,-110,-110,-110,-110,-110,-110,-110,-110,-110,-110,-110,-110,-110,-110,-110,-110,-110,-110,-110,-110,-110,-110,-110,-110,-110,-110,-110,-110,-110,-110,-110,-110,-110,-110,-110,-110,-110,-110,-110,-110,-110,-110,-110,-110,-110,-110,-110,-110,-110,-110,-110,-110,-110,-110,-110,-110,-110,-110,-110,-110,-110,-110,-110,-110,-110,-110,-110,-110,-110,-110,-110,-110,-110,-110,-110,-110,-110,-110,-110,-110,-110,-110,-110,-110,-110,-110,-110,-110,-110,-110,-110,-110,-110,-110,-110,-110,-110,-110,-110,-110,-110,-110,-110,-110,-110,-110,-110,-110,-110,-110,-110,-110,-110,-110,-110,-110,-110,-110,-110,-110,-110,-110,-110,-110,-110,-110,-110,-110,-110,-110,-110,-110,-110,-110,-110,-110,-110,-110,-110,-110,-110,-110,-110,-110,-110,-110,-110,-110,-110,-110,-110,-110,-110,-110,-110,-110,-110,-110,-110,-110,-110,-110,-110,-110,-110,-110,-110,-110,-110,-110,-110,-110,-110,-110,-110,-110,-110
40,4.1347719,25.64033581,5,-110,-110,-91,-89,-110,-110,-88,-110,-92,-110,-110,-110,-110,-110,-65,-110,-66,-110,-110,-110,-110,-110,-110,-110,-110,-110,-110,-110,-110,-110,-110,-110,-110,-110,-110,-110,-110,-110,-110,-110,-110,-110,-110,-110,-110,-110,-110,-110,-110,-110,-88,-81,-110,-82,-110,-110,-110,-110,-110,-110,-110,-110,-110,-110,-110,-110,-87,-110,-80,-110,-110,-110,-87,-110,-110,-110,-110,-110,-110,-110,-110,-110,-110,-110,-110,-110,-110,-110,-110,-110,-110,-110,-110,-110,-110,-110,-110,-110,-110,-110,-110,-110,-110,-110,-110,-110,-110,-110,-110,-110,-110,-110,-110,-110,-110,-110,-110,-110,-110,-110,-110,-110,-110,-110,-110,-110,-110,-110,-110,-110,-110,-110,-110,-110,-110,-110,-110,-110,-110,-110,-110,-110,-110,-110,-110,-110,-110,-110,-110,-110,-110,-110,-110,-110,-110,-110,-110,-110,-110,-110,-110,-110,-110,-110,-110,-110,-110,-110,-110,-110,-110,-110,-110,-110,-110,-110,-110,-110,-110,-110,-110,-110,-110,-110,-110,-110,-110,-110,-110,-110,-110,-110,-110,-110,-110,-110,-110,-110,-110,-110,-110,-110,-110,-110,-110,-110,-110,-110,-110,-110,-110,-110,-110,-110,-110,-110,-110,-110,-110,-110,-110,-110,-110,-110,-110,-110,-110,-110,-110,-110,-110,-110,-110,-110,-110,-110,-110,-110,-110,-110,-110,-110,-110,-110,-110,-110,-110,-110,-110,-110,-110,-110,-110,-110,-110,-110,-110,-110,-110,-110,-110,-110,-110,-110,-110,-110,-110,-110,-110,-110,-110,-110,-110,-110,-110,-110,-110,-110,-110,-110,-110,-110,-110,-110,-110,-110,-110,-110,-110,-110,-110,-110,-110,-110,-110,-110,-110,-110,-110,-110,-110,-110,-110,-110,-110,-110,-110,-110,-110,-110,-110,-110,-110,-110,-110,-110,-110,-110,-110,-110,-110,-110,-110,-110,-110,-110,-110,-110,-110,-110,-110,-110,-110,-110,-110,-110,-110,-110,-110,-110,-110,-110,-110,-110,-110,-110,-110,-110,-110,-110,-110,-110,-110,-110,-110,-110,-110,-110,-110,-110,-110,-110,-110,-110,-110,-110,-110,-110,-110,-110,-110,-110,-110,-110,-110,-110,-110,-110,-110,-110,-110,-110,-110,-110,-110,-110,-110,-110,-110,-110,-110,-110,-110,-110,-110,-110,-110,-110,-110,-110,-110,-110,-110,-110,-110,-110,-110,-110,-110,-110,-110,-110,-110,-110,-110,-110,-110,-110,-110,-110,-110,-110,-110,-110,-110,-110,-110,-110,-110,-110,-110,-110,-110,-110,-110,-110,-110,-110,-110,-110,-110,-110,-110,-110,-110,-110,-110,-110,-110,-110,-110,-110,-110,-110,-110,-110,-110,-110,-110,-110,-110,-110,-110,-110,-110,-110,-110,-110,-110,-110,-110,-110,-110,-110,-110,-110,-110,-110,-110,-110,-110,-110,-110,-110,-110,-110,-110,-110,-110,-110,-110,-110,-110,-110,-110,-110,-110,-110,-110,-110,-110,-110,-110,-110,-110,-110,-110,-110,-110,-110,-110,-110,-110,-110,-110,-110,-110,-110,-110,-110,-110,-110,-110,-110,-110,-110,-110,-110,-110,-110,-110,-110,-110,-110,-110,-110,-110,-110,-110,-110,-110,-110,-110,-110,-110,-110,-110,-110,-110,-110,-110,-110,-110,-110,-110,-110,-110,-110,-110,-110,-110,-110,-110,-110,-110,-110,-110,-110,-110,-110,-110,-110,-110,-110,-110,-110,-110,-110,-110,-110,-110,-110,-110,-110,-110,-110,-110,-110,-110,-110,-110,-110,-110,-110,-110,-110,-110,-110,-110,-110,-110,-110,-110,-110,-110,-110,-110,-110,-110,-110,-110,-110,-110,-110,-110,-110,-110,-110,-110,-110
40,4.1347719,25.64033581,5,-110,-110,-110,-87,-110,-110,-110,-110,-91,-110,-110,-110,-110,-110,-66,-110,-67,-110,-110,-110,-110,-110,-110,-110,-110,-110,-110,-110,-110,-110,-110,-110,-110,-110,-110,-110,-110,-110,-110,-110,-110,-110,-110,-110,-110,-110,-110,-110,-87,-110,-87,-83,-110,-80,-110,-110,-110,-110,-110,-110,-110,-110,-110,-110,-110,-110,-87,-110,-71,-110,-110,-110,-87,-110,-110,-110,-110,-110,-110,-110,-110,-110,-110,-110,-110,-110,-110,-110,-110,-110,-110,-110,-110,-110,-110,-110,-110,-110,-110,-110,-110,-110,-110,-110,-110,-110,-110,-110,-110,-110,-110,-110,-110,-110,-110,-110,-110,-110,-110,-110,-110,-110,-110,-110,-110,-110,-110,-110,-110,-110,-110,-110,-110,-110,-110,-110,-110,-110,-110,-110,-110,-110,-110,-110,-110,-110,-110,-110,-110,-110,-110,-110,-110,-110,-110,-110,-110,-110,-110,-110,-110,-110,-110,-110,-110,-110,-110,-110,-110,-110,-110,-110,-110,-110,-110,-110,-110,-110,-110,-110,-110,-110,-110,-110,-110,-110,-110,-110,-110,-110,-110,-110,-110,-110,-110,-110,-110,-110,-110,-110,-110,-110,-110,-110,-110,-110,-110,-110,-110,-110,-110,-110,-110,-110,-110,-110,-110,-110,-110,-110,-110,-110,-110,-110,-110,-110,-110,-110,-110,-110,-110,-110,-110,-110,-110,-110,-110,-110,-110,-110,-110,-110,-110,-110,-110,-110,-110,-110,-110,-110,-110,-110,-110,-110,-110,-110,-110,-110,-110,-110,-110,-110,-110,-110,-110,-110,-110,-110,-110,-110,-110,-110,-110,-110,-110,-110,-110,-110,-110,-110,-110,-110,-110,-110,-110,-110,-110,-110,-110,-110,-110,-110,-110,-110,-110,-110,-110,-110,-110,-110,-110,-110,-110,-110,-110,-110,-110,-110,-110,-110,-110,-110,-110,-110,-110,-110,-110,-110,-110,-110,-110,-110,-110,-110,-110,-110,-110,-110,-110,-110,-110,-110,-110,-110,-110,-110,-110,-110,-110,-110,-110,-110,-110,-110,-110,-110,-110,-110,-110,-110,-110,-110,-110,-110,-110,-110,-110,-110,-110,-110,-110,-110,-110,-110,-110,-110,-110,-110,-110,-110,-110,-110,-110,-110,-110,-110,-110,-110,-110,-110,-110,-110,-110,-110,-110,-110,-110,-110,-110,-110,-110,-110,-110,-110,-110,-110,-110,-110,-110,-110,-110,-110,-110,-110,-110,-110,-110,-110,-110,-110,-110,-110,-110,-110,-110,-110,-110,-110,-110,-110,-110,-110,-110,-110,-110,-110,-110,-110,-110,-110,-110,-110,-110,-110,-110,-110,-110,-110,-110,-110,-110,-110,-110,-110,-110,-110,-110,-110,-110,-110,-110,-110,-110,-110,-110,-110,-110,-110,-110,-110,-110,-110,-110,-110,-110,-110,-110,-110,-110,-110,-110,-110,-110,-110,-110,-110,-110,-110,-110,-110,-110,-110,-110,-110,-110,-110,-110,-110,-110,-110,-110,-110,-110,-110,-110,-110,-110,-110,-110,-110,-110,-110,-110,-110,-110,-110,-110,-110,-110,-110,-110,-110,-110,-110,-110,-110,-110,-110,-110,-110,-110,-110,-110,-110,-110,-110,-110,-110,-110,-110,-110,-110,-110,-110,-110,-110,-110,-110,-110,-110,-110,-110,-110,-110,-110,-110,-110,-110,-110,-110,-110,-110,-110,-110,-110,-110,-110,-110,-110,-110,-110,-110,-110,-110,-110,-110,-110,-110,-110,-110,-110,-110,-110,-110,-110,-110,-110,-110,-110,-110,-110,-110,-110,-110,-110,-110,-110,-110,-110,-110,-110,-110,-110,-110,-110,-110,-110,-110,-110,-110,-110,-110,-110,-110,-110,-110,-110,-110,-110,-110,-110,-110,-110,-110,-110,-110,-110,-110,-110,-110
40,4.1347719,25.64033581,5,-110,-92,-90,-90,-110,-110,-86,-88,-93,-110,-110,-110,-110,-110,-68,-110,-68,-110,-110,-110,-110,-110,-110,-86,-110,-110,-110,-110,-110,-110,-110,-90,-110,-110,-110,-110,-110,-110,-110,-110,-110,-110,-86,-110,-110,-110,-110,-110,-88,-110,-85,-81,-110,-81,-110,-110,-110,-110,-110,-110,-110,-110,-110,-110,-110,-110,-89,-110,-70,-110,-73,-110,-110,-110,-110,-110,-110,-110,-110,-110,-110,-89,-110,-110,-110,-110,-110,-110,-110,-110,-110,-110,-110,-110,-110,-110,-110,-110,-110,-110,-110,-110,-110,-110,-110,-110,-110,-110,-110,-110,-110,-90,-110,-110,-110,-110,-110,-110,-110,-110,-110,-110,-110,-110,-110,-110,-110,-110,-110,-110,-110,-110,-110,-110,-110,-110,-110,-110,-89,-110,-110,-110,-110,-110,-110,-110,-110,-110,-110,-110,-110,-110,-110,-110,-110,-110,-110,-110,-110,-110,-110,-110,-110,-110,-110,-110,-110,-110,-110,-110,-110,-110,-110,-110,-110,-110,-110,-110,-110,-110,-110,-110,-110,-110,-110,-110,-110,-110,-110,-110,-110,-110,-110,-110,-110,-110,-110,-110,-110,-110,-110,-110,-110,-110,-110,-110,-110,-110,-110,-110,-110,-110,-110,-110,-110,-110,-110,-110,-110,-110,-110,-110,-110,-110,-110,-110,-110,-110,-110,-110,-110,-110,-110,-110,-110,-110,-110,-110,-110,-110,-110,-110,-110,-110,-110,-110,-110,-110,-110,-110,-110,-110,-110,-110,-110,-110,-110,-110,-110,-110,-110,-110,-110,-110,-110,-110,-110,-110,-110,-110,-110,-110,-110,-110,-110,-110,-110,-110,-110,-110,-110,-110,-110,-110,-110,-110,-110,-110,-110,-110,-110,-110,-110,-110,-110,-110,-110,-110,-110,-110,-110,-110,-110,-110,-110,-110,-110,-110,-110,-110,-110,-110,-110,-110,-110,-110,-110,-110,-110,-110,-110,-110,-110,-110,-110,-110,-110,-110,-110,-110,-110,-110,-110,-110,-110,-110,-110,-110,-110,-110,-110,-110,-110,-110,-110,-110,-110,-110,-110,-110,-110,-110,-110,-110,-110,-110,-110,-110,-110,-110,-110,-110,-110,-110,-110,-110,-110,-110,-110,-110,-110,-110,-110,-110,-110,-110,-110,-110,-110,-110,-110,-110,-110,-110,-110,-110,-110,-110,-110,-110,-110,-110,-110,-110,-110,-110,-110,-110,-110,-110,-110,-110,-110,-110,-110,-110,-110,-110,-110,-110,-110,-110,-110,-110,-110,-110,-110,-110,-110,-110,-110,-110,-110,-110,-110,-110,-110,-110,-110,-110,-110,-110,-110,-110,-110,-110,-110,-110,-110,-110,-110,-110,-110,-110,-110,-110,-110,-110,-110,-110,-110,-110,-110,-110,-110,-110,-110,-110,-110,-110,-110,-110,-110,-110,-110,-110,-110,-110,-110,-110,-110,-110,-110,-110,-110,-110,-110,-110,-110,-110,-110,-110,-110,-110,-110,-110,-110,-110,-110,-110,-110,-110,-110,-110,-110,-110,-110,-110,-110,-110,-110,-110,-110,-110,-110,-110,-110,-110,-110,-110,-110,-110,-110,-110,-110,-110,-110,-110,-110,-110,-110,-110,-110,-110,-110,-110,-110,-110,-110,-110,-110,-110,-110,-110,-110,-110,-110,-110,-110,-110,-110,-110,-110,-110,-110,-110,-110,-110,-110,-110,-110,-110,-110,-110,-110,-110,-110,-110,-110,-110,-110,-110,-110,-110,-110,-110,-110,-110,-110,-110,-110,-110,-110,-110,-110,-110,-110,-110,-110,-110,-110,-110,-110,-110,-110,-110,-110,-110,-110,-110,-110,-110,-110,-110,-110,-110,-110,-110,-110,-110,-110,-110,-110,-110,-110,-110,-110,-110,-110,-110,-110,-110,-110,-110,-110,-110,-110,-110,-110,-110
39,12.91385188,23.8522317,5,-78,-110,-110,-89,-110,-79,-110,-88,-110,-110,-110,-110,-110,-110,-79,-110,-80,-110,-110,-110,-110,-110,-110,-110,-110,-110,-110,-90,-110,-110,-110,-110,-91,-110,-110,-110,-88,-87,-110,-110,-110,-110,-110,-110,-110,-110,-110,-110,-82,-110,-110,-78,-110,-76,-110,-110,-110,-110,-110,-110,-110,-110,-110,-110,-110,-110,-110,-110,-80,-110,-110,-110,-110,-110,-110,-110,-110,-110,-110,-110,-110,-110,-110,-110,-110,-110,-110,-110,-110,-110,-110,-110,-110,-110,-110,-110,-110,-110,-110,-110,-110,-110,-110,-110,-110,-110,-110,-110,-110,-110,-110,-110,-110,-110,-110,-110,-110,-110,-110,-110,-110,-110,-110,-110,-110,-110,-110,-110,-110,-110,-110,-110,-110,-110,-110,-110,-110,-110,-110,-110,-110,-110,-110,-110,-110,-110,-110,-110,-110,-110,-110,-110,-110,-110,-110,-110,-110,-110,-110,-110,-110,-110,-110,-110,-110,-110,-110,-110,-110,-110,-110,-110,-110,-110,-110,-110,-110,-110,-110,-110,-110,-110,-110,-110,-110,-110,-110,-110,-110,-110,-110,-110,-110,-110,-110,-110,-110,-110,-110,-110,-110,-110,-110,-110,-110,-110,-110,-110,-110,-110,-110,-110,-110,-110,-110,-110,-110,-110,-110,-110,-110,-110,-110,-110,-110,-110,-110,-110,-110,-110,-110,-110,-110,-110,-110,-110,-110,-110,-110,-110,-110,-110,-110,-110,-110,-110,-110,-110,-110,-110,-110,-110,-110,-110,-110,-110,-110,-110,-110,-110,-110,-110,-110,-110,-110,-110,-110,-110,-110,-110,-110,-110,-110,-110,-110,-110,-110,-110,-110,-110,-110,-110,-110,-110,-110,-110,-110,-110,-110,-110,-110,-110,-110,-110,-110,-110,-110,-110,-110,-110,-110,-110,-110,-110,-110,-110,-110,-110,-110,-110,-110,-110,-110,-110,-110,-110,-110,-110,-110,-110,-110,-110,-110,-110,-110,-110,-110,-110,-110,-110,-110,-110,-110,-110,-110,-110,-110,-110,-110,-110,-110,-110,-110,-110,-110,-110,-110,-110,-110,-110,-110,-110,-110,-110,-110,-110,-110,-110,-110,-110,-110,-110,-110,-110,-110,-110,-110,-110,-110,-110,-110,-110,-110,-110,-110,-110,-110,-110,-110,-110,-110,-110,-110,-110,-110,-110,-110,-110,-110,-110,-110,-110,-110,-110,-110,-110,-110,-110,-110,-110,-110,-110,-110,-110,-110,-110,-110,-110,-110,-110,-110,-110,-110,-110,-110,-110,-110,-110,-110,-110,-110,-110,-110,-110,-110,-110,-110,-110,-110,-110,-110,-110,-110,-110,-110,-110,-110,-110,-110,-110,-110,-110,-110,-110,-110,-110,-110,-110,-110,-110,-110,-110,-110,-110,-110,-110,-110,-110,-110,-110,-110,-110,-110,-110,-110,-110,-110,-110,-110,-110,-110,-110,-110,-110,-110,-110,-110,-110,-110,-110,-110,-110,-110,-110,-110,-110,-110,-110,-110,-110,-110,-110,-110,-110,-110,-110,-110,-110,-110,-110,-110,-110,-110,-110,-110,-110,-110,-110,-110,-110,-110,-110,-110,-110,-110,-110,-110,-110,-110,-110,-110,-110,-110,-110,-110,-110,-110,-110,-110,-110,-110,-110,-110,-110,-110,-110,-110,-110,-110,-110,-110,-110,-110,-110,-110,-110,-110,-110,-110,-110,-110,-110,-110,-110,-110,-110,-110,-110,-110,-110,-110,-110,-110,-110,-110,-110,-110,-110,-110,-110,-110,-110,-110,-110,-110,-110,-110,-110,-110,-110,-110,-110,-110,-110,-110,-110,-110,-110,-110,-110,-110,-110,-110,-110,-110,-110,-110,-110,-110,-110,-110,-110,-110,-110,-110,-110,-110,-110,-110,-110,-110,-110,-110,-110,-110,-110,-110,-110,-110,-110
39,12.91385188,23.8522317,5,-79,-110,-110,-89,-110,-80,-110,-89,-110,-110,-110,-110,-110,-110,-78,-110,-82,-110,-110,-110,-110,-110,-110,-90,-83,-110,-90,-84,-110,-110,-110,-110,-90,-88,-110,-110,-88,-85,-110,-110,-110,-110,-110,-110,-110,-110,-110,-110,-80,-110,-79,-77,-110,-78,-110,-110,-110,-110,-110,-110,-110,-110,-89,-110,-110,-110,-110,-110,-79,-110,-82,-110,-110,-110,-110,-110,-110,-110,-110,-110,-110,-110,-110,-110,-110,-110,-110,-110,-110,-110,-110,-110,-110,-110,-110,-110,-110,-110,-110,-110,-110,-110,-110,-110,-110,-110,-110,-110,-110,-110,-110,-110,-110,-110,-110,-110,-110,-110,-110,-110,-110,-110,-110,-110,-110,-110,-110,-110,-110,-110,-110,-110,-110,-110,-110,-110,-110,-110,-110,-110,-110,-110,-110,-110,-110,-110,-110,-110,-110,-110,-110,-110,-110,-110,-110,-110,-110,-110,-110,-110,-110,-110,-110,-110,-110,-110,-110,-110,-110,-110,-110,-110,-110,-110,-110,-110,-110,-110,-110,-110,-110,-110,-110,-110,-110,-110,-110,-110,-110,-110,-110,-110,-110,-110,-110,-110,-110,-110,-110,-110,-110,-110,-110,-110,-110,-110,-110,-110,-110,-110,-110,-110,-110,-110,-110,-110,-110,-110,-110,-110,-110,-110,-110,-110,-110,-110,-110,-110,-110,-110,-110,-110,-110,-110,-110,-110,-110,-110,-110,-110,-110,-110,-110,-110,-110,-110,-110,-110,-110,-110,-110,-110,-110,-110,-110,-110,-110,-110,-110,-110,-110,-110,-110,-110,-110,-110,-110,-110,-110,-110,-110,-110,-110,-110,-110,-110,-110,-110,-110,-110,-110,-110,-110,-110,-110,-110,-110,-110,-110,-110,-110,-110,-110,-110,-110,-110,-110,-110,-110,-110,-110,-110,-110,-110,-110,-110,-110,-110,-110,-110,-110,-110,-110,-110,-110,-110,-110,-110,-110,-110,-110,-110,-110,-110,-110,-110,-110,-110,-110,-110,-110,-110,-110,-110,-110,-110,-110,-110,-110,-110,-110,-110,-110,-110,-110,-110,-110,-110,-110,-110,-110,-110,-110,-110,-110,-110,-110,-110,-110,-110,-110,-110,-110,-110,-110,-110,-110,-110,-110,-110,-110,-110,-110,-110,-110,-110,-110,-110,-110,-110,-110,-110,-110,-110,-110,-110,-110,-110,-110,-110,-110,-110,-110,-110,-110,-110,-110,-110,-110,-110,-110,-110,-110,-110,-110,-110,-110,-110,-110,-110,-110,-110,-110,-110,-110,-110,-110,-110,-110,-110,-110,-110,-110,-110,-110,-110,-110,-110,-110,-110,-110,-110,-110,-110,-110,-110,-110,-110,-110,-110,-110,-110,-110,-110,-110,-110,-110,-110,-110,-110,-110,-110,-110,-110,-110,-110,-110,-110,-110,-110,-110,-110,-110,-110,-110,-110,-110,-110,-110,-110,-110,-110,-110,-110,-110,-110,-110,-110,-110,-110,-110,-110,-110,-110,-110,-110,-110,-110,-110,-110,-110,-110,-110,-110,-110,-110,-110,-110,-110,-110,-110,-110,-110,-110,-110,-110,-110,-110,-110,-110,-110,-110,-110,-110,-110,-110,-110,-110,-110,-110,-110,-110,-110,-110,-110,-110,-110,-110,-110,-110,-110,-110,-110,-110,-110,-110,-110,-110,-110,-110,-110,-110,-110,-110,-110,-110,-110,-110,-110,-110,-110,-110,-110,-110,-110,-110,-110,-110,-110,-110,-110,-110,-110,-110,-110,-110,-110,-110,-110,-110,-110,-110,-110,-110,-110,-110,-110,-110,-110,-110,-110,-110,-110,-110,-110,-110,-110,-110,-110,-110,-110,-110,-110,-110,-110,-110,-110,-110,-110,-110,-110,-110,-110,-110,-110,-110,-110,-110,-110,-110,-110,-110,-110,-110,-110,-110,-110,-110,-110,-110
39,12.91385188,23.8522317,5,-79,-110,-110,-85,-110,-79,-110,-88,-110,-110,-110,-110,-110,-110,-79,-110,-81,-110,-110,-110,-110,-110,-110,-110,-85,-110,-110,-84,-110,-87,-110,-110,-110,-110,-110,-110,-89,-87,-110,-110,-110,-110,-110,-110,-110,-110,-110,-110,-78,-110,-78,-76,-110,-78,-110,-110,-110,-110,-110,-110,-110,-110,-89,-86,-110,-110,-110,-110,-80,-110,-81,-110,-110,-110,-110,-110,-110,-110,-110,-110,-110,-110,-110,-110,-110,-110,-110,-110,-110,-110,-110,-110,-110,-110,-110,-110,-110,-110,-110,-110,-110,-110,-110,-110,-110,-110,-110,-110,-110,-110,-110,-110,-110,-110,-110,-110,-110,-110,-110,-110,-110,-110,-110,-110,-110,-110,-110,-110,-110,-110,-110,-110,-110,-110,-110,-110,-110,-110,-110,-110,-110,-110,-110,-110,-110,-110,-110,-110,-110,-110,-110,-110,-110,-110,-110,-110,-110,-110,-110,-110,-110,-110,-110,-110,-110,-110,-110,-110,-110,-110,-110,-110,-110,-110,-110,-110,-110,-110,-110,-110,-110,-110,-110,-110,-110,-110,-110,-110,-110,-110,-110,-110,-110,-110,-110,-110,-110,-110,-110,-110,-110,-110,-110,-110,-110,-110,-110,-110,-110,-110,-110,-110,-110,-110,-110,-110,-110,-110,-110,-110,-110,-110,-110,-110,-110,-110,-110,-110,-110,-110,-110,-110,-110,-110,-110,-110,-110,-110,-110,-110,-110,-110,-110,-110,-110,-110,-110,-110,-110,-110,-110,-110,-110,-110,-110,-110,-110,-110,-110,-110,-110,-110,-110,-110,-110,-110,-110,-110,-110,-110,-110,-110,-110,-110,-110,-110,-110,-110,-110,-110,-110,-110,-110,-110,-110,-110,-110,-110,-110,-110,-110,-110,-110,-110,-110,-110,-110,-110,-110,-110,-110,-110,-110,-110,-110,-110,-110,-110,-110,-110,-110,-110,-110,-110,-110,-110,-110,-110,-110,-110,-110,-110,-110,-110,-110,-110,-110,-110,-110,-110,-110,-110,-110,-110,-110,-110,-110,-110,-110,-110,-110,-110,-110,-110,-110,-110,-110,-110,-110,-110,-110,-110,-110,-110,-110,-110,-110,-110,-110,-110,-110,-110,-110,-110,-110,-110,-110,-110,-110,-110,-110,-110,-110,-110,-110,-110,-110,-110,-110,-110,-110,-110,-110,-110,-110,-110,-110,-110,-110,-110,-110,-110,-110,-110,-110,-110,-110,-110,-110,-110,-110,-110,-110,-110,-110,-110,-110,-110,-110,-110,-110,-110,-110,-110,-110,-110,-110,-110,-110,-110,-110,-110,-110,-110,-110,-110,-110,-110,-110,-110,-110,-110,-110,-110,-110,-110,-110,-110,-110,-110,-110,-110,-110,-110,-110,-110,-110,-110,-110,-110,-110,-110,-110,-110,-110,-110,-110,-110,-110,-110,-110,-110,-110,-110,-110,-110,-110,-110,-110,-110,-110,-110,-110,-110,-110,-110,-110,-110,-110,-110,-110,-110,-110,-110,-110,-110,-110,-110,-110,-110,-110,-110,-110,-110,-110,-110,-110,-110,-110,-110,-110,-110,-110,-110,-110,-110,-110,-110,-110,-110,-110,-110,-110,-110,-110,-110,-110,-110,-110,-110,-110,-110,-110,-110,-110,-110,-110,-110,-110,-110,-110,-110,-110,-110,-110,-110,-110,-110,-110,-110,-110,-110,-110,-110,-110,-110,-110,-110,-110,-110,-110,-110,-110,-110,-110,-110,-110,-110,-110,-110,-110,-110,-110,-110,-110,-110,-110,-110,-110,-110,-110,-110,-110,-110,-110,-110,-110,-110,-110,-110,-110,-110,-110,-110,-110,-110,-110,-110,-110,-110,-110,-110,-110,-110,-110,-110,-110,-110,-110,-110,-110,-110,-110,-110,-110,-110,-110,-110,-110,-110,-110,-110,-110,-110,-110,-110,-110,-110,-110,-110
39,12.91385188,23.8522317,5,-83,-110,-110,-90,-110,-81,-110,-89,-110,-110,-110,-110,-110,-110,-83,-110,-84,-110,-110,-110,-110,-110,-110,-110,-84,-110,-110,-86,-110,-90,-110,-110,-90,-89,-110,-110,-87,-86,-110,-110,-110,-110,-110,-110,-110,-110,-110,-110,-83,-110,-81,-78,-110,-77,-110,-110,-110,-110,-110,-110,-110,-110,-110,-87,-110,-110,-110,-110,-79,-110,-110,-110,-110,-110,-110,-110,-110,-110,-110,-110,-110,-110,-110,-110,-110,-110,-110,-110,-110,-110,-110,-110,-110,-110,-110,-110,-110,-110,-110,-110,-110,-110,-110,-110,-110,-110,-110,-110,-110,-110,-110,-110,-110,-110,-110,-110,-110,-110,-110,-110,-110,-110,-110,-110,-110,-110,-110,-110,-110,-110,-110,-110,-110,-110,-110,-110,-110,-110,-110,-110,-110,-110,-110,-110,-110,-110,-110,-110,-110,-110,-110,-110,-110,-110,-110,-110,-110,-110,-110,-110,-110,-110,-110,-110,-110,-110,-110,-110,-110,-110,-110,-110,-110,-110,-110,-110,-110,-110,-110,-110,-110,-110,-110,-110,-110,-110,-110,-110,-110,-110,-110,-110,-110,-110,-110,-110,-110,-110,-110,-110,-110,-110,-110,-110,-110,-110,-110,-110,-110,-110,-110,-110,-110,-110,-110,-110,-110,-110,-110,-110,-110,-110,-110,-110,-110,-110,-110,-110,-110,-110,-110,-110,-110,-110,-110,-110,-110,-110,-110,-110,-110,-110,-110,-110,-110,-110,-110,-110,-110,-110,-110,-110,-110,-110,-110,-110,-110,-110,-110,-110,-110,-110,-110,-110,-110,-110,-110,-110,-110,-110,-110,-110,-110,-110,-110,-110,-110,-110,-110,-110,-110,-110,-110,-110,-110,-110,-110,-110,-110,-110,-110,-110,-110,-110,-110,-110,-110,-110,-110,-110,-110,-110,-110,-110,-110,-110,-110,-110,-110,-110,-110,-110,-110,-110,-110,-110,-110,-110,-110,-110,-110,-110,-110,-110,-110,-110,-110,-110,-110,-110,-110,-110,-110,-110,-110,-110,-110,-110,-110,-110,-110,-110,-110,-110,-110,-110,-110,-110,-110,-110,-110,-110,-110,-110,-110,-110,-110,-110,-110,-110,-110,-110,-110,-110,-110,-110,-110,-110,-110,-110,-110,-110,-110,-110,-110,-110,-110,-110,-110,-110,-110,-110,-110,-110,-110,-110,-110,-110,-110,-110,-110,-110,-110,-110,-110,-110,-110,-110,-110,-110,-110,-110,-110,-110,-110,-110,-110,-110,-110,-110,-110,-110,-110,-110,-110,-110,-110,-110,-110,-110,-110,-110,-110,-110,-110,-110,-110,-110,-110,-110,-110,-110,-110,-110,-110,-110,-110,-110,-110,-110,-110,-110,-110,-110,-110,-110,-110,-110,-110,-110,-110,-110,-110,-110,-110,-110,-110,-110,-110,-110,-110,-110,-110,-110,-110,-110,-110,-110,-110,-110,-110,-110,-110,-110,-110,-110,-110,-110,-110,-110,-110,-110,-110,-110,-110,-110,-110,-110,-110,-110,-110,-110,-110,-110,-110,-110,-110,-110,-110,-110,-110,-110,-110,-110,-110,-110,-110,-110,-110,-110,-110,-110,-110,-110,-110,-110,-110,-110,-110,-110,-110,-110,-110,-110,-110,-110,-110,-110,-110,-110,-110,-110,-110,-110,-110,-110,-110,-110,-110,-110,-110,-110,-110,-110,-110,-110,-110,-110,-110,-110,-110,-110,-110,-110,-110,-110,-110,-110,-110,-110,-110,-110,-110,-110,-110,-110,-110,-110,-110,-110,-110,-110,-110,-110,-110,-110,-110,-110,-110,-110,-110,-110,-110,-110,-110,-110,-110,-110,-110,-110,-110,-110,-110,-110,-110,-110,-110,-110,-110,-110,-110,-110,-110,-110,-110,-110,-110,-110,-110,-110,-110,-110,-110,-110,-110,-110,-110,-110,-110,-110
39,12.91385188,23.8522317,5,-82,-110,-110,-110,-110,-83,-110,-87,-110,-110,-110,-110,-110,-110,-81,-110,-85,-110,-110,-110,-110,-110,-110,-110,-82,-110,-110,-84,-110,-110,-110,-110,-90,-91,-110,-110,-86,-87,-110,-110,-110,-110,-110,-110,-110,-110,-110,-110,-80,-110,-78,-78,-110,-78,-110,-110,-110,-110,-110,-110,-110,-110,-90,-110,-110,-110,-110,-110,-78,-110,-110,-110,-110,-110,-110,-110,-110,-110,-110,-110,-110,-110,-110,-110,-110,-110,-110,-110,-110,-110,-110,-110,-110,-110,-110,-110,-110,-110,-110,-110,-110,-110,-110,-110,-110,-110,-110,-110,-110,-110,-110,-110,-110,-110,-110,-110,-110,-110,-110,-110,-110,-110,-110,-110,-110,-110,-110,-110,-110,-110,-110,-110,-110,-110,-110,-110,-110,-110,-110,-110,-110,-110,-110,-110,-110,-110,-110,-110,-110,-110,-110,-110,-110,-110,-110,-110,-110,-110,-110,-110,-110,-110,-110,-110,-110,-110,-110,-110,-110,-110,-110,-110,-110,-110,-110,-110,-110,-110,-110,-110,-110,-110,-110,-110,-110,-110,-110,-110,-110,-110,-110,-110,-110,-110,-110,-110,-110,-110,-110,-110,-110,-110,-110,-110,-110,-110,-110,-110,-110,-110,-110,-110,-110,-110,-110,-110,-110,-110,-110,-110,-110,-110,-110,-110,-110,-110,-110,-110,-110,-110,-110,-110,-110,-110,-110,-110,-110,-110,-110,-110,-110,-110,-110,-110,-110,-110,-110,-110,-110,-110,-110,-110,-110,-110,-110,-110,-110,-110,-110,-110,-110,-110,-110,-110,-110,-110,-110,-110,-110,-110,-110,-110,-110,-110,-110,-110,-110,-110,-110,-110,-110,-110,-110,-110,-110,-110,-110,-110,-110,-110,-110,-110,-110,-110,-110,-110,-110,-110,-110,-110,-110,-110,-110,-110,-110,-110,-110,-110,-110,-110,-110,-110,-110,-110,-110,-110,-110,-110,-110,-110,-110,-110,-110,-110,-110,-110,-110,-110,-110,-110,-110,-110,-110,-110,-110,-110,-110,-110,-110,-110,-110,-110,-110,-110,-110,-110,-110,-110,-110,-110,-110,-110,-110,-110,-110,-110,-110,-110,-110,-110,-110,-110,-110,-110,-110,-110,-110,-110,-110,-110,-110,-110,-110,-110,-110,-110,-110,-110,-110,-110,-110,-110,-110,-110,-110,-110,-110,-110,-110,-110,-110,-110,-110,-110,-110,-110,-110,-110,-110,-110,-110,-110,-110,-110,-110,-110,-110,-110,-110,-110,-110,-110,-110,-110,-110,-110,-110,-110,-110,-110,-110,-110,-110,-110,-110,-110,-110,-110,-110,-110,-110,-110,-110,-110,-110,-110,-110,-110,-110,-110,-110,-110,-110,-110,-110,-110,-110,-110,-110,-110,-110,-110,-110,-110,-110,-110,-110,-110,-110,-110,-110,-110,-110,-110,-110,-110,-110,-110,-110,-110,-110,-110,-110,-110,-110,-110,-110,-110,-110,-110,-110,-110,-110,-110,-110,-110,-110,-110,-110,-110,-110,-110,-110,-110,-110,-110,-110,-110,-110,-110,-110,-110,-110,-110,-110,-110,-110,-110,-110,-110,-110,-110,-110,-110,-110,-110,-110,-110,-110,-110,-110,-110,-110,-110,-110,-110,-110,-110,-110,-110,-110,-110,-110,-110,-110,-110,-110,-110,-110,-110,-110,-110,-110,-110,-110,-110,-110,-110,-110,-110,-110,-110,-110,-110,-110,-110,-110,-110,-110,-110,-110,-110,-110,-110,-110,-110,-110,-110,-110,-110,-110,-110,-110,-110,-110,-110,-110,-110,-110,-110,-110,-110,-110,-110,-110,-110,-110,-110,-110,-110,-110,-110,-110,-110,-110,-110,-110,-110,-110,-110,-110,-110,-110,-110,-110,-110,-110,-110,-110,-110,-110,-110,-110,-110,-110,-110,-110,-110,-110,-110
39,12.91385188,23.8522317,5,-82,-110,-110,-110,-110,-83,-110,-90,-110,-110,-110,-110,-110,-110,-82,-110,-84,-110,-110,-110,-110,-110,-110,-110,-86,-110,-110,-85,-110,-110,-110,-110,-89,-89,-110,-110,-85,-87,-110,-110,-110,-110,-110,-110,-110,-110,-110,-110,-79,-110,-81,-80,-110,-77,-110,-110,-110,-110,-110,-110,-110,-110,-87,-110,-110,-110,-110,-110,-75,-110,-77,-110,-110,-110,-110,-110,-110,-110,-110,-110,-110,-110,-110,-110,-110,-110,-110,-110,-110,-110,-110,-110,-110,-110,-110,-110,-110,-110,-110,-110,-110,-110,-110,-110,-110,-110,-110,-110,-110,-110,-110,-110,-110,-110,-110,-110,-110,-110,-110,-110,-110,-110,-110,-110,-110,-110,-110,-110,-110,-110,-110,-110,-110,-110,-110,-110,-110,-110,-110,-110,-110,-110,-110,-110,-110,-110,-110,-110,-110,-110,-110,-110,-110,-110,-110,-110,-110,-110,-110,-110,-110,-110,-110,-110,-110,-110,-110,-110,-110,-110,-110,-110,-110,-110,-110,-110,-110,-110,-110,-110,-110,-110,-110,-110,-110,-110,-110,-110,-110,-110,-110,-110,-110,-110,-110,-110,-110,-110,-110,-110,-110,-110,-110,-110,-110,-110,-110,-110,-110,-110,-110,-110,-110,-110,-110,-110,-110,-110,-110,-110,-110,-110,-110,-110,-110,-110,-110,-110,-110,-110,-110,-110,-110,-110,-110,-110,-110,-110,-110,-110,-110,-110,-110,-110,-110,-110,-110,-110,-110,-110,-110,-110,-110,-110,-110,-110,-110,-110,-110,-110,-110,-110,-110,-110,-110,-110,-110,-110,-110,-110,-110,-110,-110,-110,-110,-110,-110,-110,-110,-110,-110,-110,-110,-110,-110,-110,-110,-110,-110,-110,-110,-110,-110,-110,-110,-110,-110,-110,-110,-110,-110,-110,-110,-110,-110,-110,-110,-110,-110,-110,-110,-110,-110,-110,-110,-110,-110,-110,-110,-110,-110,-110,-110,-110,-110,-110,-110,-110,-110,-110,-110,-110,-110,-110,-110,-110,-110,-110,-110,-110,-110,-110,-110,-110,-110,-110,-110,-110,-110,-110,-110,-110,-110,-110,-110,-110,-110,-110,-110,-110,-110,-110,-110,-110,-110,-110,-110,-110,-110,-110,-110,-110,-110,-110,-110,-110,-110,-110,-110,-110,-110,-110,-110,-110,-110,-110,-110,-110,-110,-110,-110,-110,-110,-110,-110,-110,-110,-110,-110,-110,-110,-110,-110,-110,-110,-110,-110,-110,-110,-110,-110,-110,-110,-110,-110,-110,-110,-110,-110,-110,-110,-110,-110,-110,-110,-110,-110,-110,-110,-110,-110,-110,-110,-110,-110,-110,-110,-110,-110,-110,-110,-110,-110,-110,-110,-110,-110,-110,-110,-110,-110,-110,-110,-110,-110,-110,-110,-110,-110,-110,-110,-110,-110,-110,-110,-110,-110,-110,-110,-110,-110,-110,-110,-110,-110,-110,-110,-110,-110,-110,-110,-110,-110,-110,-110,-110,-110,-110,-110,-110,-110,-110,-110,-110,-110,-110,-110,-110,-110,-110,-110,-110,-110,-110,-110,-110,-110,-110,-110,-110,-110,-110,-110,-110,-110,-110,-110,-110,-110,-110,-110,-110,-110,-110,-110,-110,-110,-110,-110,-110,-110,-110,-110,-110,-110,-110,-110,-110,-110,-110,-110,-110,-110,-110,-110,-110,-110,-110,-110,-110,-110,-110,-110,-110,-110,-110,-110,-110,-110,-110,-110,-110,-110,-110,-110,-110,-110,-110,-110,-110,-110,-110,-110,-110,-110,-110,-110,-110,-110,-110,-110,-110,-110,-110,-110,-110,-110,-110,-110,-110,-110,-110,-110,-110,-110,-110,-110,-110,-110,-110,-110,-110,-110,-110,-110,-110,-110,-110,-110,-110,-110,-110,-110,-110,-110,-110,-110,-110,-110,-110
38,8.52431189,23.8522317,5,-89,-110,-110,-92,-110,-110,-110,-93,-110,-110,-110,-110,-110,-110,-72,-110,-73,-110,-110,-110,-110,-110,-110,-110,-110,-110,-110,-110,-110,-110,-110,-110,-110,-110,-110,-110,-110,-110,-110,-110,-110,-110,-110,-110,-110,-110,-110,-110,-74,-110,-73,-78,-110,-77,-110,-110,-110,-110,-110,-110,-110,-110,-110,-110,-110,-110,-110,-110,-69,-110,-110,-110,-110,-110,-110,-110,-110,-110,-110,-110,-110,-110,-110,-110,-110,-110,-110,-110,-110,-110,-110,-110,-110,-110,-110,-110,-110,-110,-110,-110,-110,-110,-110,-110,-110,-110,-110,-110,-110,-110,-110,-110,-110,-110,-110,-110,-110,-110,-110,-110,-110,-110,-110,-110,-110,-110,-110,-110,-110,-110,-110,-110,-110,-110,-110,-110,-110,-110,-110,-110,-110,-110,-110,-110,-110,-110,-110,-110,-110,-110,-110,-110,-110,-110,-110,-110,-110,-110,-110,-110,-110,-110,-110,-110,-110,-110,-110,-110,-110,-110,-110,-110,-110,-110,-110,-110,-110,-110,-110,-110,-110,-110,-110,-110,-110,-110,-110,-110,-91,-110,-110,-110,-110,-110,-110,-110,-110,-110,-110,-110,-110,-110,-110,-110,-110,-110,-110,-110,-110,-110,-110,-110,-110,-110,-110,-110,-110,-110,-110,-110,-110,-110,-110,-110,-110,-110,-110,-110,-110,-110,-110,-110,-110,-110,-110,-110,-110,-110,-110,-110,-110,-110,-110,-110,-110,-110,-110,-110,-110,-110,-110,-110,-110,-110,-110,-110,-110,-110,-110,-110,-110,-110,-110,-110,-110,-110,-110,-110,-110,-110,-110,-110,-110,-110,-110,-110,-110,-110,-110,-110,-110,-110,-110,-110,-110,-110,-110,-110,-110,-110,-110,-110,-110,-110,-110,-110,-110,-110,-110,-110,-110,-110,-110,-110,-110,-110,-110,-110,-110,-110,-110,-110,-110,-110,-110,-110,-110,-110,-110,-110,-110,-110,-110,-110,-110,-110,-110,-110,-110,-110,-110,-110,-110,-110,-110,-110,-110,-110,-110,-110,-110,-110,-110,-110,-110,-110,-110,-110,-110,-110,-110,-110,-110,-110,-110,-110,-110,-110,-110,-110,-110,-110,-110,-110,-110,-110,-110,-110,-110,-110,-110,-110,-110,-110,-110,-110,-110,-110,-110,-110,-110,-110,-110,-110,-110,-110,-110,-110,-110,-110,-110,-110,-110,-110,-110,-110,-110,-110,-110,-110,-110,-110,-110,-110,-110,-110,-110,-110,-110,-110,-110,-110,-110,-110,-110,-110,-110,-110,-110,-110,-110,-110,-110,-110,-110,-110,-110,-110,-110,-110,-110,-110,-110,-110,-110,-110,-110,-110,-110,-110,-110,-110,-110,-110,-110,-110,-110,-110,-110,-110,-110,-110,-110,-110,-110,-110,-110,-110,-110,-110,-110,-110,-110,-110,-110,-110,-110,-110,-110,-110,-110,-110,-110,-110,-110,-110,-110,-110,-110,-110,-110,-110,-110,-110,-110,-110,-110,-110,-110,-110,-110,-110,-110,-110,-110,-110,-110,-110,-110,-110,-110,-110,-110,-110,-110,-110,-110,-110,-110,-110,-110,-110,-110,-110,-110,-110,-110,-110,-110,-110,-110,-110,-110,-110,-110,-110,-110,-110,-110,-110,-110,-110,-110,-110,-110,-110,-110,-110,-110,-110,-110,-110,-110,-110,-110,-110,-110,-110,-110,-110,-110,-110,-110,-110,-110,-110,-110,-110,-110,-110,-110,-110,-110,-110,-110,-110,-110,-110,-110,-110,-110,-110,-110,-110,-110,-110,-110,-110,-110,-110,-110,-110,-110,-110,-110,-110,-110,-110,-110,-110,-110,-110,-110,-110,-110,-110,-110,-110,-110,-110,-110,-110,-110,-110,-110,-110,-110,-110,-110,-110,-110,-110,-110,-110,-110,-110,-110,-110,-110,-110
38,8.52431189,23.8522317,5,-92,-110,-110,-110,-110,-94,-110,-93,-110,-110,-110,-110,-110,-110,-74,-110,-72,-110,-110,-110,-110,-110,-110,-110,-110,-110,-110,-110,-110,-110,-110,-110,-110,-110,-110,-110,-110,-110,-110,-110,-110,-110,-110,-110,-110,-110,-110,-110,-83,-110,-81,-75,-110,-76,-110,-110,-110,-110,-110,-110,-110,-110,-110,-110,-110,-110,-110,-110,-68,-110,-110,-110,-110,-110,-110,-110,-110,-110,-110,-110,-110,-110,-110,-110,-110,-110,-110,-110,-110,-110,-110,-110,-110,-110,-110,-110,-110,-110,-110,-110,-110,-110,-110,-110,-110,-110,-110,-110,-110,-110,-110,-110,-110,-110,-110,-110,-110,-110,-110,-110,-110,-110,-110,-110,-110,-110,-110,-110,-110,-110,-110,-110,-110,-110,-110,-110,-110,-110,-110,-110,-110,-110,-110,-110,-110,-110,-110,-110,-110,-110,-110,-110,-110,-110,-110,-110,-110,-110,-110,-110,-110,-110,-110,-110,-110,-110,-110,-110,-110,-110,-110,-110,-110,-110,-110,-110,-110,-110,-110,-110,-110,-110,-110,-110,-110,-110,-110,-88,-86,-110,-110,-110,-110,-110,-110,-110,-110,-110,-110,-110,-110,-110,-110,-110,-110,-110,-110,-110,-110,-110,-110,-110,-110,-110,-110,-110,-110,-110,-110,-110,-110,-110,-110,-110,-110,-110,-110,-110,-110,-110,-110,-110,-110,-110,-110,-110,-110,-110,-110,-110,-110,-110,-110,-110,-110,-110,-110,-110,-110,-110,-110,-110,-110,-110,-110,-110,-110,-110,-110,-110,-110,-110,-110,-110,-110,-110,-110,-110,-110,-110,-110,-110,-110,-110,-110,-110,-110,-110,-110,-110,-110,-110,-110,-110,-110,-110,-110,-110,-110,-110,-110,-110,-110,-110,-110,-110,-110,-110,-110,-110,-110,-110,-110,-110,-110,-110,-110,-110,-110,-110,-110,-110,-110,-110,-110,-110,-110,-110,-110,-110,-110,-110,-110,-110,-110,-110,-110,-110,-110,-110,-110,-110,-110,-110,-110,-110,-110,-110,-110,-110,-110,-110,-110,-110,-110,-110,-110,-110,-110,-110,-110,-110,-110,-110,-110,-110,-110,-110,-110,-110,-110,-110,-110,-110,-110,-110,-110,-110,-110,-110,-110,-110,-110,-110,-110,-110,-110,-110,-110,-110,-110,-110,-110,-110,-110,-110,-110,-110,-110,-110,-110,-110,-110,-110,-110,-110,-110,-110,-110,-110,-110,-110,-110,-110,-110,-110,-110,-110,-110,-110,-110,-110,-110,-110,-110,-110,-110,-110,-110,-110,-110,-110,-110,-110,-110,-110,-110,-110,-110,-110,-110,-110,-110,-110,-110,-110,-110,-110,-110,-110,-110,-110,-110,-110,-110,-110,-110,-110,-110,-110,-110,-110,-110,-110,-110,-110,-110,-110,-110,-110,-110,-110,-110,-110,-110,-110,-110,-110,-110,-110,-110,-110,-110,-110,-110,-110,-110,-110,-110,-110,-110,-110,-110,-110,-110,-110,-110,-110,-110,-110,-110,-110,-110,-110,-110,-110,-110,-110,-110,-110,-110,-110,-110,-110,-110,-110,-110,-110,-110,-110,-110,-110,-110,-110,-110,-110,-110,-110,-110,-110,-110,-110,-110,-110,-110,-110,-110,-110,-110,-110,-110,-110,-110,-110,-110,-110,-110,-110,-110,-110,-110,-110,-110,-110,-110,-110,-110,-110,-110,-110,-110,-110,-110,-110,-110,-110,-110,-110,-110,-110,-110,-110,-110,-110,-110,-110,-110,-110,-110,-110,-110,-110,-110,-110,-110,-110,-110,-110,-110,-110,-110,-110,-110,-110,-110,-110,-110,-110,-110,-110,-110,-110,-110,-110,-110,-110,-110,-110,-110,-110,-110,-110,-110,-110,-110,-110,-110,-110,-110,-110,-110,-110,-110,-110,-110,-110,-110,-110,-110,-110
38,8.52431189,23.8522317,5,-90,-110,-110,-91,-110,-91,-110,-110,-110,-110,-110,-110,-110,-110,-71,-110,-72,-110,-110,-110,-110,-110,-110,-110,-110,-110,-110,-110,-110,-110,-110,-110,-110,-110,-110,-110,-110,-110,-110,-110,-110,-110,-110,-110,-110,-110,-110,-110,-85,-110,-81,-76,-110,-75,-110,-110,-110,-110,-110,-110,-110,-110,-110,-110,-110,-110,-110,-110,-67,-110,-66,-110,-110,-110,-110,-110,-110,-110,-110,-110,-110,-110,-110,-110,-110,-110,-110,-110,-110,-110,-110,-110,-110,-110,-110,-110,-110,-110,-110,-110,-110,-110,-110,-110,-110,-110,-110,-110,-110,-110,-110,-110,-110,-110,-110,-110,-110,-110,-110,-110,-110,-110,-110,-110,-110,-110,-110,-110,-110,-110,-110,-110,-110,-110,-110,-110,-110,-110,-110,-110,-110,-110,-110,-110,-110,-110,-110,-110,-110,-110,-110,-110,-110,-110,-110,-110,-110,-110,-110,-110,-110,-110,-110,-110,-110,-110,-110,-110,-110,-110,-110,-110,-110,-110,-110,-110,-110,-110,-110,-110,-110,-110,-110,-110,-110,-110,-110,-90,-110,-110,-110,-110,-110,-110,-110,-110,-110,-110,-110,-110,-110,-110,-110,-110,-110,-110,-110,-110,-110,-110,-110,-110,-110,-110,-110,-110,-110,-110,-110,-110,-110,-110,-110,-110,-110,-110,-110,-110,-110,-110,-110,-110,-110,-110,-110,-110,-110,-110,-110,-110,-110,-110,-110,-110,-110,-110,-110,-110,-110,-110,-110,-110,-110,-110,-110,-110,-110,-110,-110,-110,-110,-110,-110,-110,-110,-110,-110,-110,-110,-110,-110,-110,-110,-110,-110,-110,-110,-110,-110,-110,-110,-110,-110,-110,-110,-110,-110,-110,-110,-110,-110,-110,-110,-110,-110,-110,-110,-110,-110,-110,-110,-110,-110,-110,-110,-110,-110,-110,-110,-110,-110,-110,-110,-110,-110,-110,-110,-110,-110,-110,-110,-110,-110,-110,-110,-110,-110,-110,-110,-110,-110,-110,-110,-110,-110,-110,-110,-110,-110,-110,-110,-110,-110,-110,-110,-110,-110,-110,-110,-110,-110,-110,-110,-110,-110,-110,-110,-110,-110,-110,-110,-110,-110,-110,-110,-110,-110,-110,-110,-110,-110,-110,-110,-110,-110,-110,-110,-110,-110,-110,-110,-110,-110,-110,-110,-110,-110,-110,-110,-110,-110,-110,-110,-110,-110,-110,-110,-110,-110,-110,-110,-110,-110,-110,-110,-110,-110,-110,-110,-110,-110,-110,-110,-110,-110,-110,-110,-110,-110,-110,-110,-110,-110,-110,-110,-110,-110,-110,-110,-110,-110,-110,-110,-110,-110,-110,-110,-110,-110,-110,-110,-110,-110,-110,-110,-110,-110,-110,-110,-110,-110,-110,-110,-110,-110,-110,-110,-110,-110,-110,-110,-110,-110,-110,-110,-110,-110,-110,-110,-110,-110,-110,-110,-110,-110,-110,-110,-110,-110,-110,-110,-110,-110,-110,-110,-110,-110,-110,-110,-110,-110,-110,-110,-110,-110,-110,-110,-110,-110,-110,-110,-110,-110,-110,-110,-110,-110,-110,-110,-110,-110,-110,-110,-110,-110,-110,-110,-110,-110,-110,-110,-110,-110,-110,-110,-110,-110,-110,-110,-110,-110,-110,-110,-110,-110,-110,-110,-110,-110,-110,-110,-110,-110,-110,-110,-110,-110,-110,-110,-110,-110,-110,-110,-110,-110,-110,-110,-110,-110,-110,-110,-110,-110,-110,-110,-110,-110,-110,-110,-110,-110,-110,-110,-110,-110,-110,-110,-110,-110,-110,-110,-110,-110,-110,-110,-110,-110,-110,-110,-110,-110,-110,-110,-110,-110,-110,-110,-110,-110,-110,-110,-110,-110,-110,-110,-110,-110,-110,-110,-110,-110,-110,-110,-110,-110,-110,-110,-110,-110,-110
38,8.52431189,23.8522317,5,-91,-110,-110,-110,-110,-92,-110,-91,-110,-110,-110,-110,-110,-110,-70,-110,-72,-110,-110,-110,-110,-110,-110,-110,-110,-110,-110,-110,-110,-110,-110,-110,-110,-110,-110,-110,-110,-110,-110,-110,-110,-110,-110,-110,-110,-110,-110,-110,-80,-110,-82,-76,-110,-76,-110,-110,-110,-110,-110,-110,-110,-110,-110,-110,-110,-110,-110,-110,-68,-110,-110,-110,-110,-110,-110,-110,-110,-110,-110,-110,-110,-110,-110,-110,-110,-110,-110,-110,-110,-110,-110,-110,-110,-110,-110,-110,-110,-110,-110,-110,-110,-110,-110,-110,-110,-110,-110,-110,-110,-110,-110,-110,-110,-110,-110,-110,-110,-110,-110,-110,-110,-110,-110,-110,-110,-110,-110,-110,-110,-110,-110,-110,-110,-110,-110,-110,-110,-110,-110,-110,-110,-110,-110,-110,-110,-110,-110,-110,-110,-110,-110,-110,-110,-110,-110,-110,-110,-110,-110,-110,-110,-110,-110,-110,-110,-110,-110,-110,-110,-110,-110,-110,-110,-110,-110,-110,-110,-110,-110,-110,-110,-110,-110,-110,-110,-110,-110,-90,-89,-110,-110,-110,-110,-110,-110,-110,-110,-110,-110,-110,-110,-110,-110,-110,-110,-110,-110,-110,-110,-110,-110,-110,-110,-110,-110,-110,-110,-110,-110,-110,-110,-110,-110,-110,-110,-110,-110,-110,-110,-110,-110,-110,-110,-110,-110,-110,-110,-110,-110,-110,-110,-110,-110,-110,-110,-110,-110,-110,-110,-110,-110,-110,-110,-110,-110,-110,-110,-110,-110,-110,-110,-110,-110,-110,-110,-110,-110,-110,-110,-110,-110,-110,-110,-110,-110,-110,-110,-110,-110,-110,-110,-110,-110,-110,-110,-110,-110,-110,-110,-110,-110,-110,-110,-110,-110,-110,-110,-110,-110,-110,-110,-110,-110,-110,-110,-110,-110,-110,-110,-110,-110,-110,-110,-110,-110,-110,-110,-110,-110,-110,-110,-110,-110,-110,-110,-110,-110,-110,-110,-110,-110,-110,-110,-110,-110,-110,-110,-110,-110,-110,-110,-110,-110,-110,-110,-110,-110,-110,-110,-110,-110,-110,-110,-110,-110,-110,-110,-110,-110,-110,-110,-110,-110,-110,-110,-110,-110,-110,-110,-110,-110,-110,-110,-110,-110,-110,-110,-110,-110,-110,-110,-110,-110,-110,-110,-110,-110,-110,-110,-110,-110,-110,-110,-110,-110,-110,-110,-110,-110,-110,-110,-110,-110,-110,-110,-110,-110,-110,-110,-110,-110,-110,-110,-110,-110,-110,-110,-110,-110,-110,-110,-110,-110,-110,-110,-110,-110,-110,-110,-110,-110,-110,-110,-110,-110,-110,-110,-110,-110,-110,-110,-110,-110,-110,-110,-110,-110,-110,-110,-110,-110,-110,-110,-110,-110,-110,-110,-110,-110,-110,-110,-110,-110,-110,-110,-110,-110,-110,-110,-110,-110,-110,-110,-110,-110,-110,-110,-110,-110,-110,-110,-110,-110,-110,-110,-110,-110,-110,-110,-110,-110,-110,-110,-110,-110,-110,-110,-110,-110,-110,-110,-110,-110,-110,-110,-110,-110,-110,-110,-110,-110,-110,-110,-110,-110,-110,-110,-110,-110,-110,-110,-110,-110,-110,-110,-110,-110,-110,-110,-110,-110,-110,-110,-110,-110,-110,-110,-110,-110,-110,-110,-110,-110,-110,-110,-110,-110,-110,-110,-110,-110,-110,-110,-110,-110,-110,-110,-110,-110,-110,-110,-110,-110,-110,-110,-110,-110,-110,-110,-110,-110,-110,-110,-110,-110,-110,-110,-110,-110,-110,-110,-110,-110,-110,-110,-110,-110,-110,-110,-110,-110,-110,-110,-110,-110,-110,-110,-110,-110,-110,-110,-110,-110,-110,-110,-110,-110,-110,-110,-110,-110,-110,-110,-110,-110,-110,-110,-110,-110,-110
38,8.52431189,23.8522317,5,-88,-110,-110,-90,-110,-90,-110,-93,-110,-110,-110,-110,-110,-110,-72,-110,-70,-110,-110,-110,-110,-110,-110,-110,-110,-110,-110,-110,-110,-110,-110,-110,-110,-110,-110,-110,-110,-110,-110,-110,-110,-110,-110,-110,-110,-110,-110,-110,-83,-110,-83,-77,-110,-75,-110,-110,-110,-110,-110,-110,-110,-110,-110,-110,-110,-110,-110,-110,-67,-110,-67,-110,-110,-110,-110,-110,-110,-110,-110,-110,-110,-110,-110,-110,-110,-110,-110,-110,-110,-110,-110,-110,-110,-110,-110,-110,-110,-110,-110,-110,-110,-110,-110,-110,-110,-110,-110,-110,-110,-110,-110,-110,-110,-110,-110,-110,-110,-110,-110,-110,-110,-110,-110,-110,-110,-110,-110,-110,-110,-110,-110,-110,-110,-110,-110,-110,-110,-110,-110,-110,-110,-110,-110,-110,-110,-110,-110,-110,-110,-110,-110,-110,-110,-110,-110,-110,-110,-110,-110,-110,-110,-110,-110,-110,-110,-110,-110,-110,-110,-110,-110,-110,-110,-110,-110,-110,-110,-110,-110,-110,-110,-110,-110,-110,-110,-110,-110,-110,-110,-110,-110,-110,-110,-110,-110,-110,-110,-110,-110,-110,-110,-110,-110,-110,-110,-110,-110,-110,-110,-110,-110,-110,-110,-110,-110,-110,-110,-110,-110,-110,-110,-110,-110,-110,-110,-110,-110,-110,-110,-110,-110,-110,-110,-110,-110,-110,-110,-110,-110,-110,-110,-110,-110,-110,-110,-110,-110,-110,-110,-110,-110,-110,-110,-110,-110,-110,-110,-110,-110,-110,-110,-110,-110,-110,-110,-110,-110,-110,-110,-110,-110,-110,-110,-110,-110,-110,-110,-110,-110,-110,-110,-110,-110,-110,-110,-110,-110,-110,-110,-110,-110,-110,-110,-110,-110,-110,-110,-110,-110,-110,-110,-110,-110,-110,-110,-110,-110,-110,-110,-110,-110,-110,-110,-110,-110,-110,-110,-110,-110,-110,-110,-110,-110,-110,-110,-110,-110,-110,-110,-110,-110,-110,-110,-110,-110,-110,-110,-110,-110,-110,-110,-110,-110,-110,-110,-110,-110,-110,-110,-110,-110,-110,-110,-110,-110,-110,-110,-110,-110,-110,-110,-110,-110,-110,-110,-110,-110,-110,-110,-110,-110,-110,-110,-110,-110,-110,-110,-110,-110,-110,-110,-110,-110,-110,-110,-110,-110,-110,-110,-110,-110,-110,-110,-110,-110,-110,-110,-110,-110,-110,-110,-110,-110,-110,-110,-110,-110,-110,-110,-110,-110,-110,-110,-110,-110,-110,-110,-110,-110,-110,-110,-110,-110,-110,-110,-110,-110,-110,-110,-110,-110,-110,-110,-110,-110,-110,-110,-110,-110,-110,-110,-110,-110,-110,-110,-110,-110,-110,-110,-110,-110,-110,-110,-110,-110,-110,-110,-110,-110,-110,-110,-110,-110,-110,-110,-110,-110,-110,-110,-110,-110,-110,-110,-110,-110,-110,-110,-110,-110,-110,-110,-110,-110,-110,-110,-110,-110,-110,-110,-110,-110,-110,-110,-110,-110,-110,-110,-110,-110,-110,-110,-110,-110,-110,-110,-110,-110,-110,-110,-110,-110,-110,-110,-110,-110,-110,-110,-110,-110,-110,-110,-110,-110,-110,-110,-110,-110,-110,-110,-110,-110,-110,-110,-110,-110,-110,-110,-110,-110,-110,-110,-110,-110,-110,-110,-110,-110,-110,-110,-110,-110,-110,-110,-110,-110,-110,-110,-110,-110,-110,-110,-110,-110,-110,-110,-110,-110,-110,-110,-110,-110,-110,-110,-110,-110,-110,-110,-110,-110,-110,-110,-110,-110,-110,-110,-110,-110,-110,-110,-110,-110,-110,-110,-110,-110,-110,-110,-110,-110,-110,-110,-110,-110,-110,-110,-110,-110,-110,-110,-110,-110,-110,-110,-110,-110,-110,-110,-110,-110,-110
38,8.52431189,23.8522317,5,-89,-110,-110,-89,-110,-89,-110,-90,-110,-110,-110,-110,-110,-110,-70,-110,-71,-110,-110,-110,-110,-110,-110,-110,-110,-110,-110,-110,-110,-110,-110,-110,-110,-110,-110,-110,-110,-110,-110,-110,-110,-110,-110,-110,-110,-110,-110,-110,-83,-110,-84,-75,-110,-74,-110,-110,-110,-110,-110,-110,-110,-110,-110,-110,-110,-110,-110,-110,-66,-110,-110,-110,-110,-110,-110,-110,-110,-110,-110,-110,-110,-110,-110,-110,-110,-110,-110,-110,-110,-110,-110,-110,-110,-110,-110,-110,-110,-110,-110,-110,-110,-110,-110,-110,-110,-110,-110,-110,-110,-110,-110,-110,-110,-110,-110,-110,-110,-110,-110,-110,-110,-110,-110,-110,-110,-110,-110,-110,-110,-110,-110,-110,-110,-110,-110,-110,-110,-110,-110,-110,-110,-110,-110,-110,-110,-110,-110,-110,-110,-110,-110,-110,-110,-110,-110,-110,-110,-110,-110,-110,-110,-110,-110,-110,-110,-110,-110,-110,-110,-110,-110,-110,-110,-110,-110,-110,-110,-110,-110,-110,-110,-110,-110,-110,-110,-110,-110,-85,-110,-110,-110,-110,-110,-110,-110,-110,-110,-110,-110,-110,-110,-110,-110,-110,-110,-110,-110,-110,-110,-110,-110,-110,-110,-110,-110,-110,-110,-110,-110,-110,-110,-110,-110,-110,-110,-110,-110,-110,-110,-110,-110,-110,-110,-110,-110,-110,-110,-110,-110,-110,-110,-110,-110,-110,-110,-110,-110,-110,-110,-110,-110,-110,-110,-110,-110,-110,-110,-110,-110,-110,-110,-110,-110,-110,-110,-110,-110,-110,-110,-110,-110,-110,-110,-110,-110,-110,-110,-110,-110,-110,-110,-110,-110,-110,-110,-110,-110,-110,-110,-110,-110,-110,-110,-110,-110,-110,-110,-110,-110,-110,-110,-110,-110,-110,-110,-110,-110,-110,-110,-110,-110,-110,-110,-110,-110,-110,-110,-110,-110,-110,-110,-110,-110,-110,-110,-110,-110,-110,-110,-110,-110,-110,-110,-110,-110,-110,-110,-110,-110,-110,-110,-110,-110,-110,-110,-110,-110,-110,-110,-110,-110,-110,-110,-110,-110,-110,-110,-110,-110,-110,-110,-110,-110,-110,-110,-110,-110,-110,-110,-110,-110,-110,-110,-110,-110,-110,-110,-110,-110,-110,-110,-110,-110,-110,-110,-110,-110,-110,-110,-110,-110,-110,-110,-110,-110,-110,-110,-110,-110,-110,-110,-110,-110,-110,-110,-110,-110,-110,-110,-110,-110,-110,-110,-110,-110,-110,-110,-110,-110,-110,-110,-110,-110,-110,-110,-110,-110,-110,-110,-110,-110,-110,-110,-110,-110,-110,-110,-110,-110,-110,-110,-110,-110,-110,-110,-110,-110,-110,-110,-110,-110,-110,-110,-110,-110,-110,-110,-110,-110,-110,-110,-110,-110,-110,-110,-110,-110,-110,-110,-110,-110,-110,-110,-110,-110,-110,-110,-110,-110,-110,-110,-110,-110,-110,-110,-110,-110,-110,-110,-110,-110,-110,-110,-110,-110,-110,-110,-110,-110,-110,-110,-110,-110,-110,-110,-110,-110,-110,-110,-110,-110,-110,-110,-110,-110,-110,-110,-110,-110,-110,-110,-110,-110,-110,-110,-110,-110,-110,-110,-110,-110,-110,-110,-110,-110,-110,-110,-110,-110,-110,-110,-110,-110,-110,-110,-110,-110,-110,-110,-110,-110,-110,-110,-110,-110,-110,-110,-110,-110,-110,-110,-110,-110,-110,-110,-110,-110,-110,-110,-110,-110,-110,-110,-110,-110,-110,-110,-110,-110,-110,-110,-110,-110,-110,-110,-110,-110,-110,-110,-110,-110,-110,-110,-110,-110,-110,-110,-110,-110,-110,-110,-110,-110,-110,-110,-110,-110,-110,-110,-110,-110,-110,-110,-110,-110,-110,-110,-110,-110,-110
37,4.1347719,23.8522317,5,-110,-110,-110,-110,-110,-110,-110,-110,-110,-110,-110,-110,-110,-110,-78,-110,-79,-110,-110,-110,-110,-110,-110,-110,-110,-110,-110,-110,-110,-110,-110,-110,-110,-110,-110,-92,-110,-89,-110,-110,-110,-110,-110,-110,-110,-110,-110,-110,-87,-110,-87,-77,-110,-78,-110,-110,-110,-110,-110,-110,-110,-110,-110,-110,-110,-110,-110,-110,-81,-110,-110,-110,-110,-83,-110,-110,-110,-110,-110,-90,-110,-110,-110,-110,-110,-110,-110,-110,-110,-110,-110,-110,-110,-110,-110,-110,-110,-110,-110,-110,-110,-110,-110,-110,-110,-110,-110,-110,-110,-110,-110,-110,-110,-110,-110,-110,-110,-110,-110,-110,-110,-110,-110,-110,-110,-110,-110,-110,-110,-110,-110,-110,-110,-110,-110,-110,-110,-110,-110,-110,-110,-110,-110,-110,-110,-110,-110,-110,-110,-110,-110,-110,-110,-110,-110,-110,-110,-110,-110,-110,-110,-110,-110,-110,-110,-110,-110,-110,-110,-110,-110,-110,-110,-110,-110,-110,-110,-110,-110,-110,-110,-110,-110,-110,-110,-110,-110,-110,-110,-110,-110,-110,-110,-110,-110,-110,-110,-110,-110,-110,-110,-110,-110,-110,-110,-110,-110,-110,-110,-110,-110,-110,-110,-110,-110,-110,-110,-110,-110,-110,-110,-110,-110,-110,-110,-110,-110,-110,-110,-110,-110,-110,-110,-110,-110,-110,-110,-110,-110,-110,-110,-110,-110,-110,-110,-110,-110,-110,-110,-110,-110,-110,-110,-110,-110,-110,-110,-110,-110,-110,-110,-110,-110,-110,-110,-110,-110,-110,-110,-110,-110,-110,-110,-110,-110,-110,-110,-110,-110,-110,-110,-110,-110,-110,-110,-110,-110,-110,-110,-110,-110,-110,-110,-110,-110,-110,-110,-110,-110,-110,-110,-110,-110,-110,-110,-110,-110,-110,-110,-110,-110,-110,-110,-110,-110,-110,-110,-110,-110,-110,-110,-110,-110,-110,-110,-110,-110,-110,-110,-110,-110,-110,-110,-110,-110,-110,-110,-110,-110,-110,-110,-110,-110,-110,-110,-110,-110,-110,-110,-110,-110,-110,-110,-110,-110,-110,-110,-110,-110,-110,-110,-110,-110,-110,-110,-110,-110,-110,-110,-110,-110,-110,-110,-110,-110,-110,-110,-110,-110,-110,-110,-110,-110,-110,-110,-110,-110,-110,-110,-110,-110,-110,-110,-110,-110,-110,-110,-110,-110,-110,-110,-110,-110,-110,-110,-110,-110,-110,-110,-110,-110,-110,-110,-110,-110,-110,-110,-110,-110,-110,-110,-110,-110,-110,-110,-110,-110,-110,-110,-110,-110,-110,-110,-110,-110,-110,-110,-110,-110,-110,-110,-110,-110,-110,-110,-110,-110,-110,-110,-110,-110,-110,-110,-110,-110,-110,-110,-110,-110,-110,-110,-110,-110,-110,-110,-110,-110,-110,-110,-110,-110,-110,-110,-110,-110,-110,-110,-110,-110,-110,-110,-110,-110,-110,-110,-110,-110,-110,-110,-110,-110,-110,-110,-110,-110,-110,-110,-110,-110,-110,-110,-110,-110,-110,-110,-110,-110,-110,-110,-110,-110,-110,-110,-110,-110,-110,-110,-110,-110,-110,-110,-110,-110,-110,-110,-110,-110,-110,-110,-110,-110,-110,-110,-110,-110,-110,-110,-110,-110,-110,-110,-110,-110,-110,-110,-110,-110,-110,-110,-110,-110,-110,-110,-110,-110,-110,-110,-110,-110,-110,-110,-110,-110,-110,-110,-110,-110,-110,-110,-110,-110,-110,-110,-110,-110,-110,-110,-110,-110,-110,-110,-110,-110,-110,-110,-110,-110,-110,-110,-110,-110,-110,-110,-110,-110,-110,-110,-110,-110,-110,-110,-110,-110,-110,-110,-110,-110,-110,-110,-110,-110,-110,-110,-110,-110,-110,-110,-110,-110,-110
37,4.1347719,23.8522317,5,-110,-110,-110,-110,-110,-110,-110,-110,-110,-110,-110,-110,-110,-110,-78,-110,-78,-110,-110,-110,-110,-110,-110,-110,-110,-110,-110,-110,-110,-110,-110,-110,-110,-110,-110,-92,-110,-110,-88,-110,-110,-110,-110,-110,-110,-110,-110,-110,-110,-110,-85,-79,-110,-79,-110,-110,-110,-110,-110,-110,-110,-110,-110,-110,-110,-110,-110,-110,-82,-110,-84,-110,-110,-86,-110,-110,-110,-110,-94,-110,-110,-110,-110,-110,-110,-110,-110,-110,-110,-110,-110,-110,-110,-110,-110,-110,-110,-110,-110,-110,-110,-110,-110,-110,-110,-110,-110,-110,-110,-110,-110,-110,-110,-110,-110,-110,-110,-110,-110,-110,-110,-110,-110,-110,-110,-110,-110,-110,-110,-110,-110,-110,-110,-110,-110,-110,-110,-110,-110,-110,-110,-110,-110,-110,-110,-110,-110,-110,-110,-110,-110,-110,-110,-110,-110,-110,-110,-110,-110,-110,-110,-110,-110,-110,-110,-110,-110,-110,-110,-110,-110,-110,-110,-110,-110,-110,-110,-110,-110,-110,-110,-110,-110,-110,-110,-110,-110,-110,-110,-110,-110,-110,-110,-110,-110,-110,-110,-110,-110,-110,-110,-110,-110,-110,-110,-110,-110,-110,-110,-110,-110,-110,-110,-110,-110,-110,-110,-110,-110,-110,-110,-110,-110,-110,-110,-110,-110,-110,-110,-110,-110,-110,-110,-110,-110,-110,-110,-110,-110,-110,-110,-110,-110,-110,-110,-110,-110,-110,-110,-110,-110,-110,-110,-110,-110,-110,-110,-110,-110,-110,-110,-110,-110,-110,-110,-110,-110,-110,-110,-110,-110,-110,-110,-110,-110,-110,-110,-110,-110,-110,-110,-110,-110,-110,-110,-110,-110,-110,-110,-110,-110,-110,-110,-110,-110,-110,-110,-110,-110,-110,-110,-110,-110,-110,-110,-110,-110,-110,-110,-110,-110,-110,-110,-110,-110,-110,-110,-110,-110,-110,-110,-110,-110,-110,-110,-110,-110,-110,-110,-110,-110,-110,-110,-110,-110,-110,-110,-110,-110,-110,-110,-110,-110,-110,-110,-110,-110,-110,-110,-110,-110,-110,-110,-110,-110,-110,-110,-110,-110,-110,-110,-110,-110,-110,-110,-110,-110,-110,-110,-110,-110,-110,-110,-110,-110,-110,-110,-110,-110,-110,-110,-110,-110,-110,-110,-110,-110,-110,-110,-110,-110,-110,-110,-110,-110,-110,-110,-110,-110,-110,-110,-110,-110,-110,-110,-110,-110,-110,-110,-110,-110,-110,-110,-110,-110,-110,-110,-110,-110,-110,-110,-110,-110,-110,-110,-110,-110,-110,-110,-110,-110,-110,-110,-110,-110,-110,-110,-110,-110,-110,-110,-110,-110,-110,-110,-110,-110,-110,-110,-110,-110,-110,-110,-110,-110,-110,-110,-110,-110,-110,-110,-110,-110,-110,-110,-110,-110,-110,-110,-110,-110,-110,-110,-110,-110,-110,-110,-110,-110,-110,-110,-110,-110,-110,-110,-110,-110,-110,-110,-110,-110,-110,-110,-110,-110,-110,-110,-110,-110,-110,-110,-110,-110,-110,-110,-110,-110,-110,-110,-110,-110,-110,-110,-110,-110,-110,-110,-110,-110,-110,-110,-110,-110,-110,-110,-110,-110,-110,-110,-110,-110,-110,-110,-110,-110,-110,-110,-110,-110,-110,-110,-110,-110,-110,-110,-110,-110,-110,-110,-110,-110,-110,-110,-110,-110,-110,-110,-110,-110,-110,-110,-110,-110,-110,-110,-110,-110,-110,-110,-110,-110,-110,-110,-110,-110,-110,-110,-110,-110,-110,-110,-110,-110,-110,-110,-110,-110,-110,-110,-110,-110,-110,-110,-110,-110,-110,-110,-110,-110,-110,-110,-110,-110,-110,-110,-110,-110,-110,-110,-110,-110,-110,-110,-110,-110,-110,-110,-110,-110,-110
37,4.1347719,23.8522317,5,-110,-110,-89,-110,-110,-110,-90,-110,-110,-110,-110,-110,-110,-110,-77,-110,-79,-110,-110,-110,-110,-110,-110,-110,-110,-110,-110,-110,-110,-110,-110,-110,-110,-110,-110,-110,-110,-89,-110,-110,-110,-110,-110,-110,-110,-110,-110,-110,-90,-110,-88,-80,-110,-81,-110,-110,-110,-110,-110,-110,-110,-110,-110,-110,-110,-110,-110,-110,-80,-110,-85,-110,-110,-86,-110,-110,-110,-110,-110,-110,-110,-110,-110,-110,-110,-110,-110,-110,-110,-110,-110,-110,-110,-110,-110,-110,-110,-110,-110,-110,-110,-110,-110,-110,-110,-110,-110,-110,-110,-110,-110,-110,-110,-110,-110,-110,-110,-110,-110,-110,-110,-110,-110,-110,-110,-110,-110,-110,-110,-110,-110,-110,-110,-110,-110,-110,-110,-110,-110,-110,-110,-110,-110,-110,-110,-110,-110,-110,-110,-110,-110,-110,-110,-110,-110,-110,-110,-110,-110,-110,-110,-110,-110,-110,-110,-110,-110,-110,-110,-110,-110,-110,-110,-110,-110,-110,-110,-110,-110,-110,-110,-110,-110,-110,-110,-110,-110,-110,-110,-110,-110,-110,-110,-110,-110,-110,-110,-110,-110,-110,-110,-110,-110,-110,-110,-110,-110,-110,-110,-110,-110,-110,-110,-110,-110,-110,-110,-110,-110,-110,-110,-110,-110,-110,-110,-110,-110,-110,-110,-110,-110,-110,-110,-110,-110,-110,-110,-110,-110,-110,-110,-110,-110,-110,-110,-110,-110,-110,-110,-110,-110,-110,-110,-110,-110,-110,-110,-110,-110,-110,-110,-110,-110,-110,-110,-110,-110,-110,-110,-110,-110,-110,-110,-110,-110,-110,-110,-110,-110,-110,-110,-110,-110,-110,-110,-110,-110,-110,-110,-110,-110,-110,-110,-110,-110,-110,-110,-110,-110,-110,-110,-110,-110,-110,-110,-110,-110,-110,-110,-110,-110,-110,-110,-110,-110,-110,-110,-110,-110,-110,-110,-110,-110,-110,-110,-110,-110,-110,-110,-110,-110,-110,-110,-110,-110,-110,-110,-110,-110,-110,-110,-110,-110,-110,-110,-110,-110,-110,-110,-110,-110,-110,-110,-110,-110,-110,-110,-110,-110,-110,-110,-110,-110,-110,-110,-110,-110,-110,-110,-110,-110,-110,-110,-110,-110,-110,-110,-110,-110,-110,-110,-110,-110,-110,-110,-110,-110,-110,-110,-110,-110,-110,-110,-110,-110,-110,-110,-110,-110,-110,-110,-110,-110,-110,-110,-110,-110,-110,-110,-110,-110,-110,-110,-110,-110,-110,-110,-110,-110,-110,-110,-110,-110,-110,-110,-110,-110,-110,-110,-110,-110,-110,-110,-110,-110,-110,-110,-110,-110,-110,-110,-110,-110,-110,-110,-110,-110,-110,-110,-110,-110,-110,-110,-110,-110,-110,-110,-110,-110,-110,-110,-110,-110,-110,-110,-110,-110,-110,-110,-110,-110,-110,-110,-110,-110,-110,-110,-110,-110,-110,-110,-110,-110,-110,-110,-110,-110,-110,-110,-110,-110,-110,-110,-110,-110,-110,-110,-110,-110,-110,-110,-110,-110,-110,-110,-110,-110,-110,-110,-110,-110,-110,-110,-110,-110,-110,-110,-110,-110,-110,-110,-110,-110,-110,-110,-110,-110,-110,-110,-110,-110,-110,-110,-110,-110,-110,-110,-110,-110,-110,-110,-110,-110,-110,-110,-110,-110,-110,-110,-110,-110,-110,-110,-110,-110,-110,-110,-110,-110,-110,-110,-110,-110,-110,-110,-110,-110,-110,-110,-110,-110,-110,-110,-110,-110,-110,-110,-110,-110,-110,-110,-110,-110,-110,-110,-110,-110,-110,-110,-110,-110,-110,-110,-110,-110,-110,-110,-110,-110,-110,-110,-110,-110,-110,-110,-110,-110,-110,-110,-110,-110,-110,-110,-110,-110,-110,-110,-110,-110,-110
37,4.1347719,23.8522317,5,-110,-110,-87,-110,-110,-110,-86,-110,-110,-110,-110,-110,-110,-110,-76,-110,-76,-110,-110,-110,-110,-110,-110,-110,-110,-110,-110,-110,-110,-110,-110,-110,-110,-110,-110,-91,-110,-110,-110,-110,-110,-110,-110,-110,-110,-110,-110,-110,-84,-110,-85,-78,-110,-79,-110,-110,-110,-110,-110,-110,-110,-110,-110,-110,-110,-110,-110,-110,-84,-110,-110,-110,-110,-110,-110,-110,-110,-110,-110,-110,-110,-110,-110,-110,-110,-110,-110,-110,-110,-110,-110,-110,-110,-110,-110,-110,-110,-110,-110,-110,-110,-110,-110,-110,-110,-110,-110,-110,-110,-110,-110,-110,-110,-110,-110,-110,-110,-110,-110,-110,-110,-110,-110,-110,-110,-110,-110,-110,-110,-110,-110,-110,-110,-110,-110,-110,-110,-110,-110,-110,-110,-110,-110,-110,-110,-110,-110,-110,-110,-110,-110,-110,-110,-110,-110,-110,-110,-110,-110,-110,-110,-110,-110,-110,-110,-110,-110,-110,-110,-110,-110,-110,-110,-110,-110,-110,-110,-110,-110,-110,-110,-110,-110,-110,-110,-110,-110,-110,-110,-110,-110,-110,-110,-110,-110,-110,-110,-110,-110,-110,-110,-110,-110,-110,-110,-110,-110,-110,-110,-110,-110,-110,-110,-110,-110,-110,-110,-110,-110,-110,-110,-110,-110,-110,-110,-110,-110,-110,-110,-110,-110,-110,-110,-110,-110,-110,-110,-110,-110,-110,-110,-110,-110,-110,-110,-110,-110,-110,-110,-110,-110,-110,-110,-110,-110,-110,-110,-110,-110,-110,-110,-110,-110,-110,-110,-110,-110,-110,-110,-110,-110,-110,-110,-110,-110,-110,-110,-110,-110,-110,-110,-110,-110,-110,-110,-110,-110,-110,-110,-110,-110,-110,-110,-110,-110,-110,-110,-110,-110,-110,-110,-110,-110,-110,-110,-110,-110,-110,-110,-110,-110,-110,-110,-110,-110,-110,-110,-110,-110,-110,-110,-110,-110,-110,-110,-110,-110,-110,-110,-110,-110,-110,-110,-110,-110,-110,-110,-110,-110,-110,-110,-110,-110,-110,-110,-110,-110,-110,-110,-110,-110,-110,-110,-110,-110,-110,-110,-110,-110,-110,-110,-110,-110,-110,-110,-110,-110,-110,-110,-110,-110,-110,-110,-110,-110,-110,-110,-110,-110,-110,-110,-110,-110,-110,-110,-110,-110,-110,-110,-110,-110,-110,-110,-110,-110,-110,-110,-110,-110,-110,-110,-110,-110,-110,-110,-110,-110,-110,-110,-110,-110,-110,-110,-110,-110,-110,-110,-110,-110,-110,-110,-110,-110,-110,-110,-110,-110,-110,-110,-110,-110,-110,-110,-110,-110,-110,-110,-110,-110,-110,-110,-110,-110,-110,-110,-110,-110,-110,-110,-110,-110,-110,-110,-110,-110,-110,-110,-110,-110,-110,-110,-110,-110,-110,-110,-110,-110,-110,-110,-110,-110,-110,-110,-110,-110,-110,-110,-110,-110,-110,-110,-110,-110,-110,-110,-110,-110,-110,-110,-110,-110,-110,-110,-110,-110,-110,-110,-110,-110,-110,-110,-110,-110,-110,-110,-110,-110,-110,-110,-110,-110,-110,-110,-110,-110,-110,-110,-110,-110,-110,-110,-110,-110,-110,-110,-110,-110,-110,-110,-110,-110,-110,-110,-110,-110,-110,-110,-110,-110,-110,-110,-110,-110,-110,-110,-110,-110,-110,-110,-110,-110,-110,-110,-110,-110,-110,-110,-110,-110,-110,-110,-110,-110,-110,-110,-110,-110,-110,-110,-110,-110,-110,-110,-110,-110,-110,-110,-110,-110,-110,-110,-110,-110,-110,-110,-110,-110,-110,-110,-110,-110,-110,-110,-110,-110,-110,-110,-110,-110,-110,-110,-110,-110,-110,-110,-110,-110,-110,-110,-110,-110,-110,-110,-110,-110,-110,-110,-110,-110,-110
37,4.1347719,23.8522317,5,-110,-110,-88,-110,-110,-110,-110,-110,-110,-110,-110,-110,-110,-110,-75,-110,-75,-110,-110,-110,-110,-110,-110,-90,-110,-110,-110,-110,-110,-110,-110,-110,-110,-110,-110,-110,-110,-110,-110,-110,-110,-110,-86,-110,-110,-110,-110,-110,-86,-110,-86,-77,-110,-78,-110,-110,-110,-110,-110,-110,-110,-110,-110,-110,-110,-110,-110,-110,-83,-110,-82,-110,-110,-87,-110,-110,-110,-110,-110,-90,-110,-110,-110,-110,-110,-110,-110,-110,-110,-110,-110,-110,-110,-110,-110,-110,-110,-110,-110,-110,-110,-110,-110,-110,-110,-110,-110,-110,-110,-110,-110,-110,-110,-110,-110,-110,-110,-110,-110,-110,-110,-110,-110,-110,-110,-110,-110,-110,-110,-110,-110,-110,-110,-110,-110,-110,-110,-110,-110,-110,-110,-110,-110,-110,-110,-110,-110,-110,-110,-110,-110,-110,-110,-110,-110,-110,-110,-110,-110,-110,-110,-110,-110,-110,-110,-110,-110,-110,-110,-110,-110,-110,-110,-110,-110,-110,-110,-110,-110,-110,-110,-110,-110,-110,-110,-110,-110,-110,-110,-110,-110,-110,-110,-110,-110,-110,-110,-110,-110,-110,-110,-110,-110,-110,-110,-110,-110,-110,-110,-110,-110,-110,-110,-110,-110,-110,-110,-110,-110,-110,-110,-110,-110,-110,-110,-110,-110,-110,-110,-110,-110,-110,-110,-110,-110,-110,-110,-110,-110,-110,-110,-110,-110,-110,-110,-110,-110,-110,-110,-110,-110,-110,-110,-110,-110,-110,-110,-110,-110,-110,-110,-110,-110,-110,-110,-110,-110,-110,-110,-110,-110,-110,-110,-110,-110,-110,-110,-110,-110,-110,-110,-110,-110,-110,-110,-110,-110,-110,-110,-110,-110,-110,-110,-110,-110,-110,-110,-110,-110,-110,-110,-110,-110,-110,-110,-110,-110,-110,-110,-110,-110,-110,-110,-110,-110,-110,-110,-110,-110,-110,-110,-110,-110,-110,-110,-110,-110,-110,-110,-110,-110,-110,-110,-110,-110,-110,-110,-110,-110,-110,-110,-110,-110,-110,-110,-110,-110,-110,-110,-110,-110,-110,-110,-110,-110,-110,-110,-110,-110,-110,-110,-110,-110,-110,-110,-110,-110,-110,-110,-110,-110,-110,-110,-110,-110,-110,-110,-110,-110,-110,-110,-110,-110,-110,-110,-110,-110,-110,-110,-110,-110,-110,-110,-110,-110,-110,-110,-110,-110,-110,-110,-110,-110,-110,-110,-110,-110,-110,-110,-110,-110,-110,-110,-110,-110,-110,-110,-110,-110,-110,-110,-110,-110,-110,-110,-110,-110,-110,-110,-110,-110,-110,-110,-110,-110,-110,-110,-110,-110,-110,-110,-110,-110,-110,-110,-110,-110,-110,-110,-110,-110,-110,-110,-110,-110,-110,-110,-110,-110,-110,-110,-110,-110,-110,-110,-110,-110,-110,-110,-110,-110,-110,-110,-110,-110,-110,-110,-110,-110,-110,-110,-110,-110,-110,-110,-110,-110,-110,-110,-110,-110,-110,-110,-110,-110,-110,-110,-110,-110,-110,-110,-110,-110,-110,-110,-110,-110,-110,-110,-110,-110,-110,-110,-110,-110,-110,-110,-110,-110,-110,-110,-110,-110,-110,-110,-110,-110,-110,-110,-110,-110,-110,-110,-110,-110,-110,-110,-110,-110,-110,-110,-110,-110,-110,-110,-110,-110,-110,-110,-110,-110,-110,-110,-110,-110,-110,-110,-110,-110,-110,-110,-110,-110,-110,-110,-110,-110,-110,-110,-110,-110,-110,-110,-110,-110,-110,-110,-110,-110,-110,-110,-110,-110,-110,-110,-110,-110,-110,-110,-110,-110,-110,-110,-110,-110,-110,-110,-110,-110,-110,-110,-110,-110,-110,-110,-110,-110,-110,-110,-110,-110,-110,-110,-110,-110,-110,-110,-110,-110,-110
37,4.1347719,23.8522317,5,-110,-110,-86,-110,-110,-110,-89,-110,-110,-110,-110,-110,-110,-110,-77,-110,-76,-110,-110,-110,-110,-110,-110,-87,-110,-110,-110,-110,-110,-110,-110,-110,-110,-110,-110,-110,-110,-110,-110,-110,-110,-110,-110,-110,-110,-110,-110,-110,-88,-110,-88,-80,-110,-79,-110,-110,-110,-110,-110,-110,-110,-110,-110,-110,-110,-110,-110,-110,-82,-110,-110,-110,-110,-110,-110,-110,-110,-110,-110,-110,-110,-110,-110,-110,-110,-110,-110,-110,-110,-110,-110,-110,-110,-110,-110,-110,-110,-110,-110,-110,-110,-110,-110,-110,-110,-110,-110,-110,-110,-110,-110,-110,-110,-110,-110,-110,-110,-110,-110,-110,-110,-110,-110,-110,-110,-110,-110,-110,-110,-110,-110,-110,-110,-110,-110,-110,-110,-110,-110,-110,-110,-110,-110,-110,-110,-110,-110,-110,-110,-110,-110,-110,-110,-110,-110,-110,-110,-110,-110,-110,-110,-110,-110,-110,-110,-110,-110,-110,-110,-110,-110,-110,-110,-110,-110,-110,-110,-110,-110,-110,-110,-110,-110,-110,-110,-110,-110,-110,-110,-110,-110,-110,-110,-110,-110,-110,-110,-110,-110,-110,-110,-110,-110,-110,-110,-110,-110,-110,-110,-110,-110,-110,-110,-110,-110,-110,-110,-110,-110,-110,-110,-110,-110,-110,-110,-110,-110,-110,-110,-110,-110,-110,-110,-110,-110,-110,-110,-110,-110,-110,-110,-110,-110,-110,-110,-110,-110,-110,-110,-110,-110,-110,-110,-110,-110,-110,-110,-110,-110,-110,-110,-110,-110,-110,-110,-110,-110,-110,-110,-110,-110,-110,-110,-110,-110,-110,-110,-110,-110,-110,-110,-110,-110,-110,-110,-110,-110,-110,-110,-110,-110,-110,-110,-110,-110,-110,-110,-110,-110,-110,-110,-110,-110,-110,-110,-110,-110,-110,-110,-110,-110,-110,-110,-110,-110,-110,-110,-110,-110,-110,-110,-110,-110,-110,-110,-110,-110,-110,-110,-110,-110,-110,-110,-110,-110,-110,-110,-110,-110,-110,-110,-110,-110,-110,-110,-110,-110,-110,-110,-110,-110,-110,-110,-110,-110,-110,-110,-110,-110,-110,-110,-110,-110,-110,-110,-110,-110,-110,-110,-110,-110,-110,-110,-110,-110,-110,-110,-110,-110,-110,-110,-110,-110,-110,-110,-110,-110,-110,-110,-110,-110,-110,-110,-110,-110,-110,-110,-110,-110,-110,-110,-110,-110,-110,-110,-110,-110,-110,-110,-110,-110,-110,-110,-110,-110,-110,-110,-110,-110,-110,-110,-110,-110,-110,-110,-110,-110,-110,-110,-110,-110,-110,-110,-110,-110,-110,-110,-110,-110,-110,-110,-110,-110,-110,-110,-110,-110,-110,-110,-110,-110,-110,-110,-110,-110,-110,-110,-110,-110,-110,-110,-110,-110,-110,-110,-110,-110,-110,-110,-110,-110,-110,-110,-110,-110,-110,-110,-110,-110,-110,-110,-110,-110,-110,-110,-110,-110,-110,-110,-110,-110,-110,-110,-110,-110,-110,-110,-110,-110,-110,-110,-110,-110,-110,-110,-110,-110,-110,-110,-110,-110,-110,-110,-110,-110,-110,-110,-110,-110,-110,-110,-110,-110,-110,-110,-110,-110,-110,-110,-110,-110,-110,-110,-110,-110,-110,-110,-110,-110,-110,-110,-110,-110,-110,-110,-110,-110,-110,-110,-110,-110,-110,-110,-110,-110,-110,-110,-110,-110,-110,-110,-110,-110,-110,-110,-110,-110,-110,-110,-110,-110,-110,-110,-110,-110,-110,-110,-110,-110,-110,-110,-110,-110,-110,-110,-110,-110,-110,-110,-110,-110,-110,-110,-110,-110,-110,-110,-110,-110,-110,-110,-110,-110,-110,-110,-110,-110,-110,-110,-110,-110,-110,-110,-110,-110,-110,-110,-110,-110,-110
36,12.91385188,22.064127592,5,-82,-110,-110,-85,-110,-81,-110,-85,-110,-110,-110,-93,-110,-110,-82,-110,-81,-110,-110,-110,-110,-110,-110,-110,-87,-110,-110,-89,-110,-110,-110,-110,-88,-88,-110,-110,-110,-110,-110,-110,-110,-110,-110,-110,-110,-110,-110,-110,-82,-110,-81,-77,-110,-76,-110,-110,-110,-110,-110,-110,-110,-110,-82,-83,-110,-110,-110,-110,-84,-110,-85,-110,-110,-110,-110,-110,-110,-110,-110,-110,-110,-110,-110,-110,-110,-110,-110,-110,-110,-110,-110,-110,-110,-110,-110,-110,-110,-110,-110,-110,-110,-110,-110,-110,-110,-110,-110,-110,-110,-110,-110,-110,-110,-110,-110,-110,-110,-110,-110,-110,-110,-110,-110,-110,-110,-110,-110,-110,-110,-110,-110,-110,-110,-110,-110,-110,-110,-110,-110,-110,-110,-110,-110,-110,-110,-110,-110,-110,-110,-110,-110,-110,-110,-110,-110,-110,-110,-110,-110,-110,-110,-110,-110,-110,-110,-110,-110,-110,-110,-110,-110,-110,-110,-110,-110,-110,-110,-110,-110,-110,-110,-110,-110,-110,-110,-110,-110,-110,-110,-110,-110,-110,-110,-110,-110,-110,-110,-110,-110,-110,-110,-110,-110,-110,-110,-110,-110,-110,-110,-110,-110,-110,-110,-110,-110,-110,-110,-110,-110,-110,-110,-110,-110,-110,-110,-110,-110,-110,-110,-110,-110,-110,-110,-110,-110,-110,-110,-110,-110,-110,-110,-110,-110,-110,-110,-110,-110,-110,-110,-110,-110,-110,-110,-110,-110,-110,-110,-110,-110,-110,-110,-110,-110,-110,-110,-110,-110,-110,-110,-110,-110,-110,-110,-110,-110,-110,-110,-110,-110,-110,-110,-110,-110,-110,-110,-110,-110,-110,-110,-110,-110,-110,-110,-110,-110,-110,-110,-110,-110,-110,-110,-110,-110,-110,-110,-110,-110,-110,-110,-110,-110,-110,-110,-110,-110,-110,-110,-110,-110,-110,-110,-110,-110,-110,-110,-110,-110,-110,-110,-110,-110,-110,-110,-110,-110,-110,-110,-110,-110,-110,-110,-110,-110,-110,-110,-110,-110,-110,-110,-110,-110,-110,-110,-110,-110,-110,-110,-110,-110,-110,-110,-110,-110,-110,-110,-110,-110,-110,-110,-110,-110,-110,-110,-110,-110,-110,-110,-110,-110,-110,-110,-110,-110,-110,-110,-110,-110,-110,-110,-110,-110,-110,-110,-110,-110,-110,-110,-110,-110,-110,-110,-110,-110,-110,-110,-110,-110,-110,-110,-110,-110,-110,-110,-110,-110,-110,-110,-110,-110,-110,-110,-110,-110,-110,-110,-110,-110,-110,-110,-110,-110,-110,-110,-110,-110,-110,-110,-110,-110,-110,-110,-110,-110,-110,-110,-110,-110,-110,-110,-110,-110,-110,-110,-110,-110,-110,-110,-110,-110,-110,-110,-110,-110,-110,-110,-110,-110,-110,-110,-110,-110,-110,-110,-110,-110,-110,-110,-110,-110,-110,-110,-110,-110,-110,-110,-110,-110,-110,-110,-110,-110,-110,-110,-110,-110,-110,-110,-110,-110,-110,-110,-110,-110,-110,-110,-110,-110,-110,-110,-110,-110,-110,-110,-110,-110,-110,-110,-110,-110,-110,-110,-110,-110,-110,-110,-110,-110,-110,-110,-110,-110,-110,-110,-110,-110,-110,-110,-110,-110,-110,-110,-110,-110,-110,-110,-110,-110,-110,-110,-110,-110,-110,-110,-110,-110,-110,-110,-110,-110,-110,-110,-110,-110,-110,-110,-110,-110,-110,-110,-110,-110,-110,-110,-110,-110,-110,-110,-110,-110,-110,-110,-110,-110,-110,-110,-110,-110,-110,-110,-110,-110,-110,-110,-110,-110,-110,-110,-110,-110,-110,-110,-110,-110,-110,-110,-110,-110,-110,-110,-110,-110,-110,-110,-110,-110,-110,-110,-110,-110,-110
36,12.91385188,22.064127592,5,-82,-110,-110,-84,-110,-85,-110,-83,-110,-110,-92,-110,-110,-110,-83,-110,-84,-110,-110,-110,-110,-110,-110,-110,-86,-110,-110,-87,-110,-110,-110,-110,-88,-110,-110,-110,-91,-110,-110,-110,-110,-110,-110,-110,-110,-110,-110,-110,-80,-110,-80,-72,-110,-74,-110,-110,-110,-110,-110,-110,-110,-110,-85,-84,-110,-110,-110,-110,-83,-110,-84,-110,-110,-110,-110,-110,-110,-110,-110,-110,-110,-110,-110,-110,-110,-110,-110,-110,-110,-110,-110,-110,-110,-110,-110,-110,-110,-110,-110,-110,-110,-110,-110,-110,-110,-110,-110,-110,-110,-110,-110,-110,-110,-110,-110,-110,-110,-110,-110,-110,-110,-110,-110,-110,-110,-110,-110,-110,-110,-110,-110,-110,-110,-110,-110,-110,-110,-110,-110,-110,-110,-110,-110,-110,-110,-110,-110,-110,-110,-110,-110,-110,-110,-110,-110,-110,-110,-110,-110,-110,-110,-110,-110,-110,-110,-110,-110,-110,-110,-110,-110,-110,-110,-110,-110,-110,-110,-110,-110,-110,-110,-110,-110,-110,-110,-110,-110,-110,-110,-110,-110,-110,-110,-110,-110,-110,-110,-110,-110,-110,-110,-110,-110,-110,-110,-110,-110,-110,-110,-110,-110,-110,-110,-110,-110,-110,-110,-110,-110,-110,-110,-110,-110,-110,-110,-110,-110,-110,-110,-110,-110,-110,-110,-110,-110,-110,-110,-110,-110,-110,-110,-110,-110,-110,-110,-110,-110,-110,-110,-110,-110,-110,-110,-110,-110,-110,-110,-110,-110,-110,-110,-110,-110,-110,-110,-110,-110,-110,-110,-110,-110,-110,-110,-110,-110,-110,-110,-110,-110,-110,-110,-110,-110,-110,-110,-110,-110,-110,-110,-110,-110,-110,-110,-110,-110,-110,-110,-110,-110,-110,-110,-110,-110,-110,-110,-110,-110,-110,-110,-110,-110,-110,-110,-110,-110,-110,-110,-110,-110,-110,-110,-110,-110,-110,-110,-110,-110,-110,-110,-110,-110,-110,-110,-110,-110,-110,-110,-110,-110,-110,-110,-110,-110,-110,-110,-110,-110,-110,-110,-110,-110,-110,-110,-110,-110,-110,-110,-110,-110,-110,-110,-110,-110,-110,-110,-110,-110,-110,-110,-110,-110,-110,-110,-110,-110,-110,-110,-110,-110,-110,-110,-110,-110,-110,-110,-110,-110,-110,-110,-110,-110,-110,-110,-110,-110,-110,-110,-110,-110,-110,-110,-110,-110,-110,-110,-110,-110,-110,-110,-110,-110,-110,-110,-110,-110,-110,-110,-110,-110,-110,-110,-110,-110,-110,-110,-110,-110,-110,-110,-110,-110,-110,-110,-110,-110,-110,-110,-110,-110,-110,-110,-110,-110,-110,-110,-110,-110,-110,-110,-110,-110,-110,-110,-110,-110,-110,-110,-110,-110,-110,-110,-110,-110,-110,-110,-110,-110,-110,-110,-110,-110,-110,-110,-110,-110,-110,-110,-110,-110,-110,-110,-110,-110,-110,-110,-110,-110,-110,-110,-110,-110,-110,-110,-110,-110,-110,-110,-110,-110,-110,-110,-110,-110,-110,-110,-110,-110,-110,-110,-110,-110,-110,-110,-110,-110,-110,-110,-110,-110,-110,-110,-110,-110,-110,-110,-110,-110,-110,-110,-110,-110,-110,-110,-110,-110,-110,-110,-110,-110,-110,-110,-110,-110,-110,-110,-110,-110,-110,-110,-110,-110,-110,-110,-110,-110,-110,-110,-110,-110,-110,-110,-110,-110,-110,-110,-110,-110,-110,-110,-110,-110,-110,-110,-110,-110,-110,-110,-110,-110,-110,-110,-110,-110,-110,-110,-110,-110,-110,-110,-110,-110,-110,-110,-110,-110,-110,-110,-110,-110,-110,-110,-110,-110,-110,-110,-110,-110,-110,-110,-110,-110,-110,-110,-110,-110,-110,-110,-110,-110,-110
36,12.91385188,22.064127592,5,-80,-110,-110,-86,-110,-80,-110,-85,-110,-110,-91,-110,-110,-110,-84,-110,-83,-110,-110,-110,-110,-110,-110,-110,-87,-110,-110,-89,-110,-110,-110,-110,-90,-91,-110,-110,-110,-87,-110,-110,-110,-110,-110,-110,-110,-110,-110,-110,-79,-110,-110,-74,-110,-75,-110,-110,-110,-110,-110,-110,-110,-110,-85,-86,-110,-110,-110,-110,-85,-110,-110,-110,-110,-110,-110,-110,-110,-110,-110,-110,-110,-110,-110,-110,-110,-110,-110,-110,-110,-110,-110,-110,-110,-110,-110,-110,-110,-110,-110,-110,-110,-110,-110,-110,-110,-110,-110,-110,-110,-110,-110,-110,-110,-110,-110,-110,-110,-110,-110,-110,-110,-110,-110,-110,-110,-110,-110,-110,-110,-110,-110,-110,-110,-110,-110,-110,-110,-110,-110,-110,-110,-110,-110,-110,-110,-110,-110,-110,-110,-110,-110,-110,-110,-110,-110,-110,-110,-110,-110,-110,-110,-110,-110,-110,-110,-110,-110,-110,-110,-110,-110,-110,-110,-110,-110,-110,-110,-110,-110,-110,-110,-110,-110,-110,-110,-110,-110,-110,-90,-110,-110,-110,-110,-110,-110,-110,-110,-110,-110,-110,-110,-110,-110,-110,-110,-110,-110,-110,-110,-110,-110,-110,-110,-110,-110,-110,-110,-110,-110,-110,-110,-110,-110,-110,-110,-110,-110,-110,-110,-110,-110,-110,-110,-110,-110,-110,-110,-110,-110,-110,-110,-110,-110,-110,-110,-110,-110,-110,-110,-110,-110,-110,-110,-110,-110,-110,-110,-110,-110,-110,-110,-110,-110,-110,-110,-110,-110,-110,-110,-110,-110,-110,-110,-110,-110,-110,-110,-110,-110,-110,-110,-110,-110,-110,-110,-110,-110,-110,-110,-110,-110,-110,-110,-110,-110,-110,-110,-110,-110,-110,-110,-110,-110,-110,-110,-110,-110,-110,-110,-110,-110,-110,-110,-110,-110,-110,-110,-110,-110,-110,-110,-110,-110,-110,-110,-110,-110,-110,-110,-110,-110,-110,-110,-110,-110,-110,-110,-110,-110,-110,-110,-110,-110,-110,-110,-110,-110,-110,-110,-110,-110,-110,-110,-110,-110,-110,-110,-110,-110,-110,-110,-110,-110,-110,-110,-110,-110,-110,-110,-110,-110,-110,-110,-110,-110,-110,-110,-110,-110,-110,-110,-110,-110,-110,-110,-110,-110,-110,-110,-110,-110,-110,-110,-110,-110,-110,-110,-110,-110,-110,-110,-110,-110,-110,-110,-110,-110,-110,-110,-110,-110,-110,-110,-110,-110,-110,-110,-110,-110,-110,-110,-110,-110,-110,-110,-110,-110,-110,-110,-110,-110,-110,-110,-110,-110,-110,-110,-110,-110,-110,-110,-110,-110,-110,-110,-110,-110,-110,-110,-110,-110,-110,-110,-110,-110,-110,-110,-110,-110,-110,-110,-110,-110,-110,-110,-110,-110,-110,-110,-110,-110,-110,-110,-110,-110,-110,-110,-110,-110,-110,-110,-110,-110,-110,-110,-110,-110,-110,-110,-110,-110,-110,-110,-110,-110,-110,-110,-110,-110,-110,-110,-110,-110,-110,-110,-110,-110,-110,-110,-110,-110,-110,-110,-110,-110,-110,-110,-110,-110,-110,-110,-110,-110,-110,-110,-110,-110,-110,-110,-110,-110,-110,-110,-110,-110,-110,-110,-110,-110,-110,-110,-110,-110,-110,-110,-110,-110,-110,-110,-110,-110,-110,-110,-110,-110,-110,-110,-110,-110,-110,-110,-110,-110,-110,-110,-110,-110,-110,-110,-110,-110,-110,-110,-110,-110,-110,-110,-110,-110,-110,-110,-110,-110,-110,-110,-110,-110,-110,-110,-110,-110,-110,-110,-110,-110,-110,-110,-110,-110,-110,-110,-110,-110,-110,-110,-110,-110,-110,-110,-110,-110,-110,-110,-110,-110,-110,-110,-110,-110,-110
36,12.91385188,22.064127592,5,-80,-110,-110,-89,-110,-80,-110,-89,-110,-110,-89,-91,-110,-110,-82,-110,-82,-110,-110,-110,-110,-110,-110,-110,-89,-110,-110,-87,-110,-110,-110,-110,-88,-86,-110,-110,-89,-110,-110,-110,-110,-110,-110,-110,-110,-110,-110,-110,-81,-110,-80,-72,-110,-72,-110,-110,-110,-110,-110,-110,-110,-110,-110,-110,-110,-110,-110,-110,-85,-110,-85,-110,-110,-110,-110,-110,-110,-110,-110,-110,-110,-110,-110,-110,-110,-110,-110,-110,-110,-110,-110,-110,-110,-110,-110,-110,-110,-110,-110,-110,-110,-110,-110,-110,-110,-110,-110,-110,-110,-110,-110,-110,-110,-110,-110,-110,-110,-110,-110,-110,-110,-110,-110,-110,-110,-110,-110,-110,-110,-110,-110,-110,-110,-110,-110,-110,-110,-110,-110,-110,-110,-110,-110,-110,-110,-110,-110,-110,-110,-110,-110,-110,-110,-110,-110,-110,-110,-110,-110,-110,-110,-110,-110,-110,-110,-110,-110,-110,-110,-110,-110,-110,-110,-110,-110,-110,-110,-110,-110,-110,-110,-110,-110,-110,-110,-110,-110,-110,-110,-110,-110,-110,-110,-110,-110,-110,-110,-110,-110,-110,-110,-110,-110,-110,-110,-110,-110,-110,-110,-110,-110,-110,-110,-110,-110,-110,-110,-110,-110,-110,-110,-110,-110,-110,-110,-110,-110,-110,-110,-110,-110,-110,-110,-110,-110,-110,-110,-110,-110,-110,-110,-110,-110,-110,-110,-110,-110,-110,-110,-110,-110,-110,-110,-110,-110,-110,-110,-110,-110,-110,-110,-110,-110,-110,-110,-110,-110,-110,-110,-110,-110,-110,-110,-110,-110,-110,-110,-110,-110,-110,-110,-110,-110,-110,-110,-110,-110,-110,-110,-110,-110,-110,-110,-110,-110,-110,-110,-110,-110,-110,-110,-110,-110,-110,-110,-110,-110,-110,-110,-110,-110,-110,-110,-110,-110,-110,-110,-110,-110,-110,-110,-110,-110,-110,-110,-110,-110,-110,-110,-110,-110,-110,-110,-110,-110,-110,-110,-110,-110,-110,-110,-110,-110,-110,-110,-110,-110,-110,-110,-110,-110,-110,-110,-110,-110,-110,-110,-110,-110,-110,-110,-110,-110,-110,-110,-110,-110,-110,-110,-110,-110,-110,-110,-110,-110,-110,-110,-110,-110,-110,-110,-110,-110,-110,-110,-110,-110,-110,-110,-110,-110,-110,-110,-110,-110,-110,-110,-110,-110,-110,-110,-110,-110,-110,-110,-110,-110,-110,-110,-110,-110,-110,-110,-110,-110,-110,-110,-110,-110,-110,-110,-110,-110,-110,-110,-110,-110,-110,-110,-110,-110,-110,-110,-110,-110,-110,-110,-110,-110,-110,-110,-110,-110,-110,-110,-110,-110,-110,-110,-110,-110,-110,-110,-110,-110,-110,-110,-110,-110,-110,-110,-110,-110,-110,-110,-110,-110,-110,-110,-110,-110,-110,-110,-110,-110,-110,-110,-110,-110,-110,-110,-110,-110,-110,-110,-110,-110,-110,-110,-110,-110,-110,-110,-110,-110,-110,-110,-110,-110,-110,-110,-110,-110,-110,-110,-110,-110,-110,-110,-110,-110,-110,-110,-110,-110,-110,-110,-110,-110,-110,-110,-110,-110,-110,-110,-110,-110,-110,-110,-110,-110,-110,-110,-110,-110,-110,-110,-110,-110,-110,-110,-110,-110,-110,-110,-110,-110,-110,-110,-110,-110,-110,-110,-110,-110,-110,-110,-110,-110,-110,-110,-110,-110,-110,-110,-110,-110,-110,-110,-110,-110,-110,-110,-110,-110,-110,-110,-110,-110,-110,-110,-110,-110,-110,-110,-110,-110,-110,-110,-110,-110,-110,-110,-110,-110,-110,-110,-110,-110,-110,-110,-110,-110,-110,-110,-110,-110,-110,-110,-110,-110,-110,-110,-110,-110,-110,-110,-110,-110,-110
36,12.91385188,22.064127592,5,-81,-110,-110,-90,-110,-81,-110,-90,-110,-110,-110,-110,-110,-110,-82,-110,-82,-110,-110,-110,-110,-110,-110,-110,-88,-110,-110,-90,-110,-110,-110,-110,-90,-91,-110,-110,-90,-88,-110,-110,-110,-110,-110,-110,-110,-110,-110,-110,-81,-110,-80,-75,-110,-73,-110,-110,-110,-110,-110,-110,-110,-110,-91,-110,-110,-110,-110,-110,-83,-110,-110,-110,-110,-110,-110,-110,-110,-110,-110,-110,-110,-110,-110,-110,-110,-110,-110,-110,-110,-110,-110,-110,-110,-110,-110,-110,-110,-110,-110,-110,-110,-110,-110,-110,-110,-110,-110,-110,-110,-110,-110,-110,-110,-110,-110,-110,-110,-110,-110,-110,-110,-110,-110,-110,-110,-110,-110,-110,-110,-110,-110,-110,-110,-110,-110,-110,-110,-110,-110,-110,-110,-110,-110,-110,-110,-110,-110,-110,-110,-110,-110,-110,-110,-110,-110,-110,-110,-110,-110,-110,-110,-110,-110,-110,-110,-110,-110,-110,-110,-110,-110,-110,-110,-110,-110,-110,-110,-110,-110,-110,-110,-110,-110,-110,-110,-110,-110,-110,-110,-110,-110,-110,-110,-110,-110,-110,-110,-110,-110,-110,-110,-110,-110,-110,-110,-110,-110,-110,-110,-110,-110,-110,-110,-110,-110,-110,-110,-110,-110,-110,-110,-110,-110,-110,-110,-110,-110,-110,-110,-110,-110,-110,-110,-110,-110,-110,-110,-110,-110,-110,-110,-110,-110,-110,-110,-110,-110,-110,-110,-110,-110,-110,-110,-110,-110,-110,-110,-110,-110,-110,-110,-110,-110,-110,-110,-110,-110,-110,-110,-110,-110,-110,-110,-110,-110,-110,-110,-110,-110,-110,-110,-110,-110,-110,-110,-110,-110,-110,-110,-110,-110,-110,-110,-110,-110,-110,-110,-110,-110,-110,-110,-110,-110,-110,-110,-110,-110,-110,-110,-110,-110,-110,-110,-110,-110,-110,-110,-110,-110,-110,-110,-110,-110,-110,-110,-110,-110,-110,-110,-110,-110,-110,-110,-110,-110,-110,-110,-110,-110,-110,-110,-110,-110,-110,-110,-110,-110,-110,-110,-110,-110,-110,-110,-110,-110,-110,-110,-110,-110,-110,-110,-110,-110,-110,-110,-110,-110,-110,-110,-110,-110,-110,-110,-110,-110,-110,-110,-110,-110,-110,-110,-110,-110,-110,-110,-110,-110,-110,-110,-110,-110,-110,-110,-110,-110,-110,-110,-110,-110,-110,-110,-110,-110,-110,-110,-110,-110,-110,-110,-110,-110,-110,-110,-110,-110,-110,-110,-110,-110,-110,-110,-110,-110,-110,-110,-110,-110,-110,-110,-110,-110,-110,-110,-110,-110,-110,-110,-110,-110,-110,-110,-110,-110,-110,-110,-110,-110,-110,-110,-110,-110,-110,-110,-110,-110,-110,-110,-110,-110,-110,-110,-110,-110,-110,-110,-110,-110,-110,-110,-110,-110,-110,-110,-110,-110,-110,-110,-110,-110,-110,-110,-110,-110,-110,-110,-110,-110,-110,-110,-110,-110,-110,-110,-110,-110,-110,-110,-110,-110,-110,-110,-110,-110,-110,-110,-110,-110,-110,-110,-110,-110,-110,-110,-110,-110,-110,-110,-110,-110,-110,-110,-110,-110,-110,-110,-110,-110,-110,-110,-110,-110,-110,-110,-110,-110,-110,-110,-110,-110,-110,-110,-110,-110,-110,-110,-110,-110,-110,-110,-110,-110,-110,-110,-110,-110,-110,-110,-110,-110,-110,-110,-110,-110,-110,-110,-110,-110,-110,-110,-110,-110,-110,-110,-110,-110,-110,-110,-110,-110,-110,-110,-110,-110,-110,-110,-110,-110,-110,-110,-110,-110,-110,-110,-110,-110,-110,-110,-110,-110,-110,-110,-110,-110,-110,-110,-110,-110,-110,-110,-110,-110,-110,-110,-110,-110,-110,-110,-110,-110,-110
36,12.91385188,22.064127592,5,-78,-110,-110,-84,-110,-79,-110,-88,-110,-110,-110,-110,-110,-110,-85,-110,-82,-110,-110,-110,-110,-110,-110,-110,-88,-110,-110,-87,-110,-110,-110,-110,-88,-87,-110,-110,-110,-110,-110,-110,-110,-110,-110,-110,-110,-110,-110,-110,-82,-110,-82,-76,-110,-77,-110,-110,-110,-110,-110,-110,-110,-110,-83,-87,-110,-110,-110,-110,-85,-110,-110,-110,-110,-110,-110,-110,-110,-110,-110,-110,-110,-110,-110,-110,-110,-110,-110,-110,-110,-110,-110,-110,-110,-110,-110,-110,-110,-110,-110,-110,-110,-110,-110,-110,-110,-110,-110,-110,-110,-110,-110,-110,-110,-110,-110,-110,-110,-110,-110,-110,-110,-110,-110,-110,-110,-110,-110,-110,-110,-110,-110,-110,-110,-110,-110,-110,-110,-110,-110,-110,-110,-110,-110,-110,-110,-110,-110,-110,-110,-110,-110,-110,-110,-110,-110,-110,-110,-110,-110,-110,-110,-110,-110,-110,-110,-110,-110,-110,-110,-110,-110,-110,-110,-110,-110,-110,-110,-110,-110,-110,-110,-110,-110,-110,-110,-110,-110,-110,-110,-110,-110,-110,-110,-110,-110,-110,-110,-110,-110,-110,-110,-110,-110,-110,-110,-110,-110,-110,-110,-110,-110,-110,-110,-110,-110,-110,-110,-110,-110,-110,-110,-110,-110,-110,-110,-110,-110,-110,-110,-110,-110,-110,-110,-110,-110,-110,-110,-110,-110,-110,-110,-110,-110,-110,-110,-110,-110,-110,-110,-110,-110,-110,-110,-110,-110,-110,-110,-110,-110,-110,-110,-110,-110,-110,-110,-110,-110,-110,-110,-110,-110,-110,-110,-110,-110,-110,-110,-110,-110,-110,-110,-110,-110,-110,-110,-110,-110,-110,-110,-110,-110,-110,-110,-110,-110,-110,-110,-110,-110,-110,-110,-110,-110,-110,-110,-110,-110,-110,-110,-110,-110,-110,-110,-110,-110,-110,-110,-110,-110,-110,-110,-110,-110,-110,-110,-110,-110,-110,-110,-110,-110,-110,-110,-110,-110,-110,-110,-110,-110,-110,-110,-110,-110,-110,-110,-110,-110,-110,-110,-110,-110,-110,-110,-110,-110,-110,-110,-110,-110,-110,-110,-110,-110,-110,-110,-110,-110,-110,-110,-110,-110,-110,-110,-110,-110,-110,-110,-110,-110,-110,-110,-110,-110,-110,-110,-110,-110,-110,-110,-110,-110,-110,-110,-110,-110,-110,-110,-110,-110,-110,-110,-110,-110,-110,-110,-110,-110,-110,-110,-110,-110,-110,-110,-110,-110,-110,-110,-110,-110,-110,-110,-110,-110,-110,-110,-110,-110,-110,-110,-110,-110,-110,-110,-110,-110,-110,-110,-110,-110,-110,-110,-110,-110,-110,-110,-110,-110,-110,-110,-110,-110,-110,-110,-110,-110,-110,-110,-110,-110,-110,-110,-110,-110,-110,-110,-110,-110,-110,-110,-110,-110,-110,-110,-110,-110,-110,-110,-110,-110,-110,-110,-110,-110,-110,-110,-110,-110,-110,-110,-110,-110,-110,-110,-110,-110,-110,-110,-110,-110,-110,-110,-110,-110,-110,-110,-110,-110,-110,-110,-110,-110,-110,-110,-110,-110,-110,-110,-110,-110,-110,-110,-110,-110,-110,-110,-110,-110,-110,-110,-110,-110,-110,-110,-110,-110,-110,-110,-110,-110,-110,-110,-110,-110,-110,-110,-110,-110,-110,-110,-110,-110,-110,-110,-110,-110,-110,-110,-110,-110,-110,-110,-110,-110,-110,-110,-110,-110,-110,-110,-110,-110,-110,-110,-110,-110,-110,-110,-110,-110,-110,-110,-110,-110,-110,-110,-110,-110,-110,-110,-110,-110,-110,-110,-110,-110,-110,-110,-110,-110,-110,-110,-110,-110,-110,-110,-110,-110,-110,-110,-110,-110,-110,-110,-110,-110,-110,-110,-110,-110,-110
35,8.52431189,22.064127592,5,-110,-110,-110,-86,-110,-110,-110,-90,-110,-110,-110,-110,-110,-110,-75,-110,-76,-110,-110,-110,-110,-110,-110,-110,-110,-110,-110,-110,-110,-110,-110,-110,-110,-110,-110,-110,-85,-86,-110,-110,-110,-110,-110,-110,-110,-110,-110,-110,-68,-110,-69,-71,-110,-72,-110,-110,-110,-110,-110,-110,-110,-110,-110,-110,-110,-110,-110,-110,-70,-110,-73,-110,-110,-110,-110,-110,-110,-110,-110,-110,-110,-110,-110,-110,-110,-110,-110,-110,-110,-110,-110,-110,-110,-110,-110,-110,-110,-110,-110,-110,-110,-110,-110,-110,-110,-110,-110,-110,-110,-110,-110,-110,-110,-110,-110,-110,-110,-110,-110,-110,-110,-110,-110,-110,-110,-110,-110,-110,-110,-110,-110,-110,-110,-110,-110,-110,-110,-110,-110,-110,-110,-110,-110,-110,-110,-110,-110,-110,-110,-110,-110,-110,-110,-110,-110,-110,-110,-110,-110,-110,-110,-110,-110,-110,-110,-110,-110,-110,-110,-110,-110,-110,-110,-110,-110,-110,-110,-110,-110,-110,-110,-110,-110,-110,-110,-110,-110,-110,-110,-110,-110,-110,-110,-110,-110,-110,-110,-110,-110,-110,-110,-110,-110,-110,-110,-110,-110,-110,-110,-110,-110,-110,-110,-110,-110,-110,-110,-110,-110,-110,-110,-110,-110,-110,-110,-110,-110,-110,-110,-110,-110,-110,-110,-110,-110,-110,-110,-110,-110,-110,-110,-110,-110,-110,-110,-110,-110,-110,-110,-110,-110,-110,-110,-110,-110,-110,-110,-110,-110,-110,-110,-110,-110,-110,-110,-110,-110,-110,-110,-110,-110,-110,-110,-110,-110,-110,-110,-110,-110,-110,-110,-110,-110,-110,-110,-110,-110,-110,-110,-110,-110,-110,-110,-110,-110,-110,-110,-110,-110,-110,-110,-110,-110,-110,-110,-110,-110,-110,-110,-110,-110,-110,-110,-110,-110,-110,-110,-110,-110,-110,-110,-110,-110,-110,-110,-110,-110,-110,-110,-110,-110,-110,-110,-110,-110,-110,-110,-110,-110,-110,-110,-110,-110,-110,-110,-110,-110,-110,-110,-110,-110,-110,-110,-110,-110,-110,-110,-110,-110,-110,-110,-110,-110,-110,-110,-110,-110,-110,-110,-110,-110,-110,-110,-110,-110,-110,-110,-110,-110,-110,-110,-110,-110,-110,-110,-110,-110,-110,-110,-110,-110,-110,-110,-110,-110,-110,-110,-110,-110,-110,-110,-110,-110,-110,-110,-110,-110,-110,-110,-110,-110,-110,-110,-110,-110,-110,-110,-110,-110,-110,-110,-110,-110,-110,-110,-110,-110,-110,-110,-110,-110,-110,-110,-110,-110,-110,-110,-110,-110,-110,-110,-110,-110,-110,-110,-110,-110,-110,-110,-110,-110,-110,-110,-110,-110,-110,-110,-110,-110,-110,-110,-110,-110,-110,-110,-110,-110,-110,-110,-110,-110,-110,-110,-110,-110,-110,-110,-110,-110,-110,-110,-110,-110,-110,-110,-110,-110,-110,-110,-110,-110,-110,-110,-110,-110,-110,-110,-110,-110,-110,-110,-110,-110,-110,-110,-110,-110,-110,-110,-110,-110,-110,-110,-110,-110,-110,-110,-110,-110,-110,-110,-110,-110,-110,-110,-110,-110,-110,-110,-110,-110,-110,-110,-110,-110,-110,-110,-110,-110,-110,-110,-110,-110,-110,-110,-110,-110,-110,-110,-110,-110,-110,-110,-110,-110,-110,-110,-110,-110,-110,-110,-110,-110,-110,-110,-110,-110,-110,-110,-110,-110,-110,-110,-110,-110,-110,-110,-110,-110,-110,-110,-110,-110,-110,-110,-110,-110,-110,-110,-110,-110,-110,-110,-110,-110,-110,-110,-110,-110,-110,-110,-110,-110,-110,-110,-110,-110,-110,-110,-110,-110,-110,-110,-110,-110,-110,-110,-110,-110,-110
35,8.52431189,22.064127592,5,-110,-110,-110,-91,-110,-110,-110,-110,-110,-110,-110,-110,-110,-110,-73,-110,-73,-110,-110,-110,-110,-110,-110,-110,-110,-110,-110,-110,-110,-110,-110,-110,-110,-110,-110,-110,-87,-87,-110,-110,-110,-110,-110,-110,-110,-110,-110,-110,-72,-110,-71,-71,-110,-71,-110,-110,-110,-110,-110,-110,-110,-110,-110,-110,-110,-110,-110,-110,-73,-110,-74,-110,-110,-110,-110,-110,-110,-110,-110,-110,-110,-110,-110,-110,-110,-110,-110,-110,-110,-110,-110,-110,-110,-110,-110,-110,-110,-110,-110,-110,-110,-110,-110,-110,-110,-110,-110,-110,-110,-110,-110,-110,-110,-110,-110,-110,-110,-110,-110,-110,-110,-110,-110,-110,-110,-110,-110,-110,-110,-110,-110,-110,-110,-110,-110,-110,-110,-110,-110,-110,-110,-110,-110,-110,-110,-110,-110,-110,-110,-110,-110,-110,-110,-110,-110,-110,-110,-110,-110,-110,-110,-110,-110,-110,-110,-110,-110,-110,-110,-110,-110,-110,-110,-110,-110,-110,-110,-110,-110,-110,-110,-110,-110,-110,-110,-110,-110,-110,-110,-110,-110,-110,-110,-110,-110,-110,-110,-110,-110,-110,-110,-110,-110,-110,-110,-110,-110,-110,-110,-110,-110,-110,-110,-110,-110,-110,-110,-110,-110,-110,-110,-110,-110,-110,-110,-110,-110,-110,-110,-110,-110,-110,-110,-110,-110,-110,-110,-110,-110,-110,-110,-110,-110,-110,-110,-110,-110,-110,-110,-110,-110,-110,-110,-110,-110,-110,-110,-110,-110,-110,-110,-110,-110,-110,-110,-110,-110,-110,-110,-110,-110,-110,-110,-110,-110,-110,-110,-110,-110,-110,-110,-110,-110,-110,-110,-110,-110,-110,-110,-110,-110,-110,-110,-110,-110,-110,-110,-110,-110,-110,-110,-110,-110,-110,-110,-110,-110,-110,-110,-110,-110,-110,-110,-110,-110,-110,-110,-110,-110,-110,-110,-110,-110,-110,-110,-110,-110,-110,-110,-110,-110,-110,-110,-110,-110,-110,-110,-110,-110,-110,-110,-110,-110,-110,-110,-110,-110,-110,-110,-110,-110,-110,-110,-110,-110,-110,-110,-110,-110,-110,-110,-110,-110,-110,-110,-110,-110,-110,-110,-110,-110,-110,-110,-110,-110,-110,-110,-110,-110,-110,-110,-110,-110,-110,-110,-110,-110,-110,-110,-110,-110,-110,-110,-110,-110,-110,-110,-110,-110,-110,-110,-110,-110,-110,-110,-110,-110,-110,-110,-110,-110,-110,-110,-110,-110,-110,-110,-110,-110,-110,-110,-110,-110,-110,-110,-110,-110,-110,-110,-110,-110,-110,-110,-110,-110,-110,-110,-110,-110,-110,-110,-110,-110,-110,-110,-110,-110,-110,-110,-110,-110,-110,-110,-110,-110,-110,-110,-110,-110,-110,-110,-110,-110,-110,-110,-110,-110,-110,-110,-110,-110,-110,-110,-110,-110,-110,-110,-110,-110,-110,-110,-110,-110,-110,-110,-110,-110,-110,-110,-110,-110,-110,-110,-110,-110,-110,-110,-110,-110,-110,-110,-110,-110,-110,-110,-110,-110,-110,-110,-110,-110,-110,-110,-110,-110,-110,-110,-110,-110,-110,-110,-110,-110,-110,-110,-110,-110,-110,-110,-110,-110,-110,-110,-110,-110,-110,-110,-110,-110,-110,-110,-110,-110,-110,-110,-110,-110,-110,-110,-110,-110,-110,-110,-110,-110,-110,-110,-110,-110,-110,-110,-110,-110,-110,-110,-110,-110,-110,-110,-110,-110,-110,-110,-110,-110,-110,-110,-110,-110,-110,-110,-110,-110,-110,-110,-110,-110,-110,-110,-110,-110,-110,-110,-110,-110,-110,-110,-110,-110,-110,-110,-110,-110,-110,-110,-110,-110,-110,-110,-110,-110,-110,-110,-110,-110,-110,-110,-110,-110,-110
35,8.52431189,22.064127592,5,-110,-110,-110,-91,-110,-110,-110,-110,-110,-110,-110,-110,-110,-110,-72,-110,-72,-110,-110,-110,-110,-110,-110,-110,-110,-110,-110,-110,-110,-110,-110,-110,-110,-110,-110,-110,-87,-88,-110,-110,-110,-110,-110,-110,-110,-110,-110,-110,-78,-110,-78,-71,-110,-73,-110,-110,-110,-110,-110,-110,-110,-110,-110,-110,-110,-110,-110,-110,-73,-110,-110,-110,-110,-110,-110,-110,-110,-110,-110,-110,-110,-110,-110,-110,-110,-110,-110,-110,-110,-110,-110,-110,-110,-110,-110,-110,-110,-110,-110,-110,-110,-110,-110,-110,-110,-110,-110,-110,-110,-110,-110,-110,-110,-110,-110,-110,-110,-110,-110,-110,-110,-110,-110,-110,-110,-110,-110,-110,-110,-110,-110,-110,-110,-110,-110,-110,-110,-110,-110,-110,-110,-110,-110,-110,-110,-110,-110,-110,-110,-110,-110,-110,-110,-110,-110,-110,-110,-110,-110,-110,-110,-110,-110,-110,-110,-110,-110,-110,-110,-110,-110,-110,-110,-110,-110,-110,-110,-110,-110,-110,-110,-110,-110,-110,-110,-110,-110,-110,-110,-110,-110,-110,-110,-110,-110,-110,-110,-110,-110,-110,-110,-110,-110,-110,-110,-110,-110,-110,-110,-110,-110,-110,-110,-110,-110,-110,-110,-110,-110,-110,-110,-110,-110,-110,-110,-110,-110,-110,-110,-110,-110,-110,-110,-110,-110,-110,-110,-110,-110,-110,-110,-110,-110,-110,-110,-110,-110,-110,-110,-110,-110,-110,-110,-110,-110,-110,-110,-110,-110,-110,-110,-110,-110,-110,-110,-110,-110,-110,-110,-110,-110,-110,-110,-110,-110,-110,-110,-110,-110,-110,-110,-110,-110,-110,-110,-110,-110,-110,-110,-110,-110,-110,-110,-110,-110,-110,-110,-110,-110,-110,-110,-110,-110,-110,-110,-110,-110,-110,-110,-110,-110,-110,-110,-110,-110,-110,-110,-110,-110,-110,-110,-110,-110,-110,-110,-110,-110,-110,-110,-110,-110,-110,-110,-110,-110,-110,-110,-110,-110,-110,-110,-110,-110,-110,-110,-110,-110,-110,-110,-110,-110,-110,-110,-110,-110,-110,-110,-110,-110,-110,-110,-110,-110,-110,-110,-110,-110,-110,-110,-110,-110,-110,-110,-110,-110,-110,-110,-110,-110,-110,-110,-110,-110,-110,-110,-110,-110,-110,-110,-110,-110,-110,-110,-110,-110,-110,-110,-110,-110,-110,-110,-110,-110,-110,-110,-110,-110,-110,-110,-110,-110,-110,-110,-110,-110,-110,-110,-110,-110,-110,-110,-110,-110,-110,-110,-110,-110,-110,-110,-110,-110,-110,-110,-110,-110,-110,-110,-110,-110,-110,-110,-110,-110,-110,-110,-110,-110,-110,-110,-110,-110,-110,-110,-110,-110,-110,-110,-110,-110,-110,-110,-110,-110,-110,-110,-110,-110,-110,-110,-110,-110,-110,-110,-110,-110,-110,-110,-110,-110,-110,-110,-110,-110,-110,-110,-110,-110,-110,-110,-110,-110,-110,-110,-110,-110,-110,-110,-110,-110,-110,-110,-110,-110,-110,-110,-110,-110,-110,-110,-110,-110,-110,-110,-110,-110,-110,-110,-110,-110,-110,-110,-110,-110,-110,-110,-110,-110,-110,-110,-110,-110,-110,-110,-110,-110,-110,-110,-110,-110,-110,-110,-110,-110,-110,-110,-110,-110,-110,-110,-110,-110,-110,-110,-110,-110,-110,-110,-110,-110,-110,-110,-110,-110,-110,-110,-110,-110,-110,-110,-110,-110,-110,-110,-110,-110,-110,-110,-110,-110,-110,-110,-110,-110,-110,-110,-110,-110,-110,-110,-110,-110,-110,-110,-110,-110,-110,-110,-110,-110,-110,-110,-110,-110,-110,-110,-110,-110,-110,-110,-110,-110,-110,-110,-110,-110,-110,-110,-110,-110,-110
35,8.52431189,22.064127592,5,-92,-110,-110,-91,-110,-90,-110,-110,-110,-110,-110,-110,-110,-110,-73,-110,-73,-110,-110,-110,-110,-110,-110,-110,-110,-110,-110,-110,-110,-110,-110,-110,-110,-110,-110,-110,-86,-88,-110,-110,-110,-110,-110,-110,-110,-110,-110,-110,-73,-110,-71,-73,-110,-73,-110,-110,-110,-110,-110,-110,-110,-110,-110,-110,-110,-110,-110,-110,-73,-110,-110,-110,-110,-110,-110,-110,-110,-110,-110,-110,-110,-110,-110,-110,-110,-110,-110,-110,-110,-110,-110,-110,-110,-110,-110,-110,-110,-110,-110,-110,-110,-110,-110,-110,-110,-110,-110,-110,-110,-110,-110,-110,-110,-110,-110,-110,-110,-110,-110,-110,-110,-110,-110,-110,-110,-110,-110,-110,-110,-110,-110,-110,-110,-110,-110,-110,-110,-110,-110,-110,-110,-110,-110,-110,-110,-110,-110,-110,-110,-110,-110,-110,-110,-110,-110,-110,-110,-110,-110,-110,-110,-110,-110,-110,-110,-110,-110,-110,-110,-110,-110,-110,-110,-110,-110,-110,-110,-110,-110,-110,-110,-110,-110,-110,-110,-110,-110,-110,-110,-110,-110,-110,-110,-110,-110,-110,-110,-110,-110,-110,-110,-110,-110,-110,-110,-110,-110,-110,-110,-110,-110,-110,-110,-110,-110,-110,-110,-110,-110,-110,-110,-110,-110,-110,-110,-110,-110,-110,-110,-110,-110,-110,-110,-110,-110,-110,-110,-110,-110,-110,-110,-110,-110,-110,-110,-110,-110,-110,-110,-110,-110,-110,-110,-110,-110,-110,-110,-110,-110,-110,-110,-110,-110,-110,-110,-110,-110,-110,-110,-110,-110,-110,-110,-110,-110,-110,-110,-110,-110,-110,-110,-110,-110,-110,-110,-110,-110,-110,-110,-110,-110,-110,-110,-110,-110,-110,-110,-110,-110,-110,-110,-110,-110,-110,-110,-110,-110,-110,-110,-110,-110,-110,-110,-110,-110,-110,-110,-110,-110,-110,-110,-110,-110,-110,-110,-110,-110,-110,-110,-110,-110,-110,-110,-110,-110,-110,-110,-110,-110,-110,-110,-110,-110,-110,-110,-110,-110,-110,-110,-110,-110,-110,-110,-110,-110,-110,-110,-110,-110,-110,-110,-110,-110,-110,-110,-110,-110,-110,-110,-110,-110,-110,-110,-110,-110,-110,-110,-110,-110,-110,-110,-110,-110,-110,-110,-110,-110,-110,-110,-110,-110,-110,-110,-110,-110,-110,-110,-110,-110,-110,-110,-110,-110,-110,-110,-110,-110,-110,-110,-110,-110,-110,-110,-110,-110,-110,-110,-110,-110,-110,-110,-110,-110,-110,-110,-110,-110,-110,-110,-110,-110,-110,-110,-110,-110,-110,-110,-110,-110,-110,-110,-110,-110,-110,-110,-110,-110,-110,-110,-110,-110,-110,-110,-110,-110,-110,-110,-110,-110,-110,-110,-110,-110,-110,-110,-110,-110,-110,-110,-110,-110,-110,-110,-110,-110,-110,-110,-110,-110,-110,-110,-110,-110,-110,-110,-110,-110,-110,-110,-110,-110,-110,-110,-110,-110,-110,-110,-110,-110,-110,-110,-110,-110,-110,-110,-110,-110,-110,-110,-110,-110,-110,-110,-110,-110,-110,-110,-110,-110,-110,-110,-110,-110,-110,-110,-110,-110,-110,-110,-110,-110,-110,-110,-110,-110,-110,-110,-110,-110,-110,-110,-110,-110,-110,-110,-110,-110,-110,-110,-110,-110,-110,-110,-110,-110,-110,-110,-110,-110,-110,-110,-110,-110,-110,-110,-110,-110,-110,-110,-110,-110,-110,-110,-110,-110,-110,-110,-110,-110,-110,-110,-110,-110,-110,-110,-110,-110,-110,-110,-110,-110,-110,-110,-110,-110,-110,-110,-110,-110,-110,-110,-110,-110,-110,-110,-110,-110,-110,-110,-110,-110,-110,-110,-110,-110,-110,-110,-110,-110,-110
35,8.52431189,22.064127592,5,-89,-110,-110,-110,-110,-91,-110,-110,-110,-110,-110,-110,-110,-110,-76,-110,-77,-110,-110,-110,-110,-110,-110,-110,-110,-110,-110,-110,-110,-110,-110,-110,-110,-110,-110,-110,-87,-87,-110,-110,-110,-110,-110,-110,-110,-110,-110,-110,-73,-110,-73,-75,-110,-74,-110,-110,-110,-110,-110,-110,-110,-110,-110,-110,-110,-110,-110,-110,-69,-110,-110,-110,-110,-110,-110,-110,-110,-110,-110,-110,-110,-110,-110,-110,-110,-110,-110,-110,-110,-110,-110,-110,-110,-110,-110,-110,-110,-110,-110,-110,-110,-110,-110,-110,-110,-110,-110,-110,-110,-110,-110,-110,-110,-110,-110,-110,-110,-110,-110,-110,-110,-110,-110,-110,-110,-110,-110,-110,-110,-110,-110,-110,-110,-110,-110,-110,-110,-110,-110,-110,-110,-110,-110,-110,-110,-110,-110,-110,-110,-110,-110,-110,-110,-110,-110,-110,-110,-110,-110,-110,-110,-110,-110,-110,-110,-110,-110,-110,-110,-110,-110,-110,-110,-110,-110,-110,-110,-110,-110,-110,-110,-110,-110,-110,-110,-110,-110,-110,-110,-110,-110,-110,-110,-110,-110,-110,-110,-110,-110,-110,-110,-110,-110,-110,-110,-110,-110,-110,-110,-110,-110,-110,-110,-110,-110,-110,-110,-110,-110,-110,-110,-110,-110,-110,-110,-110,-110,-110,-110,-110,-110,-110,-110,-110,-110,-110,-110,-110,-110,-110,-110,-110,-110,-110,-110,-110,-110,-110,-110,-110,-110,-110,-110,-110,-110,-110,-110,-110,-110,-110,-110,-110,-110,-110,-110,-110,-110,-110,-110,-110,-110,-110,-110,-110,-110,-110,-110,-110,-110,-110,-110,-110,-110,-110,-110,-110,-110,-110,-110,-110,-110,-110,-110,-110,-110,-110,-110,-110,-110,-110,-110,-110,-110,-110,-110,-110,-110,-110,-110,-110,-110,-110,-110,-110,-110,-110,-110,-110,-110,-110,-110,-110,-110,-110,-110,-110,-110,-110,-110,-110,-110,-110,-110,-110,-110,-110,-110,-110,-110,-110,-110,-110,-110,-110,-110,-110,-110,-110,-110,-110,-110,-110,-110,-110,-110,-110,-110,-110,-110,-110,-110,-110,-110,-110,-110,-110,-110,-110,-110,-110,-110,-110,-110,-110,-110,-110,-110,-110,-110,-110,-110,-110,-110,-110,-110,-110,-110,-110,-110,-110,-110,-110,-110,-110,-110,-110,-110,-110,-110,-110,-110,-110,-110,-110,-110,-110,-110,-110,-110,-110,-110,-110,-110,-110,-110,-110,-110,-110,-110,-110,-110,-110,-110,-110,-110,-110,-110,-110,-110,-110,-110,-110,-110,-110,-110,-110,-110,-110,-110,-110,-110,-110,-110,-110,-110,-110,-110,-110,-110,-110,-110,-110,-110,-110,-110,-110,-110,-110,-110,-110,-110,-110,-110,-110,-110,-110,-110,-110,-110,-110,-110,-110,-110,-110,-110,-110,-110,-110,-110,-110,-110,-110,-110,-110,-110,-110,-110,-110,-110,-110,-110,-110,-110,-110,-110,-110,-110,-110,-110,-110,-110,-110,-110,-110,-110,-110,-110,-110,-110,-110,-110,-110,-110,-110,-110,-110,-110,-110,-110,-110,-110,-110,-110,-110,-110,-110,-110,-110,-110,-110,-110,-110,-110,-110,-110,-110,-110,-110,-110,-110,-110,-110,-110,-110,-110,-110,-110,-110,-110,-110,-110,-110,-110,-110,-110,-110,-110,-110,-110,-110,-110,-110,-110,-110,-110,-110,-110,-110,-110,-110,-110,-110,-110,-110,-110,-110,-110,-110,-110,-110,-110,-110,-110,-110,-110,-110,-110,-110,-110,-110,-110,-110,-110,-110,-110,-110,-110,-110,-110,-110,-110,-110,-110,-110,-110,-110,-110,-110,-110,-110,-110,-110,-110,-110,-110,-110,-110,-110,-110,-110
35,8.52431189,22.064127592,5,-110,-110,-110,-110,-110,-110,-110,-110,-110,-110,-110,-110,-110,-110,-76,-110,-74,-110,-110,-110,-110,-110,-110,-110,-110,-110,-110,-110,-110,-110,-110,-110,-110,-110,-110,-110,-86,-87,-110,-110,-110,-110,-110,-110,-110,-110,-110,-110,-73,-110,-73,-71,-110,-72,-110,-110,-110,-110,-110,-110,-110,-110,-110,-110,-110,-110,-110,-110,-70,-110,-75,-110,-110,-110,-110,-110,-110,-110,-110,-110,-110,-110,-110,-110,-110,-110,-110,-110,-110,-110,-110,-110,-110,-110,-110,-110,-110,-110,-110,-110,-110,-110,-110,-110,-110,-110,-110,-110,-110,-110,-110,-110,-110,-110,-110,-110,-110,-110,-110,-110,-110,-110,-110,-110,-110,-110,-110,-110,-110,-110,-110,-110,-110,-110,-110,-110,-110,-110,-110,-110,-110,-110,-110,-110,-110,-110,-110,-110,-110,-110,-110,-110,-110,-110,-110,-110,-110,-110,-110,-110,-110,-110,-110,-110,-110,-110,-110,-110,-110,-110,-110,-110,-110,-110,-110,-110,-110,-110,-110,-110,-110,-110,-110,-110,-110,-110,-110,-110,-110,-110,-110,-110,-110,-110,-110,-110,-110,-110,-110,-110,-110,-110,-110,-110,-110,-110,-110,-110,-110,-110,-110,-110,-110,-110,-110,-110,-110,-110,-110,-110,-110,-110,-110,-110,-110,-110,-110,-110,-110,-110,-110,-110,-110,-110,-110,-110,-110,-110,-110,-110,-110,-110,-110,-110,-110,-110,-110,-110,-110,-110,-110,-110,-110,-110,-110,-110,-110,-110,-110,-110,-110,-110,-110,-110,-110,-110,-110,-110,-110,-110,-110,-110,-110,-110,-110,-110,-110,-110,-110,-110,-110,-110,-110,-110,-110,-110,-110,-110,-110,-110,-110,-110,-110,-110,-110,-110,-110,-110,-110,-110,-110,-110,-110,-110,-110,-110,-110,-110,-110,-110,-110,-110,-110,-110,-110,-110,-110,-110,-110,-110,-110,-110,-110,-110,-110,-110,-110,-110,-110,-110,-110,-110,-110,-110,-110,-110,-110,-110,-110,-110,-110,-110,-110,-110,-110,-110,-110,-110,-110,-110,-110,-110,-110,-110,-110,-110,-110,-110,-110,-110,-110,-110,-110,-110,-110,-110,-110,-110,-110,-110,-110,-110,-110,-110,-110,-110,-110,-110,-110,-110,-110,-110,-110,-110,-110,-110,-110,-110,-110,-110,-110,-110,-110,-110,-110,-110,-110,-110,-110,-110,-110,-110,-110,-110,-110,-110,-110,-110,-110,-110,-110,-110,-110,-110,-110,-110,-110,-110,-110,-110,-110,-110,-110,-110,-110,-110,-110,-110,-110,-110,-110,-110,-110,-110,-110,-110,-110,-110,-110,-110,-110,-110,-110,-110,-110,-110,-110,-110,-110,-110,-110,-110,-110,-110,-110,-110,-110,-110,-110,-110,-110,-110,-110,-110,-110,-110,-110,-110,-110,-110,-110,-110,-110,-110,-110,-110,-110,-110,-110,-110,-110,-110,-110,-110,-110,-110,-110,-110,-110,-110,-110,-110,-110,-110,-110,-110,-110,-110,-110,-110,-110,-110,-110,-110,-110,-110,-110,-110,-110,-110,-110,-110,-110,-110,-110,-110,-110,-110,-110,-110,-110,-110,-110,-110,-110,-110,-110,-110,-110,-110,-110,-110,-110,-110,-110,-110,-110,-110,-110,-110,-110,-110,-110,-110,-110,-110,-110,-110,-110,-110,-110,-110,-110,-110,-110,-110,-110,-110,-110,-110,-110,-110,-110,-110,-110,-110,-110,-110,-110,-110,-110,-110,-110,-110,-110,-110,-110,-110,-110,-110,-110,-110,-110,-110,-110,-110,-110,-110,-110,-110,-110,-110,-110,-110,-110,-110,-110,-110,-110,-110,-110,-110,-110,-110,-110,-110,-110,-110,-110,-110,-110,-110,-110,-110,-110,-110,-110,-110,-110,-110
34,4.1347719,22.064127592,5,-89,-110,-110,-88,-110,-88,-110,-89,-110,-110,-89,-110,-110,-110,-77,-110,-77,-110,-110,-110,-110,-110,-110,-110,-110,-110,-110,-110,-110,-110,-110,-110,-110,-110,-110,-110,-110,-110,-110,-110,-110,-110,-110,-110,-110,-110,-110,-110,-81,-110,-80,-75,-110,-74,-110,-110,-110,-110,-110,-110,-110,-110,-110,-110,-110,-110,-110,-110,-85,-110,-85,-110,-90,-86,-110,-110,-110,-110,-110,-110,-110,-110,-110,-110,-110,-110,-110,-110,-110,-110,-110,-110,-110,-110,-110,-110,-110,-110,-110,-110,-110,-110,-110,-110,-110,-110,-110,-110,-110,-110,-110,-110,-110,-110,-110,-110,-110,-110,-110,-110,-110,-110,-110,-110,-110,-110,-110,-110,-110,-110,-110,-110,-110,-110,-110,-110,-110,-110,-110,-110,-110,-110,-110,-110,-110,-110,-110,-110,-110,-110,-110,-110,-110,-110,-110,-110,-110,-110,-110,-110,-110,-110,-110,-110,-110,-110,-110,-110,-110,-110,-110,-110,-110,-110,-110,-110,-110,-110,-110,-110,-110,-110,-110,-110,-110,-110,-110,-110,-110,-110,-110,-110,-110,-110,-110,-110,-110,-110,-110,-110,-110,-110,-110,-110,-110,-110,-110,-110,-110,-110,-110,-110,-110,-110,-110,-110,-110,-110,-110,-110,-110,-110,-110,-110,-110,-110,-110,-110,-110,-110,-110,-110,-110,-110,-110,-110,-110,-110,-110,-110,-110,-110,-110,-110,-110,-110,-110,-110,-110,-110,-110,-110,-110,-110,-110,-110,-110,-110,-110,-110,-110,-110,-110,-110,-110,-110,-110,-110,-110,-110,-110,-110,-110,-110,-110,-110,-110,-110,-110,-110,-110,-110,-110,-110,-110,-110,-110,-110,-110,-110,-110,-110,-110,-110,-110,-110,-110,-110,-110,-110,-110,-110,-110,-110,-110,-110,-110,-110,-110,-110,-110,-110,-110,-110,-110,-110,-110,-110,-110,-110,-110,-110,-110,-110,-110,-110,-110,-110,-110,-110,-110,-110,-110,-110,-110,-110,-110,-110,-110,-110,-110,-110,-110,-110,-110,-110,-110,-110,-110,-110,-110,-110,-110,-110,-110,-110,-110,-110,-110,-110,-110,-110,-110,-110,-110,-110,-110,-110,-110,-110,-110,-110,-110,-110,-110,-110,-110,-110,-110,-110,-110,-110,-110,-110,-110,-110,-110,-110,-110,-110,-110,-110,-110,-110,-110,-110,-110,-110,-110,-110,-110,-110,-110,-110,-110,-110,-110,-110,-110,-110,-110,-110,-110,-110,-110,-110,-110,-110,-110,-110,-110,-110,-110,-110,-110,-110,-110,-110,-110,-110,-110,-110,-110,-110,-110,-110,-110,-110,-110,-110,-110,-110,-110,-110,-110,-110,-110,-110,-110,-110,-110,-110,-110,-110,-110,-110,-110,-110,-110,-110,-110,-110,-110,-110,-110,-110,-110,-110,-110,-110,-110,-110,-110,-110,-110,-110,-110,-110,-110,-110,-110,-110,-110,-110,-110,-110,-110,-110,-110,-110,-110,-110,-110,-110,-110,-110,-110,-110,-110,-110,-110,-110,-110,-110,-110,-110,-110,-110,-110,-110,-110,-110,-110,-110,-110,-110,-110,-110,-110,-110,-110,-110,-110,-110,-110,-110,-110,-110,-110,-110,-110,-110,-110,-110,-110,-110,-110,-110,-110,-110,-110,-110,-110,-110,-110,-110,-110,-110,-110,-110,-110,-110,-110,-110,-110,-110,-110,-110,-110,-110,-110,-110,-110,-110,-110,-110,-110,-110,-110,-110,-110,-110,-110,-110,-110,-110,-110,-110,-110,-110,-110,-110,-110,-110,-110,-110,-110,-110,-110,-110,-110,-110,-110,-110,-110,-110,-110,-110,-110,-110,-110,-110,-110,-110,-110,-110,-110,-110,-110,-110,-110,-110,-110,-110,-110,-110,-110,-110,-110,-110
34,4.1347719,22.064127592,5,-89,-110,-110,-110,-110,-89,-110,-110,-110,-110,-88,-90,-110,-110,-81,-110,-80,-110,-110,-110,-110,-110,-110,-110,-110,-110,-110,-110,-110,-110,-110,-110,-110,-110,-110,-110,-110,-110,-110,-110,-110,-110,-110,-110,-110,-110,-110,-110,-73,-110,-75,-76,-110,-88,-110,-110,-110,-110,-110,-110,-110,-110,-110,-110,-110,-110,-110,-110,-110,-110,-92,-110,-110,-110,-110,-110,-110,-110,-110,-110,-110,-110,-110,-110,-110,-110,-110,-110,-110,-110,-110,-110,-110,-110,-110,-110,-110,-110,-110,-110,-110,-110,-110,-110,-110,-110,-110,-110,-110,-110,-110,-110,-110,-110,-110,-110,-110,-110,-110,-110,-110,-110,-110,-110,-110,-110,-110,-110,-110,-110,-110,-110,-110,-110,-110,-110,-110,-110,-110,-110,-110,-110,-110,-110,-110,-110,-110,-110,-110,-110,-110,-110,-110,-110,-110,-110,-110,-110,-110,-110,-110,-110,-110,-110,-110,-110,-110,-110,-110,-110,-110,-110,-110,-110,-110,-110,-110,-110,-110,-110,-110,-110,-110,-110,-110,-110,-110,-88,-110,-110,-110,-110,-110,-110,-110,-110,-110,-110,-110,-110,-110,-110,-110,-110,-110,-110,-110,-110,-110,-110,-110,-110,-110,-110,-110,-110,-110,-110,-110,-110,-110,-110,-110,-110,-110,-110,-110,-110,-110,-110,-110,-110,-110,-110,-110,-110,-110,-110,-110,-110,-110,-110,-110,-110,-110,-110,-110,-110,-110,-110,-110,-110,-110,-110,-110,-110,-110,-110,-110,-110,-110,-110,-110,-110,-110,-110,-110,-110,-110,-110,-110,-110,-110,-110,-110,-110,-110,-110,-110,-110,-110,-110,-110,-110,-110,-110,-110,-110,-110,-110,-110,-110,-110,-110,-110,-110,-110,-110,-110,-110,-110,-110,-110,-110,-110,-110,-110,-110,-110,-110,-110,-110,-110,-110,-110,-110,-110,-110,-110,-110,-110,-110,-110,-110,-110,-110,-110,-110,-110,-110,-110,-110,-110,-110,-110,-110,-110,-110,-110,-110,-110,-110,-110,-110,-110,-110,-110,-110,-110,-110,-110,-110,-110,-110,-110,-110,-110,-110,-110,-110,-110,-110,-110,-110,-110,-110,-110,-110,-110,-110,-110,-110,-110,-110,-110,-110,-110,-110,-110,-110,-110,-110,-110,-110,-110,-110,-110,-110,-110,-110,-110,-110,-110,-110,-110,-110,-110,-110,-110,-110,-110,-110,-110,-110,-110,-110,-110,-110,-110,-110,-110,-110,-110,-110,-110,-110,-110,-110,-110,-110,-110,-110,-110,-110,-110,-110,-110,-110,-110,-110,-110,-110,-110,-110,-110,-110,-110,-110,-110,-110,-110,-110,-110,-110,-110,-110,-110,-110,-110,-110,-110,-110,-110,-110,-110,-110,-110,-110,-110,-110,-110,-110,-110,-110,-110,-110,-110,-110,-110,-110,-110,-110,-110,-110,-110,-110,-110,-110,-110,-110,-110,-110,-110,-110,-110,-110,-110,-110,-110,-110,-110,-110,-110,-110,-110,-110,-110,-110,-110,-110,-110,-110,-110,-110,-110,-110,-110,-110,-110,-110,-110,-110,-110,-110,-110,-110,-110,-110,-110,-110,-110,-110,-110,-110,-110,-110,-110,-110,-110,-110,-110,-110,-110,-110,-110,-110,-110,-110,-110,-110,-110,-110,-110,-110,-110,-110,-110,-110,-110,-110,-110,-110,-110,-110,-110,-110,-110,-110,-110,-110,-110,-110,-110,-110,-110,-110,-110,-110,-110,-110,-110,-110,-110,-110,-110,-110,-110,-110,-110,-110,-110,-110,-110,-110,-110,-110,-110,-110,-110,-110,-110,-110,-110,-110,-110,-110,-110,-110,-110,-110,-110,-110,-110,-110,-110,-110,-110,-110,-110,-110,-110,-110,-110,-110,-110,-110,-110,-110,-110,-110
34,4.1347719,22.064127592,5,-88,-110,-110,-110,-110,-93,-110,-110,-110,-110,-110,-89,-110,-110,-81,-110,-82,-110,-110,-110,-110,-110,-110,-110,-110,-110,-110,-110,-110,-110,-110,-110,-110,-110,-110,-110,-110,-110,-110,-110,-110,-110,-110,-110,-110,-110,-110,-110,-77,-110,-75,-77,-110,-79,-110,-110,-110,-110,-110,-110,-110,-110,-110,-110,-110,-110,-110,-110,-84,-110,-85,-110,-110,-87,-110,-110,-110,-110,-110,-110,-110,-110,-110,-110,-110,-110,-110,-110,-110,-110,-110,-110,-110,-110,-110,-110,-110,-110,-110,-110,-110,-110,-110,-110,-110,-110,-110,-110,-110,-110,-110,-110,-110,-110,-110,-110,-110,-110,-110,-110,-110,-110,-110,-110,-110,-110,-110,-110,-110,-110,-110,-110,-110,-110,-110,-110,-110,-110,-110,-110,-110,-110,-110,-110,-110,-110,-110,-110,-110,-110,-110,-110,-110,-110,-110,-110,-110,-110,-110,-110,-110,-110,-110,-110,-110,-110,-110,-110,-110,-110,-110,-110,-110,-110,-110,-110,-110,-110,-110,-110,-110,-110,-110,-110,-110,-110,-110,-110,-88,-110,-110,-110,-110,-110,-110,-110,-110,-110,-110,-110,-110,-110,-110,-110,-110,-110,-110,-110,-110,-110,-110,-110,-110,-110,-110,-110,-110,-110,-110,-110,-110,-110,-110,-110,-110,-110,-110,-110,-110,-110,-110,-110,-110,-110,-110,-110,-110,-110,-110,-110,-110,-110,-110,-110,-110,-110,-110,-110,-110,-110,-110,-110,-110,-110,-110,-110,-110,-110,-110,-110,-110,-110,-110,-110,-110,-110,-110,-110,-110,-110,-110,-110,-110,-110,-110,-110,-110,-110,-110,-110,-110,-110,-110,-110,-110,-110,-110,-110,-110,-110,-110,-110,-110,-110,-110,-110,-110,-110,-110,-110,-110,-110,-110,-110,-110,-110,-110,-110,-110,-110,-110,-110,-110,-110,-110,-110,-110,-110,-110,-110,-110,-110,-110,-110,-110,-110,-110,-110,-110,-110,-110,-110,-110,-110,-110,-110,-110,-110,-110,-110,-110,-110,-110,-110,-110,-110,-110,-110,-110,-110,-110,-110,-110,-110,-110,-110,-110,-110,-110,-110,-110,-110,-110,-110,-110,-110,-110,-110,-110,-110,-110,-110,-110,-110,-110,-110,-110,-110,-110,-110,-110,-110,-110,-110,-110,-110,-110,-110,-110,-110,-110,-110,-110,-110,-110,-110,-110,-110,-110,-110,-110,-110,-110,-110,-110,-110,-110,-110,-110,-110,-110,-110,-110,-110,-110,-110,-110,-110,-110,-110,-110,-110,-110,-110,-110,-110,-110,-110,-110,-110,-110,-110,-110,-110,-110,-110,-110,-110,-110,-110,-110,-110,-110,-110,-110,-110,-110,-110,-110,-110,-110,-110,-110,-110,-110,-110,-110,-110,-110,-110,-110,-110,-110,-110,-110,-110,-110,-110,-110,-110,-110,-110,-110,-110,-110,-110,-110,-110,-110,-110,-110,-110,-110,-110,-110,-110,-110,-110,-110,-110,-110,-110,-110,-110,-110,-110,-110,-110,-110,-110,-110,-110,-110,-110,-110,-110,-110,-110,-110,-110,-110,-110,-110,-110,-110,-110,-110,-110,-110,-110,-110,-110,-110,-110,-110,-110,-110,-110,-110,-110,-110,-110,-110,-110,-110,-110,-110,-110,-110,-110,-110,-110,-110,-110,-110,-110,-110,-110,-110,-110,-110,-110,-110,-110,-110,-110,-110,-110,-110,-110,-110,-110,-110,-110,-110,-110,-110,-110,-110,-110,-110,-110,-110,-110,-110,-110,-110,-110,-110,-110,-110,-110,-110,-110,-110,-110,-110,-110,-110,-110,-110,-110,-110,-110,-110,-110,-110,-110,-110,-110,-110,-110,-110,-110,-110,-110,-110,-110,-110,-110,-110,-110,-110,-110,-110,-110,-110,-110,-110,-110
34,4.1347719,22.064127592,5,-88,-110,-110,-88,-110,-90,-110,-89,-110,-110,-90,-110,-110,-110,-82,-110,-82,-110,-110,-110,-110,-110,-110,-110,-110,-110,-110,-110,-110,-110,-110,-110,-110,-110,-110,-110,-110,-110,-110,-110,-110,-110,-110,-110,-110,-110,-110,-110,-77,-110,-77,-110,-110,-75,-110,-110,-110,-110,-110,-110,-110,-110,-110,-110,-110,-110,-110,-110,-86,-110,-86,-110,-110,-88,-110,-110,-110,-110,-110,-110,-110,-110,-110,-110,-110,-110,-110,-110,-110,-110,-110,-110,-110,-110,-110,-110,-110,-110,-110,-110,-110,-110,-110,-110,-110,-110,-110,-110,-110,-110,-110,-110,-110,-110,-110,-110,-110,-110,-110,-110,-110,-110,-110,-110,-110,-110,-110,-110,-110,-110,-110,-110,-110,-110,-110,-110,-110,-110,-110,-110,-110,-110,-110,-110,-110,-110,-110,-110,-110,-110,-110,-110,-110,-110,-110,-110,-110,-110,-110,-110,-110,-110,-110,-110,-110,-110,-110,-110,-110,-110,-110,-110,-110,-110,-110,-110,-110,-110,-110,-110,-110,-110,-110,-110,-110,-110,-110,-90,-88,-110,-110,-110,-110,-110,-110,-110,-110,-110,-110,-110,-110,-110,-110,-110,-110,-110,-110,-110,-110,-110,-110,-110,-110,-110,-110,-110,-110,-110,-110,-110,-110,-110,-110,-110,-110,-110,-110,-110,-110,-110,-110,-110,-110,-110,-110,-110,-110,-110,-110,-110,-110,-110,-110,-110,-110,-110,-110,-110,-110,-110,-110,-110,-110,-110,-110,-110,-110,-110,-110,-110,-110,-110,-110,-110,-110,-110,-110,-110,-110,-110,-110,-110,-110,-110,-110,-110,-110,-110,-110,-110,-110,-110,-110,-110,-110,-110,-110,-110,-110,-110,-110,-110,-110,-110,-110,-110,-110,-110,-110,-110,-110,-110,-110,-110,-110,-110,-110,-110,-110,-110,-110,-110,-110,-110,-110,-110,-110,-110,-110,-110,-110,-110,-110,-110,-110,-110,-110,-110,-110,-110,-110,-110,-110,-110,-110,-110,-110,-110,-110,-110,-110,-110,-110,-110,-110,-110,-110,-110,-110,-110,-110,-110,-110,-110,-110,-110,-110,-110,-110,-110,-110,-110,-110,-110,-110,-110,-110,-110,-110,-110,-110,-110,-110,-110,-110,-110,-110,-110,-110,-110,-110,-110,-110,-110,-110,-110,-110,-110,-110,-110,-110,-110,-110,-110,-110,-110,-110,-110,-110,-110,-110,-110,-110,-110,-110,-110,-110,-110,-110,-110,-110,-110,-110,-110,-110,-110,-110,-110,-110,-110,-110,-110,-110,-110,-110,-110,-110,-110,-110,-110,-110,-110,-110,-110,-110,-110,-110,-110,-110,-110,-110,-110,-110,-110,-110,-110,-110,-110,-110,-110,-110,-110,-110,-110,-110,-110,-110,-110,-110,-110,-110,-110,-110,-110,-110,-110,-110,-110,-110,-110,-110,-110,-110,-110,-110,-110,-110,-110,-110,-110,-110,-110,-110,-110,-110,-110,-110,-110,-110,-110,-110,-110,-110,-110,-110,-110,-110,-110,-110,-110,-110,-110,-110,-110,-110,-110,-110,-110,-110,-110,-110,-110,-110,-110,-110,-110,-110,-110,-110,-110,-110,-110,-110,-110,-110,-110,-110,-110,-110,-110,-110,-110,-110,-110,-110,-110,-110,-110,-110,-110,-110,-110,-110,-110,-110,-110,-110,-110,-110,-110,-110,-110,-110,-110,-110,-110,-110,-110,-110,-110,-110,-110,-110,-110,-110,-110,-110,-110,-110,-110,-110,-110,-110,-110,-110,-110,-110,-110,-110,-110,-110,-110,-110,-110,-110,-110,-110,-110,-110,-110,-110,-110,-110,-110,-110,-110,-110,-110,-110,-110,-110,-110,-110,-110,-110,-110,-110,-110,-110,-110,-110,-110,-110,-110,-110,-110,-110,-110,-110,-110
34,4.1347719,22.064127592,5,-86,-110,-110,-110,-110,-90,-110,-110,-110,-110,-91,-110,-110,-110,-82,-110,-84,-110,-110,-110,-110,-110,-110,-83,-110,-110,-110,-110,-110,-110,-110,-110,-110,-110,-110,-110,-110,-110,-110,-110,-110,-110,-81,-110,-110,-110,-110,-110,-80,-110,-80,-76,-110,-77,-110,-110,-110,-110,-110,-110,-110,-110,-110,-110,-110,-110,-110,-110,-84,-110,-83,-110,-110,-110,-110,-110,-110,-110,-110,-110,-92,-110,-110,-110,-110,-110,-110,-110,-110,-110,-110,-110,-110,-110,-110,-110,-110,-110,-110,-110,-110,-110,-110,-110,-110,-110,-110,-110,-110,-110,-110,-110,-110,-110,-110,-110,-110,-110,-110,-110,-110,-110,-110,-110,-110,-110,-110,-110,-110,-110,-110,-110,-110,-110,-110,-110,-110,-110,-110,-110,-110,-110,-110,-110,-110,-110,-110,-110,-110,-110,-110,-110,-110,-110,-110,-110,-110,-110,-110,-110,-110,-110,-110,-110,-110,-110,-110,-110,-110,-110,-110,-110,-110,-110,-110,-110,-110,-110,-110,-110,-110,-110,-110,-110,-110,-110,-110,-110,-110,-110,-110,-110,-110,-110,-110,-110,-110,-110,-110,-110,-110,-110,-110,-110,-110,-110,-110,-110,-110,-110,-110,-110,-110,-110,-110,-110,-110,-110,-110,-110,-110,-110,-110,-110,-110,-110,-110,-110,-110,-110,-110,-110,-110,-110,-110,-110,-110,-110,-110,-110,-110,-110,-110,-110,-110,-110,-110,-110,-110,-110,-110,-110,-110,-110,-110,-110,-110,-110,-110,-110,-110,-110,-110,-110,-110,-110,-110,-110,-110,-110,-110,-110,-110,-110,-110,-110,-110,-110,-110,-110,-110,-110,-110,-110,-110,-110,-110,-110,-110,-110,-110,-110,-110,-110,-110,-110,-110,-110,-110,-110,-110,-110,-110,-110,-110,-110,-110,-110,-110,-110,-110,-110,-110,-110,-110,-110,-110,-110,-110,-110,-110,-110,-110,-110,-110,-110,-110,-110,-110,-110,-110,-110,-110,-110,-110,-110,-110,-110,-110,-110,-110,-110,-110,-110,-110,-110,-110,-110,-110,-110,-110,-110,-110,-110,-110,-110,-110,-110,-110,-110,-110,-110,-110,-110,-110,-110,-110,-110,-110,-110,-110,-110,-110,-110,-110,-110,-110,-110,-110,-110,-110,-110,-110,-110,-110,-110,-110,-110,-110,-110,-110,-110,-110,-110,-110,-110,-110,-110,-110,-110,-110,-110,-110,-110,-110,-110,-110,-110,-110,-110,-110,-110,-110,-110,-110,-110,-110,-110,-110,-110,-110,-110,-110,-110,-110,-110,-110,-110,-110,-110,-110,-110,-110,-110,-110,-110,-110,-110,-110,-110,-110,-110,-110,-110,-110,-110,-110,-110,-110,-110,-110,-110,-110,-110,-110,-110,-110,-110,-110,-110,-110,-110,-110,-110,-110,-110,-110,-110,-110,-110,-110,-110,-110,-110,-110,-110,-110,-110,-110,-110,-110,-110,-110,-110,-110,-110,-110,-110,-110,-110,-110,-110,-110,-110,-110,-110,-110,-110,-110,-110,-110,-110,-110,-110,-110,-110,-110,-110,-110,-110,-110,-110,-110,-110,-110,-110,-110,-110,-110,-110,-110,-110,-110,-110,-110,-110,-110,-110,-110,-110,-110,-110,-110,-110,-110,-110,-110,-110,-110,-110,-110,-110,-110,-110,-110,-110,-110,-110,-110,-110,-110,-110,-110,-110,-110,-110,-110,-110,-110,-110,-110,-110,-110,-110,-110,-110,-110,-110,-110,-110,-110,-110,-110,-110,-110,-110,-110,-110,-110,-110,-110,-110,-110,-110,-110,-110,-110,-110,-110,-110,-110,-110,-110,-110,-110,-110,-110,-110,-110,-110,-110,-110,-110,-110,-110,-110,-110,-110,-110,-110,-110,-110,-110,-110,-110,-110,-110,-110,-110,-110
34,4.1347719,22.064127592,5,-92,-110,-110,-91,-110,-87,-110,-90,-110,-110,-92,-91,-110,-110,-82,-110,-82,-110,-110,-110,-110,-110,-110,-110,-110,-110,-110,-110,-110,-110,-110,-110,-110,-110,-110,-110,-110,-110,-110,-89,-110,-110,-110,-110,-110,-110,-110,-110,-77,-110,-79,-77,-110,-77,-110,-110,-110,-110,-110,-110,-110,-110,-110,-110,-110,-110,-110,-110,-85,-110,-84,-110,-110,-83,-110,-110,-110,-110,-110,-110,-110,-110,-110,-110,-110,-110,-110,-110,-110,-110,-110,-110,-110,-110,-110,-110,-110,-110,-110,-110,-110,-110,-110,-110,-110,-110,-110,-110,-110,-110,-110,-110,-110,-110,-110,-110,-110,-110,-110,-110,-110,-110,-110,-110,-110,-110,-110,-110,-110,-110,-110,-110,-110,-110,-110,-110,-110,-110,-110,-110,-110,-110,-110,-110,-110,-110,-110,-110,-110,-110,-110,-110,-110,-110,-110,-110,-110,-110,-110,-110,-110,-110,-110,-110,-110,-110,-110,-110,-110,-110,-110,-110,-110,-110,-110,-110,-110,-110,-110,-110,-110,-110,-110,-110,-110,-110,-110,-89,-90,-110,-110,-110,-110,-110,-110,-110,-110,-110,-110,-110,-110,-110,-110,-110,-110,-110,-110,-110,-110,-110,-110,-110,-110,-110,-110,-110,-110,-110,-110,-110,-110,-110,-110,-110,-110,-110,-110,-110,-110,-110,-110,-110,-110,-110,-110,-110,-110,-110,-110,-110,-110,-110,-110,-110,-110,-110,-110,-110,-110,-110,-110,-110,-110,-110,-110,-110,-110,-110,-110,-110,-110,-110,-110,-110,-110,-110,-110,-110,-110,-110,-110,-110,-110,-110,-110,-110,-110,-110,-110,-110,-110,-110,-110,-110,-110,-110,-110,-110,-110,-110,-110,-110,-110,-110,-110,-110,-110,-110,-110,-110,-110,-110,-110,-110,-110,-110,-110,-110,-110,-110,-110,-110,-110,-110,-110,-110,-110,-110,-110,-110,-110,-110,-110,-110,-110,-110,-110,-110,-110,-110,-110,-110,-110,-110,-110,-110,-110,-110,-110,-110,-110,-110,-110,-110,-110,-110,-110,-110,-110,-110,-110,-110,-110,-110,-110,-110,-110,-110,-110,-110,-110,-110,-110,-110,-110,-110,-110,-110,-110,-110,-110,-110,-110,-110,-110,-110,-110,-110,-110,-110,-110,-110,-110,-110,-110,-110,-110,-110,-110,-110,-110,-110,-110,-110,-110,-110,-110,-110,-110,-110,-110,-110,-110,-110,-110,-110,-110,-110,-110,-110,-110,-110,-110,-110,-110,-110,-110,-110,-110,-110,-110,-110,-110,-110,-110,-110,-110,-110,-110,-110,-110,-110,-110,-110,-110,-110,-110,-110,-110,-110,-110,-110,-110,-110,-110,-110,-110,-110,-110,-110,-110,-110,-110,-110,-110,-110,-110,-110,-110,-110,-110,-110,-110,-110,-110,-110,-110,-110,-110,-110,-110,-110,-110,-110,-110,-110,-110,-110,-110,-110,-110,-110,-110,-110,-110,-110,-110,-110,-110,-110,-110,-110,-110,-110,-110,-110,-110,-110,-110,-110,-110,-110,-110,-110,-110,-110,-110,-110,-110,-110,-110,-110,-110,-110,-110,-110,-110,-110,-110,-110,-110,-110,-110,-110,-110,-110,-110,-110,-110,-110,-110,-110,-110,-110,-110,-110,-110,-110,-110,-110,-110,-110,-110,-110,-110,-110,-110,-110,-110,-110,-110,-110,-110,-110,-110,-110,-110,-110,-110,-110,-110,-110,-110,-110,-110,-110,-110,-110,-110,-110,-110,-110,-110,-110,-110,-110,-110,-110,-110,-110,-110,-110,-110,-110,-110,-110,-110,-110,-110,-110,-110,-110,-110,-110,-110,-110,-110,-110,-110,-110,-110,-110,-110,-110,-110,-110,-110,-110,-110,-110,-110,-110,-110,-110,-110,-110,-110,-110,-110,-110
33,12.91385188,20.276023485,5,-79,-110,-110,-80,-110,-78,-110,-82,-110,-110,-89,-110,-110,-110,-86,-110,-82,-110,-110,-110,-110,-110,-110,-110,-87,-110,-87,-90,-110,-86,-110,-110,-110,-110,-110,-110,-110,-110,-110,-110,-110,-110,-110,-110,-110,-110,-110,-110,-78,-110,-78,-70,-110,-71,-110,-110,-110,-110,-110,-110,-110,-110,-83,-83,-110,-110,-110,-110,-84,-110,-86,-110,-110,-90,-110,-110,-110,-110,-110,-110,-110,-110,-110,-110,-110,-110,-110,-110,-110,-110,-110,-110,-110,-110,-110,-110,-110,-110,-110,-110,-110,-110,-110,-110,-110,-110,-110,-110,-110,-110,-110,-110,-110,-110,-110,-110,-110,-110,-110,-110,-110,-110,-110,-110,-110,-110,-110,-110,-110,-110,-110,-110,-110,-110,-110,-110,-110,-110,-110,-110,-110,-110,-110,-110,-110,-110,-110,-110,-110,-110,-110,-110,-110,-110,-110,-110,-110,-110,-110,-110,-110,-110,-110,-110,-110,-110,-110,-110,-110,-110,-110,-110,-110,-110,-110,-110,-110,-110,-110,-110,-110,-110,-110,-110,-110,-110,-110,-110,-110,-110,-110,-110,-110,-110,-110,-110,-110,-110,-110,-110,-110,-110,-110,-110,-110,-110,-110,-110,-110,-110,-110,-110,-110,-110,-110,-110,-110,-110,-110,-110,-110,-110,-110,-110,-110,-110,-110,-110,-110,-110,-110,-110,-110,-110,-110,-110,-110,-110,-110,-110,-110,-110,-110,-110,-110,-110,-110,-110,-110,-110,-110,-110,-110,-110,-110,-110,-110,-110,-110,-110,-110,-110,-110,-110,-110,-110,-110,-110,-110,-110,-110,-110,-110,-110,-110,-110,-110,-110,-110,-110,-110,-110,-110,-110,-110,-110,-110,-110,-110,-110,-110,-110,-110,-110,-110,-110,-110,-110,-110,-110,-110,-110,-110,-110,-110,-110,-110,-110,-110,-110,-110,-110,-110,-110,-110,-110,-110,-110,-110,-110,-110,-110,-110,-110,-110,-110,-110,-110,-110,-110,-110,-110,-110,-110,-110,-110,-110,-110,-110,-110,-110,-110,-110,-110,-110,-110,-110,-110,-110,-110,-110,-110,-110,-110,-110,-110,-110,-110,-110,-110,-110,-110,-110,-110,-110,-110,-110,-110,-110,-110,-110,-110,-110,-110,-110,-110,-110,-110,-110,-110,-110,-110,-110,-110,-110,-110,-110,-110,-110,-110,-110,-110,-110,-110,-110,-110,-110,-110,-110,-110,-110,-110,-110,-110,-110,-110,-110,-110,-110,-110,-110,-110,-110,-110,-110,-110,-110,-110,-110,-110,-110,-110,-110,-110,-110,-110,-110,-110,-110,-110,-110,-110,-110,-110,-110,-110,-110,-110,-110,-110,-110,-110,-110,-110,-110,-110,-110,-110,-110,-110,-110,-110,-110,-110,-110,-110,-110,-110,-110,-110,-110,-110,-110,-110,-110,-110,-110,-110,-110,-110,-110,-110,-110,-110,-110,-110,-110,-110,-110,-110,-110,-110,-110,-110,-110,-110,-110,-110,-110,-110,-110,-110,-110,-110,-110,-110,-110,-110,-110,-110,-110,-110,-110,-110,-110,-110,-110,-110,-110,-110,-110,-110,-110,-110,-110,-110,-110,-110,-110,-110,-110,-110,-110,-110,-110,-110,-110,-110,-110,-110,-110,-110,-110,-110,-110,-110,-110,-110,-110,-110,-110,-110,-110,-110,-110,-110,-110,-110,-110,-110,-110,-110,-110,-110,-110,-110,-110,-110,-110,-110,-110,-110,-110,-110,-110,-110,-110,-110,-110,-110,-110,-110,-110,-110,-110,-110,-110,-110,-110,-110,-110,-110,-110,-110,-110,-110,-110,-110,-110,-110,-110,-110,-110,-110,-110,-110,-110,-110,-110,-110,-110,-110,-110,-110,-110,-110,-110,-110,-110,-110,-110,-110,-110,-110,-110,-110,-110,-110,-110,-110
33,12.91385188,20.276023485,5,-78,-110,-110,-87,-110,-79,-110,-89,-110,-110,-110,-110,-110,-110,-83,-110,-81,-110,-110,-110,-110,-110,-110,-110,-110,-110,-87,-110,-110,-88,-110,-110,-110,-110,-110,-110,-110,-110,-110,-110,-110,-110,-110,-110,-110,-110,-110,-110,-76,-110,-77,-73,-110,-73,-110,-110,-110,-110,-110,-110,-110,-110,-82,-82,-110,-110,-110,-110,-86,-110,-85,-110,-110,-90,-110,-110,-110,-110,-110,-110,-110,-110,-110,-110,-110,-110,-110,-110,-110,-110,-110,-110,-110,-110,-110,-110,-110,-110,-110,-110,-110,-110,-110,-110,-110,-110,-110,-110,-110,-110,-110,-110,-110,-110,-110,-110,-110,-110,-110,-110,-110,-110,-110,-110,-110,-110,-110,-110,-110,-110,-110,-110,-110,-110,-110,-110,-110,-110,-110,-110,-110,-110,-110,-110,-110,-110,-110,-110,-110,-110,-110,-110,-110,-110,-110,-110,-110,-110,-110,-110,-110,-110,-110,-110,-110,-110,-110,-110,-110,-110,-110,-110,-110,-110,-110,-110,-110,-110,-110,-110,-110,-110,-110,-110,-110,-110,-110,-110,-110,-110,-110,-110,-110,-110,-110,-110,-110,-110,-110,-110,-110,-110,-110,-110,-110,-110,-110,-110,-110,-110,-110,-110,-110,-110,-110,-110,-110,-110,-110,-110,-110,-110,-110,-110,-110,-110,-110,-110,-110,-110,-110,-110,-110,-110,-110,-110,-110,-110,-110,-110,-110,-110,-110,-110,-110,-110,-110,-110,-110,-110,-110,-110,-110,-110,-110,-110,-110,-110,-110,-110,-110,-110,-110,-110,-110,-110,-110,-110,-110,-110,-110,-110,-110,-110,-110,-110,-110,-110,-110,-110,-110,-110,-110,-110,-110,-110,-110,-110,-110,-110,-110,-110,-110,-110,-110,-110,-110,-110,-110,-110,-110,-110,-110,-110,-110,-110,-110,-110,-110,-110,-110,-110,-110,-110,-110,-110,-110,-110,-110,-110,-110,-110,-110,-110,-110,-110,-110,-110,-110,-110,-110,-110,-110,-110,-110,-110,-110,-110,-110,-110,-110,-110,-110,-110,-110,-110,-110,-110,-110,-110,-110,-110,-110,-110,-110,-110,-110,-110,-110,-110,-110,-110,-110,-110,-110,-110,-110,-110,-110,-110,-110,-110,-110,-110,-110,-110,-110,-110,-110,-110,-110,-110,-110,-110,-110,-110,-110,-110,-110,-110,-110,-110,-110,-110,-110,-110,-110,-110,-110,-110,-110,-110,-110,-110,-110,-110,-110,-110,-110,-110,-110,-110,-110,-110,-110,-110,-110,-110,-110,-110,-110,-110,-110,-110,-110,-110,-110,-110,-110,-110,-110,-110,-110,-110,-110,-110,-110,-110,-110,-110,-110,-110,-110,-110,-110,-110,-110,-110,-110,-110,-110,-110,-110,-110,-110,-110,-110,-110,-110,-110,-110,-110,-110,-110,-110,-110,-110,-110,-110,-110,-110,-110,-110,-110,-110,-110,-110,-110,-110,-110,-110,-110,-110,-110,-110,-110,-110,-110,-110,-110,-110,-110,-110,-110,-110,-110,-110,-110,-110,-110,-110,-110,-110,-110,-110,-110,-110,-110,-110,-110,-110,-110,-110,-110,-110,-110,-110,-110,-110,-110,-110,-110,-110,-110,-110,-110,-110,-110,-110,-110,-110,-110,-110,-110,-110,-110,-110,-110,-110,-110,-110,-110,-110,-110,-110,-110,-110,-110,-110,-110,-110,-110,-110,-110,-110,-110,-110,-110,-110,-110,-110,-110,-110,-110,-110,-110,-110,-110,-110,-110,-110,-110,-110,-110,-110,-110,-110,-110,-110,-110,-110,-110,-110,-110,-110,-110,-110,-110,-110,-110,-110,-110,-110,-110,-110,-110,-110,-110,-110,-110,-110,-110,-110,-110,-110,-110,-110,-110,-110,-110,-110,-110,-110,-110,-110,-110,-110,-110,-110,-110
33,12.91385188,20.276023485,5,-78,-110,-110,-86,-110,-78,-110,-85,-110,-110,-110,-110,-110,-110,-84,-110,-81,-110,-110,-110,-110,-110,-110,-110,-91,-110,-86,-91,-110,-110,-110,-110,-91,-90,-110,-110,-110,-110,-110,-110,-110,-110,-110,-110,-110,-110,-110,-110,-76,-110,-80,-70,-110,-71,-110,-110,-110,-110,-110,-110,-110,-110,-82,-79,-110,-110,-110,-110,-84,-110,-85,-110,-110,-92,-110,-110,-110,-110,-110,-110,-110,-110,-110,-110,-110,-110,-110,-110,-110,-110,-110,-110,-110,-110,-110,-110,-110,-110,-110,-110,-110,-110,-110,-110,-110,-110,-110,-110,-110,-110,-110,-110,-110,-110,-110,-110,-110,-110,-110,-110,-110,-110,-110,-110,-110,-110,-110,-110,-110,-110,-110,-110,-110,-110,-110,-110,-110,-110,-110,-110,-110,-110,-110,-110,-110,-110,-110,-110,-110,-110,-110,-110,-110,-110,-110,-110,-110,-110,-110,-110,-110,-110,-110,-110,-110,-110,-110,-110,-110,-110,-110,-110,-110,-110,-110,-110,-110,-110,-110,-110,-110,-110,-110,-110,-110,-110,-110,-110,-110,-110,-110,-110,-110,-110,-110,-110,-110,-110,-110,-110,-110,-110,-110,-110,-110,-110,-110,-110,-110,-110,-110,-110,-110,-110,-110,-110,-110,-110,-110,-110,-110,-110,-110,-110,-110,-110,-110,-110,-110,-110,-110,-110,-110,-110,-110,-110,-110,-110,-110,-110,-110,-110,-110,-110,-110,-110,-110,-110,-110,-110,-110,-110,-110,-110,-110,-110,-110,-110,-110,-110,-110,-110,-110,-110,-110,-110,-110,-110,-110,-110,-110,-110,-110,-110,-110,-110,-110,-110,-110,-110,-110,-110,-110,-110,-110,-110,-110,-110,-110,-110,-110,-110,-110,-110,-110,-110,-110,-110,-110,-110,-110,-110,-110,-110,-110,-110,-110,-110,-110,-110,-110,-110,-110,-110,-110,-110,-110,-110,-110,-110,-110,-110,-110,-110,-110,-110,-110,-110,-110,-110,-110,-110,-110,-110,-110,-110,-110,-110,-110,-110,-110,-110,-110,-110,-110,-110,-110,-110,-110,-110,-110,-110,-110,-110,-110,-110,-110,-110,-110,-110,-110,-110,-110,-110,-110,-110,-110,-110,-110,-110,-110,-110,-110,-110,-110,-110,-110,-110,-110,-110,-110,-110,-110,-110,-110,-110,-110,-110,-110,-110,-110,-110,-110,-110,-110,-110,-110,-110,-110,-110,-110,-110,-110,-110,-110,-110,-110,-110,-110,-110,-110,-110,-110,-110,-110,-110,-110,-110,-110,-110,-110,-110,-110,-110,-110,-110,-110,-110,-110,-110,-110,-110,-110,-110,-110,-110,-110,-110,-110,-110,-110,-110,-110,-110,-110,-110,-110,-110,-110,-110,-110,-110,-110,-110,-110,-110,-110,-110,-110,-110,-110,-110,-110,-110,-110,-110,-110,-110,-110,-110,-110,-110,-110,-110,-110,-110,-110,-110,-110,-110,-110,-110,-110,-110,-110,-110,-110,-110,-110,-110,-110,-110,-110,-110,-110,-110,-110,-110,-110,-110,-110,-110,-110,-110,-110,-110,-110,-110,-110,-110,-110,-110,-110,-110,-110,-110,-110,-110,-110,-110,-110,-110,-110,-110,-110,-110,-110,-110,-110,-110,-110,-110,-110,-110,-110,-110,-110,-110,-110,-110,-110,-110,-110,-110,-110,-110,-110,-110,-110,-110,-110,-110,-110,-110,-110,-110,-110,-110,-110,-110,-110,-110,-110,-110,-110,-110,-110,-110,-110,-110,-110,-110,-110,-110,-110,-110,-110,-110,-110,-110,-110,-110,-110,-110,-110,-110,-110,-110,-110,-110,-110,-110,-110,-110,-110,-110,-110,-110,-110,-110,-110,-110,-110,-110,-110,-110,-110,-110,-110,-110,-110,-110,-110,-110,-110,-110,-110,-110,-110,-110
33,12.91385188,20.276023485,5,-80,-110,-110,-83,-110,-79,-110,-84,-110,-110,-110,-93,-110,-110,-85,-110,-84,-110,-110,-110,-110,-110,-110,-110,-91,-110,-86,-91,-110,-88,-110,-110,-110,-110,-110,-110,-110,-110,-110,-110,-110,-110,-110,-110,-110,-110,-110,-110,-78,-110,-79,-72,-110,-71,-110,-110,-110,-110,-110,-110,-110,-110,-86,-86,-110,-110,-110,-110,-87,-110,-88,-110,-110,-110,-110,-110,-110,-110,-110,-110,-110,-110,-110,-110,-110,-110,-110,-110,-110,-110,-110,-110,-110,-110,-110,-110,-110,-110,-110,-110,-110,-110,-110,-110,-110,-110,-110,-110,-110,-110,-110,-110,-110,-110,-110,-110,-110,-110,-110,-110,-110,-110,-110,-110,-110,-110,-110,-110,-110,-110,-110,-110,-110,-110,-110,-110,-110,-110,-110,-110,-110,-110,-110,-110,-110,-110,-110,-110,-110,-110,-110,-110,-110,-110,-110,-110,-110,-110,-110,-110,-110,-110,-110,-110,-110,-110,-110,-110,-110,-110,-110,-110,-110,-110,-110,-110,-110,-110,-110,-110,-110,-110,-110,-110,-110,-110,-110,-110,-110,-110,-110,-110,-110,-110,-110,-110,-110,-110,-110,-110,-110,-110,-110,-110,-110,-110,-110,-110,-110,-110,-110,-110,-110,-110,-110,-110,-110,-110,-110,-110,-110,-110,-110,-110,-110,-110,-110,-110,-110,-110,-110,-110,-110,-110,-110,-110,-110,-110,-110,-110,-110,-110,-110,-110,-110,-110,-110,-110,-110,-110,-110,-110,-110,-110,-110,-110,-110,-110,-110,-110,-110,-110,-110,-110,-110,-110,-110,-110,-110,-110,-110,-110,-110,-110,-110,-110,-110,-110,-110,-110,-110,-110,-110,-110,-110,-110,-110,-110,-110,-110,-110,-110,-110,-110,-110,-110,-110,-110,-110,-110,-110,-110,-110,-110,-110,-110,-110,-110,-110,-110,-110,-110,-110,-110,-110,-110,-110,-110,-110,-110,-110,-110,-110,-110,-110,-110,-110,-110,-110,-110,-110,-110,-110,-110,-110,-110,-110,-110,-110,-110,-110,-110,-110,-110,-110,-110,-110,-110,-110,-110,-110,-110,-110,-110,-110,-110,-110,-110,-110,-110,-110,-110,-110,-110,-110,-110,-110,-110,-110,-110,-110,-110,-110,-110,-110,-110,-110,-110,-110,-110,-110,-110,-110,-110,-110,-110,-110,-110,-110,-110,-110,-110,-110,-110,-110,-110,-110,-110,-110,-110,-110,-110,-110,-110,-110,-110,-110,-110,-110,-110,-110,-110,-110,-110,-110,-110,-110,-110,-110,-110,-110,-110,-110,-110,-110,-110,-110,-110,-110,-110,-110,-110,-110,-110,-110,-110,-110,-110,-110,-110,-110,-110,-110,-110,-110,-110,-110,-110,-110,-110,-110,-110,-110,-110,-110,-110,-110,-110,-110,-110,-110,-110,-110,-110,-110,-110,-110,-110,-110,-110,-110,-110,-110,-110,-110,-110,-110,-110,-110,-110,-110,-110,-110,-110,-110,-110,-110,-110,-110,-110,-110,-110,-110,-110,-110,-110,-110,-110,-110,-110,-110,-110,-110,-110,-110,-110,-110,-110,-110,-110,-110,-110,-110,-110,-110,-110,-110,-110,-110,-110,-110,-110,-110,-110,-110,-110,-110,-110,-110,-110,-110,-110,-110,-110,-110,-110,-110,-110,-110,-110,-110,-110,-110,-110,-110,-110,-110,-110,-110,-110,-110,-110,-110,-110,-110,-110,-110,-110,-110,-110,-110,-110,-110,-110,-110,-110,-110,-110,-110,-110,-110,-110,-110,-110,-110,-110,-110,-110,-110,-110,-110,-110,-110,-110,-110,-110,-110,-110,-110,-110,-110,-110,-110,-110,-110,-110,-110,-110,-110,-110,-110,-110,-110,-110,-110,-110,-110,-110,-110,-110,-110,-110,-110,-110,-110,-110,-110,-110,-110,-110
33,12.91385188,20.276023485,5,-78,-110,-110,-84,-110,-78,-110,-79,-110,-110,-91,-110,-110,-110,-85,-110,-84,-110,-110,-110,-110,-110,-110,-110,-89,-110,-86,-87,-110,-87,-110,-110,-110,-110,-110,-110,-110,-110,-110,-110,-110,-110,-110,-110,-110,-110,-110,-110,-80,-110,-76,-70,-110,-71,-110,-110,-110,-110,-110,-110,-110,-110,-82,-83,-110,-110,-110,-110,-87,-110,-87,-110,-110,-110,-110,-110,-110,-110,-110,-110,-110,-110,-110,-110,-110,-110,-110,-110,-110,-110,-110,-110,-110,-110,-110,-110,-110,-110,-110,-110,-110,-110,-110,-110,-110,-110,-110,-110,-110,-110,-110,-110,-110,-110,-110,-110,-110,-110,-110,-110,-110,-110,-110,-110,-110,-110,-110,-110,-110,-110,-110,-110,-110,-110,-110,-110,-110,-110,-110,-110,-110,-110,-110,-110,-110,-110,-110,-110,-110,-110,-110,-110,-110,-110,-110,-110,-110,-110,-110,-110,-110,-110,-110,-110,-110,-110,-110,-110,-110,-110,-110,-110,-110,-110,-110,-110,-110,-110,-110,-110,-110,-110,-110,-110,-110,-110,-110,-110,-110,-110,-110,-110,-110,-110,-110,-110,-110,-110,-110,-110,-110,-110,-110,-110,-110,-110,-110,-110,-110,-110,-110,-110,-110,-110,-110,-110,-110,-110,-110,-110,-110,-110,-110,-110,-110,-110,-110,-110,-110,-110,-110,-110,-110,-110,-110,-110,-110,-110,-110,-110,-110,-110,-110,-110,-110,-110,-110,-110,-110,-110,-110,-110,-110,-110,-110,-110,-110,-110,-110,-110,-110,-110,-110,-110,-110,-110,-110,-110,-110,-110,-110,-110,-110,-110,-110,-110,-110,-110,-110,-110,-110,-110,-110,-110,-110,-110,-110,-110,-110,-110,-110,-110,-110,-110,-110,-110,-110,-110,-110,-110,-110,-110,-110,-110,-110,-110,-110,-110,-110,-110,-110,-110,-110,-110,-110,-110,-110,-110,-110,-110,-110,-110,-110,-110,-110,-110,-110,-110,-110,-110,-110,-110,-110,-110,-110,-110,-110,-110,-110,-110,-110,-110,-110,-110,-110,-110,-110,-110,-110,-110,-110,-110,-110,-110,-110,-110,-110,-110,-110,-110,-110,-110,-110,-110,-110,-110,-110,-110,-110,-110,-110,-110,-110,-110,-110,-110,-110,-110,-110,-110,-110,-110,-110,-110,-110,-110,-110,-110,-110,-110,-110,-110,-110,-110,-110,-110,-110,-110,-110,-110,-110,-110,-110,-110,-110,-110,-110,-110,-110,-110,-110,-110,-110,-110,-110,-110,-110,-110,-110,-110,-110,-110,-110,-110,-110,-110,-110,-110,-110,-110,-110,-110,-110,-110,-110,-110,-110,-110,-110,-110,-110,-110,-110,-110,-110,-110,-110,-110,-110,-110,-110,-110,-110,-110,-110,-110,-110,-110,-110,-110,-110,-110,-110,-110,-110,-110,-110,-110,-110,-110,-110,-110,-110,-110,-110,-110,-110,-110,-110,-110,-110,-110,-110,-110,-110,-110,-110,-110,-110,-110,-110,-110,-110,-110,-110,-110,-110,-110,-110,-110,-110,-110,-110,-110,-110,-110,-110,-110,-110,-110,-110,-110,-110,-110,-110,-110,-110,-110,-110,-110,-110,-110,-110,-110,-110,-110,-110,-110,-110,-110,-110,-110,-110,-110,-110,-110,-110,-110,-110,-110,-110,-110,-110,-110,-110,-110,-110,-110,-110,-110,-110,-110,-110,-110,-110,-110,-110,-110,-110,-110,-110,-110,-110,-110,-110,-110,-110,-110,-110,-110,-110,-110,-110,-110,-110,-110,-110,-110,-110,-110,-110,-110,-110,-110,-110,-110,-110,-110,-110,-110,-110,-110,-110,-110,-110,-110,-110,-110,-110,-110,-110,-110,-110,-110,-110,-110,-110,-110,-110,-110,-110,-110,-110,-110,-110,-110,-110,-110,-110,-110
33,12.91385188,20.276023485,5,-79,-110,-110,-80,-110,-80,-110,-78,-110,-110,-110,-110,-110,-110,-84,-110,-86,-110,-110,-110,-110,-110,-110,-110,-90,-110,-110,-87,-110,-110,-110,-110,-110,-110,-110,-110,-110,-110,-110,-110,-110,-110,-110,-110,-110,-110,-110,-110,-74,-110,-75,-110,-110,-73,-110,-110,-110,-110,-110,-110,-110,-110,-80,-81,-110,-110,-110,-110,-90,-110,-93,-110,-110,-110,-110,-110,-110,-110,-110,-110,-110,-110,-110,-110,-110,-110,-110,-110,-110,-110,-110,-110,-110,-110,-110,-110,-110,-110,-110,-110,-110,-110,-110,-110,-110,-110,-110,-110,-110,-110,-110,-110,-110,-110,-110,-110,-110,-110,-110,-110,-110,-110,-110,-110,-110,-110,-110,-110,-110,-110,-110,-110,-110,-110,-110,-110,-110,-110,-110,-110,-110,-110,-110,-110,-110,-110,-110,-110,-110,-110,-110,-110,-110,-110,-110,-110,-110,-110,-110,-110,-110,-110,-110,-110,-110,-110,-110,-110,-110,-110,-110,-110,-110,-110,-110,-110,-110,-110,-110,-110,-110,-110,-110,-110,-110,-110,-110,-110,-110,-110,-110,-110,-110,-110,-110,-110,-110,-110,-110,-110,-110,-110,-110,-110,-110,-110,-110,-110,-110,-110,-110,-110,-110,-110,-110,-110,-110,-110,-110,-110,-110,-110,-110,-110,-110,-110,-110,-110,-110,-110,-110,-110,-110,-110,-110,-110,-110,-110,-110,-110,-110,-110,-110,-110,-110,-110,-110,-110,-110,-110,-110,-110,-110,-110,-110,-110,-110,-110,-110,-110,-110,-110,-110,-110,-110,-110,-110,-110,-110,-110,-110,-110,-110,-110,-110,-110,-110,-110,-110,-110,-110,-110,-110,-110,-110,-110,-110,-110,-110,-110,-110,-110,-110,-110,-110,-110,-110,-110,-110,-110,-110,-110,-110,-110,-110,-110,-110,-110,-110,-110,-110,-110,-110,-110,-110,-110,-110,-110,-110,-110,-110,-110,-110,-110,-110,-110,-110,-110,-110,-110,-110,-110,-110,-110,-110,-110,-110,-110,-110,-110,-110,-110,-110,-110,-110,-110,-110,-110,-110,-110,-110,-110,-110,-110,-110,-110,-110,-110,-110,-110,-110,-110,-110,-110,-110,-110,-110,-110,-110,-110,-110,-110,-110,-110,-110,-110,-110,-110,-110,-110,-110,-110,-110,-110,-110,-110,-110,-110,-110,-110,-110,-110,-110,-110,-110,-110,-110,-110,-110,-110,-110,-110,-110,-110,-110,-110,-110,-110,-110,-110,-110,-110,-110,-110,-110,-110,-110,-110,-110,-110,-110,-110,-110,-110,-110,-110,-110,-110,-110,-110,-110,-110,-110,-110,-110,-110,-110,-110,-110,-110,-110,-110,-110,-110,-110,-110,-110,-110,-110,-110,-110,-110,-110,-110,-110,-110,-110,-110,-110,-110,-110,-110,-110,-110,-110,-110,-110,-110,-110,-110,-110,-110,-110,-110,-110,-110,-110,-110,-110,-110,-110,-110,-110,-110,-110,-110,-110,-110,-110,-110,-110,-110,-110,-110,-110,-110,-110,-110,-110,-110,-110,-110,-110,-110,-110,-110,-110,-110,-110,-110,-110,-110,-110,-110,-110,-110,-110,-110,-110,-110,-110,-110,-110,-110,-110,-110,-110,-110,-110,-110,-110,-110,-110,-110,-110,-110,-110,-110,-110,-110,-110,-110,-110,-110,-110,-110,-110,-110,-110,-110,-110,-110,-110,-110,-110,-110,-110,-110,-110,-110,-110,-110,-110,-110,-110,-110,-110,-110,-110,-110,-110,-110,-110,-110,-110,-110,-110,-110,-110,-110,-110,-110,-110,-110,-110,-110,-110,-110,-110,-110,-110,-110,-110,-110,-110,-110,-110,-110,-110,-110,-110,-110,-110,-110,-110,-110,-110,-110,-110,-110,-110,-110,-110,-110,-110,-110,-110,-110,-110,-110
32,8.52431189,20.276023485,5,-85,-110,-110,-110,-110,-86,-110,-110,-110,-110,-110,-110,-110,-110,-70,-110,-71,-110,-110,-110,-110,-110,-110,-110,-110,-110,-110,-110,-110,-110,-110,-110,-110,-110,-110,-110,-110,-110,-110,-110,-110,-110,-110,-110,-110,-110,-110,-110,-68,-110,-66,-70,-110,-76,-110,-110,-110,-110,-110,-110,-110,-110,-110,-110,-110,-110,-110,-110,-78,-110,-78,-110,-110,-110,-110,-110,-110,-110,-110,-110,-110,-110,-110,-110,-110,-110,-110,-110,-110,-110,-110,-110,-110,-110,-110,-110,-110,-110,-110,-110,-110,-110,-110,-110,-110,-110,-110,-110,-110,-110,-110,-110,-110,-110,-110,-110,-110,-110,-110,-110,-110,-110,-110,-110,-110,-110,-110,-110,-110,-110,-110,-110,-110,-110,-110,-110,-110,-110,-110,-110,-110,-110,-110,-110,-110,-110,-110,-110,-110,-110,-110,-110,-110,-110,-110,-110,-110,-110,-110,-110,-110,-110,-110,-110,-110,-110,-110,-110,-110,-110,-110,-110,-110,-110,-110,-110,-110,-110,-110,-110,-110,-110,-110,-110,-110,-110,-110,-110,-110,-110,-110,-110,-110,-110,-110,-110,-110,-110,-110,-110,-110,-110,-110,-110,-110,-110,-110,-110,-110,-110,-110,-110,-110,-110,-110,-110,-110,-110,-110,-110,-110,-110,-110,-110,-110,-110,-110,-110,-110,-110,-110,-110,-110,-110,-110,-110,-110,-110,-110,-110,-110,-110,-110,-110,-110,-110,-110,-110,-110,-110,-110,-110,-110,-110,-110,-110,-110,-110,-110,-110,-110,-110,-110,-110,-110,-110,-110,-110,-110,-110,-110,-110,-110,-110,-110,-110,-110,-110,-110,-110,-110,-110,-110,-110,-110,-110,-110,-110,-110,-110,-110,-110,-110,-110,-110,-110,-110,-110,-110,-110,-110,-110,-110,-110,-110,-110,-110,-110,-110,-110,-110,-110,-110,-110,-110,-110,-110,-110,-110,-110,-110,-110,-110,-110,-110,-110,-110,-110,-110,-110,-110,-110,-110,-110,-110,-110,-110,-110,-110,-110,-110,-110,-110,-110,-110,-110,-110,-110,-110,-110,-110,-110,-110,-110,-110,-110,-110,-110,-110,-110,-110,-110,-110,-110,-110,-110,-110,-110,-110,-110,-110,-110,-110,-110,-110,-110,-110,-110,-110,-110,-110,-110,-110,-110,-110,-110,-110,-110,-110,-110,-110,-110,-110,-110,-110,-110,-110,-110,-110,-110,-110,-110,-110,-110,-110,-110,-110,-110,-110,-110,-110,-110,-110,-110,-110,-110,-110,-110,-110,-110,-110,-110,-110,-110,-110,-110,-110,-110,-110,-110,-110,-110,-110,-110,-110,-110,-110,-110,-110,-110,-110,-110,-110,-110,-110,-110,-110,-110,-110,-110,-110,-110,-110,-110,-110,-110,-110,-110,-110,-110,-110,-110,-110,-110,-110,-110,-110,-110,-110,-110,-110,-110,-110,-110,-110,-110,-110,-110,-110,-110,-110,-110,-110,-110,-110,-110,-110,-110,-110,-110,-110,-110,-110,-110,-110,-110,-110,-110,-110,-110,-110,-110,-110,-110,-110,-110,-110,-110,-110,-110,-110,-110,-110,-110,-110,-110,-110,-110,-110,-110,-110,-110,-110,-110,-110,-110,-110,-110,-110,-110,-110,-110,-110,-110,-110,-110,-110,-110,-110,-110,-110,-110,-110,-110,-110,-110,-110,-110,-110,-110,-110,-110,-110,-110,-110,-110,-110,-110,-110,-110,-110,-110,-110,-110,-110,-110,-110,-110,-110,-110,-110,-110,-110,-110,-110,-110,-110,-110,-110,-110,-110,-110,-110,-110,-110,-110,-110,-110,-110,-110,-110,-110,-110,-110,-110,-110,-110,-110,-110,-110,-110,-110,-110,-110,-110,-110,-110,-110,-110,-110,-110,-110,-110,-110,-110,-110,-110,-110,-110,-110
32,8.52431189,20.276023485,5,-87,-110,-110,-86,-110,-85,-110,-87,-110,-110,-90,-89,-110,-110,-72,-110,-73,-110,-110,-110,-110,-110,-110,-110,-110,-110,-110,-110,-110,-110,-110,-110,-110,-110,-110,-110,-110,-110,-110,-110,-110,-110,-110,-110,-110,-110,-110,-110,-110,-110,-73,-70,-110,-75,-110,-110,-110,-110,-110,-110,-110,-110,-110,-110,-110,-110,-110,-110,-85,-110,-83,-110,-110,-110,-110,-110,-110,-110,-110,-110,-110,-110,-110,-110,-110,-110,-110,-110,-110,-110,-110,-110,-110,-110,-110,-110,-110,-110,-110,-110,-110,-110,-110,-110,-110,-110,-110,-110,-110,-110,-110,-110,-110,-110,-110,-110,-110,-110,-110,-110,-110,-110,-110,-110,-110,-110,-110,-110,-110,-110,-110,-110,-110,-110,-110,-110,-110,-110,-110,-110,-110,-110,-110,-110,-110,-110,-110,-110,-110,-110,-110,-110,-110,-110,-110,-110,-110,-110,-110,-110,-110,-110,-110,-110,-110,-110,-110,-110,-110,-110,-110,-110,-110,-110,-110,-110,-110,-110,-110,-110,-110,-110,-110,-110,-110,-110,-110,-110,-110,-110,-110,-110,-110,-110,-110,-110,-110,-110,-110,-110,-110,-110,-110,-110,-110,-110,-110,-110,-110,-110,-110,-110,-110,-110,-110,-110,-110,-110,-110,-110,-110,-110,-110,-110,-110,-110,-110,-110,-110,-110,-110,-110,-110,-110,-110,-110,-110,-110,-110,-110,-110,-110,-110,-110,-110,-110,-110,-110,-110,-110,-110,-110,-110,-110,-110,-110,-110,-110,-110,-110,-110,-110,-110,-110,-110,-110,-110,-110,-110,-110,-110,-110,-110,-110,-110,-110,-110,-110,-110,-110,-110,-110,-110,-110,-110,-110,-110,-110,-110,-110,-110,-110,-110,-110,-110,-110,-110,-110,-110,-110,-110,-110,-110,-110,-110,-110,-110,-110,-110,-110,-110,-110,-110,-110,-110,-110,-110,-110,-110,-110,-110,-110,-110,-110,-110,-110,-110,-110,-110,-110,-110,-110,-110,-110,-110,-110,-110,-110,-110,-110,-110,-110,-110,-110,-110,-110,-110,-110,-110,-110,-110,-110,-110,-110,-110,-110,-110,-110,-110,-110,-110,-110,-110,-110,-110,-110,-110,-110,-110,-110,-110,-110,-110,-110,-110,-110,-110,-110,-110,-110,-110,-110,-110,-110,-110,-110,-110,-110,-110,-110,-110,-110,-110,-110,-110,-110,-110,-110,-110,-110,-110,-110,-110,-110,-110,-110,-110,-110,-110,-110,-110,-110,-110,-110,-110,-110,-110,-110,-110,-110,-110,-110,-110,-110,-110,-110,-110,-110,-110,-110,-110,-110,-110,-110,-110,-110,-110,-110,-110,-110,-110,-110,-110,-110,-110,-110,-110,-110,-110,-110,-110,-110,-110,-110,-110,-110,-110,-110,-110,-110,-110,-110,-110,-110,-110,-110,-110,-110,-110,-110,-110,-110,-110,-110,-110,-110,-110,-110,-110,-110,-110,-110,-110,-110,-110,-110,-110,-110,-110,-110,-110,-110,-110,-110,-110,-110,-110,-110,-110,-110,-110,-110,-110,-110,-110,-110,-110,-110,-110,-110,-110,-110,-110,-110,-110,-110,-110,-110,-110,-110,-110,-110,-110,-110,-110,-110,-110,-110,-110,-110,-110,-110,-110,-110,-110,-110,-110,-110,-110,-110,-110,-110,-110,-110,-110,-110,-110,-110,-110,-110,-110,-110,-110,-110,-110,-110,-110,-110,-110,-110,-110,-110,-110,-110,-110,-110,-110,-110,-110,-110,-110,-110,-110,-110,-110,-110,-110,-110,-110,-110,-110,-110,-110,-110,-110,-110,-110,-110,-110,-110,-110,-110,-110,-110,-110,-110,-110,-110,-110,-110,-110,-110,-110,-110,-110,-110,-110,-110,-110,-110,-110,-110,-110,-110,-110,-110,-110,-110,-110,-110
32,8.52431189,20.276023485,5,-92,-110,-110,-85,-110,-90,-110,-89,-110,-110,-94,-110,-110,-110,-73,-110,-71,-110,-110,-110,-110,-110,-110,-110,-110,-110,-110,-110,-110,-110,-110,-110,-110,-110,-110,-110,-110,-110,-110,-110,-110,-110,-110,-110,-110,-110,-110,-110,-67,-110,-70,-69,-110,-75,-110,-110,-110,-110,-110,-110,-110,-110,-110,-110,-110,-110,-110,-110,-83,-110,-82,-110,-110,-110,-110,-110,-110,-110,-110,-110,-110,-110,-110,-110,-110,-110,-110,-110,-110,-110,-110,-110,-110,-110,-110,-110,-110,-110,-110,-110,-110,-110,-110,-110,-110,-110,-110,-110,-110,-110,-110,-110,-110,-110,-110,-110,-110,-110,-110,-110,-110,-110,-110,-110,-110,-110,-110,-110,-110,-110,-110,-110,-110,-110,-110,-110,-110,-110,-110,-110,-110,-110,-110,-110,-110,-110,-110,-110,-110,-110,-110,-110,-110,-110,-110,-110,-110,-110,-110,-110,-110,-110,-110,-110,-110,-110,-110,-110,-110,-110,-110,-110,-110,-110,-110,-110,-110,-110,-110,-110,-110,-110,-110,-110,-110,-110,-110,-110,-110,-110,-110,-110,-110,-110,-110,-110,-110,-110,-110,-110,-110,-110,-110,-110,-110,-110,-110,-110,-110,-110,-110,-110,-110,-110,-110,-110,-110,-110,-110,-110,-110,-110,-110,-110,-110,-110,-110,-110,-110,-110,-110,-110,-110,-110,-110,-110,-110,-110,-110,-110,-110,-110,-110,-110,-110,-110,-110,-110,-110,-110,-110,-110,-110,-110,-110,-110,-110,-110,-110,-110,-110,-110,-110,-110,-110,-110,-110,-110,-110,-110,-110,-110,-110,-110,-110,-110,-110,-110,-110,-110,-110,-110,-110,-110,-110,-110,-110,-110,-110,-110,-110,-110,-110,-110,-110,-110,-110,-110,-110,-110,-110,-110,-110,-110,-110,-110,-110,-110,-110,-110,-110,-110,-110,-110,-110,-110,-110,-110,-110,-110,-110,-110,-110,-110,-110,-110,-110,-110,-110,-110,-110,-110,-110,-110,-110,-110,-110,-110,-110,-110,-110,-110,-110,-110,-110,-110,-110,-110,-110,-110,-110,-110,-110,-110,-110,-110,-110,-110,-110,-110,-110,-110,-110,-110,-110,-110,-110,-110,-110,-110,-110,-110,-110,-110,-110,-110,-110,-110,-110,-110,-110,-110,-110,-110,-110,-110,-110,-110,-110,-110,-110,-110,-110,-110,-110,-110,-110,-110,-110,-110,-110,-110,-110,-110,-110,-110,-110,-110,-110,-110,-110,-110,-110,-110,-110,-110,-110,-110,-110,-110,-110,-110,-110,-110,-110,-110,-110,-110,-110,-110,-110,-110,-110,-110,-110,-110,-110,-110,-110,-110,-110,-110,-110,-110,-110,-110,-110,-110,-110,-110,-110,-110,-110,-110,-110,-110,-110,-110,-110,-110,-110,-110,-110,-110,-110,-110,-110,-110,-110,-110,-110,-110,-110,-110,-110,-110,-110,-110,-110,-110,-110,-110,-110,-110,-110,-110,-110,-110,-110,-110,-110,-110,-110,-110,-110,-110,-110,-110,-110,-110,-110,-110,-110,-110,-110,-110,-110,-110,-110,-110,-110,-110,-110,-110,-110,-110,-110,-110,-110,-110,-110,-110,-110,-110,-110,-110,-110,-110,-110,-110,-110,-110,-110,-110,-110,-110,-110,-110,-110,-110,-110,-110,-110,-110,-110,-110,-110,-110,-110,-110,-110,-110,-110,-110,-110,-110,-110,-110,-110,-110,-110,-110,-110,-110,-110,-110,-110,-110,-110,-110,-110,-110,-110,-110,-110,-110,-110,-110,-110,-110,-110,-110,-110,-110,-110,-110,-110,-110,-110,-110,-110,-110,-110,-110,-110,-110,-110,-110,-110,-110,-110,-110,-110,-110,-110,-110,-110,-110,-110,-110,-110,-110,-110,-110,-110,-110,-110,-110,-110,-110
32,8.52431189,20.276023485,5,-90,-110,-110,-90,-110,-110,-110,-88,-110,-110,-94,-110,-110,-110,-71,-110,-71,-110,-110,-110,-110,-110,-110,-110,-110,-110,-110,-110,-110,-110,-110,-110,-110,-110,-110,-110,-110,-110,-110,-110,-110,-110,-110,-110,-110,-110,-110,-110,-73,-110,-76,-65,-110,-76,-110,-110,-110,-110,-110,-110,-110,-110,-110,-110,-110,-110,-110,-110,-85,-110,-82,-110,-110,-110,-110,-110,-110,-110,-110,-110,-110,-110,-110,-110,-110,-110,-110,-110,-110,-110,-110,-110,-110,-110,-110,-110,-110,-110,-110,-110,-110,-110,-110,-110,-110,-110,-110,-110,-110,-110,-110,-110,-110,-110,-110,-110,-110,-110,-110,-110,-110,-110,-110,-110,-110,-110,-110,-110,-110,-110,-110,-110,-110,-110,-110,-110,-110,-110,-110,-110,-110,-110,-110,-110,-110,-110,-110,-110,-110,-110,-110,-110,-110,-110,-110,-110,-110,-110,-110,-110,-110,-110,-110,-110,-110,-110,-110,-110,-110,-110,-110,-110,-110,-110,-110,-110,-110,-110,-110,-110,-110,-110,-110,-110,-110,-110,-110,-110,-110,-110,-110,-110,-110,-110,-110,-110,-110,-110,-110,-110,-110,-110,-110,-110,-110,-110,-110,-110,-110,-110,-110,-110,-110,-110,-110,-110,-110,-110,-110,-110,-110,-110,-110,-110,-110,-110,-110,-110,-110,-110,-110,-110,-110,-110,-110,-110,-110,-110,-110,-110,-110,-110,-110,-110,-110,-110,-110,-110,-110,-110,-110,-110,-110,-110,-110,-110,-110,-110,-110,-110,-110,-110,-110,-110,-110,-110,-110,-110,-110,-110,-110,-110,-110,-110,-110,-110,-110,-110,-110,-110,-110,-110,-110,-110,-110,-110,-110,-110,-110,-110,-110,-110,-110,-110,-110,-110,-110,-110,-110,-110,-110,-110,-110,-110,-110,-110,-110,-110,-110,-110,-110,-110,-110,-110,-110,-110,-110,-110,-110,-110,-110,-110,-110,-110,-110,-110,-110,-110,-110,-110,-110,-110,-110,-110,-110,-110,-110,-110,-110,-110,-110,-110,-110,-110,-110,-110,-110,-110,-110,-110,-110,-110,-110,-110,-110,-110,-110,-110,-110,-110,-110,-110,-110,-110,-110,-110,-110,-110,-110,-110,-110,-110,-110,-110,-110,-110,-110,-110,-110,-110,-110,-110,-110,-110,-110,-110,-110,-110,-110,-110,-110,-110,-110,-110,-110,-110,-110,-110,-110,-110,-110,-110,-110,-110,-110,-110,-110,-110,-110,-110,-110,-110,-110,-110,-110,-110,-110,-110,-110,-110,-110,-110,-110,-110,-110,-110,-110,-110,-110,-110,-110,-110,-110,-110,-110,-110,-110,-110,-110,-110,-110,-110,-110,-110,-110,-110,-110,-110,-110,-110,-110,-110,-110,-110,-110,-110,-110,-110,-110,-110,-110,-110,-110,-110,-110,-110,-110,-110,-110,-110,-110,-110,-110,-110,-110,-110,-110,-110,-110,-110,-110,-110,-110,-110,-110,-110,-110,-110,-110,-110,-110,-110,-110,-110,-110,-110,-110,-110,-110,-110,-110,-110,-110,-110,-110,-110,-110,-110,-110,-110,-110,-110,-110,-110,-110,-110,-110,-110,-110,-110,-110,-110,-110,-110,-110,-110,-110,-110,-110,-110,-110,-110,-110,-110,-110,-110,-110,-110,-110,-110,-110,-110,-110,-110,-110,-110,-110,-110,-110,-110,-110,-110,-110,-110,-110,-110,-110,-110,-110,-110,-110,-110,-110,-110,-110,-110,-110,-110,-110,-110,-110,-110,-110,-110,-110,-110,-110,-110,-110,-110,-110,-110,-110,-110,-110,-110,-110,-110,-110,-110,-110,-110,-110,-110,-110,-110,-110,-110,-110,-110,-110,-110,-110,-110,-110,-110,-110,-110,-110,-110,-110,-110,-110,-110,-110,-110,-110,-110,-110,-110
32,8.52431189,20.276023485,5,-110,-110,-110,-89,-110,-91,-110,-89,-110,-110,-110,-110,-110,-110,-71,-110,-72,-110,-110,-110,-110,-110,-110,-110,-110,-110,-110,-110,-110,-110,-110,-110,-110,-110,-110,-110,-110,-110,-110,-110,-110,-110,-110,-110,-110,-110,-110,-110,-71,-110,-69,-67,-110,-67,-110,-110,-110,-110,-110,-110,-110,-110,-110,-110,-110,-110,-110,-110,-81,-110,-83,-110,-110,-110,-110,-110,-110,-110,-110,-110,-110,-110,-110,-110,-110,-110,-110,-110,-110,-110,-110,-110,-110,-110,-110,-110,-110,-110,-110,-110,-110,-110,-110,-110,-110,-110,-110,-110,-110,-110,-110,-110,-110,-110,-110,-110,-110,-110,-110,-110,-110,-110,-110,-110,-110,-110,-110,-110,-110,-110,-110,-110,-110,-110,-110,-110,-110,-110,-110,-110,-110,-110,-110,-110,-110,-110,-110,-110,-110,-110,-110,-110,-110,-110,-110,-110,-110,-110,-110,-110,-110,-110,-110,-110,-110,-110,-110,-110,-110,-110,-110,-110,-110,-110,-110,-110,-110,-110,-110,-110,-110,-110,-110,-110,-110,-110,-110,-110,-110,-110,-110,-110,-110,-110,-110,-110,-110,-110,-110,-110,-110,-110,-110,-110,-110,-110,-110,-110,-110,-110,-110,-110,-110,-110,-110,-110,-110,-110,-110,-110,-110,-110,-110,-110,-110,-110,-110,-110,-110,-110,-110,-110,-110,-110,-110,-110,-110,-110,-110,-110,-110,-110,-110,-110,-110,-110,-110,-110,-110,-110,-110,-110,-110,-110,-110,-110,-110,-110,-110,-110,-110,-110,-110,-110,-110,-110,-110,-110,-110,-110,-110,-110,-110,-110,-110,-110,-110,-110,-110,-110,-110,-110,-110,-110,-110,-110,-110,-110,-110,-110,-110,-110,-110,-110,-110,-110,-110,-110,-110,-110,-110,-110,-110,-110,-110,-110,-110,-110,-110,-110,-110,-110,-110,-110,-110,-110,-110,-110,-110,-110,-110,-110,-110,-110,-110,-110,-110,-110,-110,-110,-110,-110,-110,-110,-110,-110,-110,-110,-110,-110,-110,-110,-110,-110,-110,-110,-110,-110,-110,-110,-110,-110,-110,-110,-110,-110,-110,-110,-110,-110,-110,-110,-110,-110,-110,-110,-110,-110,-110,-110,-110,-110,-110,-110,-110,-110,-110,-110,-110,-110,-110,-110,-110,-110,-110,-110,-110,-110,-110,-110,-110,-110,-110,-110,-110,-110,-110,-110,-110,-110,-110,-110,-110,-110,-110,-110,-110,-110,-110,-110,-110,-110,-110,-110,-110,-110,-110,-110,-110,-110,-110,-110,-110,-110,-110,-110,-110,-110,-110,-110,-110,-110,-110,-110,-110,-110,-110,-110,-110,-110,-110,-110,-110,-110,-110,-110,-110,-110,-110,-110,-110,-110,-110,-110,-110,-110,-110,-110,-110,-110,-110,-110,-110,-110,-110,-110,-110,-110,-110,-110,-110,-110,-110,-110,-110,-110,-110,-110,-110,-110,-110,-110,-110,-110,-110,-110,-110,-110,-110,-110,-110,-110,-110,-110,-110,-110,-110,-110,-110,-110,-110,-110,-110,-110,-110,-110,-110,-110,-110,-110,-110,-110,-110,-110,-110,-110,-110,-110,-110,-110,-110,-110,-110,-110,-110,-110,-110,-110,-110,-110,-110,-110,-110,-110,-110,-110,-110,-110,-110,-110,-110,-110,-110,-110,-110,-110,-110,-110,-110,-110,-110,-110,-110,-110,-110,-110,-110,-110,-110,-110,-110,-110,-110,-110,-110,-110,-110,-110,-110,-110,-110,-110,-110,-110,-110,-110,-110,-110,-110,-110,-110,-110,-110,-110,-110,-110,-110,-110,-110,-110,-110,-110,-110,-110,-110,-110,-110,-110,-110,-110,-110,-110,-110,-110,-110,-110,-110,-110,-110,-110,-110,-110,-110,-110,-110,-110,-110,-110,-110,-110
32,8.52431189,20.276023485,5,-110,-110,-110,-88,-110,-110,-110,-110,-110,-110,-94,-92,-110,-110,-71,-110,-71,-110,-110,-110,-110,-110,-110,-110,-110,-110,-110,-110,-110,-110,-110,-110,-110,-110,-110,-110,-110,-110,-110,-110,-110,-110,-110,-110,-110,-110,-110,-110,-71,-110,-71,-65,-110,-74,-110,-110,-110,-110,-110,-110,-110,-110,-110,-110,-110,-110,-110,-110,-83,-110,-83,-110,-110,-110,-110,-110,-110,-110,-110,-110,-110,-110,-110,-110,-110,-110,-110,-110,-110,-110,-110,-110,-110,-110,-110,-110,-110,-110,-110,-110,-110,-110,-110,-110,-110,-110,-110,-110,-110,-110,-110,-110,-110,-110,-110,-110,-110,-110,-110,-110,-110,-110,-110,-110,-110,-110,-110,-110,-110,-110,-110,-110,-110,-110,-110,-110,-110,-110,-110,-110,-110,-110,-110,-110,-110,-110,-110,-110,-110,-110,-110,-110,-110,-110,-110,-110,-110,-110,-110,-110,-110,-110,-110,-110,-110,-110,-110,-110,-110,-110,-110,-110,-110,-110,-110,-110,-110,-110,-110,-110,-110,-110,-110,-110,-110,-110,-110,-110,-110,-110,-110,-110,-110,-110,-110,-110,-110,-110,-110,-110,-110,-110,-110,-110,-110,-110,-110,-110,-110,-110,-110,-110,-110,-110,-110,-110,-110,-110,-110,-110,-110,-110,-110,-110,-110,-110,-110,-110,-110,-110,-110,-110,-110,-110,-110,-110,-110,-110,-110,-110,-110,-110,-110,-110,-110,-110,-110,-110,-110,-110,-110,-110,-110,-110,-110,-110,-110,-110,-110,-110,-110,-110,-110,-110,-110,-110,-110,-110,-110,-110,-110,-110,-110,-110,-110,-110,-110,-110,-110,-110,-110,-110,-110,-110,-110,-110,-110,-110,-110,-110,-110,-110,-110,-110,-110,-110,-110,-110,-110,-110,-110,-110,-110,-110,-110,-110,-110,-110,-110,-110,-110,-110,-110,-110,-110,-110,-110,-110,-110,-110,-110,-110,-110,-110,-110,-110,-110,-110,-110,-110,-110,-110,-110,-110,-110,-110,-110,-110,-110,-110,-110,-110,-110,-110,-110,-110,-110,-110,-110,-110,-110,-110,-110,-110,-110,-110,-110,-110,-110,-110,-110,-110,-110,-110,-110,-110,-110,-110,-110,-110,-110,-110,-110,-110,-110,-110,-110,-110,-110,-110,-110,-110,-110,-110,-110,-110,-110,-110,-110,-110,-110,-110,-110,-110,-110,-110,-110,-110,-110,-110,-110,-110,-110,-110,-110,-110,-110,-110,-110,-110,-110,-110,-110,-110,-110,-110,-110,-110,-110,-110,-110,-110,-110,-110,-110,-110,-110,-110,-110,-110,-110,-110,-110,-110,-110,-110,-110,-110,-110,-110,-110,-110,-110,-110,-110,-110,-110,-110,-110,-110,-110,-110,-110,-110,-110,-110,-110,-110,-110,-110,-110,-110,-110,-110,-110,-110,-110,-110,-110,-110,-110,-110,-110,-110,-110,-110,-110,-110,-110,-110,-110,-110,-110,-110,-110,-110,-110,-110,-110,-110,-110,-110,-110,-110,-110,-110,-110,-110,-110,-110,-110,-110,-110,-110,-110,-110,-110,-110,-110,-110,-110,-110,-110,-110,-110,-110,-110,-110,-110,-110,-110,-110,-110,-110,-110,-110,-110,-110,-110,-110,-110,-110,-110,-110,-110,-110,-110,-110,-110,-110,-110,-110,-110,-110,-110,-110,-110,-110,-110,-110,-110,-110,-110,-110,-110,-110,-110,-110,-110,-110,-110,-110,-110,-110,-110,-110,-110,-110,-110,-110,-110,-110,-110,-110,-110,-110,-110,-110,-110,-110,-110,-110,-110,-110,-110,-110,-110,-110,-110,-110,-110,-110,-110,-110,-110,-110,-110,-110,-110,-110,-110,-110,-110,-110,-110,-110,-110,-110,-110,-110,-110,-110,-110,-110,-110,-110,-110,-110,-110,-110
31,4.1347719,20.276023485,5,-88,-110,-110,-88,-110,-90,-110,-86,-110,-110,-110,-93,-110,-110,-80,-110,-78,-110,-110,-110,-110,-110,-110,-110,-110,-110,-110,-110,-110,-110,-110,-110,-110,-110,-110,-110,-110,-110,-110,-110,-110,-110,-110,-110,-110,-110,-110,-110,-70,-110,-73,-77,-110,-82,-110,-110,-110,-110,-110,-110,-110,-110,-110,-110,-110,-110,-110,-110,-110,-110,-110,-110,-110,-110,-110,-110,-110,-110,-110,-110,-110,-110,-110,-110,-110,-110,-110,-110,-110,-110,-110,-110,-110,-110,-110,-110,-110,-110,-110,-110,-110,-110,-110,-110,-110,-110,-110,-110,-110,-110,-110,-110,-110,-110,-110,-110,-110,-110,-110,-110,-110,-110,-110,-110,-110,-110,-110,-110,-110,-110,-110,-110,-110,-110,-110,-110,-110,-110,-110,-110,-110,-110,-110,-110,-110,-110,-110,-110,-110,-110,-110,-110,-110,-110,-110,-110,-110,-110,-110,-110,-110,-110,-110,-110,-110,-110,-110,-110,-110,-110,-110,-110,-110,-110,-110,-110,-110,-110,-110,-110,-110,-110,-110,-110,-110,-110,-110,-110,-110,-110,-110,-110,-110,-110,-110,-110,-110,-110,-110,-110,-110,-110,-110,-110,-110,-110,-110,-110,-110,-110,-110,-110,-110,-110,-110,-110,-110,-110,-110,-110,-110,-110,-110,-110,-110,-110,-110,-110,-110,-110,-110,-110,-110,-110,-110,-110,-110,-110,-110,-110,-110,-110,-110,-110,-110,-110,-110,-110,-110,-110,-110,-110,-110,-110,-110,-110,-110,-110,-110,-110,-110,-110,-110,-110,-110,-110,-110,-110,-110,-110,-110,-110,-110,-110,-110,-110,-110,-110,-110,-110,-110,-110,-110,-110,-110,-110,-110,-110,-110,-110,-110,-110,-110,-110,-110,-110,-110,-110,-110,-110,-110,-110,-110,-110,-110,-110,-110,-110,-110,-110,-110,-110,-110,-110,-110,-110,-110,-110,-110,-110,-110,-110,-110,-110,-110,-110,-110,-110,-110,-110,-110,-110,-110,-110,-110,-110,-110,-110,-110,-110,-110,-110,-110,-110,-110,-110,-110,-110,-110,-110,-110,-110,-110,-110,-110,-110,-110,-110,-110,-110,-110,-110,-110,-110,-110,-110,-110,-110,-110,-110,-110,-110,-110,-110,-110,-110,-110,-110,-110,-110,-110,-110,-110,-110,-110,-110,-110,-110,-110,-110,-110,-110,-110,-110,-110,-110,-110,-110,-110,-110,-110,-110,-110,-110,-110,-110,-110,-110,-110,-110,-110,-110,-110,-110,-110,-110,-110,-110,-110,-110,-110,-110,-110,-110,-110,-110,-110,-110,-110,-110,-110,-110,-110,-110,-110,-110,-110,-110,-110,-110,-110,-110,-110,-110,-110,-110,-110,-110,-110,-110,-110,-110,-110,-110,-110,-110,-110,-110,-110,-110,-110,-110,-110,-110,-110,-110,-110,-110,-110,-110,-110,-110,-110,-110,-110,-110,-110,-110,-110,-110,-110,-110,-110,-110,-110,-110,-110,-110,-110,-110,-110,-110,-110,-110,-110,-110,-110,-110,-110,-110,-110,-110,-110,-110,-110,-110,-110,-110,-110,-110,-110,-110,-110,-110,-110,-110,-110,-110,-110,-110,-110,-110,-110,-110,-110,-110,-110,-110,-110,-110,-110,-110,-110,-110,-110,-110,-110,-110,-110,-110,-110,-110,-110,-110,-110,-110,-110,-110,-110,-110,-110,-110,-110,-110,-110,-110,-110,-110,-110,-110,-110,-110,-110,-110,-110,-110,-110,-110,-110,-110,-110,-110,-110,-110,-110,-110,-110,-110,-110,-110,-110,-110,-110,-110,-110,-110,-110,-110,-110,-110,-110,-110,-110,-110,-110,-110,-110,-110,-110,-110,-110,-110,-110,-110,-110,-110,-110,-110,-110,-110,-110,-110,-110,-110,-110,-110,-110,-110,-110,-110
31,4.1347719,20.276023485,5,-90,-110,-110,-84,-110,-87,-110,-86,-110,-110,-92,-110,-110,-110,-79,-110,-78,-110,-110,-110,-110,-110,-110,-110,-110,-110,-110,-110,-110,-110,-110,-110,-110,-110,-110,-110,-110,-110,-110,-110,-110,-110,-110,-110,-110,-110,-110,-110,-75,-110,-75,-70,-110,-82,-110,-110,-110,-110,-110,-110,-110,-110,-110,-110,-110,-110,-110,-110,-110,-110,-110,-110,-110,-89,-110,-110,-110,-110,-110,-110,-110,-110,-110,-110,-110,-110,-110,-110,-110,-110,-110,-110,-110,-110,-110,-110,-110,-110,-110,-110,-110,-110,-110,-110,-110,-110,-110,-110,-110,-110,-110,-110,-110,-110,-110,-110,-110,-110,-110,-110,-110,-110,-110,-110,-110,-110,-110,-110,-110,-110,-110,-110,-110,-110,-110,-110,-110,-110,-110,-110,-110,-110,-110,-110,-110,-110,-110,-110,-110,-110,-110,-110,-110,-110,-110,-110,-110,-110,-110,-110,-110,-110,-110,-110,-110,-110,-110,-110,-110,-110,-110,-110,-110,-110,-110,-110,-110,-110,-110,-110,-110,-110,-110,-110,-110,-110,-110,-110,-110,-110,-110,-110,-110,-110,-110,-110,-110,-110,-110,-110,-110,-110,-110,-110,-110,-110,-110,-110,-110,-110,-110,-110,-110,-110,-110,-110,-110,-110,-110,-110,-110,-110,-110,-110,-110,-110,-110,-110,-110,-110,-110,-110,-110,-110,-110,-110,-110,-110,-110,-110,-110,-110,-110,-110,-110,-110,-110,-110,-110,-110,-110,-110,-110,-110,-110,-110,-110,-110,-110,-110,-110,-110,-110,-110,-110,-110,-110,-110,-110,-110,-110,-110,-110,-110,-110,-110,-110,-110,-110,-110,-110,-110,-110,-110,-110,-110,-110,-110,-110,-110,-110,-110,-110,-110,-110,-110,-110,-110,-110,-110,-110,-110,-110,-110,-110,-110,-110,-110,-110,-110,-110,-110,-110,-110,-110,-110,-110,-110,-110,-110,-110,-110,-110,-110,-110,-110,-110,-110,-110,-110,-110,-110,-110,-110,-110,-110,-110,-110,-110,-110,-110,-110,-110,-110,-110,-110,-110,-110,-110,-110,-110,-110,-110,-110,-110,-110,-110,-110,-110,-110,-110,-110,-110,-110,-110,-110,-110,-110,-110,-110,-110,-110,-110,-110,-110,-110,-110,-110,-110,-110,-110,-110,-110,-110,-110,-110,-110,-110,-110,-110,-110,-110,-110,-110,-110,-110,-110,-110,-110,-110,-110,-110,-110,-110,-110,-110,-110,-110,-110,-110,-110,-110,-110,-110,-110,-110,-110,-110,-110,-110,-110,-110,-110,-110,-110,-110,-110,-110,-110,-110,-110,-110,-110,-110,-110,-110,-110,-110,-110,-110,-110,-110,-110,-110,-110,-110,-110,-110,-110,-110,-110,-110,-110,-110,-110,-110,-110,-110,-110,-110,-110,-110,-110,-110,-110,-110,-110,-110,-110,-110,-110,-110,-110,-110,-110,-110,-110,-110,-110,-110,-110,-110,-110,-110,-110,-110,-110,-110,-110,-110,-110,-110,-110,-110,-110,-110,-110,-110,-110,-110,-110,-110,-110,-110,-110,-110,-110,-110,-110,-110,-110,-110,-110,-110,-110,-110,-110,-110,-110,-110,-110,-110,-110,-110,-110,-110,-110,-110,-110,-110,-110,-110,-110,-110,-110,-110,-110,-110,-110,-110,-110,-110,-110,-110,-110,-110,-110,-110,-110,-110,-110,-110,-110,-110,-110,-110,-110,-110,-110,-110,-110,-110,-110,-110,-110,-110,-110,-110,-110,-110,-110,-110,-110,-110,-110,-110,-110,-110,-110,-110,-110,-110,-110,-110,-110,-110,-110,-110,-110,-110,-110,-110,-110,-110,-110,-110,-110,-110,-110,-110,-110,-110,-110,-110,-110,-110,-110,-110,-110,-110,-110,-110,-110,-110,-110,-110,-110,-110,-110,-110
31,4.1347719,20.276023485,5,-88,-110,-110,-87,-110,-90,-110,-86,-110,-110,-110,-110,-110,-110,-82,-110,-79,-110,-110,-110,-110,-110,-110,-110,-110,-110,-110,-110,-110,-110,-110,-110,-110,-110,-110,-110,-110,-110,-110,-110,-110,-110,-110,-110,-110,-110,-110,-110,-77,-110,-79,-71,-110,-83,-110,-110,-110,-110,-110,-110,-110,-110,-110,-110,-110,-110,-110,-110,-110,-110,-110,-110,-110,-110,-110,-110,-110,-110,-110,-110,-110,-110,-110,-110,-110,-110,-110,-110,-110,-110,-110,-110,-110,-110,-110,-110,-110,-110,-110,-110,-110,-110,-110,-110,-110,-110,-110,-110,-110,-110,-110,-110,-110,-110,-110,-110,-110,-110,-110,-110,-110,-110,-110,-110,-110,-110,-110,-110,-110,-110,-110,-110,-110,-110,-110,-110,-110,-110,-110,-110,-110,-110,-110,-110,-110,-110,-110,-110,-110,-110,-110,-110,-110,-110,-110,-110,-110,-110,-110,-110,-110,-110,-110,-110,-110,-110,-110,-110,-110,-110,-110,-110,-110,-110,-110,-110,-110,-110,-110,-110,-110,-110,-110,-110,-110,-110,-110,-110,-110,-110,-110,-110,-110,-110,-110,-110,-110,-110,-110,-110,-110,-110,-110,-110,-110,-110,-110,-110,-110,-110,-110,-110,-110,-110,-110,-110,-110,-110,-110,-110,-110,-110,-110,-110,-110,-110,-110,-110,-110,-110,-110,-110,-110,-110,-110,-110,-110,-110,-110,-110,-110,-110,-110,-110,-110,-110,-110,-110,-110,-110,-110,-110,-110,-110,-110,-110,-110,-110,-110,-110,-110,-110,-110,-110,-110,-110,-110,-110,-110,-110,-110,-110,-110,-110,-110,-110,-110,-110,-110,-110,-110,-110,-110,-110,-110,-110,-110,-110,-110,-110,-110,-110,-110,-110,-110,-110,-110,-110,-110,-110,-110,-110,-110,-110,-110,-110,-110,-110,-110,-110,-110,-110,-110,-110,-110,-110,-110,-110,-110,-110,-110,-110,-110,-110,-110,-110,-110,-110,-110,-110,-110,-110,-110,-110,-110,-110,-110,-110,-110,-110,-110,-110,-110,-110,-110,-110,-110,-110,-110,-110,-110,-110,-110,-110,-110,-110,-110,-110,-110,-110,-110,-110,-110,-110,-110,-110,-110,-110,-110,-110,-110,-110,-110,-110,-110,-110,-110,-110,-110,-110,-110,-110,-110,-110,-110,-110,-110,-110,-110,-110,-110,-110,-110,-110,-110,-110,-110,-110,-110,-110,-110,-110,-110,-110,-110,-110,-110,-110,-110,-110,-110,-110,-110,-110,-110,-110,-110,-110,-110,-110,-110,-110,-110,-110,-110,-110,-110,-110,-110,-110,-110,-110,-110,-110,-110,-110,-110,-110,-110,-110,-110,-110,-110,-110,-110,-110,-110,-110,-110,-110,-110,-110,-110,-110,-110,-110,-110,-110,-110,-110,-110,-110,-110,-110,-110,-110,-110,-110,-110,-110,-110,-110,-110,-110,-110,-110,-110,-110,-110,-110,-110,-110,-110,-110,-110,-110,-110,-110,-110,-110,-110,-110,-110,-110,-110,-110,-110,-110,-110,-110,-110,-110,-110,-110,-110,-110,-110,-110,-110,-110,-110,-110,-110,-110,-110,-110,-110,-110,-110,-110,-110,-110,-110,-110,-110,-110,-110,-110,-110,-110,-110,-110,-110,-110,-110,-110,-110,-110,-110,-110,-110,-110,-110,-110,-110,-110,-110,-110,-110,-110,-110,-110,-110,-110,-110,-110,-110,-110,-110,-110,-110,-110,-110,-110,-110,-110,-110,-110,-110,-110,-110,-110,-110,-110,-110,-110,-110,-110,-110,-110,-110,-110,-110,-110,-110,-110,-110,-110,-110,-110,-110,-110,-110,-110,-110,-110,-110,-110,-110,-110,-110,-110,-110,-110,-110,-110,-110,-110,-110,-110,-110,-110,-110,-110,-110,-110,-110,-110,-110,-110
31,4.1347719,20.276023485,5,-88,-110,-110,-85,-110,-87,-110,-85,-110,-110,-110,-91,-110,-110,-79,-110,-81,-110,-110,-110,-110,-110,-110,-110,-110,-110,-110,-110,-110,-110,-110,-110,-110,-110,-110,-110,-110,-110,-110,-110,-110,-110,-110,-110,-110,-110,-110,-110,-75,-110,-74,-72,-110,-82,-110,-110,-110,-110,-110,-110,-110,-110,-110,-110,-110,-110,-110,-110,-110,-110,-110,-110,-110,-110,-110,-110,-110,-110,-110,-110,-110,-110,-110,-110,-110,-110,-110,-110,-110,-110,-110,-110,-110,-110,-110,-110,-110,-110,-110,-110,-110,-110,-110,-110,-110,-110,-110,-110,-110,-110,-110,-110,-110,-110,-110,-110,-110,-110,-110,-110,-110,-110,-110,-110,-110,-110,-110,-110,-110,-110,-110,-110,-110,-110,-110,-110,-110,-110,-110,-110,-110,-110,-110,-110,-110,-110,-110,-110,-110,-110,-110,-110,-110,-110,-110,-110,-110,-110,-110,-110,-110,-110,-110,-110,-110,-110,-110,-110,-110,-110,-110,-110,-110,-110,-110,-110,-110,-110,-110,-110,-110,-110,-110,-110,-110,-110,-110,-110,-110,-110,-110,-110,-110,-110,-110,-110,-110,-110,-110,-110,-110,-110,-110,-110,-110,-110,-110,-110,-110,-110,-110,-110,-110,-110,-110,-110,-110,-110,-110,-110,-110,-110,-110,-110,-110,-110,-110,-110,-110,-110,-110,-110,-110,-110,-110,-110,-110,-110,-110,-110,-110,-110,-110,-110,-110,-110,-110,-110,-110,-110,-110,-110,-110,-110,-110,-110,-110,-110,-110,-110,-110,-110,-110,-110,-110,-110,-110,-110,-110,-110,-110,-110,-110,-110,-110,-110,-110,-110,-110,-110,-110,-110,-110,-110,-110,-110,-110,-110,-110,-110,-110,-110,-110,-110,-110,-110,-110,-110,-110,-110,-110,-110,-110,-110,-110,-110,-110,-110,-110,-110,-110,-110,-110,-110,-110,-110,-110,-110,-110,-110,-110,-110,-110,-110,-110,-110,-110,-110,-110,-110,-110,-110,-110,-110,-110,-110,-110,-110,-110,-110,-110,-110,-110,-110,-110,-110,-110,-110,-110,-110,-110,-110,-110,-110,-110,-110,-110,-110,-110,-110,-110,-110,-110,-110,-110,-110,-110,-110,-110,-110,-110,-110,-110,-110,-110,-110,-110,-110,-110,-110,-110,-110,-110,-110,-110,-110,-110,-110,-110,-110,-110,-110,-110,-110,-110,-110,-110,-110,-110,-110,-110,-110,-110,-110,-110,-110,-110,-110,-110,-110,-110,-110,-110,-110,-110,-110,-110,-110,-110,-110,-110,-110,-110,-110,-110,-110,-110,-110,-110,-110,-110,-110,-110,-110,-110,-110,-110,-110,-110,-110,-110,-110,-110,-110,-110,-110,-110,-110,-110,-110,-110,-110,-110,-110,-110,-110,-110,-110,-110,-110,-110,-110,-110,-110,-110,-110,-110,-110,-110,-110,-110,-110,-110,-110,-110,-110,-110,-110,-110,-110,-110,-110,-110,-110,-110,-110,-110,-110,-110,-110,-110,-110,-110,-110,-110,-110,-110,-110,-110,-110,-110,-110,-110,-110,-110,-110,-110,-110,-110,-110,-110,-110,-110,-110,-110,-110,-110,-110,-110,-110,-110,-110,-110,-110,-110,-110,-110,-110,-110,-110,-110,-110,-110,-110,-110,-110,-110,-110,-110,-110,-110,-110,-110,-110,-110,-110,-110,-110,-110,-110,-110,-110,-110,-110,-110,-110,-110,-110,-110,-110,-110,-110,-110,-110,-110,-110,-110,-110,-110,-110,-110,-110,-110,-110,-110,-110,-110,-110,-110,-110,-110,-110,-110,-110,-110,-110,-110,-110,-110,-110,-110,-110,-110,-110,-110,-110,-110,-110,-110,-110,-110,-110,-110,-110,-110,-110,-110,-110,-110,-110,-110,-110,-110,-110,-110,-110,-110,-110,-110,-110
31,4.1347719,20.276023485,5,-88,-110,-110,-86,-110,-89,-110,-86,-110,-110,-110,-110,-110,-110,-78,-110,-79,-110,-110,-110,-110,-110,-110,-110,-110,-110,-110,-110,-110,-110,-110,-110,-110,-110,-110,-110,-110,-110,-110,-110,-110,-110,-110,-110,-110,-110,-110,-110,-78,-110,-78,-72,-110,-72,-110,-110,-110,-110,-110,-110,-110,-110,-110,-110,-110,-110,-110,-110,-110,-110,-110,-110,-110,-89,-110,-110,-110,-110,-110,-110,-110,-110,-110,-110,-110,-110,-110,-110,-110,-110,-110,-110,-110,-110,-110,-110,-110,-110,-110,-110,-110,-110,-110,-110,-110,-110,-110,-110,-110,-110,-110,-110,-110,-110,-110,-110,-110,-110,-110,-110,-110,-110,-110,-110,-110,-110,-110,-110,-110,-110,-110,-110,-110,-110,-110,-110,-110,-110,-110,-110,-110,-110,-110,-110,-110,-110,-110,-110,-110,-110,-110,-110,-93,-110,-110,-110,-110,-110,-110,-110,-110,-110,-110,-110,-110,-110,-110,-110,-110,-110,-110,-110,-110,-110,-110,-110,-110,-110,-110,-110,-110,-110,-110,-110,-110,-110,-110,-110,-110,-110,-110,-110,-110,-110,-110,-110,-110,-110,-110,-110,-110,-110,-110,-110,-110,-110,-110,-110,-110,-110,-110,-110,-110,-110,-110,-110,-110,-110,-110,-110,-110,-110,-110,-110,-110,-110,-110,-110,-110,-110,-110,-110,-110,-110,-110,-110,-110,-110,-110,-110,-110,-110,-110,-110,-110,-110,-110,-110,-110,-110,-110,-110,-110,-110,-110,-110,-110,-110,-110,-110,-110,-110,-110,-110,-110,-110,-110,-110,-110,-110,-110,-110,-110,-110,-110,-110,-110,-110,-110,-110,-110,-110,-110,-110,-110,-110,-110,-110,-110,-110,-110,-110,-110,-110,-110,-110,-110,-110,-110,-110,-110,-110,-110,-110,-110,-110,-110,-110,-110,-110,-110,-110,-110,-110,-110,-110,-110,-110,-110,-110,-110,-110,-110,-110,-110,-110,-110,-110,-110,-110,-110,-110,-110,-110,-110,-110,-110,-110,-110,-110,-110,-110,-110,-110,-110,-110,-110,-110,-110,-110,-110,-110,-110,-110,-110,-110,-110,-110,-110,-110,-110,-110,-110,-110,-110,-110,-110,-110,-110,-110,-110,-110,-110,-110,-110,-110,-110,-110,-110,-110,-110,-110,-110,-110,-110,-110,-110,-110,-110,-110,-110,-110,-110,-110,-110,-110,-110,-110,-110,-110,-110,-110,-110,-110,-110,-110,-110,-110,-110,-110,-110,-110,-110,-110,-110,-110,-110,-110,-110,-110,-110,-110,-110,-110,-110,-110,-110,-110,-110,-110,-110,-110,-110,-110,-110,-110,-110,-110,-110,-110,-110,-110,-110,-110,-110,-110,-110,-110,-110,-110,-110,-110,-110,-110,-110,-110,-110,-110,-110,-110,-110,-110,-110,-110,-110,-110,-110,-110,-110,-110,-110,-110,-110,-110,-110,-110,-110,-110,-110,-110,-110,-110,-110,-110,-110,-110,-110,-110,-110,-110,-110,-110,-110,-110,-110,-110,-110,-110,-110,-110,-110,-110,-110,-110,-110,-110,-110,-110,-110,-110,-110,-110,-110,-110,-110,-110,-110,-110,-110,-110,-110,-110,-110,-110,-110,-110,-110,-110,-110,-110,-110,-110,-110,-110,-110,-110,-110,-110,-110,-110,-110,-110,-110,-110,-110,-110,-110,-110,-110,-110,-110,-110,-110,-110,-110,-110,-110,-110,-110,-110,-110,-110,-110,-110,-110,-110,-110,-110,-110,-110,-110,-110,-110,-110,-110,-110,-110,-110,-110,-110,-110,-110,-110,-110,-110,-110,-110,-110,-110,-110,-110,-110,-110,-110,-110,-110,-110,-110,-110,-110,-110,-110,-110,-110,-110,-110,-110,-110,-110,-110,-110,-110,-110,-110,-110,-110,-110,-110,-110,-110
31,4.1347719,20.276023485,5,-87,-110,-110,-86,-110,-89,-110,-86,-110,-110,-110,-110,-110,-110,-81,-110,-77,-110,-110,-110,-110,-110,-110,-110,-110,-110,-110,-110,-110,-110,-110,-110,-110,-110,-110,-110,-89,-87,-110,-110,-110,-110,-110,-110,-110,-110,-110,-110,-74,-110,-73,-69,-110,-76,-110,-110,-110,-110,-110,-110,-110,-110,-110,-110,-110,-110,-110,-110,-93,-110,-90,-110,-110,-110,-110,-110,-110,-110,-110,-110,-110,-110,-110,-110,-110,-110,-110,-110,-110,-110,-110,-110,-110,-110,-110,-110,-110,-110,-110,-110,-110,-110,-110,-110,-110,-110,-110,-110,-110,-110,-110,-110,-110,-110,-110,-110,-110,-110,-110,-110,-110,-110,-110,-110,-110,-110,-110,-110,-110,-110,-110,-110,-110,-110,-110,-110,-110,-110,-110,-110,-110,-110,-110,-110,-110,-110,-110,-110,-110,-110,-110,-110,-110,-110,-110,-110,-110,-110,-110,-110,-110,-110,-110,-110,-110,-110,-110,-110,-110,-110,-110,-110,-110,-110,-110,-110,-110,-110,-110,-110,-110,-110,-110,-110,-110,-110,-110,-110,-110,-110,-110,-110,-110,-110,-110,-110,-110,-110,-110,-110,-110,-110,-110,-110,-110,-110,-110,-110,-110,-110,-110,-110,-110,-110,-110,-110,-110,-110,-110,-110,-110,-110,-110,-110,-110,-110,-110,-110,-110,-110,-110,-110,-110,-110,-110,-110,-110,-110,-110,-110,-110,-110,-110,-110,-110,-110,-110,-110,-110,-110,-110,-110,-110,-110,-110,-110,-110,-110,-110,-110,-110,-110,-110,-110,-110,-110,-110,-110,-110,-110,-110,-110,-110,-110,-110,-110,-110,-110,-110,-110,-110,-110,-110,-110,-110,-110,-110,-110,-110,-110,-110,-110,-110,-110,-110,-110,-110,-110,-110,-110,-110,-110,-110,-110,-110,-110,-110,-110,-110,-110,-110,-110,-110,-110,-110,-110,-110,-110,-110,-110,-110,-110,-110,-110,-110,-110,-110,-110,-110,-110,-110,-110,-110,-110,-110,-110,-110,-110,-110,-110,-110,-110,-110,-110,-110,-110,-110,-110,-110,-110,-110,-110,-110,-110,-110,-110,-110,-110,-110,-110,-110,-110,-110,-110,-110,-110,-110,-110,-110,-110,-110,-110,-110,-110,-110,-110,-110,-110,-110,-110,-110,-110,-110,-110,-110,-110,-110,-110,-110,-110,-110,-110,-110,-110,-110,-110,-110,-110,-110,-110,-110,-110,-110,-110,-110,-110,-110,-110,-110,-110,-110,-110,-110,-110,-110,-110,-110,-110,-110,-110,-110,-110,-110,-110,-110,-110,-110,-110,-110,-110,-110,-110,-110,-110,-110,-110,-110,-110,-110,-110,-110,-110,-110,-110,-110,-110,-110,-110,-110,-110,-110,-110,-110,-110,-110,-110,-110,-110,-110,-110,-110,-110,-110,-110,-110,-110,-110,-110,-110,-110,-110,-110,-110,-110,-110,-110,-110,-110,-110,-110,-110,-110,-110,-110,-110,-110,-110,-110,-110,-110,-110,-110,-110,-110,-110,-110,-110,-110,-110,-110,-110,-110,-110,-110,-110,-110,-110,-110,-110,-110,-110,-110,-110,-110,-110,-110,-110,-110,-110,-110,-110,-110,-110,-110,-110,-110,-110,-110,-110,-110,-110,-110,-110,-110,-110,-110,-110,-110,-110,-110,-110,-110,-110,-110,-110,-110,-110,-110,-110,-110,-110,-110,-110,-110,-110,-110,-110,-110,-110,-110,-110,-110,-110,-110,-110,-110,-110,-110,-110,-110,-110,-110,-110,-110,-110,-110,-110,-110,-110,-110,-110,-110,-110,-110,-110,-110,-110,-110,-110,-110,-110,-110,-110,-110,-110,-110,-110,-110,-110,-110,-110,-110,-110,-110,-110,-110,-110,-110,-110,-110,-110,-110,-110,-110,-110,-110,-110,-110,-110,-110
30,12.91385188,18.487919377,5,-76,-110,-110,-81,-110,-77,-110,-79,-110,-110,-110,-92,-110,-110,-110,-110,-110,-110,-110,-110,-110,-110,-110,-110,-93,-110,-110,-94,-110,-110,-110,-110,-110,-110,-110,-110,-110,-110,-110,-110,-110,-110,-110,-110,-110,-110,-110,-110,-68,-110,-68,-70,-110,-72,-110,-110,-110,-110,-110,-110,-110,-110,-80,-81,-110,-110,-110,-110,-110,-110,-110,-110,-110,-89,-110,-110,-110,-110,-110,-110,-110,-110,-110,-110,-110,-110,-110,-110,-110,-110,-110,-110,-110,-110,-110,-110,-110,-110,-110,-110,-110,-110,-110,-110,-110,-110,-110,-110,-110,-110,-110,-110,-110,-110,-110,-110,-110,-110,-110,-110,-110,-110,-110,-110,-110,-110,-110,-110,-110,-110,-110,-110,-110,-110,-110,-110,-110,-110,-110,-110,-110,-110,-110,-110,-110,-110,-110,-110,-110,-110,-110,-110,-110,-110,-110,-110,-110,-110,-110,-110,-110,-110,-110,-110,-110,-110,-110,-110,-110,-110,-110,-110,-110,-110,-110,-110,-110,-110,-110,-110,-110,-110,-110,-110,-110,-110,-110,-110,-110,-110,-110,-110,-110,-110,-110,-110,-110,-110,-110,-110,-110,-110,-110,-110,-110,-110,-110,-110,-110,-110,-110,-110,-110,-110,-110,-110,-110,-110,-110,-110,-110,-110,-110,-110,-110,-110,-110,-110,-110,-110,-110,-110,-110,-110,-110,-110,-110,-110,-110,-110,-110,-110,-110,-110,-110,-110,-110,-110,-110,-110,-110,-110,-110,-110,-110,-110,-110,-110,-110,-110,-110,-110,-110,-110,-110,-110,-110,-110,-110,-110,-110,-110,-110,-110,-110,-110,-110,-110,-110,-110,-110,-110,-110,-110,-110,-110,-110,-110,-110,-110,-110,-110,-110,-110,-110,-110,-110,-110,-110,-110,-110,-110,-110,-110,-110,-110,-110,-110,-110,-110,-110,-110,-110,-110,-110,-110,-110,-110,-110,-110,-110,-110,-110,-110,-110,-110,-110,-110,-110,-110,-110,-110,-110,-110,-110,-110,-110,-110,-110,-110,-110,-110,-110,-110,-110,-110,-110,-110,-110,-110,-110,-110,-110,-110,-110,-110,-110,-110,-110,-110,-110,-110,-110,-110,-110,-110,-110,-110,-110,-110,-110,-110,-110,-110,-110,-110,-110,-110,-110,-110,-110,-110,-110,-110,-110,-110,-110,-110,-110,-110,-110,-110,-110,-110,-110,-110,-110,-110,-110,-110,-110,-110,-110,-110,-110,-110,-110,-110,-110,-110,-110,-110,-110,-110,-110,-110,-110,-110,-110,-110,-110,-110,-110,-110,-110,-110,-110,-110,-110,-110,-110,-110,-110,-110,-110,-110,-110,-110,-110,-110,-110,-110,-110,-110,-110,-110,-110,-110,-110,-110,-110,-110,-110,-110,-110,-110,-110,-110,-110,-110,-110,-110,-110,-110,-110,-110,-110,-110,-110,-110,-110,-110,-110,-110,-110,-110,-110,-110,-110,-110,-110,-110,-110,-110,-110,-110,-110,-110,-110,-110,-110,-110,-110,-110,-110,-110,-110,-110,-110,-110,-110,-110,-110,-110,-110,-110,-110,-110,-110,-110,-110,-110,-110,-110,-110,-110,-110,-110,-110,-110,-110,-110,-110,-110,-110,-110,-110,-110,-110,-110,-110,-110,-110,-110,-110,-110,-110,-110,-110,-110,-110,-110,-110,-110,-110,-110,-110,-110,-110,-110,-110,-110,-110,-110,-110,-110,-110,-110,-110,-110,-110,-110,-110,-110,-110,-110,-110,-110,-110,-110,-110,-110,-110,-110,-110,-110,-110,-110,-110,-110,-110,-110,-110,-110,-110,-110,-110,-110,-110,-110,-110,-110,-110,-110,-110,-110,-110,-110,-110,-110,-110,-110,-110,-110,-110,-110,-110,-110,-110,-110,-110,-110,-110,-110,-110,-110,-110,-110,-110,-110
30,12.91385188,18.487919377,5,-72,-110,-110,-85,-110,-72,-110,-83,-110,-110,-110,-91,-110,-110,-89,-110,-110,-110,-110,-110,-110,-110,-110,-110,-83,-110,-86,-83,-110,-87,-110,-110,-110,-110,-110,-110,-110,-110,-110,-110,-110,-110,-110,-110,-110,-110,-110,-110,-67,-110,-64,-72,-110,-70,-110,-110,-110,-110,-110,-110,-110,-110,-85,-86,-110,-110,-110,-110,-110,-110,-92,-110,-110,-90,-110,-110,-110,-110,-110,-110,-110,-110,-110,-110,-110,-110,-110,-110,-110,-110,-110,-110,-110,-110,-110,-110,-110,-110,-110,-110,-110,-110,-110,-110,-110,-110,-110,-110,-110,-110,-110,-110,-110,-110,-110,-110,-110,-110,-110,-110,-110,-110,-110,-110,-110,-110,-110,-110,-110,-110,-110,-110,-110,-110,-110,-110,-110,-110,-110,-110,-110,-110,-110,-110,-110,-110,-110,-110,-110,-110,-110,-110,-110,-110,-110,-110,-110,-110,-110,-110,-110,-110,-110,-110,-110,-110,-110,-110,-110,-110,-110,-110,-110,-110,-110,-110,-110,-110,-110,-110,-110,-110,-110,-110,-110,-110,-110,-110,-110,-110,-110,-110,-110,-110,-110,-110,-110,-110,-110,-110,-110,-110,-110,-110,-110,-110,-110,-110,-110,-110,-110,-110,-110,-110,-110,-110,-110,-110,-110,-110,-110,-110,-110,-110,-110,-110,-110,-110,-110,-110,-110,-110,-110,-110,-110,-110,-110,-110,-110,-110,-110,-110,-110,-110,-110,-110,-110,-110,-110,-110,-110,-110,-110,-110,-110,-110,-110,-110,-110,-110,-110,-110,-110,-110,-110,-110,-110,-110,-110,-110,-110,-110,-110,-110,-110,-110,-110,-110,-110,-110,-110,-110,-110,-110,-110,-110,-110,-110,-110,-110,-110,-110,-110,-110,-110,-110,-110,-110,-110,-110,-110,-110,-110,-110,-110,-110,-110,-110,-110,-110,-110,-110,-110,-110,-110,-110,-110,-110,-110,-110,-110,-110,-110,-110,-110,-110,-110,-110,-110,-110,-110,-110,-110,-110,-110,-110,-110,-110,-110,-110,-110,-110,-110,-110,-110,-110,-110,-110,-110,-110,-110,-110,-110,-110,-110,-110,-110,-110,-110,-110,-110,-110,-110,-110,-110,-110,-110,-110,-110,-110,-110,-110,-110,-110,-110,-110,-110,-110,-110,-110,-110,-110,-110,-110,-110,-110,-110,-110,-110,-110,-110,-110,-110,-110,-110,-110,-110,-110,-110,-110,-110,-110,-110,-110,-110,-110,-110,-110,-110,-110,-110,-110,-110,-110,-110,-110,-110,-110,-110,-110,-110,-110,-110,-110,-110,-110,-110,-110,-110,-110,-110,-110,-110,-110,-110,-110,-110,-110,-110,-110,-110,-110,-110,-110,-110,-110,-110,-110,-110,-110,-110,-110,-110,-110,-110,-110,-110,-110,-110,-110,-110,-110,-110,-110,-110,-110,-110,-110,-110,-110,-110,-110,-110,-110,-110,-110,-110,-110,-110,-110,-110,-110,-110,-110,-110,-110,-110,-110,-110,-110,-110,-110,-110,-110,-110,-110,-110,-110,-110,-110,-110,-110,-110,-110,-110,-110,-110,-110,-110,-110,-110,-110,-110,-110,-110,-110,-110,-110,-110,-110,-110,-110,-110,-110,-110,-110,-110,-110,-110,-110,-110,-110,-110,-110,-110,-110,-110,-110,-110,-110,-110,-110,-110,-110,-110,-110,-110,-110,-110,-110,-110,-110,-110,-110,-110,-110,-110,-110,-110,-110,-110,-110,-110,-110,-110,-110,-110,-110,-110,-110,-110,-110,-110,-110,-110,-110,-110,-110,-110,-110,-110,-110,-110,-110,-110,-110,-110,-110,-110,-110,-110,-110,-110,-110,-110,-110,-110,-110,-110,-110,-110,-110,-110,-110,-110,-110,-110,-110,-110,-110,-110,-110,-110,-110,-110,-110,-110,-110,-110,-110
30,12.91385188,18.487919377,5,-73,-110,-110,-81,-110,-73,-110,-80,-110,-110,-110,-110,-110,-110,-110,-110,-110,-110,-110,-110,-110,-110,-110,-110,-110,-110,-86,-88,-110,-89,-110,-110,-110,-110,-110,-110,-110,-110,-110,-110,-110,-110,-110,-110,-110,-110,-110,-110,-70,-110,-70,-70,-110,-72,-110,-110,-110,-110,-110,-110,-110,-110,-82,-82,-110,-110,-110,-110,-110,-110,-91,-110,-110,-110,-110,-110,-110,-110,-110,-110,-110,-110,-110,-110,-110,-110,-110,-110,-110,-110,-110,-110,-110,-110,-110,-110,-110,-110,-110,-110,-110,-110,-110,-110,-110,-110,-110,-110,-110,-110,-110,-110,-110,-110,-110,-110,-110,-110,-110,-110,-110,-110,-110,-110,-110,-110,-110,-110,-110,-110,-110,-110,-110,-110,-110,-110,-110,-110,-110,-110,-110,-110,-110,-110,-110,-110,-110,-110,-110,-110,-110,-110,-110,-110,-110,-110,-110,-110,-110,-110,-110,-110,-110,-110,-110,-110,-110,-110,-110,-110,-110,-110,-110,-110,-110,-110,-110,-110,-110,-110,-110,-110,-110,-110,-110,-110,-110,-110,-110,-110,-110,-110,-110,-110,-110,-110,-110,-110,-110,-110,-110,-110,-110,-110,-110,-110,-110,-110,-110,-110,-110,-110,-110,-110,-110,-110,-110,-110,-110,-110,-110,-110,-110,-110,-110,-110,-110,-110,-110,-110,-110,-110,-110,-110,-110,-110,-110,-110,-110,-110,-110,-110,-110,-110,-110,-110,-110,-110,-110,-110,-110,-110,-110,-110,-110,-110,-110,-110,-110,-110,-110,-110,-110,-110,-110,-110,-110,-110,-110,-110,-110,-110,-110,-110,-110,-110,-110,-110,-110,-110,-110,-110,-110,-110,-110,-110,-110,-110,-110,-110,-110,-110,-110,-110,-110,-110,-110,-110,-110,-110,-110,-110,-110,-110,-110,-110,-110,-110,-110,-110,-110,-110,-110,-110,-110,-110,-110,-110,-110,-110,-110,-110,-110,-110,-110,-110,-110,-110,-110,-110,-110,-110,-110,-110,-110,-110,-110,-110,-110,-110,-110,-110,-110,-110,-110,-110,-110,-110,-110,-110,-110,-110,-110,-110,-110,-110,-110,-110,-110,-110,-110,-110,-110,-110,-110,-110,-110,-110,-110,-110,-110,-110,-110,-110,-110,-110,-110,-110,-110,-110,-110,-110,-110,-110,-110,-110,-110,-110,-110,-110,-110,-110,-110,-110,-110,-110,-110,-110,-110,-110,-110,-110,-110,-110,-110,-110,-110,-110,-110,-110,-110,-110,-110,-110,-110,-110,-110,-110,-110,-110,-110,-110,-110,-110,-110,-110,-110,-110,-110,-110,-110,-110,-110,-110,-110,-110,-110,-110,-110,-110,-110,-110,-110,-110,-110,-110,-110,-110,-110,-110,-110,-110,-110,-110,-110,-110,-110,-110,-110,-110,-110,-110,-110,-110,-110,-110,-110,-110,-110,-110,-110,-110,-110,-110,-110,-110,-110,-110,-110,-110,-110,-110,-110,-110,-110,-110,-110,-110,-110,-110,-110,-110,-110,-110,-110,-110,-110,-110,-110,-110,-110,-110,-110,-110,-110,-110,-110,-110,-110,-110,-110,-110,-110,-110,-110,-110,-110,-110,-110,-110,-110,-110,-110,-110,-110,-110,-110,-110,-110,-110,-110,-110,-110,-110,-110,-110,-110,-110,-110,-110,-110,-110,-110,-110,-110,-110,-110,-110,-110,-110,-110,-110,-110,-110,-110,-110,-110,-110,-110,-110,-110,-110,-110,-110,-110,-110,-110,-110,-110,-110,-110,-110,-110,-110,-110,-110,-110,-110,-110,-110,-110,-110,-110,-110,-110,-110,-110,-110,-110,-110,-110,-110,-110,-110,-110,-110,-110,-110,-110,-110,-110,-110,-110,-110,-110,-110,-110,-110,-110,-110,-110,-110,-110,-110,-110,-110,-110,-110,-110,-110
30,12.91385188,18.487919377,5,-73,-110,-110,-81,-110,-73,-110,-80,-110,-110,-110,-110,-110,-110,-110,-110,-91,-110,-110,-110,-110,-110,-110,-110,-110,-110,-86,-110,-110,-110,-110,-110,-110,-110,-110,-110,-110,-110,-110,-110,-110,-110,-110,-110,-110,-110,-110,-110,-66,-110,-66,-72,-110,-70,-110,-110,-110,-110,-110,-110,-110,-110,-81,-82,-110,-110,-110,-110,-91,-110,-89,-110,-110,-110,-110,-110,-110,-110,-110,-110,-110,-110,-110,-110,-110,-110,-110,-110,-110,-110,-110,-110,-110,-110,-110,-110,-110,-110,-110,-110,-110,-110,-110,-110,-110,-110,-110,-110,-110,-110,-110,-110,-110,-110,-110,-110,-110,-110,-110,-110,-110,-110,-110,-110,-110,-110,-110,-110,-110,-110,-110,-110,-110,-110,-110,-110,-110,-110,-110,-110,-110,-110,-110,-110,-110,-110,-110,-110,-110,-110,-110,-110,-110,-110,-110,-110,-110,-110,-110,-110,-110,-110,-110,-110,-110,-110,-110,-110,-110,-110,-110,-110,-110,-110,-110,-110,-110,-110,-110,-110,-110,-110,-110,-110,-110,-110,-110,-110,-110,-110,-110,-110,-110,-110,-110,-110,-110,-110,-110,-110,-110,-110,-110,-110,-110,-110,-110,-110,-110,-110,-110,-110,-110,-110,-110,-110,-110,-110,-110,-110,-110,-110,-110,-110,-110,-110,-110,-110,-110,-110,-110,-110,-110,-110,-110,-110,-110,-110,-110,-110,-110,-110,-110,-110,-110,-110,-110,-110,-110,-110,-110,-110,-110,-110,-110,-110,-110,-110,-110,-110,-110,-110,-110,-110,-110,-110,-110,-110,-110,-110,-110,-110,-110,-110,-110,-110,-110,-110,-110,-110,-110,-110,-110,-110,-110,-110,-110,-110,-110,-110,-110,-110,-110,-110,-110,-110,-110,-110,-110,-110,-110,-110,-110,-110,-110,-110,-110,-110,-110,-110,-110,-110,-110,-110,-110,-110,-110,-110,-110,-110,-110,-110,-110,-110,-110,-110,-110,-110,-110,-110,-110,-110,-110,-110,-110,-110,-110,-110,-110,-110,-110,-110,-110,-110,-110,-110,-110,-110,-110,-110,-110,-110,-110,-110,-110,-110,-110,-110,-110,-110,-110,-110,-110,-110,-110,-110,-110,-110,-110,-110,-110,-110,-110,-110,-110,-110,-110,-110,-110,-110,-110,-110,-110,-110,-110,-110,-110,-110,-110,-110,-110,-110,-110,-110,-110,-110,-110,-110,-110,-110,-110,-110,-110,-110,-110,-110,-110,-110,-110,-110,-110,-110,-110,-110,-110,-110,-110,-110,-110,-110,-110,-110,-110,-110,-110,-110,-110,-110,-110,-110,-110,-110,-110,-110,-110,-110,-110,-110,-110,-110,-110,-110,-110,-110,-110,-110,-110,-110,-110,-110,-110,-110,-110,-110,-110,-110,-110,-110,-110,-110,-110,-110,-110,-110,-110,-110,-110,-110,-110,-110,-110,-110,-110,-110,-110,-110,-110,-110,-110,-110,-110,-110,-110,-110,-110,-110,-110,-110,-110,-110,-110,-110,-110,-110,-110,-110,-110,-110,-110,-110,-110,-110,-110,-110,-110,-110,-110,-110,-110,-110,-110,-110,-110,-110,-110,-110,-110,-110,-110,-110,-110,-110,-110,-110,-110,-110,-110,-110,-110,-110,-110,-110,-110,-110,-110,-110,-110,-110,-110,-110,-110,-110,-110,-110,-110,-110,-110,-110,-110,-110,-110,-110,-110,-110,-110,-110,-110,-110,-110,-110,-110,-110,-110,-110,-110,-110,-110,-110,-110,-110,-110,-110,-110,-110,-110,-110,-110,-110,-110,-110,-110,-110,-110,-110,-110,-110,-110,-110,-110,-110,-110,-110,-110,-110,-110,-110,-110,-110,-110,-110,-110,-110,-110,-110,-110,-110,-110,-110,-110,-110,-110,-110,-110,-110,-110,-110,-110,-110,-110,-110
30,12.91385188,18.487919377,5,-75,-110,-110,-82,-110,-73,-110,-80,-110,-110,-110,-110,-110,-110,-110,-110,-110,-110,-110,-110,-110,-110,-110,-110,-88,-110,-110,-87,-110,-110,-110,-110,-110,-110,-110,-110,-110,-110,-110,-110,-110,-110,-110,-110,-110,-110,-110,-110,-65,-110,-64,-110,-110,-75,-110,-110,-110,-110,-110,-110,-110,-110,-81,-82,-110,-110,-110,-110,-110,-110,-93,-110,-110,-110,-110,-110,-110,-110,-110,-110,-110,-110,-110,-110,-110,-110,-110,-110,-110,-110,-110,-110,-110,-110,-110,-110,-110,-110,-110,-110,-110,-110,-110,-110,-110,-110,-110,-110,-110,-110,-110,-110,-110,-110,-110,-110,-110,-110,-110,-110,-110,-110,-110,-110,-110,-110,-110,-110,-110,-110,-110,-110,-110,-110,-110,-110,-110,-110,-110,-110,-110,-110,-110,-110,-110,-110,-110,-110,-110,-110,-110,-110,-110,-110,-110,-110,-110,-110,-110,-110,-110,-110,-110,-110,-110,-110,-110,-110,-110,-110,-110,-110,-110,-110,-110,-110,-110,-110,-110,-110,-110,-110,-110,-110,-110,-110,-110,-110,-110,-110,-110,-110,-110,-110,-110,-110,-110,-110,-110,-110,-110,-110,-110,-110,-110,-110,-110,-110,-110,-110,-110,-110,-110,-110,-110,-110,-110,-110,-110,-110,-110,-110,-110,-110,-110,-110,-110,-110,-110,-110,-110,-110,-110,-110,-110,-110,-110,-110,-110,-110,-110,-110,-110,-110,-110,-110,-110,-110,-110,-110,-110,-110,-110,-110,-110,-110,-110,-110,-110,-110,-110,-110,-110,-110,-110,-110,-110,-110,-110,-110,-110,-110,-110,-110,-110,-110,-110,-110,-110,-110,-110,-110,-110,-110,-110,-110,-110,-110,-110,-110,-110,-110,-110,-110,-110,-110,-110,-110,-110,-110,-110,-110,-110,-110,-110,-110,-110,-110,-110,-110,-110,-110,-110,-110,-110,-110,-110,-110,-110,-110,-110,-110,-110,-110,-110,-110,-110,-110,-110,-110,-110,-110,-110,-110,-110,-110,-110,-110,-110,-110,-110,-110,-110,-110,-110,-110,-110,-110,-110,-110,-110,-110,-110,-110,-110,-110,-110,-110,-110,-110,-110,-110,-110,-110,-110,-110,-110,-110,-110,-110,-110,-110,-110,-110,-110,-110,-110,-110,-110,-110,-110,-110,-110,-110,-110,-110,-110,-110,-110,-110,-110,-110,-110,-110,-110,-110,-110,-110,-110,-110,-110,-110,-110,-110,-110,-110,-110,-110,-110,-110,-110,-110,-110,-110,-110,-110,-110,-110,-110,-110,-110,-110,-110,-110,-110,-110,-110,-110,-110,-110,-110,-110,-110,-110,-110,-110,-110,-110,-110,-110,-110,-110,-110,-110,-110,-110,-110,-110,-110,-110,-110,-110,-110,-110,-110,-110,-110,-110,-110,-110,-110,-110,-110,-110,-110,-110,-110,-110,-110,-110,-110,-110,-110,-110,-110,-110,-110,-110,-110,-110,-110,-110,-110,-110,-110,-110,-110,-110,-110,-110,-110,-110,-110,-110,-110,-110,-110,-110,-110,-110,-110,-110,-110,-110,-110,-110,-110,-110,-110,-110,-110,-110,-110,-110,-110,-110,-110,-110,-110,-110,-110,-110,-110,-110,-110,-110,-110,-110,-110,-110,-110,-110,-110,-110,-110,-110,-110,-110,-110,-110,-110,-110,-110,-110,-110,-110,-110,-110,-110,-110,-110,-110,-110,-110,-110,-110,-110,-110,-110,-110,-110,-110,-110,-110,-110,-110,-110,-110,-110,-110,-110,-110,-110,-110,-110,-110,-110,-110,-110,-110,-110,-110,-110,-110,-110,-110,-110,-110,-110,-110,-110,-110,-110,-110,-110,-110,-110,-110,-110,-110,-110,-110,-110,-110,-110,-110,-110,-110,-110,-110,-110,-110,-110,-110,-110,-110,-110,-110,-110,-110
30,12.91385188,18.487919377,5,-74,-110,-110,-77,-110,-75,-110,-76,-110,-110,-89,-110,-110,-110,-110,-110,-110,-110,-110,-110,-110,-110,-110,-110,-90,-110,-110,-110,-110,-89,-110,-110,-89,-110,-110,-110,-110,-110,-110,-110,-110,-110,-110,-110,-110,-110,-110,-110,-66,-110,-65,-70,-110,-72,-110,-110,-110,-110,-110,-110,-110,-110,-85,-84,-110,-110,-110,-110,-110,-110,-110,-110,-110,-110,-110,-110,-110,-110,-110,-110,-110,-110,-110,-110,-110,-110,-110,-110,-110,-110,-110,-110,-110,-110,-110,-110,-110,-110,-110,-110,-110,-110,-110,-110,-110,-110,-110,-110,-110,-110,-110,-110,-110,-88,-110,-110,-110,-110,-110,-110,-110,-110,-110,-110,-110,-110,-110,-110,-110,-110,-110,-110,-110,-110,-110,-110,-110,-110,-110,-110,-110,-110,-110,-110,-110,-110,-110,-110,-110,-110,-110,-110,-110,-110,-110,-110,-110,-110,-110,-110,-110,-110,-110,-110,-110,-110,-110,-110,-110,-110,-110,-110,-110,-110,-110,-110,-110,-110,-110,-110,-110,-110,-110,-110,-110,-110,-110,-110,-110,-110,-110,-110,-110,-110,-110,-110,-110,-110,-110,-110,-110,-110,-110,-110,-110,-110,-110,-110,-110,-110,-110,-110,-110,-110,-110,-110,-110,-110,-110,-110,-110,-110,-110,-110,-110,-110,-110,-110,-110,-110,-110,-110,-110,-110,-110,-110,-110,-110,-110,-110,-110,-110,-110,-110,-110,-110,-110,-110,-110,-110,-110,-110,-110,-110,-110,-110,-110,-110,-110,-110,-110,-110,-110,-110,-110,-110,-110,-110,-110,-110,-110,-110,-110,-110,-110,-110,-110,-110,-110,-110,-110,-110,-110,-110,-110,-110,-110,-110,-110,-110,-110,-110,-110,-110,-110,-110,-110,-110,-110,-110,-110,-110,-110,-110,-110,-110,-110,-110,-110,-110,-110,-110,-110,-110,-110,-110,-110,-110,-110,-110,-110,-110,-110,-110,-110,-110,-110,-110,-110,-110,-110,-110,-110,-110,-110,-110,-110,-110,-110,-110,-110,-110,-110,-110,-110,-110,-110,-110,-110,-110,-110,-110,-110,-110,-110,-110,-110,-110,-110,-110,-110,-110,-110,-110,-110,-110,-110,-110,-110,-110,-110,-110,-110,-110,-110,-110,-110,-110,-110,-110,-110,-110,-110,-110,-110,-110,-110,-110,-110,-110,-110,-110,-110,-110,-110,-110,-110,-110,-110,-110,-110,-110,-110,-110,-110,-110,-110,-110,-110,-110,-110,-110,-110,-110,-110,-110,-110,-110,-110,-110,-110,-110,-110,-110,-110,-110,-110,-110,-110,-110,-110,-110,-110,-110,-110,-110,-110,-110,-110,-110,-110,-110,-110,-110,-110,-110,-110,-110,-110,-110,-110,-110,-110,-110,-110,-110,-110,-110,-110,-110,-110,-110,-110,-110,-110,-110,-110,-110,-110,-110,-110,-110,-110,-110,-110,-110,-110,-110,-110,-110,-110,-110,-110,-110,-110,-110,-110,-110,-110,-110,-110,-110,-110,-110,-110,-110,-110,-110,-110,-110,-110,-110,-110,-110,-110,-110,-110,-110,-110,-110,-110,-110,-110,-110,-110,-110,-110,-110,-110,-110,-110,-110,-110,-110,-110,-110,-110,-110,-110,-110,-110,-110,-110,-110,-110,-110,-110,-110,-110,-110,-110,-110,-110,-110,-110,-110,-110,-110,-110,-110,-110,-110,-110,-110,-110,-110,-110,-110,-110,-110,-110,-110,-110,-110,-110,-110,-110,-110,-110,-110,-110,-110,-110,-110,-110,-110,-110,-110,-110,-110,-110,-110,-110,-110,-110,-110,-110,-110,-110,-110,-110,-110,-110,-110,-110,-110,-110,-110,-110,-110,-110,-110,-110,-110,-110,-110,-110,-110,-110,-110,-110,-110,-110,-110,-110,-110,-110,-110,-110,-110
29,8.52431189,18.487919377,5,-86,-110,-110,-87,-110,-89,-110,-90,-110,-110,-82,-82,-110,-110,-78,-110,-78,-110,-110,-110,-110,-110,-110,-110,-90,-110,-110,-92,-110,-110,-110,-110,-110,-110,-110,-110,-110,-110,-110,-87,-110,-110,-110,-110,-110,-110,-110,-110,-63,-110,-63,-62,-110,-71,-110,-110,-110,-110,-110,-110,-110,-110,-110,-110,-110,-110,-110,-110,-83,-110,-79,-110,-110,-110,-110,-110,-110,-110,-110,-110,-110,-110,-110,-110,-110,-110,-110,-110,-110,-110,-110,-110,-110,-110,-110,-110,-110,-110,-110,-110,-110,-110,-110,-110,-110,-110,-110,-110,-110,-110,-110,-110,-110,-110,-110,-110,-110,-110,-110,-110,-110,-110,-110,-110,-110,-110,-110,-110,-110,-110,-110,-110,-110,-110,-110,-110,-110,-110,-110,-110,-110,-110,-110,-110,-110,-110,-110,-110,-110,-110,-110,-110,-110,-110,-110,-110,-110,-110,-110,-110,-110,-110,-110,-110,-110,-110,-110,-110,-110,-110,-110,-110,-110,-110,-110,-110,-110,-110,-110,-110,-110,-110,-110,-110,-110,-110,-110,-110,-89,-110,-110,-110,-110,-110,-110,-110,-110,-110,-110,-110,-110,-110,-110,-110,-110,-110,-110,-110,-110,-110,-110,-110,-110,-110,-110,-110,-110,-110,-110,-110,-110,-110,-110,-110,-110,-110,-110,-110,-110,-110,-110,-110,-110,-110,-110,-110,-110,-110,-110,-110,-110,-110,-110,-110,-110,-110,-110,-110,-110,-110,-110,-110,-110,-110,-110,-110,-110,-110,-110,-110,-110,-110,-110,-110,-110,-110,-110,-110,-110,-110,-110,-110,-110,-110,-110,-110,-110,-110,-110,-110,-110,-110,-110,-110,-110,-110,-110,-110,-110,-110,-110,-110,-110,-110,-110,-110,-110,-110,-110,-110,-110,-110,-110,-110,-110,-110,-110,-110,-110,-110,-110,-110,-110,-110,-110,-110,-110,-110,-110,-110,-110,-110,-110,-110,-110,-110,-110,-110,-110,-110,-110,-110,-110,-110,-110,-110,-110,-110,-110,-110,-110,-110,-110,-110,-110,-110,-110,-110,-110,-110,-110,-110,-110,-110,-110,-110,-110,-110,-110,-110,-110,-110,-110,-110,-110,-110,-110,-110,-110,-110,-110,-110,-110,-110,-110,-110,-110,-110,-110,-110,-110,-110,-110,-110,-110,-110,-110,-110,-110,-110,-110,-110,-110,-110,-110,-110,-110,-110,-110,-110,-110,-110,-110,-110,-110,-110,-110,-110,-110,-110,-110,-110,-110,-110,-110,-110,-110,-110,-110,-110,-110,-110,-110,-110,-110,-110,-110,-110,-110,-110,-110,-110,-110,-110,-110,-110,-110,-110,-110,-110,-110,-110,-110,-110,-110,-110,-110,-110,-110,-110,-110,-110,-110,-110,-110,-110,-110,-110,-110,-110,-110,-110,-110,-110,-110,-110,-110,-110,-110,-110,-110,-110,-110,-110,-110,-110,-110,-110,-110,-110,-110,-110,-110,-110,-110,-110,-110,-110,-110,-110,-110,-110,-110,-110,-110,-110,-110,-110,-110,-110,-110,-110,-110,-110,-110,-110,-110,-110,-110,-110,-110,-110,-110,-110,-110,-110,-110,-110,-110,-110,-110,-110,-110,-110,-110,-110,-110,-110,-110,-110,-110,-110,-110,-110,-110,-110,-110,-110,-110,-110,-110,-110,-110,-110,-110,-110,-110,-110,-110,-110,-110,-110,-110,-110,-110,-110,-110,-110,-110,-110,-110,-110,-110,-110,-110,-110,-110,-110,-110,-110,-110,-110,-110,-110,-110,-110,-110,-110,-110,-110,-110,-110,-110,-110,-110,-110,-110,-110,-110,-110,-110,-110,-110,-110,-110,-110,-110,-110,-110,-110,-110,-110,-110,-110,-110,-110,-110,-110,-110,-110,-110,-110,-110,-110,-110,-110,-110,-110,-110,-110
29,8.52431189,18.487919377,5,-88,-110,-110,-90,-110,-88,-110,-110,-110,-110,-85,-88,-110,-110,-76,-110,-76,-110,-110,-110,-110,-110,-110,-110,-110,-110,-110,-91,-110,-110,-110,-110,-110,-110,-110,-110,-110,-110,-110,-110,-110,-110,-110,-110,-90,-110,-110,-110,-66,-110,-66,-110,-110,-70,-110,-110,-110,-110,-110,-110,-110,-110,-110,-110,-110,-110,-110,-110,-78,-110,-78,-110,-110,-110,-110,-110,-110,-110,-110,-110,-110,-110,-110,-110,-110,-110,-110,-110,-110,-110,-110,-110,-110,-110,-110,-110,-110,-110,-110,-110,-110,-110,-110,-110,-110,-110,-110,-110,-110,-110,-110,-110,-110,-110,-110,-110,-110,-110,-110,-110,-110,-110,-110,-110,-110,-110,-110,-110,-110,-110,-110,-110,-110,-110,-110,-110,-110,-110,-110,-110,-110,-110,-110,-110,-110,-110,-110,-110,-110,-110,-110,-110,-110,-110,-110,-110,-110,-110,-110,-110,-110,-110,-110,-110,-110,-110,-110,-110,-110,-110,-110,-110,-110,-110,-110,-110,-110,-110,-110,-110,-110,-110,-110,-110,-110,-110,-110,-94,-110,-110,-110,-110,-110,-110,-110,-110,-110,-110,-110,-110,-110,-110,-110,-110,-110,-110,-110,-110,-110,-110,-110,-110,-110,-110,-110,-110,-110,-110,-110,-110,-110,-110,-110,-110,-110,-110,-110,-110,-110,-110,-110,-110,-110,-110,-110,-110,-110,-110,-110,-110,-110,-110,-110,-110,-110,-110,-110,-110,-110,-110,-110,-110,-110,-110,-110,-110,-110,-110,-110,-110,-110,-110,-110,-110,-110,-110,-110,-110,-110,-110,-110,-110,-110,-110,-110,-110,-110,-110,-110,-110,-110,-110,-110,-110,-110,-110,-110,-110,-110,-110,-110,-110,-110,-110,-110,-110,-110,-110,-110,-110,-110,-110,-110,-110,-110,-110,-110,-110,-110,-110,-110,-110,-110,-110,-110,-110,-110,-110,-110,-110,-110,-110,-110,-110,-110,-110,-110,-110,-110,-110,-110,-110,-110,-110,-110,-110,-110,-110,-110,-110,-110,-110,-110,-110,-110,-110,-110,-110,-110,-110,-110,-110,-110,-110,-110,-110,-110,-110,-110,-110,-110,-110,-110,-110,-110,-110,-110,-110,-110,-110,-110,-110,-110,-110,-110,-110,-110,-110,-110,-110,-110,-110,-110,-110,-110,-110,-110,-110,-110,-110,-110,-110,-110,-110,-110,-110,-110,-110,-110,-110,-110,-110,-110,-110,-110,-110,-110,-110,-110,-110,-110,-110,-110,-110,-110,-110,-110,-110,-110,-110,-110,-110,-110,-110,-110,-110,-110,-110,-110,-110,-110,-110,-110,-110,-110,-110,-110,-110,-110,-110,-110,-110,-110,-110,-110,-110,-110,-110,-110,-110,-110,-110,-110,-110,-110,-110,-110,-110,-110,-110,-110,-110,-110,-110,-110,-110,-110,-110,-110,-110,-110,-110,-110,-110,-110,-110,-110,-110,-110,-110,-110,-110,-110,-110,-110,-110,-110,-110,-110,-110,-110,-110,-110,-110,-110,-110,-110,-110,-110,-110,-110,-110,-110,-110,-110,-110,-110,-110,-110,-110,-110,-110,-110,-110,-110,-110,-110,-110,-110,-110,-110,-110,-110,-110,-110,-110,-110,-110,-110,-110,-110,-110,-110,-110,-110,-110,-110,-110,-110,-110,-110,-110,-110,-110,-110,-110,-110,-110,-110,-110,-110,-110,-110,-110,-110,-110,-110,-110,-110,-110,-110,-110,-110,-110,-110,-110,-110,-110,-110,-110,-110,-110,-110,-110,-110,-110,-110,-110,-110,-110,-110,-110,-110,-110,-110,-110,-110,-110,-110,-110,-110,-110,-110,-110,-110,-110,-110,-110,-110,-110,-110,-110,-110,-110,-110,-110,-110,-110,-110,-110,-110,-110,-110,-110,-110,-110,-110,-110,-110,-110
29,8.52431189,18.487919377,5,-83,-110,-110,-110,-110,-85,-110,-110,-110,-110,-88,-85,-110,-110,-76,-110,-75,-110,-110,-110,-110,-110,-110,-110,-110,-110,-110,-91,-110,-110,-110,-110,-110,-110,-110,-110,-110,-110,-110,-91,-110,-110,-110,-110,-87,-110,-110,-110,-65,-110,-66,-58,-110,-65,-110,-110,-110,-110,-110,-110,-110,-110,-110,-110,-110,-110,-110,-110,-80,-110,-78,-110,-110,-89,-110,-110,-110,-110,-110,-110,-110,-110,-110,-110,-110,-110,-110,-110,-110,-110,-110,-110,-110,-110,-110,-110,-110,-110,-110,-110,-110,-110,-110,-110,-110,-110,-110,-110,-110,-110,-110,-110,-110,-110,-110,-110,-110,-110,-110,-110,-110,-110,-110,-110,-110,-110,-110,-110,-110,-110,-110,-110,-110,-110,-110,-110,-110,-110,-110,-110,-110,-110,-110,-110,-110,-110,-110,-110,-110,-110,-110,-110,-110,-110,-110,-110,-110,-110,-110,-110,-110,-110,-110,-110,-110,-110,-110,-110,-110,-110,-110,-110,-110,-110,-110,-110,-110,-110,-110,-110,-110,-110,-110,-110,-110,-110,-110,-110,-110,-110,-110,-110,-110,-110,-110,-110,-110,-110,-110,-110,-110,-110,-110,-110,-110,-110,-110,-110,-110,-110,-110,-110,-110,-110,-110,-110,-110,-110,-110,-110,-110,-110,-110,-110,-110,-110,-110,-110,-110,-110,-110,-110,-110,-110,-110,-110,-110,-110,-110,-110,-110,-110,-110,-110,-110,-110,-110,-110,-110,-110,-110,-110,-110,-110,-110,-110,-110,-110,-110,-110,-110,-110,-110,-110,-110,-110,-110,-110,-110,-110,-110,-110,-110,-110,-110,-110,-110,-110,-110,-110,-110,-110,-110,-110,-110,-110,-110,-110,-110,-110,-110,-110,-110,-110,-110,-110,-110,-110,-110,-110,-110,-110,-110,-110,-110,-110,-110,-110,-110,-110,-110,-110,-110,-110,-110,-110,-110,-110,-110,-110,-110,-110,-110,-110,-110,-110,-110,-110,-110,-110,-110,-110,-110,-110,-110,-110,-110,-110,-110,-110,-110,-110,-110,-110,-110,-110,-110,-110,-110,-110,-110,-110,-110,-110,-110,-110,-110,-110,-110,-110,-110,-110,-110,-110,-110,-110,-110,-110,-110,-110,-110,-110,-110,-110,-110,-110,-110,-110,-110,-110,-110,-110,-110,-110,-110,-110,-110,-110,-110,-110,-110,-110,-110,-110,-110,-110,-110,-110,-110,-110,-110,-110,-110,-110,-110,-110,-110,-110,-110,-110,-110,-110,-110,-110,-110,-110,-110,-110,-110,-110,-110,-110,-110,-110,-110,-110,-110,-110,-110,-110,-110,-110,-110,-110,-110,-110,-110,-110,-110,-110,-110,-110,-110,-110,-110,-110,-110,-110,-110,-110,-110,-110,-110,-110,-110,-110,-110,-110,-110,-110,-110,-110,-110,-110,-110,-110,-110,-110,-110,-110,-110,-110,-110,-110,-110,-110,-110,-110,-110,-110,-110,-110,-110,-110,-110,-110,-110,-110,-110,-110,-110,-110,-110,-110,-110,-110,-110,-110,-110,-110,-110,-110,-110,-110,-110,-110,-110,-110,-110,-110,-110,-110,-110,-110,-110,-110,-110,-110,-110,-110,-110,-110,-110,-110,-110,-110,-110,-110,-110,-110,-110,-110,-110,-110,-110,-110,-110,-110,-110,-110,-110,-110,-110,-110,-110,-110,-110,-110,-110,-110,-110,-110,-110,-110,-110,-110,-110,-110,-110,-110,-110,-110,-110,-110,-110,-110,-110,-110,-110,-110,-110,-110,-110,-110,-110,-110,-110,-110,-110,-110,-110,-110,-110,-110,-110,-110,-110,-110,-110,-110,-110,-110,-110,-110,-110,-110,-110,-110,-110,-110,-110,-110,-110,-110,-110,-110,-110,-110,-110,-110,-110,-110,-110,-110,-110,-110,-110,-110,-110,-110
29,8.52431189,18.487919377,5,-82,-110,-110,-110,-110,-84,-110,-110,-110,-110,-88,-87,-110,-110,-75,-110,-76,-110,-90,-110,-110,-110,-110,-110,-110,-110,-110,-110,-110,-110,-110,-110,-110,-110,-110,-110,-110,-110,-110,-110,-110,-110,-110,-110,-110,-110,-110,-110,-66,-110,-66,-62,-110,-65,-110,-110,-110,-110,-110,-110,-110,-110,-110,-110,-110,-110,-110,-110,-78,-110,-77,-110,-110,-110,-110,-110,-110,-110,-110,-110,-110,-110,-110,-110,-110,-110,-110,-110,-110,-110,-110,-110,-110,-110,-110,-110,-110,-110,-110,-110,-110,-110,-110,-110,-110,-110,-110,-110,-110,-110,-110,-110,-110,-110,-110,-110,-110,-110,-110,-110,-110,-110,-110,-110,-110,-110,-110,-110,-110,-110,-110,-110,-110,-110,-110,-110,-110,-110,-110,-110,-110,-110,-110,-110,-110,-110,-110,-110,-110,-110,-110,-110,-110,-110,-110,-110,-110,-110,-110,-110,-110,-110,-110,-110,-110,-110,-110,-110,-110,-110,-110,-110,-110,-110,-110,-110,-110,-110,-110,-110,-110,-110,-110,-110,-110,-110,-110,-110,-110,-110,-110,-110,-110,-110,-110,-110,-110,-110,-110,-110,-110,-110,-110,-110,-110,-110,-110,-110,-110,-110,-110,-110,-110,-110,-110,-110,-110,-110,-110,-110,-110,-110,-110,-110,-110,-110,-110,-110,-110,-110,-110,-110,-110,-110,-110,-110,-110,-110,-110,-110,-110,-110,-110,-110,-110,-110,-110,-110,-110,-110,-110,-110,-110,-110,-110,-110,-110,-110,-110,-110,-110,-110,-110,-110,-110,-110,-110,-110,-110,-110,-110,-110,-110,-110,-110,-110,-110,-110,-110,-110,-110,-110,-110,-110,-110,-110,-110,-110,-110,-110,-110,-110,-110,-110,-110,-110,-110,-110,-110,-110,-110,-110,-110,-110,-110,-110,-110,-110,-110,-110,-110,-110,-110,-110,-110,-110,-110,-110,-110,-110,-110,-110,-110,-110,-110,-110,-110,-110,-110,-110,-110,-110,-110,-110,-110,-110,-110,-110,-110,-110,-110,-110,-110,-110,-110,-110,-110,-110,-110,-110,-110,-110,-110,-110,-110,-110,-110,-110,-110,-110,-110,-110,-110,-110,-110,-110,-110,-110,-110,-110,-110,-110,-110,-110,-110,-110,-110,-110,-110,-110,-110,-110,-110,-110,-110,-110,-110,-110,-110,-110,-110,-110,-110,-110,-110,-110,-110,-110,-110,-110,-110,-110,-110,-110,-110,-110,-110,-110,-110,-110,-110,-110,-110,-110,-110,-110,-110,-110,-110,-110,-110,-110,-110,-110,-110,-110,-110,-110,-110,-110,-110,-110,-110,-110,-110,-110,-110,-110,-110,-110,-110,-110,-110,-110,-110,-110,-110,-110,-110,-110,-110,-110,-110,-110,-110,-110,-110,-110,-110,-110,-110,-110,-110,-110,-110,-110,-110,-110,-110,-110,-110,-110,-110,-110,-110,-110,-110,-110,-110,-110,-110,-110,-110,-110,-110,-110,-110,-110,-110,-110,-110,-110,-110,-110,-110,-110,-110,-110,-110,-110,-110,-110,-110,-110,-110,-110,-110,-110,-110,-110,-110,-110,-110,-110,-110,-110,-110,-110,-110,-110,-110,-110,-110,-110,-110,-110,-110,-110,-110,-110,-110,-110,-110,-110,-110,-110,-110,-110,-110,-110,-110,-110,-110,-110,-110,-110,-110,-110,-110,-110,-110,-110,-110,-110,-110,-110,-110,-110,-110,-110,-110,-110,-110,-110,-110,-110,-110,-110,-110,-110,-110,-110,-110,-110,-110,-110,-110,-110,-110,-110,-110,-110,-110,-110,-110,-110,-110,-110,-110,-110,-110,-110,-110,-110,-110,-110,-110,-110,-110,-110,-110,-110,-110,-110,-110,-110,-110,-110,-110,-110,-110,-110,-110,-110,-110,-110,-110,-110,-110,-110
29,8.52431189,18.487919377,5,-87,-110,-110,-110,-110,-85,-110,-110,-110,-110,-84,-84,-110,-110,-76,-110,-75,-110,-110,-110,-110,-110,-110,-110,-90,-110,-110,-92,-110,-110,-110,-110,-110,-110,-110,-110,-110,-110,-110,-110,-110,-110,-110,-110,-110,-110,-110,-110,-66,-110,-64,-58,-110,-65,-89,-90,-110,-110,-110,-110,-110,-110,-110,-110,-110,-110,-110,-110,-82,-110,-81,-110,-110,-110,-110,-110,-110,-110,-110,-110,-110,-110,-110,-110,-110,-110,-110,-110,-110,-110,-110,-110,-110,-110,-110,-110,-110,-110,-110,-110,-110,-110,-110,-110,-110,-110,-110,-110,-110,-110,-110,-110,-110,-110,-110,-110,-110,-110,-110,-110,-110,-110,-110,-110,-110,-110,-110,-110,-110,-110,-110,-110,-110,-110,-110,-110,-110,-110,-110,-110,-110,-110,-110,-110,-110,-110,-110,-110,-110,-110,-110,-110,-110,-110,-110,-110,-110,-110,-110,-110,-110,-110,-110,-110,-110,-110,-110,-110,-110,-110,-110,-110,-110,-110,-110,-110,-110,-110,-110,-110,-110,-110,-110,-110,-110,-110,-110,-110,-110,-110,-110,-110,-110,-110,-110,-110,-110,-110,-110,-110,-110,-110,-110,-110,-110,-110,-110,-110,-110,-110,-110,-110,-110,-110,-110,-110,-110,-110,-110,-110,-110,-110,-110,-110,-110,-110,-110,-110,-110,-110,-110,-110,-110,-110,-110,-110,-110,-110,-110,-110,-110,-110,-110,-110,-110,-110,-110,-110,-110,-110,-110,-110,-110,-110,-110,-110,-110,-110,-110,-110,-110,-110,-110,-110,-110,-110,-110,-110,-110,-110,-110,-110,-110,-110,-110,-110,-110,-110,-110,-110,-110,-110,-110,-110,-110,-110,-110,-110,-110,-110,-110,-110,-110,-110,-110,-110,-110,-110,-110,-110,-110,-110,-110,-110,-110,-110,-110,-110,-110,-110,-110,-110,-110,-110,-110,-110,-110,-110,-110,-110,-110,-110,-110,-110,-110,-110,-110,-110,-110,-110,-110,-110,-110,-110,-110,-110,-110,-110,-110,-110,-110,-110,-110,-110,-110,-110,-110,-110,-110,-110,-110,-110,-110,-110,-110,-110,-110,-110,-110,-110,-110,-110,-110,-110,-110,-110,-110,-110,-110,-110,-110,-110,-110,-110,-110,-110,-110,-110,-110,-110,-110,-110,-110,-110,-110,-110,-110,-110,-110,-110,-110,-110,-110,-110,-110,-110,-110,-110,-110,-110,-110,-110,-110,-110,-110,-110,-110,-110,-110,-110,-110,-110,-110,-110,-110,-110,-110,-110,-110,-110,-110,-110,-110,-110,-110,-110,-110,-110,-110,-110,-110,-110,-110,-110,-110,-110,-110,-110,-110,-110,-110,-110,-110,-110,-110,-110,-110,-110,-110,-110,-110,-110,-110,-110,-110,-110,-110,-110,-110,-110,-110,-110,-110,-110,-110,-110,-110,-110,-110,-110,-110,-110,-110,-110,-110,-110,-110,-110,-110,-110,-110,-110,-110,-110,-110,-110,-110,-110,-110,-110,-110,-110,-110,-110,-110,-110,-110,-110,-110,-110,-110,-110,-110,-110,-110,-110,-110,-110,-110,-110,-110,-110,-110,-110,-110,-110,-110,-110,-110,-110,-110,-110,-110,-110,-110,-110,-110,-110,-110,-110,-110,-110,-110,-110,-110,-110,-110,-110,-110,-110,-110,-110,-110,-110,-110,-110,-110,-110,-110,-110,-110,-110,-110,-110,-110,-110,-110,-110,-110,-110,-110,-110,-110,-110,-110,-110,-110,-110,-110,-110,-110,-110,-110,-110,-110,-110,-110,-110,-110,-110,-110,-110,-110,-110,-110,-110,-110,-110,-110,-110,-110,-110,-110,-110,-110,-110,-110,-110,-110,-110,-110,-110,-110,-110,-110,-110,-110,-110,-110,-110,-110,-110,-110,-110,-110,-110,-110,-110,-110,-110
29,8.52431189,18.487919377,5,-85,-110,-110,-92,-110,-85,-110,-93,-110,-110,-110,-83,-110,-110,-78,-110,-76,-110,-91,-110,-110,-110,-110,-110,-91,-110,-110,-90,-110,-110,-110,-110,-110,-110,-110,-110,-110,-110,-110,-87,-110,-110,-110,-110,-110,-110,-110,-110,-64,-110,-65,-59,-110,-65,-110,-90,-110,-110,-110,-110,-110,-110,-92,-92,-110,-110,-110,-110,-80,-110,-81,-110,-110,-110,-110,-110,-110,-110,-110,-110,-110,-110,-110,-110,-110,-110,-110,-110,-110,-110,-110,-110,-110,-110,-110,-110,-110,-110,-110,-110,-110,-110,-110,-110,-110,-110,-110,-110,-110,-110,-110,-110,-110,-110,-110,-110,-110,-110,-110,-110,-110,-110,-110,-110,-110,-110,-110,-110,-110,-110,-110,-110,-110,-110,-110,-110,-110,-110,-110,-110,-110,-110,-110,-110,-110,-110,-110,-110,-110,-110,-110,-110,-110,-110,-110,-110,-110,-110,-110,-110,-110,-110,-110,-110,-110,-110,-110,-110,-110,-110,-110,-110,-110,-110,-110,-110,-110,-110,-110,-110,-110,-110,-110,-110,-110,-110,-110,-110,-93,-110,-110,-110,-110,-110,-110,-110,-110,-110,-110,-110,-110,-110,-110,-110,-110,-110,-110,-110,-110,-110,-110,-110,-110,-110,-110,-110,-110,-110,-110,-110,-110,-110,-110,-110,-110,-110,-110,-110,-110,-110,-110,-110,-110,-110,-110,-110,-110,-110,-110,-110,-110,-110,-110,-110,-110,-110,-110,-110,-110,-110,-110,-110,-110,-110,-110,-110,-110,-110,-110,-110,-110,-110,-110,-110,-110,-110,-110,-110,-110,-110,-110,-110,-110,-110,-110,-110,-110,-110,-110,-110,-110,-110,-110,-110,-110,-110,-110,-110,-110,-110,-110,-110,-110,-110,-110,-110,-110,-110,-110,-110,-110,-110,-110,-110,-110,-110,-110,-110,-110,-110,-110,-110,-110,-110,-110,-110,-110,-110,-110,-110,-110,-110,-110,-110,-110,-110,-110,-110,-110,-110,-110,-110,-110,-110,-110,-110,-110,-110,-110,-110,-110,-110,-110,-110,-110,-110,-110,-110,-110,-110,-110,-110,-110,-110,-110,-110,-110,-110,-110,-110,-110,-110,-110,-110,-110,-110,-110,-110,-110,-110,-110,-110,-110,-110,-110,-110,-110,-110,-110,-110,-110,-110,-110,-110,-110,-110,-110,-110,-110,-110,-110,-110,-110,-110,-110,-110,-110,-110,-110,-110,-110,-110,-110,-110,-110,-110,-110,-110,-110,-110,-110,-110,-110,-110,-110,-110,-110,-110,-110,-110,-110,-110,-110,-110,-110,-110,-110,-110,-110,-110,-110,-110,-110,-110,-110,-110,-110,-110,-110,-110,-110,-110,-110,-110,-110,-110,-110,-110,-110,-110,-110,-110,-110,-110,-110,-110,-110,-110,-110,-110,-110,-110,-110,-110,-110,-110,-110,-110,-110,-110,-110,-110,-110,-110,-110,-110,-110,-110,-110,-110,-110,-110,-110,-110,-110,-110,-110,-110,-110,-110,-110,-110,-110,-110,-110,-110,-110,-110,-110,-110,-110,-110,-110,-110,-110,-110,-110,-110,-110,-110,-110,-110,-110,-110,-110,-110,-110,-110,-110,-110,-110,-110,-110,-110,-110,-110,-110,-110,-110,-110,-110,-110,-110,-110,-110,-110,-110,-110,-110,-110,-110,-110,-110,-110,-110,-110,-110,-110,-110,-110,-110,-110,-110,-110,-110,-110,-110,-110,-110,-110,-110,-110,-110,-110,-110,-110,-110,-110,-110,-110,-110,-110,-110,-110,-110,-110,-110,-110,-110,-110,-110,-110,-110,-110,-110,-110,-110,-110,-110,-110,-110,-110,-110,-110,-110,-110,-110,-110,-110,-110,-110,-110,-110,-110,-110,-110,-110,-110,-110,-110,-110,-110,-110,-110,-110,-110,-110,-110,-110,-110
28,4.1347719,18.487919377,5,-85,-110,-110,-90,-110,-88,-110,-110,-110,-110,-110,-86,-110,-110,-86,-110,-87,-110,-110,-110,-110,-110,-110,-110,-110,-110,-110,-110,-110,-110,-110,-110,-110,-110,-110,-110,-110,-110,-110,-110,-110,-110,-110,-110,-110,-110,-110,-110,-65,-110,-64,-73,-110,-86,-110,-110,-110,-110,-110,-110,-110,-110,-110,-110,-110,-110,-110,-110,-110,-110,-110,-110,-110,-110,-110,-110,-110,-110,-110,-110,-110,-110,-110,-110,-110,-110,-110,-110,-110,-110,-110,-110,-110,-110,-110,-110,-110,-110,-110,-110,-110,-110,-110,-110,-110,-110,-110,-110,-110,-110,-110,-110,-110,-110,-110,-110,-110,-110,-110,-110,-110,-110,-110,-110,-110,-110,-110,-110,-110,-110,-110,-110,-110,-110,-110,-110,-110,-110,-110,-110,-110,-110,-110,-110,-110,-110,-110,-110,-110,-110,-110,-110,-110,-110,-110,-110,-110,-110,-110,-110,-110,-110,-110,-110,-110,-110,-110,-110,-110,-110,-110,-110,-110,-110,-110,-110,-110,-110,-110,-110,-110,-110,-110,-110,-110,-110,-110,-110,-110,-110,-110,-110,-110,-110,-110,-110,-110,-110,-110,-110,-110,-110,-110,-110,-110,-110,-110,-110,-110,-110,-110,-110,-110,-110,-110,-110,-110,-110,-110,-110,-110,-110,-110,-110,-110,-110,-110,-110,-110,-110,-110,-110,-110,-110,-110,-110,-110,-110,-110,-110,-110,-110,-110,-110,-110,-110,-110,-110,-110,-110,-110,-110,-110,-110,-110,-110,-110,-110,-110,-110,-110,-110,-110,-110,-110,-110,-110,-110,-110,-110,-110,-110,-110,-110,-110,-110,-110,-110,-110,-110,-110,-110,-110,-110,-110,-110,-110,-110,-110,-110,-110,-110,-110,-110,-110,-110,-110,-110,-110,-110,-110,-110,-110,-110,-110,-110,-110,-110,-110,-110,-110,-110,-110,-110,-110,-110,-110,-110,-110,-110,-110,-110,-110,-110,-110,-110,-110,-110,-110,-110,-110,-110,-110,-110,-110,-110,-110,-110,-110,-110,-110,-110,-110,-110,-110,-110,-110,-110,-110,-110,-110,-110,-110,-110,-110,-110,-110,-110,-110,-110,-110,-110,-110,-110,-110,-110,-110,-110,-110,-110,-110,-110,-110,-110,-110,-110,-110,-110,-110,-110,-110,-110,-110,-110,-110,-110,-110,-110,-110,-110,-110,-110,-110,-110,-110,-110,-110,-110,-110,-110,-110,-110,-110,-110,-110,-110,-110,-110,-110,-110,-110,-110,-110,-110,-110,-110,-110,-110,-110,-110,-110,-110,-110,-110,-110,-110,-110,-110,-110,-110,-110,-110,-110,-110,-110,-110,-110,-110,-110,-110,-110,-110,-110,-110,-110,-110,-110,-110,-110,-110,-110,-110,-110,-110,-110,-110,-110,-110,-110,-110,-110,-110,-110,-110,-110,-110,-110,-110,-110,-110,-110,-110,-110,-110,-110,-110,-110,-110,-110,-110,-110,-110,-110,-110,-110,-110,-110,-110,-110,-110,-110,-110,-110,-110,-110,-110,-110,-110,-110,-110,-110,-110,-110,-110,-110,-110,-110,-110,-110,-110,-110,-110,-110,-110,-110,-110,-110,-110,-110,-110,-110,-110,-110,-110,-110,-110,-110,-110,-110,-110,-110,-110,-110,-110,-110,-110,-110,-110,-110,-110,-110,-110,-110,-110,-110,-110,-110,-110,-110,-110,-110,-110,-110,-110,-110,-110,-110,-110,-110,-110,-110,-110,-110,-110,-110,-110,-110,-110,-110,-110,-110,-110,-110,-110,-110,-110,-110,-110,-110,-110,-110,-110,-110,-110,-110,-110,-110,-110,-110,-110,-110,-110,-110,-110,-110,-110,-110,-110,-110,-110,-110,-110,-110,-110,-110,-110,-110,-110,-110,-110,-110,-110,-110,-110,-110,-110,-110,-110,-110,-110
28,4.1347719,18.487919377,5,-88,-110,-110,-90,-110,-89,-110,-110,-110,-110,-85,-82,-110,-110,-88,-110,-88,-110,-110,-110,-110,-110,-110,-110,-110,-110,-110,-110,-110,-110,-110,-110,-110,-110,-110,-110,-110,-110,-110,-110,-110,-110,-110,-110,-110,-110,-110,-110,-67,-110,-66,-66,-110,-84,-110,-110,-110,-110,-110,-110,-110,-110,-110,-110,-110,-110,-110,-110,-110,-110,-110,-110,-110,-110,-110,-110,-110,-110,-110,-110,-110,-110,-110,-110,-110,-110,-110,-110,-110,-110,-110,-110,-110,-110,-110,-110,-110,-110,-110,-110,-110,-110,-110,-110,-110,-110,-110,-110,-110,-110,-110,-110,-110,-110,-110,-110,-110,-110,-110,-110,-110,-110,-110,-110,-110,-110,-110,-110,-110,-110,-110,-110,-110,-110,-110,-110,-110,-110,-110,-110,-110,-110,-110,-110,-110,-110,-110,-110,-110,-110,-110,-110,-110,-110,-110,-110,-110,-110,-110,-110,-110,-110,-110,-110,-110,-110,-110,-110,-110,-110,-110,-110,-110,-110,-110,-110,-110,-110,-110,-110,-110,-110,-110,-110,-110,-110,-110,-110,-110,-110,-110,-110,-110,-110,-110,-110,-110,-110,-110,-110,-110,-110,-110,-110,-110,-110,-110,-110,-110,-110,-110,-110,-110,-110,-110,-110,-110,-110,-110,-110,-110,-110,-110,-110,-110,-110,-110,-110,-110,-110,-110,-110,-110,-110,-110,-110,-110,-110,-110,-110,-110,-110,-110,-110,-110,-110,-110,-110,-110,-110,-110,-110,-110,-110,-110,-110,-110,-110,-110,-110,-110,-110,-110,-110,-110,-110,-110,-110,-110,-110,-110,-110,-110,-110,-110,-110,-110,-110,-110,-110,-110,-110,-110,-110,-110,-110,-110,-110,-110,-110,-110,-110,-110,-110,-110,-110,-110,-110,-110,-110,-110,-110,-110,-110,-110,-110,-110,-110,-110,-110,-110,-110,-110,-110,-110,-110,-110,-110,-110,-110,-110,-110,-110,-110,-110,-110,-110,-110,-110,-110,-110,-110,-110,-110,-110,-110,-110,-110,-110,-110,-110,-110,-110,-110,-110,-110,-110,-110,-110,-110,-110,-110,-110,-110,-110,-110,-110,-110,-110,-110,-110,-110,-110,-110,-110,-110,-110,-110,-110,-110,-110,-110,-110,-110,-110,-110,-110,-110,-110,-110,-110,-110,-110,-110,-110,-110,-110,-110,-110,-110,-110,-110,-110,-110,-110,-110,-110,-110,-110,-110,-110,-110,-110,-110,-110,-110,-110,-110,-110,-110,-110,-110,-110,-110,-110,-110,-110,-110,-110,-110,-110,-110,-110,-110,-110,-110,-110,-110,-110,-110,-110,-110,-110,-110,-110,-110,-110,-110,-110,-110,-110,-110,-110,-110,-110,-110,-110,-110,-110,-110,-110,-110,-110,-110,-110,-110,-110,-110,-110,-110,-110,-110,-110,-110,-110,-110,-110,-110,-110,-110,-110,-110,-110,-110,-110,-110,-110,-110,-110,-110,-110,-110,-110,-110,-110,-110,-110,-110,-110,-110,-110,-110,-110,-110,-110,-110,-110,-110,-110,-110,-110,-110,-110,-110,-110,-110,-110,-110,-110,-110,-110,-110,-110,-110,-110,-110,-110,-110,-110,-110,-110,-110,-110,-110,-110,-110,-110,-110,-110,-110,-110,-110,-110,-110,-110,-110,-110,-110,-110,-110,-110,-110,-110,-110,-110,-110,-110,-110,-110,-110,-110,-110,-110,-110,-110,-110,-110,-110,-110,-110,-110,-110,-110,-110,-110,-110,-110,-110,-110,-110,-110,-110,-110,-110,-110,-110,-110,-110,-110,-110,-110,-110,-110,-110,-110,-110,-110,-110,-110,-110,-110,-110,-110,-110,-110,-110,-110,-110,-110,-110,-110,-110,-110,-110,-110,-110,-110,-110,-110,-110,-110,-110,-110,-110,-110,-110,-110,-110,-110,-110
28,4.1347719,18.487919377,5,-91,-110,-110,-92,-110,-87,-110,-110,-110,-110,-84,-81,-110,-110,-86,-110,-88,-110,-110,-110,-110,-91,-110,-110,-110,-110,-110,-92,-110,-110,-110,-110,-110,-110,-110,-110,-110,-110,-110,-110,-110,-110,-110,-110,-110,-110,-110,-110,-69,-110,-71,-67,-110,-83,-110,-110,-110,-110,-110,-110,-110,-110,-110,-110,-110,-110,-110,-110,-110,-110,-94,-110,-110,-110,-110,-110,-110,-110,-110,-110,-110,-110,-110,-110,-110,-110,-110,-110,-110,-110,-110,-110,-110,-110,-110,-110,-110,-110,-110,-110,-110,-110,-110,-110,-110,-110,-110,-110,-110,-110,-110,-110,-110,-110,-110,-110,-110,-110,-110,-110,-110,-110,-110,-110,-110,-110,-110,-110,-110,-110,-110,-110,-110,-110,-110,-110,-110,-110,-110,-110,-110,-110,-110,-110,-110,-110,-110,-110,-110,-110,-110,-110,-110,-110,-110,-110,-110,-110,-110,-110,-110,-110,-110,-110,-110,-110,-110,-110,-110,-110,-110,-110,-110,-110,-110,-110,-110,-110,-110,-110,-110,-110,-110,-110,-110,-110,-110,-110,-110,-110,-110,-110,-110,-110,-110,-110,-110,-110,-110,-110,-110,-110,-110,-110,-110,-110,-110,-110,-110,-110,-110,-110,-110,-110,-110,-110,-110,-110,-110,-110,-110,-110,-110,-110,-110,-110,-110,-110,-110,-110,-110,-110,-110,-110,-110,-110,-110,-110,-110,-110,-110,-110,-110,-110,-110,-110,-110,-110,-110,-110,-110,-110,-110,-110,-110,-110,-110,-110,-110,-110,-110,-110,-110,-110,-110,-110,-110,-110,-110,-110,-110,-110,-110,-110,-110,-110,-110,-110,-110,-110,-110,-110,-110,-110,-110,-110,-110,-110,-110,-110,-110,-110,-110,-110,-110,-110,-110,-110,-110,-110,-110,-110,-110,-110,-110,-110,-110,-110,-110,-110,-110,-110,-110,-110,-110,-110,-110,-110,-110,-110,-110,-110,-110,-110,-110,-110,-110,-110,-110,-110,-110,-110,-110,-110,-110,-110,-110,-110,-110,-110,-110,-110,-110,-110,-110,-110,-110,-110,-110,-110,-110,-110,-110,-110,-110,-110,-110,-110,-110,-110,-110,-110,-110,-110,-110,-110,-110,-110,-110,-110,-110,-110,-110,-110,-110,-110,-110,-110,-110,-110,-110,-110,-110,-110,-110,-110,-110,-110,-110,-110,-110,-110,-110,-110,-110,-110,-110,-110,-110,-110,-110,-110,-110,-110,-110,-110,-110,-110,-110,-110,-110,-110,-110,-110,-110,-110,-110,-110,-110,-110,-110,-110,-110,-110,-110,-110,-110,-110,-110,-110,-110,-110,-110,-110,-110,-110,-110,-110,-110,-110,-110,-110,-110,-110,-110,-110,-110,-110,-110,-110,-110,-110,-110,-110,-110,-110,-110,-110,-110,-110,-110,-110,-110,-110,-110,-110,-110,-110,-110,-110,-110,-110,-110,-110,-110,-110,-110,-110,-110,-110,-110,-110,-110,-110,-110,-110,-110,-110,-110,-110,-110,-110,-110,-110,-110,-110,-110,-110,-110,-110,-110,-110,-110,-110,-110,-110,-110,-110,-110,-110,-110,-110,-110,-110,-110,-110,-110,-110,-110,-110,-110,-110,-110,-110,-110,-110,-110,-110,-110,-110,-110,-110,-110,-110,-110,-110,-110,-110,-110,-110,-110,-110,-110,-110,-110,-110,-110,-110,-110,-110,-110,-110,-110,-110,-110,-110,-110,-110,-110,-110,-110,-110,-110,-110,-110,-110,-110,-110,-110,-110,-110,-110,-110,-110,-110,-110,-110,-110,-110,-110,-110,-110,-110,-110,-110,-110,-110,-110,-110,-110,-110,-110,-110,-110,-110,-110,-110,-110,-110,-110,-110,-110,-110,-110,-110,-110,-110,-110,-110,-110,-110,-110,-110,-110,-110,-110,-110,-110,-110,-110
28,4.1347719,18.487919377,5,-87,-110,-110,-89,-110,-89,-110,-110,-110,-110,-82,-81,-110,-110,-86,-110,-83,-110,-110,-110,-110,-110,-110,-110,-110,-110,-110,-110,-110,-110,-110,-110,-110,-110,-110,-110,-110,-110,-110,-110,-110,-110,-110,-110,-110,-110,-110,-110,-71,-110,-68,-65,-110,-82,-110,-110,-110,-110,-110,-110,-110,-110,-110,-110,-110,-110,-110,-110,-91,-110,-92,-110,-110,-110,-110,-110,-110,-110,-110,-110,-110,-110,-110,-110,-110,-110,-110,-110,-110,-110,-110,-110,-110,-110,-110,-110,-110,-110,-110,-110,-110,-110,-110,-110,-110,-110,-110,-110,-110,-110,-110,-110,-110,-110,-110,-110,-110,-110,-110,-110,-110,-110,-110,-110,-110,-110,-110,-110,-110,-110,-110,-110,-110,-110,-110,-110,-110,-110,-110,-110,-110,-110,-110,-110,-110,-110,-110,-110,-110,-110,-110,-110,-110,-110,-110,-110,-110,-110,-110,-110,-110,-110,-110,-110,-110,-110,-110,-110,-110,-110,-110,-110,-110,-110,-110,-110,-110,-110,-110,-110,-110,-110,-110,-110,-110,-110,-110,-110,-110,-110,-110,-110,-110,-110,-110,-110,-110,-110,-110,-110,-110,-110,-110,-110,-110,-110,-110,-110,-110,-110,-110,-110,-110,-110,-110,-110,-110,-110,-110,-110,-110,-110,-110,-110,-110,-110,-110,-110,-110,-110,-110,-110,-110,-110,-110,-110,-110,-110,-110,-110,-110,-110,-110,-110,-110,-110,-110,-110,-110,-110,-110,-110,-110,-110,-110,-110,-110,-110,-110,-110,-110,-110,-110,-110,-110,-110,-110,-110,-110,-110,-110,-110,-110,-110,-110,-110,-110,-110,-110,-110,-110,-110,-110,-110,-110,-110,-110,-110,-110,-110,-110,-110,-110,-110,-110,-110,-110,-110,-110,-110,-110,-110,-110,-110,-110,-110,-110,-110,-110,-110,-110,-110,-110,-110,-110,-110,-110,-110,-110,-110,-110,-110,-110,-110,-110,-110,-110,-110,-110,-110,-110,-110,-110,-110,-110,-110,-110,-110,-110,-110,-110,-110,-110,-110,-110,-110,-110,-110,-110,-110,-110,-110,-110,-110,-110,-110,-110,-110,-110,-110,-110,-110,-110,-110,-110,-110,-110,-110,-110,-110,-110,-110,-110,-110,-110,-110,-110,-110,-110,-110,-110,-110,-110,-110,-110,-110,-110,-110,-110,-110,-110,-110,-110,-110,-110,-110,-110,-110,-110,-110,-110,-110,-110,-110,-110,-110,-110,-110,-110,-110,-110,-110,-110,-110,-110,-110,-110,-110,-110,-110,-110,-110,-110,-110,-110,-110,-110,-110,-110,-110,-110,-110,-110,-110,-110,-110,-110,-110,-110,-110,-110,-110,-110,-110,-110,-110,-110,-110,-110,-110,-110,-110,-110,-110,-110,-110,-110,-110,-110,-110,-110,-110,-110,-110,-110,-110,-110,-110,-110,-110,-110,-110,-110,-110,-110,-110,-110,-110,-110,-110,-110,-110,-110,-110,-110,-110,-110,-110,-110,-110,-110,-110,-110,-110,-110,-110,-110,-110,-110,-110,-110,-110,-110,-110,-110,-110,-110,-110,-110,-110,-110,-110,-110,-110,-110,-110,-110,-110,-110,-110,-110,-110,-110,-110,-110,-110,-110,-110,-110,-110,-110,-110,-110,-110,-110,-110,-110,-110,-110,-110,-110,-110,-110,-110,-110,-110,-110,-110,-110,-110,-110,-110,-110,-110,-110,-110,-110,-110,-110,-110,-110,-110,-110,-110,-110,-110,-110,-110,-110,-110,-110,-110,-110,-110,-110,-110,-110,-110,-110,-110,-110,-110,-110,-110,-110,-110,-110,-110,-110,-110,-110,-110,-110,-110,-110,-110,-110,-110,-110,-110,-110,-110,-110,-110,-110,-110,-110,-110,-110,-110,-110,-110,-110,-110,-110,-110,-110,-110,-110,-110
28,4.1347719,18.487919377,5,-88,-110,-110,-110,-110,-86,-110,-110,-110,-110,-80,-81,-110,-110,-110,-110,-90,-110,-110,-110,-110,-110,-110,-110,-110,-110,-110,-110,-110,-110,-110,-110,-110,-110,-110,-110,-110,-110,-110,-110,-110,-110,-110,-110,-90,-110,-110,-110,-70,-110,-70,-67,-110,-88,-110,-110,-110,-110,-110,-110,-110,-110,-110,-110,-110,-110,-110,-110,-92,-110,-91,-110,-110,-110,-110,-110,-110,-110,-110,-110,-110,-110,-110,-110,-110,-110,-110,-110,-110,-110,-110,-110,-110,-110,-110,-110,-110,-110,-110,-110,-110,-110,-110,-110,-110,-110,-110,-110,-110,-110,-110,-110,-110,-110,-110,-110,-110,-110,-110,-110,-110,-110,-110,-110,-110,-110,-110,-110,-110,-110,-110,-110,-110,-110,-110,-110,-110,-110,-110,-110,-110,-110,-110,-110,-110,-110,-110,-110,-110,-110,-110,-110,-110,-110,-110,-110,-110,-110,-110,-110,-110,-110,-110,-110,-110,-110,-110,-110,-110,-110,-110,-110,-110,-110,-110,-110,-110,-110,-110,-110,-110,-110,-110,-110,-110,-110,-110,-110,-110,-110,-110,-110,-110,-110,-110,-110,-110,-110,-110,-110,-110,-110,-110,-110,-110,-110,-110,-110,-110,-110,-110,-110,-110,-110,-110,-110,-110,-110,-110,-110,-110,-110,-110,-110,-110,-110,-110,-110,-110,-110,-110,-110,-110,-110,-110,-110,-110,-110,-110,-110,-110,-110,-110,-110,-110,-110,-110,-110,-110,-110,-110,-110,-110,-110,-110,-110,-110,-110,-110,-110,-110,-110,-110,-110,-110,-110,-110,-110,-110,-110,-110,-110,-110,-110,-110,-110,-110,-110,-110,-110,-110,-110,-110,-110,-110,-110,-110,-110,-110,-110,-110,-110,-110,-110,-110,-110,-110,-110,-110,-110,-110,-110,-110,-110,-110,-110,-110,-110,-110,-110,-110,-110,-110,-110,-110,-110,-110,-110,-110,-110,-110,-110,-110,-110,-110,-110,-110,-110,-110,-110,-110,-110,-110,-110,-110,-110,-110,-110,-110,-110,-110,-110,-110,-110,-110,-110,-110,-110,-110,-110,-110,-110,-110,-110,-110,-110,-110,-110,-110,-110,-110,-110,-110,-110,-110,-110,-110,-110,-110,-110,-110,-110,-110,-110,-110,-110,-110,-110,-110,-110,-110,-110,-110,-110,-110,-110,-110,-110,-110,-110,-110,-110,-110,-110,-110,-110,-110,-110,-110,-110,-110,-110,-110,-110,-110,-110,-110,-110,-110,-110,-110,-110,-110,-110,-110,-110,-110,-110,-110,-110,-110,-110,-110,-110,-110,-110,-110,-110,-110,-110,-110,-110,-110,-110,-110,-110,-110,-110,-110,-110,-110,-110,-110,-110,-110,-110,-110,-110,-110,-110,-110,-110,-110,-110,-110,-110,-110,-110,-110,-110,-110,-110,-110,-110,-110,-110,-110,-110,-110,-110,-110,-110,-110,-110,-110,-110,-110,-110,-110,-110,-110,-110,-110,-110,-110,-110,-110,-110,-110,-110,-110,-110,-110,-110,-110,-110,-110,-110,-110,-110,-110,-110,-110,-110,-110,-110,-110,-110,-110,-110,-110,-110,-110,-110,-110,-110,-110,-110,-110,-110,-110,-110,-110,-110,-110,-110,-110,-110,-110,-110,-110,-110,-110,-110,-110,-110,-110,-110,-110,-110,-110,-110,-110,-110,-110,-110,-110,-110,-110,-110,-110,-110,-110,-110,-110,-110,-110,-110,-110,-110,-110,-110,-110,-110,-110,-110,-110,-110,-110,-110,-110,-110,-110,-110,-110,-110,-110,-110,-110,-110,-110,-110,-110,-110,-110,-110,-110,-110,-110,-110,-110,-110,-110,-110,-110,-110,-110,-110,-110,-110,-110,-110,-110,-110,-110,-110,-110,-110,-110,-110,-110,-110,-110,-110,-110,-110,-110,-110,-110,-110
28,4.1347719,18.487919377,5,-89,-110,-110,-92,-110,-88,-110,-110,-110,-110,-83,-85,-110,-110,-86,-110,-87,-110,-110,-110,-110,-110,-110,-110,-110,-110,-110,-110,-110,-110,-110,-110,-110,-110,-110,-110,-110,-110,-110,-110,-110,-110,-110,-110,-110,-110,-110,-110,-71,-110,-71,-110,-110,-89,-110,-110,-110,-110,-110,-110,-110,-110,-110,-110,-110,-110,-110,-110,-110,-110,-110,-110,-110,-110,-110,-110,-110,-110,-110,-110,-110,-110,-110,-110,-110,-110,-110,-110,-110,-110,-110,-110,-110,-110,-110,-110,-110,-110,-110,-110,-110,-110,-110,-110,-110,-110,-110,-110,-110,-110,-110,-110,-110,-110,-110,-110,-110,-110,-110,-110,-110,-110,-110,-110,-110,-110,-110,-110,-110,-110,-110,-110,-110,-110,-110,-110,-110,-110,-110,-110,-110,-110,-110,-110,-110,-110,-110,-110,-110,-110,-110,-110,-110,-110,-110,-110,-110,-110,-110,-110,-110,-110,-110,-110,-110,-110,-110,-110,-110,-110,-110,-110,-110,-110,-110,-110,-110,-110,-110,-110,-110,-110,-110,-110,-110,-110,-110,-110,-110,-110,-110,-110,-110,-110,-110,-110,-110,-110,-110,-110,-110,-110,-110,-110,-110,-110,-110,-110,-110,-110,-110,-110,-110,-110,-110,-110,-110,-110,-110,-110,-110,-110,-110,-110,-110,-110,-110,-110,-110,-110,-110,-110,-110,-110,-110,-110,-110,-110,-110,-110,-110,-110,-110,-110,-110,-110,-110,-110,-110,-110,-110,-110,-110,-110,-110,-110,-110,-110,-110,-110,-110,-110,-110,-110,-110,-110,-110,-110,-110,-110,-110,-110,-110,-110,-110,-110,-110,-110,-110,-110,-110,-110,-110,-110,-110,-110,-110,-110,-110,-110,-110,-110,-110,-110,-110,-110,-110,-110,-110,-110,-110,-110,-110,-110,-110,-110,-110,-110,-110,-110,-110,-110,-110,-110,-110,-110,-110,-110,-110,-110,-110,-110,-110,-110,-110,-110,-110,-110,-110,-110,-110,-110,-110,-110,-110,-110,-110,-110,-110,-110,-110,-110,-110,-110,-110,-110,-110,-110,-110,-110,-110,-110,-110,-110,-110,-110,-110,-110,-110,-110,-110,-110,-110,-110,-110,-110,-110,-110,-110,-110,-110,-110,-110,-110,-110,-110,-110,-110,-110,-110,-110,-110,-110,-110,-110,-110,-110,-110,-110,-110,-110,-110,-110,-110,-110,-110,-110,-110,-110,-110,-110,-110,-110,-110,-110,-110,-110,-110,-110,-110,-110,-110,-110,-110,-110,-110,-110,-110,-110,-110,-110,-110,-110,-110,-110,-110,-110,-110,-110,-110,-110,-110,-110,-110,-110,-110,-110,-110,-110,-110,-110,-110,-110,-110,-110,-110,-110,-110,-110,-110,-110,-110,-110,-110,-110,-110,-110,-110,-110,-110,-110,-110,-110,-110,-110,-110,-110,-110,-110,-110,-110,-110,-110,-110,-110,-110,-110,-110,-110,-110,-110,-110,-110,-110,-110,-110,-110,-110,-110,-110,-110,-110,-110,-110,-110,-110,-110,-110,-110,-110,-110,-110,-110,-110,-110,-110,-110,-110,-110,-110,-110,-110,-110,-110,-110,-110,-110,-110,-110,-110,-110,-110,-110,-110,-110,-110,-110,-110,-110,-110,-110,-110,-110,-110,-110,-110,-110,-110,-110,-110,-110,-110,-110,-110,-110,-110,-110,-110,-110,-110,-110,-110,-110,-110,-110,-110,-110,-110,-110,-110,-110,-110,-110,-110,-110,-110,-110,-110,-110,-110,-110,-110,-110,-110,-110,-110,-110,-110,-110,-110,-110,-110,-110,-110,-110,-110,-110,-110,-110,-110,-110,-110,-110,-110,-110,-110,-110,-110,-110,-110,-110,-110,-110,-110,-110,-110,-110,-110,-110,-110,-110,-110,-110,-110,-110,-110,-110,-110,-110,-110
27,12.91385188,16.69981527,5,-74,-110,-110,-85,-110,-74,-110,-110,-110,-110,-83,-81,-110,-110,-85,-110,-85,-110,-110,-110,-110,-110,-110,-110,-86,-110,-90,-86,-110,-90,-110,-110,-110,-110,-110,-110,-110,-110,-110,-110,-110,-110,-110,-110,-110,-110,-110,-110,-60,-110,-61,-69,-110,-72,-110,-90,-110,-110,-110,-110,-110,-110,-78,-80,-110,-110,-110,-110,-90,-110,-91,-110,-110,-110,-110,-110,-110,-110,-110,-110,-110,-110,-110,-110,-110,-110,-110,-110,-110,-110,-110,-110,-110,-110,-110,-110,-110,-110,-110,-110,-110,-110,-110,-110,-110,-110,-110,-110,-110,-110,-110,-110,-110,-110,-110,-110,-110,-110,-110,-110,-110,-110,-110,-110,-110,-110,-110,-110,-110,-110,-110,-110,-110,-110,-110,-110,-110,-110,-110,-110,-110,-110,-110,-110,-110,-110,-110,-110,-110,-110,-110,-110,-110,-110,-110,-110,-110,-110,-110,-110,-110,-110,-110,-110,-110,-110,-110,-110,-110,-110,-110,-110,-110,-110,-110,-110,-110,-110,-110,-110,-110,-110,-110,-110,-110,-110,-110,-110,-110,-110,-110,-110,-110,-110,-110,-110,-110,-110,-110,-110,-110,-110,-110,-110,-110,-110,-110,-110,-110,-110,-110,-110,-110,-110,-110,-110,-110,-110,-110,-110,-110,-110,-110,-110,-110,-110,-110,-110,-110,-110,-110,-110,-110,-110,-110,-110,-110,-110,-110,-110,-110,-110,-110,-110,-110,-110,-110,-110,-110,-110,-110,-110,-110,-110,-110,-110,-110,-110,-110,-110,-110,-110,-110,-110,-110,-110,-110,-110,-110,-110,-110,-110,-110,-110,-110,-110,-110,-110,-110,-110,-110,-110,-110,-110,-110,-110,-110,-110,-110,-110,-110,-110,-110,-110,-110,-110,-110,-110,-110,-110,-110,-110,-110,-110,-110,-110,-110,-110,-110,-110,-110,-110,-110,-110,-110,-110,-110,-110,-110,-110,-110,-110,-110,-110,-110,-110,-110,-110,-110,-110,-110,-110,-110,-110,-110,-110,-110,-110,-110,-110,-110,-110,-110,-110,-110,-110,-110,-110,-110,-110,-110,-110,-110,-110,-110,-110,-110,-110,-110,-110,-110,-110,-110,-110,-110,-110,-110,-110,-110,-110,-110,-110,-110,-110,-110,-110,-110,-110,-110,-110,-110,-110,-110,-110,-110,-110,-110,-110,-110,-110,-110,-110,-110,-110,-110,-110,-110,-110,-110,-110,-110,-110,-110,-110,-110,-110,-110,-110,-110,-110,-110,-110,-110,-110,-110,-110,-110,-110,-110,-110,-110,-110,-110,-110,-110,-110,-110,-110,-110,-110,-110,-110,-110,-110,-110,-110,-110,-110,-110,-110,-110,-110,-110,-110,-110,-110,-110,-110,-110,-110,-110,-110,-110,-110,-110,-110,-110,-110,-110,-110,-110,-110,-110,-110,-110,-110,-110,-110,-110,-110,-110,-110,-110,-110,-110,-110,-110,-110,-110,-110,-110,-110,-110,-110,-110,-110,-110,-110,-110,-110,-110,-110,-110,-110,-110,-110,-110,-110,-110,-110,-110,-110,-110,-110,-110,-110,-110,-110,-110,-110,-110,-110,-110,-110,-110,-110,-110,-110,-110,-110,-110,-110,-110,-110,-110,-110,-110,-110,-110,-110,-110,-110,-110,-110,-110,-110,-110,-110,-110,-110,-110,-110,-110,-110,-110,-110,-110,-110,-110,-110,-110,-110,-110,-110,-110,-110,-110,-110,-110,-110,-110,-110,-110,-110,-110,-110,-110,-110,-110,-110,-110,-110,-110,-110,-110,-110,-110,-110,-110,-110,-110,-110,-110,-110,-110,-110,-110,-110,-110,-110,-110,-110,-110,-110,-110,-110,-110,-110,-110,-110,-110,-110,-110,-110,-110,-110,-110,-110,-110,-110,-110,-110,-110,-110,-110,-110,-110,-110,-110,-110
27,12.91385188,16.69981527,5,-76,-110,-110,-79,-110,-76,-110,-80,-110,-110,-82,-91,-110,-110,-87,-110,-89,-110,-110,-110,-110,-110,-110,-110,-88,-110,-110,-91,-110,-110,-110,-110,-110,-110,-110,-110,-110,-110,-110,-110,-110,-110,-110,-110,-110,-110,-110,-110,-61,-110,-60,-66,-110,-70,-110,-110,-110,-110,-110,-110,-110,-110,-76,-75,-110,-110,-110,-110,-110,-110,-110,-110,-110,-110,-110,-110,-110,-110,-110,-110,-110,-110,-110,-110,-110,-110,-110,-110,-110,-110,-110,-110,-110,-110,-110,-110,-110,-110,-110,-110,-110,-110,-110,-110,-110,-110,-110,-110,-110,-110,-110,-110,-110,-110,-110,-110,-110,-110,-110,-110,-110,-110,-110,-110,-110,-110,-110,-110,-110,-110,-110,-110,-110,-110,-110,-110,-110,-110,-110,-110,-110,-110,-110,-110,-110,-110,-110,-110,-110,-110,-110,-110,-110,-110,-110,-110,-110,-110,-110,-110,-110,-110,-110,-110,-110,-110,-110,-110,-110,-110,-110,-110,-110,-110,-110,-110,-110,-110,-110,-110,-110,-110,-110,-110,-110,-110,-110,-110,-110,-110,-110,-110,-110,-110,-110,-110,-110,-110,-110,-110,-110,-110,-110,-110,-110,-110,-110,-110,-110,-110,-110,-110,-110,-110,-110,-110,-110,-110,-110,-110,-110,-110,-110,-110,-110,-110,-110,-110,-110,-110,-110,-110,-110,-110,-110,-110,-110,-110,-110,-110,-110,-110,-110,-110,-110,-110,-110,-110,-110,-110,-110,-110,-110,-110,-110,-110,-110,-110,-110,-110,-110,-110,-110,-110,-110,-110,-110,-110,-110,-110,-110,-110,-110,-110,-110,-110,-110,-110,-110,-110,-110,-110,-110,-110,-110,-110,-110,-110,-110,-110,-110,-110,-110,-110,-110,-110,-110,-110,-110,-110,-110,-110,-110,-110,-110,-110,-110,-110,-110,-110,-110,-110,-110,-110,-110,-110,-110,-110,-110,-110,-110,-110,-110,-110,-110,-110,-110,-110,-110,-110,-110,-110,-110,-110,-110,-110,-110,-110,-110,-110,-110,-110,-110,-110,-110,-110,-110,-110,-110,-110,-110,-110,-110,-110,-110,-110,-110,-110,-110,-110,-110,-110,-110,-110,-110,-110,-110,-110,-110,-110,-110,-110,-110,-110,-110,-110,-110,-110,-110,-110,-110,-110,-110,-110,-110,-110,-110,-110,-110,-110,-110,-110,-110,-110,-110,-110,-110,-110,-110,-110,-110,-110,-110,-110,-110,-110,-110,-110,-110,-110,-110,-110,-110,-110,-110,-110,-110,-110,-110,-110,-110,-110,-110,-110,-110,-110,-110,-110,-110,-110,-110,-110,-110,-110,-110,-110,-110,-110,-110,-110,-110,-110,-110,-110,-110,-110,-110,-110,-110,-110,-110,-110,-110,-110,-110,-110,-110,-110,-110,-110,-110,-110,-110,-110,-110,-110,-110,-110,-110,-110,-110,-110,-110,-110,-110,-110,-110,-110,-110,-110,-110,-110,-110,-110,-110,-110,-110,-110,-110,-110,-110,-110,-110,-110,-110,-110,-110,-110,-110,-110,-110,-110,-110,-110,-110,-110,-110,-110,-110,-110,-110,-110,-110,-110,-110,-110,-110,-110,-110,-110,-110,-110,-110,-110,-110,-110,-110,-110,-110,-110,-110,-110,-110,-110,-110,-110,-110,-110,-110,-110,-110,-110,-110,-110,-110,-110,-110,-110,-110,-110,-110,-110,-110,-110,-110,-110,-110,-110,-110,-110,-110,-110,-110,-110,-110,-110,-110,-110,-110,-110,-110,-110,-110,-110,-110,-110,-110,-110,-110,-110,-110,-110,-110,-110,-110,-110,-110,-110,-110,-110,-110,-110,-110,-110,-110,-110,-110,-110,-110,-110,-110,-110,-110,-110,-110,-110,-110,-110,-110,-110,-110,-110,-110,-110,-110,-110,-110,-110,-110,-110
27,12.91385188,16.69981527,5,-75,-110,-110,-79,-110,-77,-110,-78,-110,-110,-85,-86,-110,-110,-93,-110,-110,-110,-110,-110,-110,-110,-110,-110,-88,-110,-110,-86,-110,-110,-110,-110,-110,-110,-110,-110,-110,-110,-110,-110,-110,-110,-110,-110,-110,-110,-110,-110,-58,-110,-58,-110,-110,-68,-110,-110,-110,-110,-110,-110,-110,-110,-77,-77,-110,-110,-110,-110,-110,-110,-110,-110,-110,-110,-110,-110,-110,-110,-110,-110,-110,-110,-110,-110,-110,-110,-110,-110,-110,-110,-110,-110,-110,-110,-110,-110,-110,-110,-110,-110,-110,-110,-110,-110,-110,-110,-110,-110,-110,-110,-110,-110,-110,-110,-110,-110,-110,-110,-110,-110,-110,-110,-110,-110,-110,-110,-110,-110,-110,-110,-110,-110,-110,-110,-110,-110,-110,-110,-110,-110,-110,-110,-110,-110,-110,-110,-110,-110,-110,-110,-110,-110,-110,-110,-110,-110,-110,-110,-110,-110,-110,-110,-110,-110,-110,-110,-110,-110,-110,-110,-110,-110,-110,-110,-110,-110,-110,-110,-110,-110,-110,-110,-110,-110,-110,-110,-110,-110,-110,-110,-110,-110,-110,-110,-110,-110,-110,-110,-110,-110,-110,-110,-110,-110,-110,-110,-110,-110,-110,-110,-110,-110,-110,-110,-110,-110,-110,-110,-110,-110,-110,-110,-110,-110,-110,-110,-110,-110,-110,-110,-110,-110,-110,-110,-110,-110,-110,-110,-110,-110,-110,-110,-110,-110,-110,-110,-110,-110,-110,-110,-110,-110,-110,-110,-110,-110,-110,-110,-110,-110,-110,-110,-110,-110,-110,-110,-110,-110,-110,-110,-110,-110,-110,-110,-110,-110,-110,-110,-110,-110,-110,-110,-110,-110,-110,-110,-110,-110,-110,-110,-110,-110,-110,-110,-110,-110,-110,-110,-110,-110,-110,-110,-110,-110,-110,-110,-110,-110,-110,-110,-110,-110,-110,-110,-110,-110,-110,-110,-110,-110,-110,-110,-110,-110,-110,-110,-110,-110,-110,-110,-110,-110,-110,-110,-110,-110,-110,-110,-110,-110,-110,-110,-110,-110,-110,-110,-110,-110,-110,-110,-110,-110,-110,-110,-110,-110,-110,-110,-110,-110,-110,-110,-110,-110,-110,-110,-110,-110,-110,-110,-110,-110,-110,-110,-110,-110,-110,-110,-110,-110,-110,-110,-110,-110,-110,-110,-110,-110,-110,-110,-110,-110,-110,-110,-110,-110,-110,-110,-110,-110,-110,-110,-110,-110,-110,-110,-110,-110,-110,-110,-110,-110,-110,-110,-110,-110,-110,-110,-110,-110,-110,-110,-110,-110,-110,-110,-110,-110,-110,-110,-110,-110,-110,-110,-110,-110,-110,-110,-110,-110,-110,-110,-110,-110,-110,-110,-110,-110,-110,-110,-110,-110,-110,-110,-110,-110,-110,-110,-110,-110,-110,-110,-110,-110,-110,-110,-110,-110,-110,-110,-110,-110,-110,-110,-110,-110,-110,-110,-110,-110,-110,-110,-110,-110,-110,-110,-110,-110,-110,-110,-110,-110,-110,-110,-110,-110,-110,-110,-110,-110,-110,-110,-110,-110,-110,-110,-110,-110,-110,-110,-110,-110,-110,-110,-110,-110,-110,-110,-110,-110,-110,-110,-110,-110,-110,-110,-110,-110,-110,-110,-110,-110,-110,-110,-110,-110,-110,-110,-110,-110,-110,-110,-110,-110,-110,-110,-110,-110,-110,-110,-110,-110,-110,-110,-110,-110,-110,-110,-110,-110,-110,-110,-110,-110,-110,-110,-110,-110,-110,-110,-110,-110,-110,-110,-110,-110,-110,-110,-110,-110,-110,-110,-110,-110,-110,-110,-110,-110,-110,-110,-110,-110,-110,-110,-110,-110,-110,-110,-110,-110,-110,-110,-110,-110,-110,-110,-110,-110,-110,-110,-110,-110,-110,-110,-110,-110,-110,-110,-110,-110
27,12.91385188,16.69981527,5,-74,-110,-110,-110,-110,-75,-110,-83,-110,-110,-85,-81,-110,-110,-110,-110,-87,-110,-110,-110,-110,-110,-110,-110,-86,-110,-110,-87,-110,-89,-110,-110,-110,-110,-110,-110,-110,-110,-110,-110,-110,-110,-110,-110,-110,-110,-110,-110,-59,-110,-59,-66,-110,-68,-110,-110,-110,-110,-110,-110,-110,-110,-78,-75,-110,-110,-110,-110,-90,-110,-90,-88,-110,-110,-110,-110,-110,-110,-110,-110,-110,-110,-110,-110,-110,-110,-110,-110,-110,-110,-110,-110,-110,-110,-110,-110,-110,-110,-110,-110,-110,-110,-110,-110,-110,-110,-110,-110,-110,-110,-110,-110,-110,-110,-110,-110,-110,-110,-110,-110,-110,-110,-110,-110,-110,-110,-110,-110,-110,-110,-110,-110,-110,-110,-110,-110,-110,-110,-110,-110,-110,-110,-110,-110,-110,-110,-110,-110,-110,-110,-110,-110,-110,-110,-110,-110,-110,-110,-110,-110,-110,-110,-110,-110,-110,-110,-110,-110,-110,-110,-110,-110,-110,-110,-110,-110,-110,-110,-110,-110,-110,-110,-110,-110,-110,-110,-110,-110,-110,-110,-110,-110,-110,-110,-110,-110,-110,-110,-110,-110,-110,-110,-110,-110,-110,-110,-110,-110,-110,-110,-110,-110,-110,-110,-110,-110,-110,-110,-110,-110,-110,-110,-110,-110,-110,-110,-110,-110,-110,-110,-110,-110,-110,-110,-110,-110,-110,-110,-110,-110,-110,-110,-110,-110,-110,-110,-110,-110,-110,-110,-110,-110,-110,-110,-110,-110,-110,-110,-110,-110,-110,-110,-110,-110,-110,-110,-110,-110,-110,-110,-110,-110,-110,-110,-110,-110,-110,-110,-110,-110,-110,-110,-110,-110,-110,-110,-110,-110,-110,-110,-110,-110,-110,-110,-110,-110,-110,-110,-110,-110,-110,-110,-110,-110,-110,-110,-110,-110,-110,-110,-110,-110,-110,-110,-110,-110,-110,-110,-110,-110,-110,-110,-110,-110,-110,-110,-110,-110,-110,-110,-110,-110,-110,-110,-110,-110,-110,-110,-110,-110,-110,-110,-110,-110,-110,-110,-110,-110,-110,-110,-110,-110,-110,-110,-110,-110,-110,-110,-110,-110,-110,-110,-110,-110,-110,-110,-110,-110,-110,-110,-110,-110,-110,-110,-110,-110,-110,-110,-110,-110,-110,-110,-110,-110,-110,-110,-110,-110,-110,-110,-110,-110,-110,-110,-110,-110,-110,-110,-110,-110,-110,-110,-110,-110,-110,-110,-110,-110,-110,-110,-110,-110,-110,-110,-110,-110,-110,-110,-110,-110,-110,-110,-110,-110,-110,-110,-110,-110,-110,-110,-110,-110,-110,-110,-110,-110,-110,-110,-110,-110,-110,-110,-110,-110,-110,-110,-110,-110,-110,-110,-110,-110,-110,-110,-110,-110,-110,-110,-110,-110,-110,-110,-110,-110,-110,-110,-110,-110,-110,-110,-110,-110,-110,-110,-110,-110,-110,-110,-110,-110,-110,-110,-110,-110,-110,-110,-110,-110,-110,-110,-110,-110,-110,-110,-110,-110,-110,-110,-110,-110,-110,-110,-110,-110,-110,-110,-110,-110,-110,-110,-110,-110,-110,-110,-110,-110,-110,-110,-110,-110,-110,-110,-110,-110,-110,-110,-110,-110,-110,-110,-110,-110,-110,-110,-110,-110,-110,-110,-110,-110,-110,-110,-110,-110,-110,-110,-110,-110,-110,-110,-110,-110,-110,-110,-110,-110,-110,-110,-110,-110,-110,-110,-110,-110,-110,-110,-110,-110,-110,-110,-110,-110,-110,-110,-110,-110,-110,-110,-110,-110,-110,-110,-110,-110,-110,-110,-110,-110,-110,-110,-110,-110,-110,-110,-110,-110,-110,-110,-110,-110,-110,-110,-110,-110,-110,-110,-110,-110,-110,-110,-110,-110,-110,-110,-110,-110,-110,-110,-110,-110
27,12.91385188,16.69981527,5,-81,-110,-110,-81,-110,-83,-110,-81,-110,-110,-84,-84,-110,-110,-87,-110,-86,-110,-110,-110,-110,-110,-110,-110,-87,-110,-110,-88,-110,-110,-110,-110,-110,-110,-110,-110,-110,-110,-110,-110,-110,-110,-110,-110,-110,-110,-110,-110,-58,-110,-58,-110,-110,-73,-110,-110,-110,-110,-110,-110,-110,-110,-76,-76,-110,-110,-110,-110,-91,-110,-89,-110,-110,-110,-110,-110,-110,-110,-110,-110,-110,-110,-110,-110,-110,-110,-110,-110,-110,-110,-110,-110,-110,-110,-110,-110,-110,-110,-110,-110,-110,-110,-110,-110,-110,-110,-110,-110,-110,-110,-110,-110,-110,-110,-110,-110,-110,-110,-110,-110,-110,-110,-110,-110,-110,-110,-110,-110,-110,-110,-110,-110,-110,-110,-110,-110,-110,-110,-110,-110,-110,-110,-110,-110,-110,-110,-110,-110,-110,-110,-110,-110,-110,-110,-110,-110,-110,-110,-110,-110,-110,-110,-110,-110,-110,-110,-110,-110,-110,-110,-110,-110,-110,-110,-110,-110,-110,-110,-110,-110,-110,-110,-110,-110,-110,-110,-110,-110,-110,-110,-110,-110,-110,-110,-110,-110,-110,-110,-110,-110,-110,-110,-110,-110,-110,-110,-110,-110,-110,-110,-110,-110,-110,-110,-110,-110,-110,-110,-110,-110,-110,-110,-110,-110,-110,-110,-110,-110,-110,-110,-110,-110,-110,-110,-110,-110,-110,-110,-110,-110,-110,-110,-110,-110,-110,-110,-110,-110,-110,-110,-110,-110,-110,-110,-110,-110,-110,-110,-110,-110,-110,-110,-110,-110,-110,-110,-110,-110,-110,-110,-110,-110,-110,-110,-110,-110,-110,-110,-110,-110,-110,-110,-110,-110,-110,-110,-110,-110,-110,-110,-110,-110,-110,-110,-110,-110,-110,-110,-110,-110,-110,-110,-110,-110,-110,-110,-110,-110,-110,-110,-110,-110,-110,-110,-110,-110,-110,-110,-110,-110,-110,-110,-110,-110,-110,-110,-110,-110,-110,-110,-110,-110,-110,-110,-110,-110,-110,-110,-110,-110,-110,-110,-110,-110,-110,-110,-110,-110,-110,-110,-110,-110,-110,-110,-110,-110,-110,-110,-110,-110,-110,-110,-110,-110,-110,-110,-110,-110,-110,-110,-110,-110,-110,-110,-110,-110,-110,-110,-110,-110,-110,-110,-110,-110,-110,-110,-110,-110,-110,-110,-110,-110,-110,-110,-110,-110,-110,-110,-110,-110,-110,-110,-110,-110,-110,-110,-110,-110,-110,-110,-110,-110,-110,-110,-110,-110,-110,-110,-110,-110,-110,-110,-110,-110,-110,-110,-110,-110,-110,-110,-110,-110,-110,-110,-110,-110,-110,-110,-110,-110,-110,-110,-110,-110,-110,-110,-110,-110,-110,-110,-110,-110,-110,-110,-110,-110,-110,-110,-110,-110,-110,-110,-110,-110,-110,-110,-110,-110,-110,-110,-110,-110,-110,-110,-110,-110,-110,-110,-110,-110,-110,-110,-110,-110,-110,-110,-110,-110,-110,-110,-110,-110,-110,-110,-110,-110,-110,-110,-110,-110,-110,-110,-110,-110,-110,-110,-110,-110,-110,-110,-110,-110,-110,-110,-110,-110,-110,-110,-110,-110,-110,-110,-110,-110,-110,-110,-110,-110,-110,-110,-110,-110,-110,-110,-110,-110,-110,-110,-110,-110,-110,-110,-110,-110,-110,-110,-110,-110,-110,-110,-110,-110,-110,-110,-110,-110,-110,-110,-110,-110,-110,-110,-110,-110,-110,-110,-110,-110,-110,-110,-110,-110,-110,-110,-110,-110,-110,-110,-110,-110,-110,-110,-110,-110,-110,-110,-110,-110,-110,-110,-110,-110,-110,-110,-110,-110,-110,-110,-110,-110,-110,-110,-110,-110,-110,-110,-110,-110,-110,-110,-110,-110,-110,-110,-110,-110,-110,-110,-110,-110
27,12.91385188,16.69981527,5,-83,-110,-110,-79,-110,-82,-110,-79,-110,-110,-82,-81,-110,-110,-86,-110,-88,-110,-110,-110,-110,-110,-110,-110,-85,-110,-87,-87,-110,-87,-110,-110,-110,-110,-110,-110,-110,-110,-110,-110,-110,-110,-110,-110,-110,-110,-110,-110,-61,-110,-59,-64,-110,-65,-110,-110,-110,-110,-110,-110,-110,-110,-73,-74,-110,-110,-110,-110,-90,-110,-91,-110,-110,-110,-110,-110,-110,-110,-110,-110,-110,-110,-110,-110,-110,-110,-110,-110,-110,-110,-110,-110,-110,-110,-110,-110,-110,-110,-110,-110,-110,-110,-110,-110,-110,-110,-110,-110,-110,-110,-110,-110,-110,-110,-110,-110,-110,-110,-110,-110,-110,-110,-110,-110,-110,-110,-110,-110,-110,-110,-110,-110,-110,-110,-110,-110,-110,-110,-110,-110,-110,-110,-110,-110,-110,-110,-110,-110,-110,-110,-110,-110,-110,-110,-110,-110,-110,-110,-110,-110,-110,-110,-110,-110,-110,-110,-110,-110,-110,-110,-110,-110,-110,-110,-110,-110,-110,-110,-110,-110,-110,-110,-110,-110,-110,-110,-110,-110,-110,-110,-110,-110,-110,-110,-110,-110,-110,-110,-110,-110,-110,-110,-110,-110,-110,-110,-110,-110,-110,-110,-110,-110,-110,-110,-110,-110,-110,-110,-110,-110,-110,-110,-110,-110,-110,-110,-110,-110,-110,-110,-110,-110,-110,-110,-110,-110,-110,-110,-110,-110,-110,-110,-110,-110,-110,-110,-110,-110,-110,-110,-110,-110,-110,-110,-110,-110,-110,-110,-110,-110,-110,-110,-110,-110,-110,-110,-110,-110,-110,-110,-110,-110,-110,-110,-110,-110,-110,-110,-110,-110,-110,-110,-110,-110,-110,-110,-110,-110,-110,-110,-110,-110,-110,-110,-110,-110,-110,-110,-110,-110,-110,-110,-110,-110,-110,-110,-110,-110,-110,-110,-110,-110,-110,-110,-110,-110,-110,-110,-110,-110,-110,-110,-110,-110,-110,-110,-110,-110,-110,-110,-110,-110,-110,-110,-110,-110,-110,-110,-110,-110,-110,-110,-110,-110,-110,-110,-110,-110,-110,-110,-110,-110,-110,-110,-110,-110,-110,-110,-110,-110,-110,-110,-110,-110,-110,-110,-110,-110,-110,-110,-110,-110,-110,-110,-110,-110,-110,-110,-110,-110,-110,-110,-110,-110,-110,-110,-110,-110,-110,-110,-110,-110,-110,-110,-110,-110,-110,-110,-110,-110,-110,-110,-110,-110,-110,-110,-110,-110,-110,-110,-110,-110,-110,-110,-110,-110,-110,-110,-110,-110,-110,-110,-110,-110,-110,-110,-110,-110,-110,-110,-110,-110,-110,-110,-110,-110,-110,-110,-110,-110,-110,-110,-110,-110,-110,-110,-110,-110,-110,-110,-110,-110,-110,-110,-110,-110,-110,-110,-110,-110,-110,-110,-110,-110,-110,-110,-110,-110,-110,-110,-110,-110,-110,-110,-110,-110,-110,-110,-110,-110,-110,-110,-110,-110,-110,-110,-110,-110,-110,-110,-110,-110,-110,-110,-110,-110,-110,-110,-110,-110,-110,-110,-110,-110,-110,-110,-110,-110,-110,-110,-110,-110,-110,-110,-110,-110,-110,-110,-110,-110,-110,-110,-110,-110,-110,-110,-110,-110,-110,-110,-110,-110,-110,-110,-110,-110,-110,-110,-110,-110,-110,-110,-110,-110,-110,-110,-110,-110,-110,-110,-110,-110,-110,-110,-110,-110,-110,-110,-110,-110,-110,-110,-110,-110,-110,-110,-110,-110,-110,-110,-110,-110,-110,-110,-110,-110,-110,-110,-110,-110,-110,-110,-110,-110,-110,-110,-110,-110,-110,-110,-110,-110,-110,-110,-110,-110,-110,-110,-110,-110,-110,-110,-110,-110,-110,-110,-110,-110,-110,-110,-110,-110,-110,-110,-110,-110,-110,-110,-110,-110
26,8.52431189,16.69981527,5,-84,-110,-110,-85,-110,-84,-110,-84,-110,-110,-73,-74,-110,-110,-86,-110,-83,-110,-83,-110,-110,-83,-110,-110,-110,-110,-110,-110,-110,-110,-110,-110,-110,-110,-110,-110,-110,-110,-110,-89,-110,-110,-110,-110,-110,-110,-110,-110,-54,-110,-56,-66,-110,-60,-87,-89,-110,-110,-110,-110,-110,-110,-87,-89,-110,-110,-110,-110,-86,-110,-86,-110,-110,-110,-110,-110,-110,-110,-110,-110,-110,-110,-110,-110,-110,-110,-110,-110,-110,-110,-110,-110,-110,-110,-110,-110,-110,-110,-110,-110,-110,-110,-110,-110,-110,-110,-110,-110,-110,-110,-110,-110,-110,-110,-110,-110,-110,-110,-110,-110,-110,-110,-110,-110,-110,-110,-110,-110,-110,-110,-110,-110,-110,-110,-110,-110,-110,-110,-110,-110,-110,-110,-110,-110,-110,-110,-110,-110,-110,-110,-110,-110,-110,-110,-110,-110,-110,-110,-110,-110,-110,-110,-110,-110,-110,-110,-110,-110,-110,-110,-110,-110,-110,-110,-110,-110,-110,-110,-110,-110,-110,-110,-110,-110,-110,-110,-110,-110,-110,-110,-110,-110,-110,-110,-110,-110,-110,-110,-110,-110,-110,-110,-110,-110,-110,-110,-110,-110,-110,-110,-110,-110,-110,-110,-110,-110,-110,-110,-110,-110,-110,-110,-110,-110,-110,-110,-110,-110,-110,-110,-110,-110,-110,-110,-110,-110,-110,-110,-110,-110,-110,-110,-110,-110,-110,-110,-110,-110,-110,-110,-110,-110,-110,-110,-110,-110,-110,-110,-110,-110,-110,-110,-110,-110,-110,-110,-110,-110,-110,-110,-110,-110,-110,-110,-110,-110,-110,-110,-110,-110,-110,-110,-110,-110,-110,-110,-110,-110,-110,-110,-110,-110,-110,-110,-110,-110,-110,-110,-110,-110,-110,-110,-110,-110,-110,-110,-110,-110,-110,-110,-110,-110,-110,-110,-110,-110,-110,-110,-110,-110,-110,-110,-110,-110,-110,-110,-110,-110,-110,-110,-110,-110,-110,-110,-110,-110,-110,-110,-110,-110,-110,-110,-110,-110,-110,-110,-110,-110,-110,-110,-110,-110,-110,-110,-110,-110,-110,-110,-110,-110,-110,-110,-110,-110,-110,-110,-110,-110,-110,-110,-110,-110,-110,-110,-110,-110,-110,-110,-110,-110,-110,-110,-110,-110,-110,-110,-110,-110,-110,-110,-110,-110,-110,-110,-110,-110,-110,-110,-110,-110,-110,-110,-110,-110,-110,-110,-110,-110,-110,-110,-110,-110,-110,-110,-110,-110,-110,-110,-110,-110,-110,-110,-110,-110,-110,-110,-110,-110,-110,-110,-110,-110,-110,-110,-110,-110,-110,-110,-110,-110,-110,-110,-110,-110,-110,-110,-110,-110,-110,-110,-110,-110,-110,-110,-110,-110,-110,-110,-110,-110,-110,-110,-110,-110,-110,-110,-110,-110,-110,-110,-110,-110,-110,-110,-110,-110,-110,-110,-110,-110,-110,-110,-110,-110,-110,-110,-110,-110,-110,-110,-110,-110,-110,-110,-110,-110,-110,-110,-110,-110,-110,-110,-110,-110,-110,-110,-110,-110,-110,-110,-110,-110,-110,-110,-110,-110,-110,-110,-110,-110,-110,-110,-110,-110,-110,-110,-110,-110,-110,-110,-110,-110,-110,-110,-110,-110,-110,-110,-110,-110,-110,-110,-110,-110,-110,-110,-110,-110,-110,-110,-110,-110,-110,-110,-110,-110,-110,-110,-110,-110,-110,-110,-110,-110,-110,-110,-110,-110,-110,-110,-110,-110,-110,-110,-110,-110,-110,-110,-110,-110,-110,-110,-110,-110,-110,-110,-110,-110,-110,-110,-110,-110,-110,-110,-110,-110,-110,-110,-110,-110,-110,-110,-110,-110,-110,-110,-110,-110,-110,-110,-110,-110,-110,-110,-110,-110,-110,-110,-110,-110
26,8.52431189,16.69981527,5,-87,-110,-110,-81,-110,-83,-110,-82,-110,-110,-73,-73,-110,-110,-81,-110,-86,-110,-82,-110,-110,-84,-110,-110,-110,-110,-110,-110,-110,-110,-110,-110,-110,-110,-110,-110,-110,-110,-110,-110,-110,-110,-110,-110,-110,-110,-110,-110,-54,-110,-53,-54,-110,-59,-86,-86,-110,-110,-110,-110,-110,-110,-88,-88,-110,-110,-110,-110,-84,-110,-82,-110,-110,-110,-110,-110,-110,-110,-110,-110,-110,-110,-110,-110,-110,-110,-110,-110,-110,-110,-110,-110,-110,-110,-110,-110,-110,-110,-110,-110,-110,-110,-110,-110,-110,-110,-110,-110,-110,-110,-110,-110,-110,-110,-110,-110,-110,-110,-110,-110,-110,-110,-110,-110,-110,-110,-110,-110,-110,-110,-110,-110,-110,-110,-110,-110,-110,-110,-110,-110,-110,-110,-110,-110,-110,-110,-110,-110,-110,-110,-110,-110,-110,-110,-110,-110,-110,-110,-110,-110,-110,-110,-110,-110,-110,-110,-110,-110,-110,-110,-110,-110,-110,-110,-110,-110,-110,-110,-110,-110,-110,-110,-110,-110,-110,-110,-110,-110,-110,-110,-110,-110,-110,-110,-110,-110,-110,-110,-110,-110,-110,-110,-110,-110,-110,-110,-110,-110,-110,-110,-110,-110,-110,-110,-110,-110,-110,-110,-110,-110,-110,-110,-110,-110,-110,-110,-110,-110,-110,-110,-110,-110,-110,-110,-110,-110,-110,-110,-110,-110,-110,-110,-110,-110,-110,-110,-110,-110,-110,-110,-110,-110,-110,-110,-110,-110,-110,-110,-110,-110,-110,-110,-110,-110,-110,-110,-110,-110,-110,-110,-110,-110,-110,-110,-110,-110,-110,-110,-110,-110,-110,-110,-110,-110,-110,-110,-110,-110,-110,-110,-110,-110,-110,-110,-110,-110,-110,-110,-110,-110,-110,-110,-110,-110,-110,-110,-110,-110,-110,-110,-110,-110,-110,-110,-110,-110,-110,-110,-110,-110,-110,-110,-110,-110,-110,-110,-110,-110,-110,-110,-110,-110,-110,-110,-110,-110,-110,-110,-110,-110,-110,-110,-110,-110,-110,-110,-110,-110,-110,-110,-110,-110,-110,-110,-110,-110,-110,-110,-110,-110,-110,-110,-110,-110,-110,-110,-110,-110,-110,-110,-110,-110,-110,-110,-110,-110,-110,-110,-110,-110,-110,-110,-110,-110,-110,-110,-110,-110,-110,-110,-110,-110,-110,-110,-110,-110,-110,-110,-110,-110,-110,-110,-110,-110,-110,-110,-110,-110,-110,-110,-110,-110,-110,-110,-110,-110,-110,-110,-110,-110,-110,-110,-110,-110,-110,-110,-110,-110,-110,-110,-110,-110,-110,-110,-110,-110,-110,-110,-110,-110,-110,-110,-110,-110,-110,-110,-110,-110,-110,-110,-110,-110,-110,-110,-110,-110,-110,-110,-110,-110,-110,-110,-110,-110,-110,-110,-110,-110,-110,-110,-110,-110,-110,-110,-110,-110,-110,-110,-110,-110,-110,-110,-110,-110,-110,-110,-110,-110,-110,-110,-110,-110,-110,-110,-110,-110,-110,-110,-110,-110,-110,-110,-110,-110,-110,-110,-110,-110,-110,-110,-110,-110,-110,-110,-110,-110,-110,-110,-110,-110,-110,-110,-110,-110,-110,-110,-110,-110,-110,-110,-110,-110,-110,-110,-110,-110,-110,-110,-110,-110,-110,-110,-110,-110,-110,-110,-110,-110,-110,-110,-110,-110,-110,-110,-110,-110,-110,-110,-110,-110,-110,-110,-110,-110,-110,-110,-110,-110,-110,-110,-110,-110,-110,-110,-110,-110,-110,-110,-110,-110,-110,-110,-110,-110,-110,-110,-110,-110,-110,-110,-110,-110,-110,-110,-110,-110,-110,-110,-110,-110,-110,-110,-110,-110,-110,-110,-110,-110,-110,-110,-110,-110,-110,-110,-110,-110,-110,-110,-110,-110
26,8.52431189,16.69981527,5,-84,-110,-110,-81,-110,-85,-110,-81,-110,-110,-73,-73,-110,-110,-83,-110,-81,-110,-82,-110,-110,-82,-110,-110,-110,-110,-110,-110,-110,-110,-110,-110,-110,-110,-110,-110,-110,-110,-110,-89,-110,-110,-110,-110,-110,-110,-110,-110,-54,-110,-55,-67,-110,-59,-86,-86,-110,-110,-110,-110,-110,-110,-87,-86,-110,-110,-110,-110,-84,-110,-85,-110,-110,-90,-110,-110,-110,-110,-110,-110,-110,-110,-110,-110,-110,-110,-110,-110,-110,-110,-110,-110,-110,-110,-110,-110,-110,-110,-110,-110,-110,-110,-110,-110,-110,-110,-110,-110,-110,-110,-110,-110,-110,-110,-110,-110,-110,-110,-110,-110,-110,-110,-110,-110,-110,-110,-110,-110,-110,-110,-110,-110,-110,-110,-110,-110,-110,-110,-110,-110,-110,-110,-110,-110,-110,-110,-110,-110,-110,-110,-110,-110,-110,-110,-110,-110,-110,-110,-110,-110,-110,-110,-110,-110,-110,-110,-110,-110,-110,-110,-110,-110,-110,-110,-110,-110,-110,-110,-110,-110,-110,-110,-110,-110,-110,-110,-110,-110,-110,-110,-110,-110,-110,-110,-110,-110,-110,-110,-110,-110,-110,-110,-110,-110,-110,-110,-110,-110,-110,-110,-110,-110,-110,-110,-110,-110,-110,-110,-110,-110,-110,-110,-110,-110,-110,-110,-110,-110,-110,-110,-110,-110,-110,-110,-110,-110,-110,-110,-110,-110,-110,-110,-110,-110,-110,-110,-110,-110,-110,-110,-110,-110,-110,-110,-110,-110,-110,-110,-110,-110,-110,-110,-110,-110,-110,-110,-110,-110,-110,-110,-110,-110,-110,-110,-110,-110,-110,-110,-110,-110,-110,-110,-110,-110,-110,-110,-110,-110,-110,-110,-110,-110,-110,-110,-110,-110,-110,-110,-110,-110,-110,-110,-110,-110,-110,-110,-110,-110,-110,-110,-110,-110,-110,-110,-110,-110,-110,-110,-110,-110,-110,-110,-110,-110,-110,-110,-110,-110,-110,-110,-110,-110,-110,-110,-110,-110,-110,-110,-110,-110,-110,-110,-110,-110,-110,-110,-110,-110,-110,-110,-110,-110,-110,-110,-110,-110,-110,-110,-110,-110,-110,-110,-110,-110,-110,-110,-110,-110,-110,-110,-110,-110,-110,-110,-110,-110,-110,-110,-110,-110,-110,-110,-110,-110,-110,-110,-110,-110,-110,-110,-110,-110,-110,-110,-110,-110,-110,-110,-110,-110,-110,-110,-110,-110,-110,-110,-110,-110,-110,-110,-110,-110,-110,-110,-110,-110,-110,-110,-110,-110,-110,-110,-110,-110,-110,-110,-110,-110,-110,-110,-110,-110,-110,-110,-110,-110,-110,-110,-110,-110,-110,-110,-110,-110,-110,-110,-110,-110,-110,-110,-110,-110,-110,-110,-110,-110,-110,-110,-110,-110,-110,-110,-110,-110,-110,-110,-110,-110,-110,-110,-110,-110,-110,-110,-110,-110,-110,-110,-110,-110,-110,-110,-110,-110,-110,-110,-110,-110,-110,-110,-110,-110,-110,-110,-110,-110,-110,-110,-110,-110,-110,-110,-110,-110,-110,-110,-110,-110,-110,-110,-110,-110,-110,-110,-110,-110,-110,-110,-110,-110,-110,-110,-110,-110,-110,-110,-110,-110,-110,-110,-110,-110,-110,-110,-110,-110,-110,-110,-110,-110,-110,-110,-110,-110,-110,-110,-110,-110,-110,-110,-110,-110,-110,-110,-110,-110,-110,-110,-110,-110,-110,-110,-110,-110,-110,-110,-110,-110,-110,-110,-110,-110,-110,-110,-110,-110,-110,-110,-110,-110,-110,-110,-110,-110,-110,-110,-110,-110,-110,-110,-110,-110,-110,-110,-110,-110,-110,-110,-110,-110,-110,-110,-110,-110,-110,-110,-110,-110,-110,-110,-110,-110,-110,-110,-110,-110,-110,-110,-110,-110
26,8.52431189,16.69981527,5,-85,-110,-110,-84,-110,-86,-110,-85,-110,-110,-75,-73,-110,-110,-83,-110,-87,-110,-81,-110,-110,-82,-110,-110,-110,-110,-110,-110,-110,-110,-110,-110,-110,-110,-110,-110,-110,-110,-110,-110,-110,-110,-110,-110,-110,-110,-110,-110,-57,-110,-56,-110,-110,-59,-110,-88,-110,-110,-110,-110,-110,-110,-89,-89,-110,-110,-110,-110,-84,-110,-84,-110,-110,-110,-110,-110,-110,-110,-110,-110,-110,-110,-110,-110,-110,-110,-110,-110,-110,-110,-110,-110,-110,-110,-110,-110,-110,-110,-110,-110,-110,-110,-110,-110,-110,-110,-110,-110,-110,-110,-110,-110,-110,-110,-110,-110,-110,-110,-110,-110,-110,-110,-110,-110,-110,-110,-110,-110,-110,-110,-110,-110,-110,-110,-110,-110,-110,-110,-110,-110,-110,-110,-110,-110,-110,-110,-110,-110,-110,-110,-110,-110,-110,-110,-110,-110,-110,-110,-110,-110,-110,-110,-110,-110,-110,-110,-110,-110,-110,-110,-110,-110,-110,-110,-110,-110,-110,-110,-110,-110,-110,-110,-110,-110,-110,-110,-110,-110,-110,-110,-110,-110,-110,-110,-110,-110,-110,-110,-110,-110,-110,-110,-110,-110,-110,-110,-110,-110,-110,-110,-110,-110,-110,-110,-110,-110,-110,-110,-110,-110,-110,-110,-110,-110,-110,-110,-110,-110,-110,-110,-110,-110,-110,-110,-110,-110,-110,-110,-110,-110,-110,-110,-110,-110,-110,-110,-110,-110,-110,-110,-110,-110,-110,-110,-110,-110,-110,-110,-110,-110,-110,-110,-110,-110,-110,-110,-110,-110,-110,-110,-110,-110,-110,-110,-110,-110,-110,-110,-110,-110,-110,-110,-110,-110,-110,-110,-110,-110,-110,-110,-110,-110,-110,-110,-110,-110,-110,-110,-110,-110,-110,-110,-110,-110,-110,-110,-110,-110,-110,-110,-110,-110,-110,-110,-110,-110,-110,-110,-110,-110,-110,-110,-110,-110,-110,-110,-110,-110,-110,-110,-110,-110,-110,-110,-110,-110,-110,-110,-110,-110,-110,-110,-110,-110,-110,-110,-110,-110,-110,-110,-110,-110,-110,-110,-110,-110,-110,-110,-110,-110,-110,-110,-110,-110,-110,-110,-110,-110,-110,-110,-110,-110,-110,-110,-110,-110,-110,-110,-110,-110,-110,-110,-110,-110,-110,-110,-110,-110,-110,-110,-110,-110,-110,-110,-110,-110,-110,-110,-110,-110,-110,-110,-110,-110,-110,-110,-110,-110,-110,-110,-110,-110,-110,-110,-110,-110,-110,-110,-110,-110,-110,-110,-110,-110,-110,-110,-110,-110,-110,-110,-110,-110,-110,-110,-110,-110,-110,-110,-110,-110,-110,-110,-110,-110,-110,-110,-110,-110,-110,-110,-110,-110,-110,-110,-110,-110,-110,-110,-110,-110,-110,-110,-110,-110,-110,-110,-110,-110,-110,-110,-110,-110,-110,-110,-110,-110,-110,-110,-110,-110,-110,-110,-110,-110,-110,-110,-110,-110,-110,-110,-110,-110,-110,-110,-110,-110,-110,-110,-110,-110,-110,-110,-110,-110,-110,-110,-110,-110,-110,-110,-110,-110,-110,-110,-110,-110,-110,-110,-110,-110,-110,-110,-110,-110,-110,-110,-110,-110,-110,-110,-110,-110,-110,-110,-110,-110,-110,-110,-110,-110,-110,-110,-110,-110,-110,-110,-110,-110,-110,-110,-110,-110,-110,-110,-110,-110,-110,-110,-110,-110,-110,-110,-110,-110,-110,-110,-110,-110,-110,-110,-110,-110,-110,-110,-110,-110,-110,-110,-110,-110,-110,-110,-110,-110,-110,-110,-110,-110,-110,-110,-110,-110,-110,-110,-110,-110,-110,-110,-110,-110,-110,-110,-110,-110,-110,-110,-110,-110,-110,-110,-110,-110,-110,-110,-110,-110,-110,-110,-110,-110
26,8.52431189,16.69981527,5,-83,-110,-110,-80,-110,-83,-110,-84,-110,-110,-75,-73,-110,-110,-81,-110,-89,-110,-84,-110,-110,-85,-110,-110,-92,-110,-110,-110,-110,-110,-110,-110,-110,-110,-110,-110,-110,-110,-110,-110,-110,-110,-110,-110,-110,-110,-110,-110,-54,-110,-55,-59,-110,-59,-84,-86,-110,-110,-110,-110,-110,-110,-87,-88,-110,-110,-110,-110,-81,-110,-83,-110,-110,-110,-110,-110,-110,-110,-110,-110,-110,-110,-110,-110,-110,-110,-110,-110,-110,-110,-110,-110,-110,-110,-110,-110,-110,-110,-110,-110,-110,-110,-110,-110,-110,-110,-110,-110,-110,-110,-110,-110,-110,-110,-110,-110,-110,-110,-110,-110,-110,-110,-110,-110,-110,-110,-110,-110,-110,-110,-110,-110,-110,-110,-110,-110,-110,-110,-110,-110,-110,-110,-110,-110,-110,-110,-110,-110,-110,-110,-110,-110,-110,-110,-110,-110,-110,-110,-110,-110,-110,-110,-110,-110,-110,-110,-110,-110,-110,-110,-110,-110,-110,-110,-110,-110,-110,-110,-110,-110,-110,-110,-110,-110,-110,-110,-110,-110,-110,-110,-110,-110,-110,-110,-110,-110,-110,-110,-110,-110,-110,-110,-110,-110,-110,-110,-110,-110,-110,-110,-110,-110,-110,-110,-110,-110,-110,-110,-110,-110,-110,-110,-110,-110,-110,-110,-110,-110,-110,-110,-110,-110,-110,-110,-110,-110,-110,-110,-110,-110,-110,-110,-110,-110,-110,-110,-110,-110,-110,-110,-110,-110,-110,-110,-110,-110,-110,-110,-110,-110,-110,-110,-110,-110,-110,-110,-110,-110,-110,-110,-110,-110,-110,-110,-110,-110,-110,-110,-110,-110,-110,-110,-110,-110,-110,-110,-110,-110,-110,-110,-110,-110,-110,-110,-110,-110,-110,-110,-110,-110,-110,-110,-110,-110,-110,-110,-110,-110,-110,-110,-110,-110,-110,-110,-110,-110,-110,-110,-110,-110,-110,-110,-110,-110,-110,-110,-110,-110,-110,-110,-110,-110,-110,-110,-110,-110,-110,-110,-110,-110,-110,-110,-110,-110,-110,-110,-110,-110,-110,-110,-110,-110,-110,-110,-110,-110,-110,-110,-110,-110,-110,-110,-110,-110,-110,-110,-110,-110,-110,-110,-110,-110,-110,-110,-110,-110,-110,-110,-110,-110,-110,-110,-110,-110,-110,-110,-110,-110,-110,-110,-110,-110,-110,-110,-110,-110,-110,-110,-110,-110,-110,-110,-110,-110,-110,-110,-110,-110,-110,-110,-110,-110,-110,-110,-110,-110,-110,-110,-110,-110,-110,-110,-110,-110,-110,-110,-110,-110,-110,-110,-110,-110,-110,-110,-110,-110,-110,-110,-110,-110,-110,-110,-110,-110,-110,-110,-110,-110,-110,-110,-110,-110,-110,-110,-110,-110,-110,-110,-110,-110,-110,-110,-110,-110,-110,-110,-110,-110,-110,-110,-110,-110,-110,-110,-110,-110,-110,-110,-110,-110,-110,-110,-110,-110,-110,-110,-110,-110,-110,-110,-110,-110,-110,-110,-110,-110,-110,-110,-110,-110,-110,-110,-110,-110,-110,-110,-110,-110,-110,-110,-110,-110,-110,-110,-110,-110,-110,-110,-110,-110,-110,-110,-110,-110,-110,-110,-110,-110,-110,-110,-110,-110,-110,-110,-110,-110,-110,-110,-110,-110,-110,-110,-110,-110,-110,-110,-110,-110,-110,-110,-110,-110,-110,-110,-110,-110,-110,-110,-110,-110,-110,-110,-110,-110,-110,-110,-110,-110,-110,-110,-110,-110,-110,-110,-110,-110,-110,-110,-110,-110,-110,-110,-110,-110,-110,-110,-110,-110,-110,-110,-110,-110,-110,-110,-110,-110,-110,-110,-110,-110,-110,-110,-110,-110,-110,-110,-110,-110,-110,-110,-110,-110,-110,-110,-110,-110,-110,-110,-110,-110
26,8.52431189,16.69981527,5,-83,-110,-110,-80,-110,-82,-110,-81,-110,-110,-74,-73,-110,-110,-86,-110,-86,-110,-82,-110,-110,-84,-110,-110,-92,-110,-110,-110,-110,-110,-110,-110,-110,-110,-110,-110,-110,-110,-110,-110,-110,-110,-110,-110,-110,-110,-110,-110,-52,-110,-52,-110,-110,-58,-86,-86,-110,-110,-110,-110,-110,-110,-90,-88,-110,-110,-110,-110,-79,-110,-80,-110,-110,-110,-110,-110,-110,-110,-110,-110,-110,-110,-110,-110,-110,-110,-110,-110,-110,-110,-110,-110,-110,-110,-110,-110,-110,-110,-110,-110,-110,-110,-110,-110,-110,-110,-110,-110,-110,-110,-110,-110,-110,-110,-110,-110,-110,-110,-110,-110,-110,-110,-110,-110,-110,-110,-110,-110,-110,-110,-110,-110,-110,-110,-110,-110,-110,-110,-110,-110,-110,-110,-110,-110,-110,-110,-110,-110,-110,-110,-110,-110,-110,-110,-110,-110,-110,-110,-110,-110,-110,-110,-110,-110,-110,-110,-110,-110,-110,-110,-110,-110,-110,-110,-110,-110,-110,-110,-110,-110,-110,-110,-110,-110,-110,-110,-110,-110,-110,-110,-110,-110,-110,-110,-110,-110,-110,-110,-110,-110,-110,-110,-110,-110,-110,-110,-110,-110,-110,-110,-110,-110,-110,-110,-110,-110,-110,-110,-110,-110,-110,-110,-110,-110,-110,-110,-110,-110,-110,-110,-110,-110,-110,-110,-110,-110,-110,-110,-110,-110,-110,-110,-110,-110,-110,-110,-110,-110,-110,-110,-110,-110,-110,-110,-110,-110,-110,-110,-110,-110,-110,-110,-110,-110,-110,-110,-110,-110,-110,-110,-110,-110,-110,-110,-110,-110,-110,-110,-110,-110,-110,-110,-110,-110,-110,-110,-110,-110,-110,-110,-110,-110,-110,-110,-110,-110,-110,-110,-110,-110,-110,-110,-110,-110,-110,-110,-110,-110,-110,-110,-110,-110,-110,-110,-110,-110,-110,-110,-110,-110,-110,-110,-110,-110,-110,-110,-110,-110,-110,-110,-110,-110,-110,-110,-110,-110,-110,-110,-110,-110,-110,-110,-110,-110,-110,-110,-110,-110,-110,-110,-110,-110,-110,-110,-110,-110,-110,-110,-110,-110,-110,-110,-110,-110,-110,-110,-110,-110,-110,-110,-110,-110,-110,-110,-110,-110,-110,-110,-110,-110,-110,-110,-110,-110,-110,-110,-110,-110,-110,-110,-110,-110,-110,-110,-110,-110,-110,-110,-110,-110,-110,-110,-110,-110,-110,-110,-110,-110,-110,-110,-110,-110,-110,-110,-110,-110,-110,-110,-110,-110,-110,-110,-110,-110,-110,-110,-110,-110,-110,-110,-110,-110,-110,-110,-110,-110,-110,-110,-110,-110,-110,-110,-110,-110,-110,-110,-110,-110,-110,-110,-110,-110,-110,-110,-110,-110,-110,-110,-110,-110,-110,-110,-110,-110,-110,-110,-110,-110,-110,-110,-110,-110,-110,-110,-110,-110,-110,-110,-110,-110,-110,-110,-110,-110,-110,-110,-110,-110,-110,-110,-110,-110,-110,-110,-110,-110,-110,-110,-110,-110,-110,-110,-110,-110,-110,-110,-110,-110,-110,-110,-110,-110,-110,-110,-110,-110,-110,-110,-110,-110,-110,-110,-110,-110,-110,-110,-110,-110,-110,-110,-110,-110,-110,-110,-110,-110,-110,-110,-110,-110,-110,-110,-110,-110,-110,-110,-110,-110,-110,-110,-110,-110,-110,-110,-110,-110,-110,-110,-110,-110,-110,-110,-110,-110,-110,-110,-110,-110,-110,-110,-110,-110,-110,-110,-110,-110,-110,-110,-110,-110,-110,-110,-110,-110,-110,-110,-110,-110,-110,-110,-110,-110,-110,-110,-110,-110,-110,-110,-110,-110,-110,-110,-110,-110,-110,-110,-110,-110,-110,-110,-110,-110,-110,-110,-110,-110,-110,-110,-110,-110
25,4.1347719,16.69981527,5,-85,-110,-110,-88,-110,-84,-110,-80,-110,-110,-81,-84,-110,-110,-86,-110,-88,-110,-87,-110,-110,-86,-110,-110,-88,-110,-110,-88,-110,-110,-110,-110,-110,-110,-110,-110,-110,-110,-110,-110,-110,-110,-110,-110,-91,-110,-110,-110,-66,-110,-65,-59,-110,-67,-110,-110,-110,-110,-110,-110,-110,-110,-87,-85,-110,-110,-110,-110,-110,-110,-110,-110,-110,-110,-110,-110,-110,-110,-110,-110,-110,-110,-110,-110,-110,-110,-110,-110,-110,-110,-110,-110,-110,-110,-110,-110,-110,-110,-110,-110,-110,-110,-110,-110,-110,-110,-110,-110,-110,-110,-110,-110,-110,-110,-110,-110,-110,-110,-110,-110,-110,-110,-110,-110,-110,-110,-110,-110,-110,-110,-110,-110,-110,-110,-110,-110,-110,-110,-110,-110,-110,-110,-110,-110,-110,-110,-110,-110,-110,-110,-110,-110,-110,-110,-110,-110,-110,-110,-110,-110,-110,-110,-110,-110,-110,-110,-110,-110,-110,-110,-110,-110,-110,-110,-110,-110,-110,-110,-110,-110,-110,-110,-110,-110,-110,-110,-110,-92,-110,-110,-110,-110,-110,-110,-110,-110,-110,-110,-110,-110,-110,-110,-110,-110,-110,-110,-110,-110,-110,-110,-110,-110,-110,-110,-110,-110,-110,-110,-110,-110,-110,-110,-110,-110,-110,-110,-110,-110,-110,-110,-110,-110,-110,-110,-110,-110,-110,-110,-110,-110,-110,-110,-110,-110,-110,-110,-110,-110,-110,-110,-110,-110,-110,-110,-110,-110,-110,-110,-110,-110,-110,-110,-110,-110,-110,-110,-110,-110,-110,-110,-110,-110,-110,-110,-110,-110,-110,-110,-110,-110,-110,-110,-110,-110,-110,-110,-110,-110,-110,-110,-110,-110,-110,-110,-110,-110,-110,-110,-110,-110,-110,-110,-110,-110,-110,-110,-110,-110,-110,-110,-110,-110,-110,-110,-110,-110,-110,-110,-110,-110,-110,-110,-110,-110,-110,-110,-110,-110,-110,-110,-110,-110,-110,-110,-110,-110,-110,-110,-110,-110,-110,-110,-110,-110,-110,-110,-110,-110,-110,-110,-110,-110,-110,-110,-110,-110,-110,-110,-110,-110,-110,-110,-110,-110,-110,-110,-110,-110,-110,-110,-110,-110,-110,-110,-110,-110,-110,-110,-110,-110,-110,-110,-110,-110,-110,-110,-110,-110,-110,-110,-110,-110,-110,-110,-110,-110,-110,-110,-110,-110,-110,-110,-110,-110,-110,-110,-110,-110,-110,-110,-110,-110,-110,-110,-110,-110,-110,-110,-110,-110,-110,-110,-110,-110,-110,-110,-110,-110,-110,-110,-110,-110,-110,-110,-110,-110,-110,-110,-110,-110,-110,-110,-110,-110,-110,-110,-110,-110,-110,-110,-110,-110,-110,-110,-110,-110,-110,-110,-110,-110,-110,-110,-110,-110,-110,-110,-110,-110,-110,-110,-110,-110,-110,-110,-110,-110,-110,-110,-110,-110,-110,-110,-110,-110,-110,-110,-110,-110,-110,-110,-110,-110,-110,-110,-110,-110,-110,-110,-110,-110,-110,-110,-110,-110,-110,-110,-110,-110,-110,-110,-110,-110,-110,-110,-110,-110,-110,-110,-110,-110,-110,-110,-110,-110,-110,-110,-110,-110,-110,-110,-110,-110,-110,-110,-110,-110,-110,-110,-110,-110,-110,-110,-110,-110,-110,-110,-110,-110,-110,-110,-110,-110,-110,-110,-110,-110,-110,-110,-110,-110,-110,-110,-110,-110,-110,-110,-110,-110,-110,-110,-110,-110,-110,-110,-110,-110,-110,-110,-110,-110,-110,-110,-110,-110,-110,-110,-110,-110,-110,-110,-110,-110,-110,-110,-110,-110,-110,-110,-110,-110,-110,-110,-110,-110,-110,-110,-110,-110,-110,-110,-110,-110,-110,-110,-110,-110,-110,-110,-110,-110
25,4.1347719,16.69981527,5,-82,-110,-110,-79,-110,-82,-110,-82,-110,-110,-81,-78,-110,-110,-88,-110,-91,-110,-83,-110,-110,-84,-110,-110,-88,-110,-110,-86,-110,-110,-110,-110,-110,-110,-110,-110,-110,-110,-110,-110,-110,-110,-110,-110,-90,-110,-110,-110,-63,-110,-68,-110,-110,-70,-110,-110,-110,-110,-110,-110,-110,-110,-87,-86,-110,-110,-110,-110,-110,-110,-110,-110,-110,-110,-110,-110,-110,-110,-110,-110,-110,-110,-110,-110,-110,-110,-110,-110,-110,-110,-110,-110,-110,-110,-110,-110,-110,-110,-110,-110,-110,-110,-110,-110,-110,-110,-110,-110,-110,-110,-110,-110,-110,-110,-110,-110,-110,-110,-110,-110,-110,-110,-110,-110,-110,-110,-110,-110,-110,-110,-110,-110,-110,-110,-110,-110,-110,-110,-110,-110,-110,-110,-110,-110,-110,-110,-110,-110,-110,-110,-110,-110,-110,-110,-110,-110,-110,-110,-110,-110,-110,-110,-110,-110,-110,-110,-110,-110,-110,-110,-110,-110,-110,-110,-110,-110,-110,-110,-110,-110,-110,-110,-110,-110,-110,-110,-110,-92,-110,-110,-110,-110,-110,-110,-110,-110,-110,-110,-110,-110,-110,-110,-110,-110,-110,-110,-110,-110,-110,-110,-110,-110,-110,-110,-110,-110,-110,-110,-110,-110,-110,-110,-110,-110,-110,-110,-110,-110,-110,-110,-110,-110,-110,-110,-110,-110,-110,-110,-110,-110,-110,-110,-110,-110,-110,-110,-110,-110,-110,-110,-110,-110,-110,-110,-110,-110,-110,-110,-110,-110,-110,-110,-110,-110,-110,-110,-110,-110,-110,-110,-110,-110,-110,-110,-110,-110,-110,-110,-110,-110,-110,-110,-110,-110,-110,-110,-110,-110,-110,-110,-110,-110,-110,-110,-110,-110,-110,-110,-110,-110,-110,-110,-110,-110,-110,-110,-110,-110,-110,-110,-110,-110,-110,-110,-110,-110,-110,-110,-110,-110,-110,-110,-110,-110,-110,-110,-110,-110,-110,-110,-110,-110,-110,-110,-110,-110,-110,-110,-110,-110,-110,-110,-110,-110,-110,-110,-110,-110,-110,-110,-110,-110,-110,-110,-110,-110,-110,-110,-110,-110,-110,-110,-110,-110,-110,-110,-110,-110,-110,-110,-110,-110,-110,-110,-110,-110,-110,-110,-110,-110,-110,-110,-110,-110,-110,-110,-110,-110,-110,-110,-110,-110,-110,-110,-110,-110,-110,-110,-110,-110,-110,-110,-110,-110,-110,-110,-110,-110,-110,-110,-110,-110,-110,-110,-110,-110,-110,-110,-110,-110,-110,-110,-110,-110,-110,-110,-110,-110,-110,-110,-110,-110,-110,-110,-110,-110,-110,-110,-110,-110,-110,-110,-110,-110,-110,-110,-110,-110,-110,-110,-110,-110,-110,-110,-110,-110,-110,-110,-110,-110,-110,-110,-110,-110,-110,-110,-110,-110,-110,-110,-110,-110,-110,-110,-110,-110,-110,-110,-110,-110,-110,-110,-110,-110,-110,-110,-110,-110,-110,-110,-110,-110,-110,-110,-110,-110,-110,-110,-110,-110,-110,-110,-110,-110,-110,-110,-110,-110,-110,-110,-110,-110,-110,-110,-110,-110,-110,-110,-110,-110,-110,-110,-110,-110,-110,-110,-110,-110,-110,-110,-110,-110,-110,-110,-110,-110,-110,-110,-110,-110,-110,-110,-110,-110,-110,-110,-110,-110,-110,-110,-110,-110,-110,-110,-110,-110,-110,-110,-110,-110,-110,-110,-110,-110,-110,-110,-110,-110,-110,-110,-110,-110,-110,-110,-110,-110,-110,-110,-110,-110,-110,-110,-110,-110,-110,-110,-110,-110,-110,-110,-110,-110,-110,-110,-110,-110,-110,-110,-110,-110,-110,-110,-110,-110,-110,-110,-110,-110,-110,-110,-110,-110,-110,-110,-110,-110,-110,-110,-110,-110
25,4.1347719,16.69981527,5,-84,-110,-110,-80,-110,-85,-110,-81,-110,-110,-79,-80,-110,-110,-110,-110,-91,-110,-86,-110,-110,-86,-110,-110,-88,-110,-110,-88,-110,-110,-110,-110,-110,-110,-110,-110,-110,-110,-110,-110,-110,-110,-110,-110,-88,-110,-110,-110,-66,-110,-65,-110,-110,-68,-110,-110,-110,-110,-110,-110,-110,-110,-86,-86,-110,-110,-110,-110,-110,-110,-110,-110,-110,-110,-110,-110,-110,-110,-110,-110,-110,-110,-110,-110,-110,-110,-110,-110,-110,-110,-110,-110,-110,-110,-110,-110,-110,-110,-110,-110,-110,-110,-110,-110,-110,-110,-110,-110,-110,-110,-110,-110,-110,-110,-110,-110,-110,-110,-110,-110,-110,-110,-110,-110,-110,-110,-110,-110,-110,-110,-110,-110,-110,-110,-110,-110,-110,-110,-110,-110,-110,-110,-110,-110,-110,-110,-110,-110,-110,-110,-110,-110,-110,-110,-110,-110,-110,-110,-110,-110,-110,-110,-110,-110,-110,-110,-110,-110,-110,-110,-110,-110,-110,-110,-110,-110,-110,-110,-110,-110,-110,-110,-110,-110,-110,-110,-110,-110,-110,-110,-110,-110,-110,-110,-110,-110,-110,-110,-110,-110,-110,-110,-110,-110,-110,-110,-110,-110,-110,-110,-110,-110,-110,-110,-110,-110,-110,-110,-110,-110,-110,-110,-110,-110,-110,-110,-110,-110,-110,-110,-110,-110,-110,-110,-110,-110,-110,-110,-110,-110,-110,-110,-110,-110,-110,-110,-110,-110,-110,-110,-110,-110,-110,-110,-110,-110,-110,-110,-110,-110,-110,-110,-110,-110,-110,-110,-110,-110,-110,-110,-110,-110,-110,-110,-110,-110,-110,-110,-110,-110,-110,-110,-110,-110,-110,-110,-110,-110,-110,-110,-110,-110,-110,-110,-110,-110,-110,-110,-110,-110,-110,-110,-110,-110,-110,-110,-110,-110,-110,-110,-110,-110,-110,-110,-110,-110,-110,-110,-110,-110,-110,-110,-110,-110,-110,-110,-110,-110,-110,-110,-110,-110,-110,-110,-110,-110,-110,-110,-110,-110,-110,-110,-110,-110,-110,-110,-110,-110,-110,-110,-110,-110,-110,-110,-110,-110,-110,-110,-110,-110,-110,-110,-110,-110,-110,-110,-110,-110,-110,-110,-110,-110,-110,-110,-110,-110,-110,-110,-110,-110,-110,-110,-110,-110,-110,-110,-110,-110,-110,-110,-110,-110,-110,-110,-110,-110,-110,-110,-110,-110,-110,-110,-110,-110,-110,-110,-110,-110,-110,-110,-110,-110,-110,-110,-110,-110,-110,-110,-110,-110,-110,-110,-110,-110,-110,-110,-110,-110,-110,-110,-110,-110,-110,-110,-110,-110,-110,-110,-110,-110,-110,-110,-110,-110,-110,-110,-110,-110,-110,-110,-110,-110,-110,-110,-110,-110,-110,-110,-110,-110,-110,-110,-110,-110,-110,-110,-110,-110,-110,-110,-110,-110,-110,-110,-110,-110,-110,-110,-110,-110,-110,-110,-110,-110,-110,-110,-110,-110,-110,-110,-110,-110,-110,-110,-110,-110,-110,-110,-110,-110,-110,-110,-110,-110,-110,-110,-110,-110,-110,-110,-110,-110,-110,-110,-110,-110,-110,-110,-110,-110,-110,-110,-110,-110,-110,-110,-110,-110,-110,-110,-110,-110,-110,-110,-110,-110,-110,-110,-110,-110,-110,-110,-110,-110,-110,-110,-110,-110,-110,-110,-110,-110,-110,-110,-110,-110,-110,-110,-110,-110,-110,-110,-110,-110,-110,-110,-110,-110,-110,-110,-110,-110,-110,-110,-110,-110,-110,-110,-110,-110,-110,-110,-110,-110,-110,-110,-110,-110,-110,-110,-110,-110,-110,-110,-110,-110,-110,-110,-110,-110,-110,-110,-110,-110,-110,-110,-110,-110,-110,-110,-110,-110,-110,-110,-110,-110,-110,-110,-110,-110
25,4.1347719,16.69981527,5,-83,-110,-110,-80,-110,-83,-110,-83,-110,-110,-83,-79,-110,-110,-87,-110,-86,-110,-87,-110,-110,-85,-110,-110,-87,-110,-110,-88,-110,-110,-110,-110,-110,-110,-110,-110,-110,-110,-110,-110,-110,-110,-110,-110,-110,-110,-110,-110,-65,-110,-65,-60,-110,-69,-110,-110,-110,-110,-110,-110,-110,-110,-86,-85,-110,-110,-110,-110,-110,-110,-110,-110,-110,-82,-110,-110,-110,-110,-110,-110,-110,-110,-110,-110,-110,-110,-110,-110,-110,-110,-110,-110,-110,-110,-110,-110,-110,-110,-110,-110,-110,-110,-110,-110,-110,-110,-110,-110,-110,-110,-110,-110,-110,-110,-110,-110,-110,-110,-110,-110,-110,-110,-110,-110,-110,-110,-110,-110,-110,-110,-110,-110,-110,-110,-110,-110,-110,-110,-110,-110,-110,-110,-110,-110,-110,-110,-110,-110,-110,-110,-110,-110,-110,-110,-110,-110,-110,-110,-110,-110,-110,-110,-110,-110,-110,-110,-110,-110,-110,-110,-110,-110,-110,-110,-110,-110,-110,-110,-110,-110,-110,-110,-110,-110,-110,-110,-110,-90,-110,-110,-110,-110,-110,-110,-110,-110,-110,-110,-110,-110,-110,-110,-110,-110,-110,-110,-110,-110,-110,-110,-110,-110,-110,-110,-110,-110,-110,-110,-110,-110,-110,-110,-110,-110,-110,-110,-110,-110,-110,-110,-110,-110,-110,-110,-110,-110,-110,-110,-110,-110,-110,-110,-110,-110,-110,-110,-110,-110,-110,-110,-110,-110,-110,-110,-110,-110,-110,-110,-110,-110,-110,-110,-110,-110,-110,-110,-110,-110,-110,-110,-110,-110,-110,-110,-110,-110,-110,-110,-110,-110,-110,-110,-110,-110,-110,-110,-110,-110,-110,-110,-110,-110,-110,-110,-110,-110,-110,-110,-110,-110,-110,-110,-110,-110,-110,-110,-110,-110,-110,-110,-110,-110,-110,-110,-110,-110,-110,-110,-110,-110,-110,-110,-110,-110,-110,-110,-110,-110,-110,-110,-110,-110,-110,-110,-110,-110,-110,-110,-110,-110,-110,-110,-110,-110,-110,-110,-110,-110,-110,-110,-110,-110,-110,-110,-110,-110,-110,-110,-110,-110,-110,-110,-110,-110,-110,-110,-110,-110,-110,-110,-110,-110,-110,-110,-110,-110,-110,-110,-110,-110,-110,-110,-110,-110,-110,-110,-110,-110,-110,-110,-110,-110,-110,-110,-110,-110,-110,-110,-110,-110,-110,-110,-110,-110,-110,-110,-110,-110,-110,-110,-110,-110,-110,-110,-110,-110,-110,-110,-110,-110,-110,-110,-110,-110,-110,-110,-110,-110,-110,-110,-110,-110,-110,-110,-110,-110,-110,-110,-110,-110,-110,-110,-110,-110,-110,-110,-110,-110,-110,-110,-110,-110,-110,-110,-110,-110,-110,-110,-110,-110,-110,-110,-110,-110,-110,-110,-110,-110,-110,-110,-110,-110,-110,-110,-110,-110,-110,-110,-110,-110,-110,-110,-110,-110,-110,-110,-110,-110,-110,-110,-110,-110,-110,-110,-110,-110,-110,-110,-110,-110,-110,-110,-110,-110,-110,-110,-110,-110,-110,-110,-110,-110,-110,-110,-110,-110,-110,-110,-110,-110,-110,-110,-110,-110,-110,-110,-110,-110,-110,-110,-110,-110,-110,-110,-110,-110,-110,-110,-110,-110,-110,-110,-110,-110,-110,-110,-110,-110,-110,-110,-110,-110,-110,-110,-110,-110,-110,-110,-110,-110,-110,-110,-110,-110,-110,-110,-110,-110,-110,-110,-110,-110,-110,-110,-110,-110,-110,-110,-110,-110,-110,-110,-110,-110,-110,-110,-110,-110,-110,-110,-110,-110,-110,-110,-110,-110,-110,-110,-110,-110,-110,-110,-110,-110,-110,-110,-110,-110,-110,-110,-110,-110,-110,-110,-110,-110,-110,-110,-110,-110
25,4.1347719,16.69981527,5,-86,-110,-110,-85,-110,-85,-110,-84,-110,-110,-84,-84,-110,-110,-86,-110,-85,-110,-88,-110,-110,-90,-110,-110,-110,-110,-110,-110,-110,-110,-110,-110,-110,-110,-110,-110,-110,-110,-110,-110,-110,-110,-110,-110,-110,-110,-110,-110,-67,-110,-67,-60,-110,-68,-92,-90,-110,-110,-110,-110,-110,-110,-85,-85,-110,-110,-110,-110,-110,-110,-110,-110,-110,-85,-110,-110,-110,-110,-110,-110,-110,-110,-110,-110,-110,-110,-110,-110,-110,-110,-110,-110,-110,-110,-110,-110,-110,-110,-110,-110,-110,-110,-110,-110,-110,-110,-110,-110,-110,-110,-110,-110,-110,-110,-110,-110,-110,-110,-110,-110,-110,-110,-110,-110,-110,-110,-110,-110,-110,-110,-110,-110,-110,-110,-110,-110,-110,-110,-110,-110,-110,-110,-110,-110,-110,-110,-110,-110,-110,-110,-110,-110,-110,-110,-110,-110,-110,-110,-110,-110,-110,-110,-110,-110,-110,-110,-110,-110,-110,-110,-110,-110,-110,-110,-110,-110,-110,-110,-110,-110,-110,-110,-110,-110,-110,-110,-110,-110,-110,-110,-110,-110,-110,-110,-110,-110,-110,-110,-110,-110,-110,-110,-110,-110,-110,-110,-110,-110,-110,-110,-110,-110,-110,-110,-110,-110,-110,-110,-110,-110,-110,-110,-110,-110,-110,-110,-110,-110,-110,-110,-110,-110,-110,-110,-110,-110,-110,-110,-110,-110,-110,-110,-110,-110,-110,-110,-110,-110,-110,-110,-110,-110,-110,-110,-110,-110,-110,-110,-110,-110,-110,-110,-110,-110,-110,-110,-110,-110,-110,-110,-110,-110,-110,-110,-110,-110,-110,-110,-110,-110,-110,-110,-110,-110,-110,-110,-110,-110,-110,-110,-110,-110,-110,-110,-110,-110,-110,-110,-110,-110,-110,-110,-110,-110,-110,-110,-110,-110,-110,-110,-110,-110,-110,-110,-110,-110,-110,-110,-110,-110,-110,-110,-110,-110,-110,-110,-110,-110,-110,-110,-110,-110,-110,-110,-110,-110,-110,-110,-110,-110,-110,-110,-110,-110,-110,-110,-110,-110,-110,-110,-110,-110,-110,-110,-110,-110,-110,-110,-110,-110,-110,-110,-110,-110,-110,-110,-110,-110,-110,-110,-110,-110,-110,-110,-110,-110,-110,-110,-110,-110,-110,-110,-110,-110,-110,-110,-110,-110,-110,-110,-110,-110,-110,-110,-110,-110,-110,-110,-110,-110,-110,-110,-110,-110,-110,-110,-110,-110,-110,-110,-110,-110,-110,-110,-110,-110,-110,-110,-110,-110,-110,-110,-110,-110,-110,-110,-110,-110,-110,-110,-110,-110,-110,-110,-110,-110,-110,-110,-110,-110,-110,-110,-110,-110,-110,-110,-110,-110,-110,-110,-110,-110,-110,-110,-110,-110,-110,-110,-110,-110,-110,-110,-110,-110,-110,-110,-110,-110,-110,-110,-110,-110,-110,-110,-110,-110,-110,-110,-110,-110,-110,-110,-110,-110,-110,-110,-110,-110,-110,-110,-110,-110,-110,-110,-110,-110,-110,-110,-110,-110,-110,-110,-110,-110,-110,-110,-110,-110,-110,-110,-110,-110,-110,-110,-110,-110,-110,-110,-110,-110,-110,-110,-110,-110,-110,-110,-110,-110,-110,-110,-110,-110,-110,-110,-110,-110,-110,-110,-110,-110,-110,-110,-110,-110,-110,-110,-110,-110,-110,-110,-110,-110,-110,-110,-110,-110,-110,-110,-110,-110,-110,-110,-110,-110,-110,-110,-110,-110,-110,-110,-110,-110,-110,-110,-110,-110,-110,-110,-110,-110,-110,-110,-110,-110,-110,-110,-110,-110,-110,-110,-110,-110,-110,-110,-110,-110,-110,-110,-110,-110,-110,-110,-110,-110,-110,-110,-110,-110,-110,-110,-110,-110,-110,-110,-110,-110,-110,-110,-110,-110
25,4.1347719,16.69981527,5,-84,-110,-110,-79,-110,-84,-110,-81,-110,-110,-83,-83,-110,-110,-90,-110,-89,-110,-88,-110,-110,-88,-110,-110,-90,-110,-110,-91,-110,-110,-110,-110,-110,-110,-110,-110,-110,-110,-110,-110,-110,-110,-110,-110,-89,-110,-110,-110,-73,-110,-70,-59,-110,-68,-89,-110,-110,-110,-110,-110,-110,-110,-85,-86,-110,-110,-110,-110,-91,-110,-93,-110,-110,-110,-110,-110,-110,-110,-110,-110,-110,-110,-110,-110,-110,-110,-110,-110,-110,-110,-110,-110,-110,-110,-110,-110,-110,-110,-110,-110,-110,-110,-110,-110,-110,-110,-110,-110,-110,-110,-110,-110,-110,-110,-110,-110,-110,-110,-110,-110,-110,-110,-110,-110,-110,-110,-110,-110,-110,-110,-110,-110,-110,-110,-110,-110,-110,-110,-110,-110,-110,-110,-110,-110,-110,-110,-110,-110,-110,-110,-110,-110,-110,-110,-110,-110,-110,-110,-110,-110,-110,-110,-110,-110,-110,-110,-110,-110,-110,-110,-110,-110,-110,-110,-110,-110,-110,-110,-110,-110,-110,-110,-110,-110,-110,-110,-110,-91,-110,-110,-110,-110,-110,-110,-110,-110,-110,-110,-110,-110,-110,-110,-110,-110,-110,-110,-110,-110,-110,-110,-110,-110,-110,-110,-110,-110,-110,-110,-110,-110,-110,-110,-110,-110,-110,-110,-110,-110,-110,-110,-110,-110,-110,-110,-110,-110,-110,-110,-110,-110,-110,-110,-110,-110,-110,-110,-110,-110,-110,-110,-110,-110,-110,-110,-110,-110,-110,-110,-110,-110,-110,-110,-110,-110,-110,-110,-110,-110,-110,-110,-110,-110,-110,-110,-110,-110,-110,-110,-110,-110,-110,-110,-110,-110,-110,-110,-110,-110,-110,-110,-110,-110,-110,-110,-110,-110,-110,-110,-110,-110,-110,-110,-110,-110,-110,-110,-110,-110,-110,-110,-110,-110,-110,-110,-110,-110,-110,-110,-110,-110,-110,-110,-110,-110,-110,-110,-110,-110,-110,-110,-110,-110,-110,-110,-110,-110,-110,-110,-110,-110,-110,-110,-110,-110,-110,-110,-110,-110,-110,-110,-110,-110,-110,-110,-110,-110,-110,-110,-110,-110,-110,-110,-110,-110,-110,-110,-110,-110,-110,-110,-110,-110,-110,-110,-110,-110,-110,-110,-110,-110,-110,-110,-110,-110,-110,-110,-110,-110,-110,-110,-110,-110,-110,-110,-110,-110,-110,-110,-110,-110,-110,-110,-110,-110,-110,-110,-110,-110,-110,-110,-110,-110,-110,-110,-110,-110,-110,-110,-110,-110,-110,-110,-110,-110,-110,-110,-110,-110,-110,-110,-110,-110,-110,-110,-110,-110,-110,-110,-110,-110,-110,-110,-110,-110,-110,-110,-110,-110,-110,-110,-110,-110,-110,-110,-110,-110,-110,-110,-110,-110,-110,-110,-110,-110,-110,-110,-110,-110,-110,-110,-110,-110,-110,-110,-110,-110,-110,-110,-110,-110,-110,-110,-110,-110,-110,-110,-110,-110,-110,-110,-110,-110,-110,-110,-110,-110,-110,-110,-110,-110,-110,-110,-110,-110,-110,-110,-110,-110,-110,-110,-110,-110,-110,-110,-110,-110,-110,-110,-110,-110,-110,-110,-110,-110,-110,-110,-110,-110,-110,-110,-110,-110,-110,-110,-110,-110,-110,-110,-110,-110,-110,-110,-110,-110,-110,-110,-110,-110,-110,-110,-110,-110,-110,-110,-110,-110,-110,-110,-110,-110,-110,-110,-110,-110,-110,-110,-110,-110,-110,-110,-110,-110,-110,-110,-110,-110,-110,-110,-110,-110,-110,-110,-110,-110,-110,-110,-110,-110,-110,-110,-110,-110,-110,-110,-110,-110,-110,-110,-110,-110,-110,-110,-110,-110,-110,-110,-110,-110,-110,-110,-110,-110,-110,-110,-110,-110,-110,-110,-110,-110
25,4.1347719,16.69981527,5,-80,-110,-110,-73,-110,-79,-110,-75,-110,-110,-85,-86,-110,-110,-81,-110,-82,-110,-80,-110,-110,-81,-110,-110,-84,-110,-110,-84,-110,-110,-110,-110,-110,-110,-110,-110,-110,-110,-110,-110,-110,-110,-110,-110,-110,-110,-110,-110,-59,-110,-60,-54,-110,-75,-110,-110,-110,-110,-110,-110,-110,-110,-110,-92,-110,-110,-110,-110,-86,-110,-87,-110,-110,-110,-110,-110,-110,-110,-110,-110,-110,-110,-110,-110,-110,-110,-110,-110,-110,-110,-110,-110,-110,-110,-110,-110,-110,-110,-110,-110,-110,-110,-110,-110,-110,-110,-110,-110,-110,-110,-110,-110,-110,-110,-110,-110,-110,-110,-110,-110,-110,-110,-110,-110,-110,-110,-110,-110,-110,-110,-110,-110,-110,-110,-110,-110,-110,-110,-110,-110,-110,-110,-110,-110,-110,-110,-110,-110,-110,-110,-110,-110,-110,-110,-110,-110,-110,-110,-110,-110,-110,-110,-110,-110,-110,-110,-110,-110,-110,-110,-110,-110,-110,-110,-110,-110,-110,-110,-110,-110,-110,-110,-110,-110,-110,-110,-110,-110,-110,-110,-110,-110,-110,-110,-110,-110,-110,-110,-110,-110,-110,-110,-110,-110,-110,-110,-110,-110,-110,-110,-110,-110,-110,-110,-110,-110,-110,-110,-110,-110,-110,-110,-110,-110,-110,-110,-110,-110,-110,-110,-110,-110,-110,-110,-110,-110,-110,-110,-110,-110,-110,-110,-110,-110,-110,-110,-110,-110,-110,-110,-110,-110,-110,-110,-110,-110,-110,-110,-110,-110,-110,-110,-110,-110,-110,-110,-110,-110,-110,-110,-110,-110,-110,-110,-110,-110,-110,-110,-110,-110,-110,-110,-110,-110,-110,-110,-110,-110,-110,-110,-110,-110,-110,-110,-110,-110,-110,-110,-110,-110,-110,-110,-110,-110,-110,-110,-110,-110,-110,-110,-110,-110,-110,-110,-110,-110,-110,-110,-110,-110,-110,-110,-110,-110,-110,-110,-110,-110,-110,-110,-110,-110,-110,-110,-110,-110,-110,-110,-110,-110,-110,-110,-110,-110,-110,-110,-110,-110,-110,-110,-110,-110,-110,-110,-110,-110,-110,-110,-110,-110,-110,-110,-110,-110,-110,-110,-110,-110,-110,-110,-110,-110,-110,-110,-110,-110,-110,-110,-110,-110,-110,-110,-110,-110,-110,-110,-110,-110,-110,-110,-110,-110,-110,-110,-110,-110,-110,-110,-110,-110,-110,-110,-110,-110,-110,-110,-110,-110,-110,-110,-110,-110,-110,-110,-110,-110,-110,-110,-110,-110,-110,-110,-110,-110,-110,-110,-110,-110,-110,-110,-110,-110,-110,-110,-110,-110,-110,-110,-110,-110,-110,-110,-110,-110,-110,-110,-110,-110,-110,-110,-110,-110,-110,-110,-110,-110,-110,-110,-110,-110,-110,-110,-110,-110,-110,-110,-110,-110,-110,-110,-110,-110,-110,-110,-110,-110,-110,-110,-110,-110,-110,-110,-110,-110,-110,-110,-110,-110,-110,-110,-110,-110,-110,-110,-110,-110,-110,-110,-110,-110,-110,-110,-110,-110,-110,-110,-110,-110,-110,-110,-110,-110,-110,-110,-110,-110,-110,-110,-110,-110,-110,-110,-110,-110,-110,-110,-110,-110,-110,-110,-110,-110,-110,-110,-110,-110,-110,-110,-110,-110,-110,-110,-110,-110,-110,-110,-110,-110,-110,-110,-110,-110,-110,-110,-110,-110,-110,-110,-110,-110,-110,-110,-110,-110,-110,-110,-110,-110,-110,-110,-110,-110,-110,-110,-110,-110,-110,-110,-110,-110,-110,-110,-110,-110,-110,-110,-110,-110,-110,-110,-110,-110,-110,-110,-110,-110,-110,-110,-110,-110,-110,-110,-110,-110,-110,-110,-110,-110,-110,-110,-110,-110,-110,-110,-110,-110,-110,-110,-110,-110
25,4.1347719,16.69981527,5,-75,-110,-110,-73,-110,-75,-110,-70,-110,-110,-88,-110,-110,-110,-83,-110,-86,-110,-77,-110,-110,-78,-110,-110,-84,-110,-110,-83,-110,-110,-110,-110,-110,-110,-110,-110,-110,-110,-110,-110,-110,-110,-110,-110,-110,-110,-110,-110,-58,-110,-60,-55,-110,-69,-87,-87,-110,-110,-110,-110,-110,-110,-87,-86,-110,-110,-110,-110,-85,-110,-84,-110,-110,-110,-110,-110,-110,-110,-110,-110,-110,-110,-110,-110,-110,-110,-110,-110,-110,-110,-110,-110,-110,-110,-110,-110,-110,-110,-110,-110,-110,-110,-110,-110,-110,-110,-110,-110,-110,-110,-110,-110,-110,-110,-110,-110,-110,-110,-110,-110,-110,-110,-110,-110,-110,-110,-110,-110,-110,-110,-110,-110,-110,-110,-110,-110,-110,-110,-110,-110,-110,-110,-110,-110,-110,-110,-110,-110,-110,-110,-110,-110,-110,-110,-110,-110,-110,-110,-110,-110,-110,-110,-110,-110,-110,-110,-110,-110,-110,-110,-110,-110,-110,-110,-110,-110,-110,-110,-110,-110,-110,-110,-110,-110,-110,-110,-110,-110,-110,-110,-110,-110,-110,-110,-110,-110,-110,-110,-110,-110,-110,-110,-110,-110,-110,-110,-110,-110,-110,-110,-110,-110,-110,-110,-110,-110,-110,-110,-110,-110,-110,-110,-110,-110,-110,-110,-110,-110,-110,-110,-110,-110,-110,-110,-110,-110,-110,-110,-110,-110,-110,-110,-110,-110,-110,-110,-110,-110,-110,-110,-110,-110,-110,-110,-110,-110,-110,-110,-110,-110,-110,-110,-110,-110,-110,-110,-110,-110,-110,-110,-110,-110,-110,-110,-110,-110,-110,-110,-110,-110,-110,-110,-110,-110,-110,-110,-110,-110,-110,-110,-110,-110,-110,-110,-110,-110,-110,-110,-110,-110,-110,-110,-110,-110,-110,-110,-110,-110,-110,-110,-110,-110,-110,-110,-110,-110,-110,-110,-110,-110,-110,-110,-110,-110,-110,-110,-110,-110,-110,-110,-110,-110,-110,-110,-110,-110,-110,-110,-110,-110,-110,-110,-110,-110,-110,-110,-110,-110,-110,-110,-110,-110,-110,-110,-110,-110,-110,-110,-110,-110,-110,-110,-110,-110,-110,-110,-110,-110,-110,-110,-110,-110,-110,-110,-110,-110,-110,-110,-110,-110,-110,-110,-110,-110,-110,-110,-110,-110,-110,-110,-110,-110,-110,-110,-110,-110,-110,-110,-110,-110,-110,-110,-110,-110,-110,-110,-110,-110,-110,-110,-110,-110,-110,-110,-110,-110,-110,-110,-110,-110,-110,-110,-110,-110,-110,-110,-110,-110,-110,-110,-110,-110,-110,-110,-110,-110,-110,-110,-110,-110,-110,-110,-110,-110,-110,-110,-110,-110,-110,-110,-110,-110,-110,-110,-110,-110,-110,-110,-110,-110,-110,-110,-110,-110,-110,-110,-110,-110,-110,-110,-110,-110,-110,-110,-110,-110,-110,-110,-110,-110,-110,-110,-110,-110,-110,-110,-110,-110,-110,-110,-110,-110,-110,-110,-110,-110,-110,-110,-110,-110,-110,-110,-110,-110,-110,-110,-110,-110,-110,-110,-110,-110,-110,-110,-110,-110,-110,-110,-110,-110,-110,-110,-110,-110,-110,-110,-110,-110,-110,-110,-110,-110,-110,-110,-110,-110,-110,-110,-110,-110,-110,-110,-110,-110,-110,-110,-110,-110,-110,-110,-110,-110,-110,-110,-110,-110,-110,-110,-110,-110,-110,-110,-110,-110,-110,-110,-110,-110,-110,-110,-110,-110,-110,-110,-110,-110,-110,-110,-110,-110,-110,-110,-110,-110,-110,-110,-110,-110,-110,-110,-110,-110,-110,-110,-110,-110,-110,-110,-110,-110,-110,-110,-110,-110,-110,-110,-110,-110,-110,-110,-110,-110,-110,-110,-110,-110,-110,-110,-110,-110
25,4.1347719,16.69981527,5,-78,-110,-110,-71,-110,-75,-110,-72,-110,-110,-87,-88,-110,-110,-82,-110,-81,-110,-81,-110,-110,-79,-110,-110,-86,-110,-86,-84,-110,-87,-110,-110,-110,-110,-110,-110,-110,-110,-110,-110,-110,-110,-110,-110,-110,-110,-110,-110,-58,-110,-58,-56,-110,-70,-110,-88,-110,-110,-110,-110,-110,-110,-110,-110,-110,-110,-110,-110,-84,-110,-83,-110,-110,-110,-110,-110,-110,-110,-110,-110,-110,-110,-110,-110,-110,-110,-110,-110,-110,-110,-110,-110,-110,-110,-110,-110,-110,-110,-110,-110,-110,-110,-110,-110,-110,-110,-110,-110,-110,-110,-110,-110,-110,-110,-110,-110,-110,-110,-110,-110,-110,-110,-110,-110,-110,-110,-110,-110,-110,-110,-110,-110,-110,-110,-110,-110,-110,-110,-110,-110,-110,-110,-110,-110,-110,-110,-110,-110,-110,-110,-110,-110,-110,-110,-110,-110,-110,-110,-110,-110,-110,-110,-110,-110,-110,-110,-110,-110,-110,-110,-110,-110,-110,-110,-110,-110,-110,-110,-110,-110,-110,-110,-110,-110,-110,-110,-110,-110,-110,-110,-110,-110,-110,-110,-110,-110,-110,-110,-110,-110,-110,-110,-110,-110,-110,-110,-110,-110,-110,-110,-110,-110,-110,-110,-110,-110,-110,-110,-110,-110,-110,-110,-110,-110,-110,-110,-110,-110,-110,-110,-110,-110,-110,-110,-110,-110,-110,-110,-110,-110,-110,-110,-110,-110,-110,-110,-110,-110,-110,-110,-110,-110,-110,-110,-110,-110,-110,-110,-110,-110,-110,-110,-110,-110,-110,-110,-110,-110,-110,-110,-110,-110,-110,-110,-110,-110,-110,-110,-110,-110,-110,-110,-110,-110,-110,-110,-110,-110,-110,-110,-110,-110,-110,-110,-110,-110,-110,-110,-110,-110,-110,-110,-110,-110,-110,-110,-110,-110,-110,-110,-110,-110,-110,-110,-110,-110,-110,-110,-110,-110,-110,-110,-110,-110,-110,-110,-110,-110,-110,-110,-110,-110,-110,-110,-110,-110,-110,-110,-110,-110,-110,-110,-110,-110,-110,-110,-110,-110,-110,-110,-110,-110,-110,-110,-110,-110,-110,-110,-110,-110,-110,-110,-110,-110,-110,-110,-110,-110,-110,-110,-110,-110,-110,-110,-110,-110,-110,-110,-110,-110,-110,-110,-110,-110,-110,-110,-110,-110,-110,-110,-110,-110,-110,-110,-110,-110,-110,-110,-110,-110,-110,-110,-110,-110,-110,-110,-110,-110,-110,-110,-110,-110,-110,-110,-110,-110,-110,-110,-110,-110,-110,-110,-110,-110,-110,-110,-110,-110,-110,-110,-110,-110,-110,-110,-110,-110,-110,-110,-110,-110,-110,-110,-110,-110,-110,-110,-110,-110,-110,-110,-110,-110,-110,-110,-110,-110,-110,-110,-110,-110,-110,-110,-110,-110,-110,-110,-110,-110,-110,-110,-110,-110,-110,-110,-110,-110,-110,-110,-110,-110,-110,-110,-110,-110,-110,-110,-110,-110,-110,-110,-110,-110,-110,-110,-110,-110,-110,-110,-110,-110,-110,-110,-110,-110,-110,-110,-110,-110,-110,-110,-110,-110,-110,-110,-110,-110,-110,-110,-110,-110,-110,-110,-110,-110,-110,-110,-110,-110,-110,-110,-110,-110,-110,-110,-110,-110,-110,-110,-110,-110,-110,-110,-110,-110,-110,-110,-110,-110,-110,-110,-110,-110,-110,-110,-110,-110,-110,-110,-110,-110,-110,-110,-110,-110,-110,-110,-110,-110,-110,-110,-110,-110,-110,-110,-110,-110,-110,-110,-110,-110,-110,-110,-110,-110,-110,-110,-110,-110,-110,-110,-110,-110,-110,-110,-110,-110,-110,-110,-110,-110,-110,-110,-110,-110,-110,-110,-110,-110,-110,-110,-110,-110,-110,-110,-110,-110,-110,-110,-110,-110
25,4.1347719,16.69981527,5,-75,-110,-110,-73,-110,-76,-110,-72,-110,-110,-90,-89,-110,-110,-83,-110,-81,-110,-80,-110,-110,-78,-110,-110,-80,-110,-88,-81,-110,-110,-110,-110,-110,-110,-110,-110,-110,-110,-110,-110,-110,-110,-110,-110,-110,-110,-110,-110,-58,-110,-57,-55,-110,-71,-89,-88,-110,-110,-89,-110,-110,-110,-110,-110,-110,-110,-110,-110,-84,-110,-84,-110,-110,-110,-110,-110,-110,-110,-110,-110,-110,-110,-110,-110,-110,-110,-110,-110,-110,-110,-110,-110,-110,-110,-110,-110,-110,-110,-110,-110,-110,-110,-110,-110,-110,-110,-110,-110,-110,-110,-110,-110,-110,-110,-110,-110,-110,-110,-110,-110,-110,-110,-110,-110,-110,-110,-110,-110,-110,-110,-110,-110,-110,-110,-110,-110,-110,-110,-110,-110,-110,-110,-110,-110,-110,-110,-110,-110,-110,-110,-110,-110,-110,-110,-110,-110,-110,-110,-110,-110,-110,-110,-110,-110,-110,-110,-110,-110,-110,-110,-110,-110,-110,-110,-110,-110,-110,-110,-110,-110,-110,-110,-110,-110,-110,-110,-110,-110,-110,-110,-110,-110,-110,-110,-110,-110,-110,-110,-110,-110,-110,-110,-110,-110,-110,-110,-110,-110,-110,-110,-110,-110,-110,-110,-110,-110,-110,-110,-110,-110,-110,-110,-110,-110,-110,-110,-110,-110,-110,-110,-110,-110,-110,-110,-110,-110,-110,-110,-110,-110,-110,-110,-110,-110,-110,-110,-110,-110,-110,-110,-110,-110,-110,-110,-110,-110,-110,-110,-110,-110,-110,-110,-110,-110,-110,-110,-110,-110,-110,-110,-110,-110,-110,-110,-110,-110,-110,-110,-110,-110,-110,-110,-110,-110,-110,-110,-110,-110,-110,-110,-110,-110,-110,-110,-110,-110,-110,-110,-110,-110,-110,-110,-110,-110,-110,-110,-110,-110,-110,-110,-110,-110,-110,-110,-110,-110,-110,-110,-110,-110,-110,-110,-110,-110,-110,-110,-110,-110,-110,-110,-110,-110,-110,-110,-110,-110,-110,-110,-110,-110,-110,-110,-110,-110,-110,-110,-110,-110,-110,-110,-110,-110,-110,-110,-110,-110,-110,-110,-110,-110,-110,-110,-110,-110,-110,-110,-110,-110,-110,-110,-110,-110,-110,-110,-110,-110,-110,-110,-110,-110,-110,-110,-110,-110,-110,-110,-110,-110,-110,-110,-110,-110,-110,-110,-110,-110,-110,-110,-110,-110,-110,-110,-110,-110,-110,-110,-110,-110,-110,-110,-110,-110,-110,-110,-110,-110,-110,-110,-110,-110,-110,-110,-110,-110,-110,-110,-110,-110,-110,-110,-110,-110,-110,-110,-110,-110,-110,-110,-110,-110,-110,-110,-110,-110,-110,-110,-110,-110,-110,-110,-110,-110,-110,-110,-110,-110,-110,-110,-110,-110,-110,-110,-110,-110,-110,-110,-110,-110,-110,-110,-110,-110,-110,-110,-110,-110,-110,-110,-110,-110,-110,-110,-110,-110,-110,-110,-110,-110,-110,-110,-110,-110,-110,-110,-110,-110,-110,-110,-110,-110,-110,-110,-110,-110,-110,-110,-110,-110,-110,-110,-110,-110,-110,-110,-110,-110,-110,-110,-110,-110,-110,-110,-110,-110,-110,-110,-110,-110,-110,-110,-110,-110,-110,-110,-110,-110,-110,-110,-110,-110,-110,-110,-110,-110,-110,-110,-110,-110,-110,-110,-110,-110,-110,-110,-110,-110,-110,-110,-110,-110,-110,-110,-110,-110,-110,-110,-110,-110,-110,-110,-110,-110,-110,-110,-110,-110,-110,-110,-110,-110,-110,-110,-110,-110,-110,-110,-110,-110,-110,-110,-110,-110,-110,-110,-110,-110,-110,-110,-110,-110,-110,-110,-110,-110,-110,-110,-110,-110,-110,-110,-110,-110,-110,-110,-110,-110,-110,-110,-110,-110
25,4.1347719,16.69981527,5,-77,-110,-110,-69,-110,-76,-110,-70,-110,-110,-90,-90,-110,-110,-84,-110,-87,-110,-81,-110,-110,-79,-110,-110,-81,-110,-88,-82,-110,-110,-110,-110,-110,-110,-110,-110,-110,-110,-110,-110,-110,-110,-110,-110,-110,-110,-110,-110,-58,-110,-58,-54,-110,-71,-87,-87,-110,-110,-110,-110,-110,-110,-88,-86,-110,-110,-110,-110,-86,-110,-85,-110,-110,-110,-110,-110,-110,-110,-110,-110,-110,-110,-110,-110,-110,-110,-110,-110,-110,-110,-110,-110,-110,-110,-110,-110,-110,-110,-110,-110,-110,-110,-110,-110,-110,-110,-110,-110,-110,-110,-110,-110,-110,-110,-110,-110,-110,-110,-110,-110,-110,-110,-110,-110,-110,-110,-110,-110,-110,-110,-110,-110,-110,-110,-110,-110,-110,-110,-110,-110,-110,-110,-110,-110,-110,-110,-110,-110,-110,-110,-110,-110,-110,-110,-110,-110,-110,-110,-110,-110,-110,-110,-110,-110,-110,-110,-110,-110,-110,-110,-110,-110,-110,-110,-110,-110,-110,-110,-110,-110,-110,-110,-110,-110,-110,-110,-110,-110,-110,-110,-110,-110,-110,-110,-110,-110,-110,-110,-110,-110,-110,-110,-110,-110,-110,-110,-110,-110,-110,-110,-110,-110,-110,-110,-110,-110,-110,-110,-110,-110,-110,-110,-110,-110,-110,-110,-110,-110,-110,-110,-110,-110,-110,-110,-110,-110,-110,-110,-110,-110,-110,-110,-110,-110,-110,-110,-110,-110,-110,-110,-110,-110,-110,-110,-110,-110,-110,-110,-110,-110,-110,-110,-110,-110,-110,-110,-110,-110,-110,-110,-110,-110,-110,-110,-110,-110,-110,-110,-110,-110,-110,-110,-110,-110,-110,-110,-110,-110,-110,-110,-110,-110,-110,-110,-110,-110,-110,-110,-110,-110,-110,-110,-110,-110,-110,-110,-110,-110,-110,-110,-110,-110,-110,-110,-110,-110,-110,-110,-110,-110,-110,-110,-110,-110,-110,-110,-110,-110,-110,-110,-110,-110,-110,-110,-110,-110,-110,-110,-110,-110,-110,-110,-110,-110,-110,-110,-110,-110,-110,-110,-110,-110,-110,-110,-110,-110,-110,-110,-110,-110,-110,-110,-110,-110,-110,-110,-110,-110,-110,-110,-110,-110,-110,-110,-110,-110,-110,-110,-110,-110,-110,-110,-110,-110,-110,-110,-110,-110,-110,-110,-110,-110,-110,-110,-110,-110,-110,-110,-110,-110,-110,-110,-110,-110,-110,-110,-110,-110,-110,-110,-110,-110,-110,-110,-110,-110,-110,-110,-110,-110,-110,-110,-110,-110,-110,-110,-110,-110,-110,-110,-110,-110,-110,-110,-110,-110,-110,-110,-110,-110,-110,-110,-110,-110,-110,-110,-110,-110,-110,-110,-110,-110,-110,-110,-110,-110,-110,-110,-110,-110,-110,-110,-110,-110,-110,-110,-110,-110,-110,-110,-110,-110,-110,-110,-110,-110,-110,-110,-110,-110,-110,-110,-110,-110,-110,-110,-110,-110,-110,-110,-110,-110,-110,-110,-110,-110,-110,-110,-110,-110,-110,-110,-110,-110,-110,-110,-110,-110,-110,-110,-110,-110,-110,-110,-110,-110,-110,-110,-110,-110,-110,-110,-110,-110,-110,-110,-110,-110,-110,-110,-110,-110,-110,-110,-110,-110,-110,-110,-110,-110,-110,-110,-110,-110,-110,-110,-110,-110,-110,-110,-110,-110,-110,-110,-110,-110,-110,-110,-110,-110,-110,-110,-110,-110,-110,-110,-110,-110,-110,-110,-110,-110,-110,-110,-110,-110,-110,-110,-110,-110,-110,-110,-110,-110,-110,-110,-110,-110,-110,-110,-110,-110,-110,-110,-110,-110,-110,-110,-110,-110,-110,-110,-110,-110,-110,-110,-110,-110,-110,-110,-110,-110,-110,-110,-110,-110,-110,-110,-110,-110
25,4.1347719,16.69981527,5,-76,-110,-110,-71,-110,-74,-110,-71,-110,-110,-88,-89,-110,-110,-83,-110,-83,-110,-79,-110,-110,-79,-110,-110,-82,-110,-110,-81,-110,-91,-110,-110,-110,-110,-110,-110,-110,-110,-110,-110,-110,-110,-110,-110,-110,-110,-110,-110,-57,-93,-58,-54,-110,-70,-110,-110,-110,-110,-110,-110,-110,-110,-89,-87,-110,-110,-110,-110,-86,-110,-84,-110,-110,-110,-110,-110,-110,-110,-110,-110,-110,-110,-110,-110,-110,-110,-110,-110,-110,-110,-110,-110,-110,-110,-110,-110,-110,-110,-110,-110,-110,-110,-110,-110,-110,-110,-110,-110,-110,-110,-110,-110,-110,-110,-110,-110,-110,-110,-110,-110,-110,-110,-110,-110,-110,-110,-110,-110,-110,-110,-110,-110,-110,-110,-110,-110,-110,-110,-110,-110,-110,-110,-110,-110,-110,-110,-110,-110,-110,-110,-110,-110,-110,-110,-110,-110,-110,-110,-110,-110,-110,-110,-110,-110,-110,-110,-110,-110,-110,-110,-110,-110,-110,-110,-110,-110,-110,-110,-110,-110,-110,-110,-110,-110,-110,-110,-110,-110,-110,-110,-110,-110,-110,-110,-110,-110,-110,-110,-110,-110,-110,-110,-110,-110,-110,-110,-110,-110,-110,-110,-110,-110,-110,-110,-110,-110,-110,-110,-110,-110,-110,-110,-110,-110,-110,-110,-110,-110,-110,-110,-110,-110,-110,-110,-110,-110,-110,-110,-110,-110,-110,-110,-110,-110,-110,-110,-110,-110,-110,-110,-110,-110,-110,-110,-110,-110,-110,-110,-110,-110,-110,-110,-110,-110,-110,-110,-110,-110,-110,-110,-110,-110,-110,-110,-110,-110,-110,-110,-110,-110,-110,-110,-110,-110,-110,-110,-110,-110,-110,-110,-110,-110,-110,-110,-110,-110,-110,-110,-110,-110,-110,-110,-110,-110,-110,-110,-110,-110,-110,-110,-110,-110,-110,-110,-110,-110,-110,-110,-110,-110,-110,-110,-110,-110,-110,-110,-110,-110,-110,-110,-110,-110,-110,-110,-110,-110,-110,-110,-110,-110,-110,-110,-110,-110,-110,-110,-110,-110,-110,-110,-110,-110,-110,-110,-110,-110,-110,-110,-110,-110,-110,-110,-110,-110,-110,-110,-110,-110,-110,-110,-110,-110,-110,-110,-110,-110,-110,-110,-110,-110,-110,-110,-110,-110,-110,-110,-110,-110,-110,-110,-110,-110,-110,-110,-110,-110,-110,-110,-110,-110,-110,-110,-110,-110,-110,-110,-110,-110,-110,-110,-110,-110,-110,-110,-110,-110,-110,-110,-110,-110,-110,-110,-110,-110,-110,-110,-110,-110,-110,-110,-110,-110,-110,-110,-110,-110,-110,-110,-110,-110,-110,-110,-110,-110,-110,-110,-110,-110,-110,-110,-110,-110,-110,-110,-110,-110,-110,-110,-110,-110,-110,-110,-110,-110,-110,-110,-110,-110,-110,-110,-110,-110,-110,-110,-110,-110,-110,-110,-110,-110,-110,-110,-110,-110,-110,-110,-110,-110,-110,-110,-110,-110,-110,-110,-110,-110,-110,-110,-110,-110,-110,-110,-110,-110,-110,-110,-110,-110,-110,-110,-110,-110,-110,-110,-110,-110,-110,-110,-110,-110,-110,-110,-110,-110,-110,-110,-110,-110,-110,-110,-110,-110,-110,-110,-110,-110,-110,-110,-110,-110,-110,-110,-110,-110,-110,-110,-110,-110,-110,-110,-110,-110,-110,-110,-110,-110,-110,-110,-110,-110,-110,-110,-110,-110,-110,-110,-110,-110,-110,-110,-110,-110,-110,-110,-110,-110,-110,-110,-110,-110,-110,-110,-110,-110,-110,-110,-110,-110,-110,-110,-110,-110,-110,-110,-110,-110,-110,-110,-110,-110,-110,-110,-110,-110,-110,-110,-110,-110,-110,-110,-110,-110,-110,-110,-110,-110,-110,-110,-110,-110
26,8.52431189,16.69981527,5,-77,-110,-110,-76,-110,-78,-110,-73,-110,-110,-87,-85,-110,-110,-89,-110,-87,-110,-110,-110,-110,-110,-110,-110,-82,-110,-110,-82,-110,-85,-110,-110,-90,-89,-110,-110,-110,-110,-110,-110,-110,-110,-110,-110,-110,-110,-110,-110,-66,-110,-65,-56,-110,-61,-87,-88,-110,-110,-110,-110,-110,-110,-79,-78,-110,-110,-110,-110,-110,-110,-110,-110,-110,-110,-110,-110,-110,-110,-110,-110,-110,-110,-110,-110,-110,-110,-110,-110,-110,-110,-110,-110,-110,-110,-110,-110,-110,-110,-110,-110,-110,-110,-110,-110,-110,-110,-110,-110,-110,-110,-110,-110,-110,-110,-110,-110,-110,-110,-110,-110,-110,-110,-110,-110,-110,-110,-110,-110,-110,-110,-110,-110,-110,-110,-110,-110,-110,-110,-110,-110,-110,-110,-110,-110,-110,-110,-110,-110,-110,-110,-110,-110,-110,-110,-110,-110,-110,-110,-110,-110,-110,-110,-110,-110,-110,-110,-110,-110,-110,-110,-110,-110,-110,-110,-110,-110,-110,-110,-110,-110,-110,-110,-110,-110,-110,-110,-110,-110,-110,-110,-110,-110,-110,-110,-110,-110,-110,-110,-110,-110,-110,-110,-110,-110,-110,-110,-110,-110,-110,-110,-110,-110,-110,-110,-110,-110,-110,-110,-110,-110,-110,-110,-110,-110,-110,-110,-110,-110,-110,-110,-110,-110,-110,-110,-110,-110,-110,-110,-110,-110,-110,-110,-110,-110,-110,-110,-110,-110,-110,-110,-110,-110,-110,-110,-110,-110,-110,-110,-110,-110,-110,-110,-110,-110,-110,-110,-110,-110,-110,-110,-110,-110,-110,-110,-110,-110,-110,-110,-110,-110,-110,-110,-110,-110,-110,-110,-110,-110,-110,-110,-110,-110,-110,-110,-110,-110,-110,-110,-110,-110,-110,-110,-110,-110,-110,-110,-110,-110,-110,-110,-110,-110,-110,-110,-110,-110,-110,-110,-110,-110,-110,-110,-110,-110,-110,-110,-110,-110,-110,-110,-110,-110,-110,-110,-110,-110,-110,-110,-110,-110,-110,-110,-110,-110,-110,-110,-110,-110,-110,-110,-110,-110,-110,-110,-110,-110,-110,-110,-110,-110,-110,-110,-110,-110,-110,-110,-110,-110,-110,-110,-110,-110,-110,-110,-110,-110,-110,-110,-110,-110,-110,-110,-110,-110,-110,-110,-110,-110,-110,-110,-110,-110,-110,-110,-110,-110,-110,-110,-110,-110,-110,-110,-110,-110,-110,-110,-110,-110,-110,-110,-110,-110,-110,-110,-110,-110,-110,-110,-110,-110,-110,-110,-110,-110,-110,-110,-110,-110,-110,-110,-110,-110,-110,-110,-110,-110,-110,-110,-110,-110,-110,-110,-110,-110,-110,-110,-110,-110,-110,-110,-110,-110,-110,-110,-110,-110,-110,-110,-110,-110,-110,-110,-110,-110,-110,-110,-110,-110,-110,-110,-110,-110,-110,-110,-110,-110,-110,-110,-110,-110,-110,-110,-110,-110,-110,-110,-110,-110,-110,-110,-110,-110,-110,-110,-110,-110,-110,-110,-110,-110,-110,-110,-110,-110,-110,-110,-110,-110,-110,-110,-110,-110,-110,-110,-110,-110,-110,-110,-110,-110,-110,-110,-110,-110,-110,-110,-110,-110,-110,-110,-110,-110,-110,-110,-110,-110,-110,-110,-110,-110,-110,-110,-110,-110,-110,-110,-110,-110,-110,-110,-110,-110,-110,-110,-110,-110,-110,-110,-110,-110,-110,-110,-110,-110,-110,-110,-110,-110,-110,-110,-110,-110,-110,-110,-110,-110,-110,-110,-110,-110,-110,-110,-110,-110,-110,-110,-110,-110,-110,-110,-110,-110,-110,-110,-110,-110,-110,-110,-110,-110,-110,-110,-110,-110,-110,-110,-110,-110,-110,-110,-110,-110,-110,-110,-110,-110,-110,-110,-110,-110
26,8.52431189,16.69981527,5,-74,-110,-110,-78,-110,-76,-110,-76,-110,-110,-90,-110,-110,-110,-87,-110,-87,-110,-110,-110,-110,-110,-110,-110,-81,-110,-88,-82,-110,-110,-110,-110,-110,-92,-110,-110,-110,-110,-110,-110,-110,-110,-110,-110,-110,-110,-110,-89,-62,-110,-61,-70,-110,-63,-86,-86,-110,-110,-110,-110,-110,-110,-78,-77,-110,-110,-110,-110,-90,-110,-93,-110,-110,-110,-110,-110,-110,-110,-110,-110,-110,-110,-110,-110,-110,-110,-110,-110,-110,-110,-110,-110,-110,-110,-110,-110,-110,-110,-110,-110,-110,-110,-110,-110,-110,-110,-110,-110,-110,-110,-110,-110,-110,-110,-110,-110,-110,-110,-110,-110,-110,-110,-110,-110,-110,-110,-110,-110,-110,-110,-110,-110,-110,-110,-110,-110,-110,-110,-110,-110,-110,-110,-110,-110,-110,-110,-110,-110,-110,-110,-110,-110,-110,-110,-110,-110,-110,-110,-110,-110,-110,-110,-110,-110,-110,-110,-110,-110,-110,-110,-110,-110,-110,-110,-110,-110,-110,-110,-110,-110,-110,-110,-110,-110,-110,-110,-110,-110,-110,-110,-110,-110,-110,-110,-110,-110,-110,-110,-110,-110,-110,-110,-110,-110,-110,-110,-110,-110,-110,-110,-110,-110,-110,-110,-110,-110,-110,-110,-110,-110,-110,-110,-110,-110,-110,-110,-110,-110,-110,-110,-110,-110,-110,-110,-110,-110,-110,-110,-110,-110,-110,-110,-110,-110,-110,-110,-110,-110,-110,-110,-110,-110,-110,-110,-110,-110,-110,-110,-110,-110,-110,-110,-110,-110,-110,-110,-110,-110,-110,-110,-110,-110,-110,-110,-110,-110,-110,-110,-110,-110,-110,-110,-110,-110,-110,-110,-110,-110,-110,-110,-110,-110,-110,-110,-110,-110,-110,-110,-110,-110,-110,-110,-110,-110,-110,-110,-110,-110,-110,-110,-110,-110,-110,-110,-110,-110,-110,-110,-110,-110,-110,-110,-110,-110,-110,-110,-110,-110,-110,-110,-110,-110,-110,-110,-110,-110,-110,-110,-110,-110,-110,-110,-110,-110,-110,-110,-110,-110,-110,-110,-110,-110,-110,-110,-110,-110,-110,-110,-110,-110,-110,-110,-110,-110,-110,-110,-110,-110,-110,-110,-110,-110,-110,-110,-110,-110,-110,-110,-110,-110,-110,-110,-110,-110,-110,-110,-110,-110,-110,-110,-110,-110,-110,-110,-110,-110,-110,-110,-110,-110,-110,-110,-110,-110,-110,-110,-110,-110,-110,-110,-110,-110,-110,-110,-110,-110,-110,-110,-110,-110,-110,-110,-110,-110,-110,-110,-110,-110,-110,-110,-110,-110,-110,-110,-110,-110,-110,-110,-110,-110,-110,-110,-110,-110,-110,-110,-110,-110,-110,-110,-110,-110,-110,-110,-110,-110,-110,-110,-110,-110,-110,-110,-110,-110,-110,-110,-110,-110,-110,-110,-110,-110,-110,-110,-110,-110,-110,-110,-110,-110,-110,-110,-110,-110,-110,-110,-110,-110,-110,-110,-110,-110,-110,-110,-110,-110,-110,-110,-110,-110,-110,-110,-110,-110,-110,-110,-110,-110,-110,-110,-110,-110,-110,-110,-110,-110,-110,-110,-110,-110,-110,-110,-110,-110,-110,-110,-110,-110,-110,-110,-110,-110,-110,-110,-110,-110,-110,-110,-110,-110,-110,-110,-110,-110,-110,-110,-110,-110,-110,-110,-110,-110,-110,-110,-110,-110,-110,-110,-110,-110,-110,-110,-110,-110,-110,-110,-110,-110,-110,-110,-110,-110,-110,-110,-110,-110,-110,-110,-110,-110,-110,-110,-110,-110,-110,-110,-110,-110,-110,-110,-110,-110,-110,-110,-110,-110,-110,-110,-110,-110,-110,-110,-110,-110,-110,-110,-110,-110,-110,-110,-110,-110,-110,-110,-110,-110,-110,-110,-110,-110
26,8.52431189,16.69981527,5,-76,-110,-110,-78,-110,-74,-110,-77,-110,-110,-87,-88,-110,-110,-87,-110,-110,-110,-110,-110,-110,-110,-110,-110,-84,-110,-110,-85,-110,-110,-110,-110,-110,-110,-110,-110,-110,-110,-110,-110,-110,-110,-110,-110,-110,-110,-90,-110,-59,-110,-57,-110,-110,-59,-87,-88,-110,-110,-110,-110,-110,-110,-78,-78,-110,-110,-110,-110,-110,-110,-110,-110,-110,-110,-110,-110,-110,-110,-110,-110,-110,-110,-110,-110,-110,-110,-110,-110,-110,-110,-110,-110,-110,-110,-110,-110,-110,-110,-110,-110,-110,-110,-110,-110,-110,-110,-110,-110,-110,-110,-110,-110,-110,-110,-110,-110,-110,-110,-110,-110,-110,-110,-110,-110,-110,-110,-110,-110,-110,-110,-110,-110,-110,-110,-110,-110,-110,-110,-110,-110,-110,-110,-110,-110,-110,-110,-110,-110,-110,-110,-110,-110,-110,-110,-110,-110,-110,-110,-110,-110,-110,-110,-110,-110,-110,-110,-110,-110,-110,-110,-110,-110,-110,-110,-110,-110,-110,-110,-110,-110,-110,-110,-110,-110,-110,-110,-110,-110,-110,-110,-110,-110,-110,-110,-110,-110,-110,-110,-110,-110,-110,-110,-110,-110,-110,-110,-110,-110,-110,-110,-110,-110,-110,-110,-110,-110,-110,-110,-110,-110,-110,-110,-110,-110,-110,-110,-110,-110,-110,-110,-110,-110,-110,-110,-110,-110,-110,-110,-110,-110,-110,-110,-110,-110,-110,-110,-110,-110,-110,-110,-110,-110,-110,-110,-110,-110,-110,-110,-110,-110,-110,-110,-110,-110,-110,-110,-110,-110,-110,-110,-110,-110,-110,-110,-110,-110,-110,-110,-110,-110,-110,-110,-110,-110,-110,-110,-110,-110,-110,-110,-110,-110,-110,-110,-110,-110,-110,-110,-110,-110,-110,-110,-110,-110,-110,-110,-110,-110,-110,-110,-110,-110,-110,-110,-110,-110,-110,-110,-110,-110,-110,-110,-110,-110,-110,-110,-110,-110,-110,-110,-110,-110,-110,-110,-110,-110,-110,-110,-110,-110,-110,-110,-110,-110,-110,-110,-110,-110,-110,-110,-110,-110,-110,-110,-110,-110,-110,-110,-110,-110,-110,-110,-110,-110,-110,-110,-110,-110,-110,-110,-110,-110,-110,-110,-110,-110,-110,-110,-110,-110,-110,-110,-110,-110,-110,-110,-110,-110,-110,-110,-110,-110,-110,-110,-110,-110,-110,-110,-110,-110,-110,-110,-110,-110,-110,-110,-110,-110,-110,-110,-110,-110,-110,-110,-110,-110,-110,-110,-110,-110,-110,-110,-110,-110,-110,-110,-110,-110,-110,-110,-110,-110,-110,-110,-110,-110,-110,-110,-110,-110,-110,-110,-110,-110,-110,-110,-110,-110,-110,-110,-110,-110,-110,-110,-110,-110,-110,-110,-110,-110,-110,-110,-110,-110,-110,-110,-110,-110,-110,-110,-110,-110,-110,-110,-110,-110,-110,-110,-110,-110,-110,-110,-110,-110,-110,-110,-110,-110,-110,-110,-110,-110,-110,-110,-110,-110,-110,-110,-110,-110,-110,-110,-110,-110,-110,-110,-110,-110,-110,-110,-110,-110,-110,-110,-110,-110,-110,-110,-110,-110,-110,-110,-110,-110,-110,-110,-110,-110,-110,-110,-110,-110,-110,-110,-110,-110,-110,-110,-110,-110,-110,-110,-110,-110,-110,-110,-110,-110,-110,-110,-110,-110,-110,-110,-110,-110,-110,-110,-110,-110,-110,-110,-110,-110,-110,-110,-110,-110,-110,-110,-110,-110,-110,-110,-110,-110,-110,-110,-110,-110,-110,-110,-110,-110,-110,-110,-110,-110,-110,-110,-110,-110,-110,-110,-110,-110,-110,-110,-110,-110,-110,-110,-110,-110,-110,-110,-110,-110,-110,-110,-110,-110,-110,-110,-110,-110,-110,-110,-110,-110
26,8.52431189,16.69981527,5,-75,-110,-110,-79,-110,-74,-110,-79,-110,-110,-87,-110,-110,-110,-110,-110,-87,-110,-89,-110,-110,-92,-110,-110,-110,-110,-85,-83,-110,-86,-110,-110,-110,-93,-110,-110,-110,-110,-110,-110,-110,-110,-110,-110,-110,-110,-89,-110,-61,-110,-60,-60,-110,-58,-88,-86,-110,-110,-110,-110,-110,-110,-78,-77,-110,-110,-110,-110,-110,-110,-110,-110,-110,-110,-110,-110,-110,-110,-110,-110,-110,-110,-110,-110,-110,-110,-110,-110,-110,-110,-110,-110,-110,-110,-110,-110,-110,-110,-110,-110,-110,-110,-110,-110,-110,-110,-110,-110,-110,-110,-110,-110,-110,-110,-110,-110,-110,-110,-110,-110,-110,-110,-110,-110,-110,-110,-110,-110,-110,-110,-110,-110,-110,-110,-110,-110,-110,-110,-110,-110,-110,-110,-110,-110,-110,-110,-110,-110,-110,-110,-110,-110,-110,-110,-110,-110,-110,-110,-110,-110,-110,-110,-110,-110,-110,-110,-110,-110,-110,-110,-110,-110,-110,-110,-110,-110,-110,-110,-110,-110,-110,-110,-110,-110,-110,-110,-110,-110,-110,-110,-110,-110,-110,-110,-110,-110,-110,-110,-110,-110,-110,-110,-110,-110,-110,-110,-110,-110,-110,-110,-110,-110,-110,-110,-110,-110,-110,-110,-110,-110,-110,-110,-110,-110,-110,-110,-110,-110,-110,-110,-110,-110,-110,-110,-110,-110,-110,-110,-110,-110,-110,-110,-110,-110,-110,-110,-110,-110,-110,-110,-110,-110,-110,-110,-110,-110,-110,-110,-110,-110,-110,-110,-110,-110,-110,-110,-110,-110,-110,-110,-110,-110,-110,-110,-110,-110,-110,-110,-110,-110,-110,-110,-110,-110,-110,-110,-110,-110,-110,-110,-110,-110,-110,-110,-110,-110,-110,-110,-110,-110,-110,-110,-110,-110,-110,-110,-110,-110,-110,-110,-110,-110,-110,-110,-110,-110,-110,-110,-110,-110,-110,-110,-110,-110,-110,-110,-110,-110,-110,-110,-110,-110,-110,-110,-110,-110,-110,-110,-110,-110,-110,-110,-110,-110,-110,-110,-110,-110,-110,-110,-110,-110,-110,-110,-110,-110,-110,-110,-110,-110,-110,-110,-110,-110,-110,-110,-110,-110,-110,-110,-110,-110,-110,-110,-110,-110,-110,-110,-110,-110,-110,-110,-110,-110,-110,-110,-110,-110,-110,-110,-110,-110,-110,-110,-110,-110,-110,-110,-110,-110,-110,-110,-110,-110,-110,-110,-110,-110,-110,-110,-110,-110,-110,-110,-110,-110,-110,-110,-110,-110,-110,-110,-110,-110,-110,-110,-110,-110,-110,-110,-110,-110,-110,-110,-110,-110,-110,-110,-110,-110,-110,-110,-110,-110,-110,-110,-110,-110,-110,-110,-110,-110,-110,-110,-110,-110,-110,-110,-110,-110,-110,-110,-110,-110,-110,-110,-110,-110,-110,-110,-110,-110,-110,-110,-110,-110,-110,-110,-110,-110,-110,-110,-110,-110,-110,-110,-110,-110,-110,-110,-110,-110,-110,-110,-110,-110,-110,-110,-110,-110,-110,-110,-110,-110,-110,-110,-110,-110,-110,-110,-110,-110,-110,-110,-110,-110,-110,-110,-110,-110,-110,-110,-110,-110,-110,-110,-110,-110,-110,-110,-110,-110,-110,-110,-110,-110,-110,-110,-110,-110,-110,-110,-110,-110,-110,-110,-110,-110,-110,-110,-110,-110,-110,-110,-110,-110,-110,-110,-110,-110,-110,-110,-110,-110,-110,-110,-110,-110,-110,-110,-110,-110,-110,-110,-110,-110,-110,-110,-110,-110,-110,-110,-110,-110,-110,-110,-110,-110,-110,-110,-110,-110,-110,-110,-110,-110,-110,-110,-110,-110,-110,-110,-110,-110,-110,-110,-110,-110,-110,-110,-110,-110,-110,-110,-110,-110,-110,-110,-110,-110
26,8.52431189,16.69981527,5,-76,-110,-110,-79,-110,-75,-110,-78,-110,-110,-89,-86,-110,-110,-110,-110,-89,-110,-89,-110,-110,-90,-110,-110,-83,-110,-86,-82,-110,-86,-110,-110,-89,-89,-110,-110,-110,-110,-110,-110,-110,-110,-110,-110,-110,-110,-88,-85,-59,-110,-61,-58,-110,-64,-86,-87,-110,-110,-110,-110,-110,-110,-77,-76,-110,-110,-110,-110,-91,-110,-90,-110,-110,-110,-110,-110,-110,-110,-110,-110,-110,-110,-110,-110,-110,-110,-110,-110,-110,-110,-110,-110,-110,-110,-110,-110,-110,-110,-110,-110,-110,-110,-110,-110,-110,-110,-110,-110,-110,-110,-110,-110,-110,-110,-110,-110,-110,-110,-110,-110,-110,-110,-110,-110,-110,-110,-110,-110,-110,-110,-110,-110,-110,-110,-110,-110,-110,-110,-110,-110,-110,-110,-110,-110,-110,-110,-110,-110,-110,-110,-110,-110,-110,-110,-110,-110,-110,-110,-110,-110,-110,-110,-110,-110,-110,-110,-110,-110,-110,-110,-110,-110,-110,-110,-110,-110,-110,-110,-110,-110,-110,-110,-110,-110,-110,-110,-110,-110,-110,-110,-110,-110,-110,-110,-110,-110,-110,-110,-110,-110,-110,-110,-110,-110,-110,-110,-110,-110,-110,-110,-110,-110,-110,-110,-110,-110,-110,-110,-110,-110,-110,-110,-110,-110,-110,-110,-110,-110,-110,-110,-110,-110,-110,-110,-110,-110,-110,-110,-110,-110,-110,-110,-110,-110,-110,-110,-110,-110,-110,-110,-110,-110,-110,-110,-110,-110,-110,-110,-110,-110,-110,-110,-110,-110,-110,-110,-110,-110,-110,-110,-110,-110,-110,-110,-110,-110,-110,-110,-110,-110,-110,-110,-110,-110,-110,-110,-110,-110,-110,-110,-110,-110,-110,-110,-110,-110,-110,-110,-110,-110,-110,-110,-110,-110,-110,-110,-110,-110,-110,-110,-110,-110,-110,-110,-110,-110,-110,-110,-110,-110,-110,-110,-110,-110,-110,-110,-110,-110,-110,-110,-110,-110,-110,-110,-110,-110,-110,-110,-110,-110,-110,-110,-110,-110,-110,-110,-110,-110,-110,-110,-110,-110,-110,-110,-110,-110,-110,-110,-110,-110,-110,-110,-110,-110,-110,-110,-110,-110,-110,-110,-110,-110,-110,-110,-110,-110,-110,-110,-110,-110,-110,-110,-110,-110,-110,-110,-110,-110,-110,-110,-110,-110,-110,-110,-110,-110,-110,-110,-110,-110,-110,-110,-110,-110,-110,-110,-110,-110,-110,-110,-110,-110,-110,-110,-110,-110,-110,-110,-110,-110,-110,-110,-110,-110,-110,-110,-110,-110,-110,-110,-110,-110,-110,-110,-110,-110,-110,-110,-110,-110,-110,-110,-110,-110,-110,-110,-110,-110,-110,-110,-110,-110,-110,-110,-110,-110,-110,-110,-110,-110,-110,-110,-110,-110,-110,-110,-110,-110,-110,-110,-110,-110,-110,-110,-110,-110,-110,-110,-110,-110,-110,-110,-110,-110,-110,-110,-110,-110,-110,-110,-110,-110,-110,-110,-110,-110,-110,-110,-110,-110,-110,-110,-110,-110,-110,-110,-110,-110,-110,-110,-110,-110,-110,-110,-110,-110,-110,-110,-110,-110,-110,-110,-110,-110,-110,-110,-110,-110,-110,-110,-110,-110,-110,-110,-110,-110,-110,-110,-110,-110,-110,-110,-110,-110,-110,-110,-110,-110,-110,-110,-110,-110,-110,-110,-110,-110,-110,-110,-110,-110,-110,-110,-110,-110,-110,-110,-110,-110,-110,-110,-110,-110,-110,-110,-110,-110,-110,-110,-110,-110,-110,-110,-110,-110,-110,-110,-110,-110,-110,-110,-110,-110,-110,-110,-110,-110,-110,-110,-110,-110,-110,-110,-110,-110,-110,-110,-110,-110,-110,-110,-110,-110,-110,-110,-110,-110,-110,-110,-110,-110
26,8.52431189,16.69981527,5,-75,-110,-110,-80,-110,-76,-110,-81,-110,-110,-88,-110,-110,-110,-89,-110,-90,-110,-110,-110,-110,-91,-110,-110,-81,-110,-110,-83,-110,-84,-110,-110,-89,-88,-110,-110,-110,-110,-110,-110,-110,-110,-110,-110,-110,-110,-87,-87,-57,-110,-58,-58,-110,-62,-110,-85,-110,-110,-110,-110,-110,-110,-78,-77,-110,-110,-110,-110,-91,-110,-91,-110,-110,-110,-91,-110,-110,-110,-110,-110,-110,-110,-110,-110,-110,-110,-110,-110,-110,-110,-110,-110,-110,-110,-110,-110,-110,-110,-110,-110,-110,-110,-110,-110,-110,-110,-110,-110,-110,-110,-110,-110,-110,-110,-110,-110,-110,-110,-110,-110,-110,-110,-110,-110,-110,-110,-110,-110,-110,-110,-110,-110,-110,-110,-110,-110,-110,-110,-110,-110,-110,-110,-110,-110,-110,-110,-110,-110,-110,-110,-110,-110,-110,-110,-110,-110,-110,-110,-110,-110,-110,-110,-110,-110,-110,-110,-110,-110,-110,-110,-110,-110,-110,-110,-110,-110,-110,-110,-110,-110,-110,-110,-110,-110,-110,-110,-110,-110,-110,-110,-110,-110,-110,-110,-110,-110,-110,-110,-110,-110,-110,-110,-110,-110,-110,-110,-110,-110,-110,-110,-110,-110,-110,-110,-110,-110,-110,-110,-110,-110,-110,-110,-110,-110,-110,-110,-110,-110,-110,-110,-110,-110,-110,-110,-110,-110,-110,-110,-110,-110,-110,-110,-110,-110,-110,-110,-110,-110,-110,-110,-110,-110,-110,-110,-110,-110,-110,-110,-110,-110,-110,-110,-110,-110,-110,-110,-110,-110,-110,-110,-110,-110,-110,-110,-110,-110,-110,-110,-110,-110,-110,-110,-110,-110,-110,-110,-110,-110,-110,-110,-110,-110,-110,-110,-110,-110,-110,-110,-110,-110,-110,-110,-110,-110,-110,-110,-110,-110,-110,-110,-110,-110,-110,-110,-110,-110,-110,-110,-110,-110,-110,-110,-110,-110,-110,-110,-110,-110,-110,-110,-110,-110,-110,-110,-110,-110,-110,-110,-110,-110,-110,-110,-110,-110,-110,-110,-110,-110,-110,-110,-110,-110,-110,-110,-110,-110,-110,-110,-110,-110,-110,-110,-110,-110,-110,-110,-110,-110,-110,-110,-110,-110,-110,-110,-110,-110,-110,-110,-110,-110,-110,-110,-110,-110,-110,-110,-110,-110,-110,-110,-110,-110,-110,-110,-110,-110,-110,-110,-110,-110,-110,-110,-110,-110,-110,-110,-110,-110,-110,-110,-110,-110,-110,-110,-110,-110,-110,-110,-110,-110,-110,-110,-110,-110,-110,-110,-110,-110,-110,-110,-110,-110,-110,-110,-110,-110,-110,-110,-110,-110,-110,-110,-110,-110,-110,-110,-110,-110,-110,-110,-110,-110,-110,-110,-110,-110,-110,-110,-110,-110,-110,-110,-110,-110,-110,-110,-110,-110,-110,-110,-110,-110,-110,-110,-110,-110,-110,-110,-110,-110,-110,-110,-110,-110,-110,-110,-110,-110,-110,-110,-110,-110,-110,-110,-110,-110,-110,-110,-110,-110,-110,-110,-110,-110,-110,-110,-110,-110,-110,-110,-110,-110,-110,-110,-110,-110,-110,-110,-110,-110,-110,-110,-110,-110,-110,-110,-110,-110,-110,-110,-110,-110,-110,-110,-110,-110,-110,-110,-110,-110,-110,-110,-110,-110,-110,-110,-110,-110,-110,-110,-110,-110,-110,-110,-110,-110,-110,-110,-110,-110,-110,-110,-110,-110,-110,-110,-110,-110,-110,-110,-110,-110,-110,-110,-110,-110,-110,-110,-110,-110,-110,-110,-110,-110,-110,-110,-110,-110,-110,-110,-110,-110,-110,-110,-110,-110,-110,-110,-110,-110,-110,-110,-110,-110,-110,-110,-110,-110,-110,-110,-110,-110,-110,-110,-110,-110,-110,-110,-110,-110
27,12.91385188,16.69981527,5,-68,-110,-110,-63,-110,-68,-110,-63,-110,-110,-110,-110,-110,-110,-87,-110,-86,-110,-110,-110,-110,-110,-110,-110,-73,-110,-76,-72,-110,-77,-110,-110,-88,-86,-110,-110,-110,-110,-110,-110,-93,-92,-110,-110,-110,-110,-110,-110,-110,-110,-77,-73,-110,-73,-110,-110,-84,-91,-110,-110,-110,-88,-110,-110,-110,-110,-110,-110,-110,-110,-110,-91,-110,-110,-86,-110,-110,-90,-110,-110,-110,-110,-110,-110,-110,-110,-110,-93,-110,-110,-110,-110,-110,-110,-110,-110,-110,-86,-86,-110,-110,-110,-110,-110,-110,-110,-110,-110,-110,-110,-110,-110,-110,-110,-110,-90,-110,-110,-110,-110,-110,-110,-110,-110,-110,-110,-110,-110,-110,-110,-110,-110,-110,-110,-110,-110,-110,-110,-110,-110,-110,-110,-110,-110,-93,-110,-110,-110,-110,-110,-110,-110,-110,-110,-110,-110,-110,-110,-110,-110,-110,-110,-110,-110,-110,-110,-110,-110,-110,-110,-110,-110,-110,-110,-110,-110,-110,-110,-110,-110,-110,-110,-110,-110,-110,-110,-110,-110,-110,-110,-110,-110,-110,-110,-110,-110,-110,-110,-110,-110,-110,-110,-110,-110,-110,-110,-110,-110,-110,-110,-110,-110,-110,-110,-110,-110,-110,-110,-110,-110,-110,-110,-110,-110,-110,-110,-110,-110,-110,-110,-110,-110,-110,-110,-110,-110,-110,-110,-110,-110,-110,-110,-110,-110,-110,-110,-110,-110,-110,-110,-110,-110,-110,-110,-110,-110,-110,-110,-110,-110,-110,-110,-110,-110,-110,-110,-110,-110,-110,-110,-110,-110,-110,-110,-110,-110,-110,-110,-110,-110,-110,-110,-110,-110,-110,-110,-110,-110,-110,-110,-110,-110,-110,-110,-110,-110,-110,-110,-110,-110,-110,-110,-110,-110,-110,-110,-110,-110,-110,-110,-110,-110,-110,-110,-110,-110,-110,-110,-110,-110,-110,-110,-110,-110,-110,-110,-110,-110,-110,-110,-110,-110,-110,-110,-110,-110,-110,-110,-110,-110,-110,-110,-110,-110,-110,-110,-110,-110,-110,-110,-110,-110,-110,-110,-110,-110,-110,-110,-110,-110,-110,-110,-110,-110,-110,-110,-110,-110,-110,-110,-110,-110,-110,-110,-110,-110,-110,-110,-110,-110,-110,-110,-110,-110,-110,-110,-110,-110,-110,-110,-110,-110,-110,-110,-110,-110,-110,-110,-110,-110,-110,-110,-110,-110,-110,-110,-110,-110,-110,-110,-110,-110,-110,-110,-110,-110,-110,-110,-110,-110,-110,-110,-110,-110,-110,-110,-110,-110,-110,-110,-110,-110,-110,-110,-110,-110,-110,-110,-110,-110,-110,-110,-110,-110,-110,-110,-110,-110,-110,-110,-110,-110,-110,-110,-110,-110,-110,-110,-110,-110,-110,-110,-110,-110,-110,-110,-110,-110,-110,-110,-110,-110,-110,-110,-110,-110,-110,-110,-110,-110,-110,-110,-110,-110,-110,-110,-110,-110,-110,-110,-110,-110,-110,-110,-110,-110,-110,-110,-110,-110,-110,-110,-110,-110,-110,-110,-110,-110,-110,-110,-110,-110,-110,-110,-110,-110,-110,-110,-110,-110,-110,-110,-110,-110,-110,-110,-110,-110,-110,-110,-110,-110,-110,-110,-110,-110,-110,-110,-110,-110,-110,-110,-110,-110,-110,-110,-110,-110,-110,-110,-110,-110,-110,-110,-110,-110,-110,-110,-110,-110,-110,-110,-110,-110,-110,-110,-110,-110,-110,-110,-110,-110,-110,-110,-110,-110,-110,-110,-110,-110,-110,-110,-110,-110,-110,-110,-110,-110,-110,-110,-110,-110,-110,-110,-110,-110,-110,-110,-110,-110,-110,-110,-110,-110,-110,-110,-110,-110,-110,-110,-110,-110,-110,-110,-110,-110,-110,-110,-110,-110
27,12.91385188,16.69981527,5,-70,-110,-110,-64,-110,-71,-110,-65,-110,-110,-110,-110,-110,-110,-86,-110,-110,-110,-110,-110,-110,-110,-110,-110,-76,-110,-80,-77,-110,-80,-110,-110,-86,-85,-110,-110,-110,-110,-110,-110,-110,-110,-110,-110,-110,-110,-110,-110,-75,-87,-77,-73,-88,-84,-110,-110,-89,-86,-88,-87,-88,-84,-71,-72,-110,-110,-110,-110,-110,-110,-110,-86,-110,-110,-88,-110,-110,-91,-110,-110,-110,-110,-110,-110,-110,-110,-110,-110,-110,-110,-110,-110,-110,-110,-110,-110,-110,-86,-87,-110,-110,-110,-110,-110,-110,-110,-110,-110,-110,-110,-110,-110,-110,-110,-110,-90,-110,-110,-110,-110,-110,-110,-110,-110,-110,-110,-110,-110,-110,-110,-110,-110,-110,-110,-110,-110,-110,-110,-110,-110,-110,-110,-110,-110,-92,-110,-110,-110,-110,-110,-110,-110,-110,-110,-110,-110,-110,-110,-110,-110,-110,-110,-110,-110,-110,-110,-110,-110,-110,-110,-110,-110,-110,-110,-110,-110,-110,-110,-110,-110,-110,-110,-110,-110,-110,-110,-110,-110,-110,-110,-110,-110,-110,-110,-110,-110,-110,-110,-110,-110,-110,-110,-110,-110,-110,-110,-110,-110,-110,-110,-110,-110,-110,-110,-110,-110,-110,-110,-110,-110,-110,-110,-110,-110,-110,-110,-110,-110,-110,-110,-110,-110,-110,-110,-110,-110,-110,-110,-110,-110,-110,-110,-110,-110,-110,-110,-110,-110,-110,-110,-110,-110,-110,-110,-110,-110,-110,-110,-110,-110,-110,-110,-110,-110,-110,-110,-110,-110,-110,-110,-110,-110,-110,-110,-110,-110,-110,-110,-110,-110,-110,-110,-110,-110,-110,-110,-110,-110,-110,-110,-110,-110,-110,-110,-110,-110,-110,-110,-110,-110,-110,-110,-110,-110,-110,-110,-110,-110,-110,-110,-110,-110,-110,-110,-110,-110,-110,-110,-110,-110,-110,-110,-110,-110,-110,-110,-110,-110,-110,-110,-110,-110,-110,-110,-110,-110,-110,-110,-110,-110,-110,-110,-110,-110,-110,-110,-110,-110,-110,-110,-110,-110,-110,-110,-110,-110,-110,-110,-110,-110,-110,-110,-110,-110,-110,-110,-110,-110,-110,-110,-110,-110,-110,-110,-110,-110,-110,-110,-110,-110,-110,-110,-110,-110,-110,-110,-110,-110,-110,-110,-110,-110,-110,-110,-110,-110,-110,-110,-110,-110,-110,-110,-110,-110,-110,-110,-110,-110,-110,-110,-110,-110,-110,-110,-110,-110,-110,-110,-110,-110,-110,-110,-110,-110,-110,-110,-110,-110,-110,-110,-110,-110,-110,-110,-110,-110,-110,-110,-110,-110,-110,-110,-110,-110,-110,-110,-110,-110,-110,-110,-110,-110,-110,-110,-110,-110,-110,-110,-110,-110,-110,-110,-110,-110,-110,-110,-110,-110,-110,-110,-110,-110,-110,-110,-110,-110,-110,-110,-110,-110,-110,-110,-110,-110,-110,-110,-110,-110,-110,-110,-110,-110,-110,-110,-110,-110,-110,-110,-110,-110,-110,-110,-110,-110,-110,-110,-110,-110,-110,-110,-110,-110,-110,-110,-110,-110,-110,-110,-110,-110,-110,-110,-110,-110,-110,-110,-110,-110,-110,-110,-110,-110,-110,-110,-110,-110,-110,-110,-110,-110,-110,-110,-110,-110,-110,-110,-110,-110,-110,-110,-110,-110,-110,-110,-110,-110,-110,-110,-110,-110,-110,-110,-110,-110,-110,-110,-110,-110,-110,-110,-110,-110,-110,-110,-110,-110,-110,-110,-110,-110,-110,-110,-110,-110,-110,-110,-110,-110,-110,-110,-110,-110,-110,-110,-110,-110,-110,-110,-110,-110,-110,-110,-110,-110,-110,-110,-110,-110,-110,-110,-110,-110,-110,-110,-110,-110,-110,-110,-110,-110
27,12.91385188,16.69981527,5,-71,-110,-110,-65,-110,-72,-110,-65,-110,-110,-94,-90,-110,-110,-86,-110,-110,-110,-110,-110,-110,-110,-110,-110,-76,-110,-79,-75,-110,-80,-110,-110,-86,-84,-110,-110,-110,-110,-110,-110,-110,-110,-110,-110,-110,-110,-110,-110,-76,-88,-74,-71,-88,-71,-110,-110,-87,-89,-110,-110,-88,-84,-69,-69,-110,-110,-110,-110,-110,-110,-110,-110,-110,-110,-87,-110,-110,-90,-110,-110,-110,-110,-110,-110,-110,-110,-110,-93,-110,-110,-110,-110,-110,-110,-110,-110,-110,-86,-86,-110,-110,-110,-110,-110,-110,-110,-110,-110,-110,-110,-110,-110,-110,-110,-110,-92,-110,-110,-110,-110,-110,-110,-110,-110,-110,-110,-110,-110,-110,-89,-110,-110,-110,-110,-110,-110,-110,-110,-110,-110,-110,-110,-110,-110,-93,-110,-110,-110,-110,-110,-110,-110,-110,-110,-110,-110,-110,-110,-110,-110,-110,-110,-110,-110,-110,-110,-110,-110,-110,-110,-110,-110,-110,-110,-110,-110,-110,-110,-110,-110,-110,-110,-110,-110,-110,-110,-110,-110,-110,-110,-110,-110,-110,-110,-110,-110,-110,-110,-110,-110,-110,-110,-110,-110,-110,-110,-110,-110,-110,-110,-110,-110,-110,-110,-110,-110,-110,-110,-110,-110,-110,-110,-110,-110,-110,-110,-110,-110,-110,-110,-110,-110,-110,-110,-110,-110,-110,-110,-110,-110,-110,-110,-110,-110,-110,-110,-110,-110,-110,-110,-110,-110,-110,-110,-110,-110,-110,-110,-110,-110,-110,-110,-110,-110,-110,-110,-110,-110,-110,-110,-110,-110,-110,-110,-110,-110,-110,-110,-110,-110,-110,-110,-110,-110,-110,-110,-110,-110,-110,-110,-110,-110,-110,-110,-110,-110,-110,-110,-110,-110,-110,-110,-110,-110,-110,-110,-110,-110,-110,-110,-110,-110,-110,-110,-110,-110,-110,-110,-110,-110,-110,-110,-110,-110,-110,-110,-110,-110,-110,-110,-110,-110,-110,-110,-110,-110,-110,-110,-110,-110,-110,-110,-110,-110,-110,-110,-110,-110,-110,-110,-110,-110,-110,-110,-110,-110,-110,-110,-110,-110,-110,-110,-110,-110,-110,-110,-110,-110,-110,-110,-110,-110,-110,-110,-110,-110,-110,-110,-110,-110,-110,-110,-110,-110,-110,-110,-110,-110,-110,-110,-110,-110,-110,-110,-110,-110,-110,-110,-110,-110,-110,-110,-110,-110,-110,-110,-110,-110,-110,-110,-110,-110,-110,-110,-110,-110,-110,-110,-110,-110,-110,-110,-110,-110,-110,-110,-110,-110,-110,-110,-110,-110,-110,-110,-110,-110,-110,-110,-110,-110,-110,-110,-110,-110,-110,-110,-110,-110,-110,-110,-110,-110,-110,-110,-110,-110,-110,-110,-110,-110,-110,-110,-110,-110,-110,-110,-110,-110,-110,-110,-110,-110,-110,-110,-110,-110,-110,-110,-110,-110,-110,-110,-110,-110,-110,-110,-110,-110,-110,-110,-110,-110,-110,-110,-110,-110,-110,-110,-110,-110,-110,-110,-110,-110,-110,-110,-110,-110,-110,-110,-110,-110,-110,-110,-110,-110,-110,-110,-110,-110,-110,-110,-110,-110,-110,-110,-110,-110,-110,-110,-110,-110,-110,-110,-110,-110,-110,-110,-110,-110,-110,-110,-110,-110,-110,-110,-110,-110,-110,-110,-110,-110,-110,-110,-110,-110,-110,-110,-110,-110,-110,-110,-110,-110,-110,-110,-110,-110,-110,-110,-110,-110,-110,-110,-110,-110,-110,-110,-110,-110,-110,-110,-110,-110,-110,-110,-110,-110,-110,-110,-110,-110,-110,-110,-110,-110,-110,-110,-110,-110,-110,-110,-110,-110,-110,-110,-110,-110,-110,-110,-110,-110,-110,-110,-110,-110,-110,-110,-110,-110
27,12.91385188,16.69981527,5,-72,-110,-110,-64,-110,-72,-110,-63,-110,-110,-110,-110,-110,-110,-85,-110,-84,-110,-110,-110,-110,-110,-110,-110,-110,-110,-79,-78,-110,-78,-110,-110,-84,-86,-110,-110,-110,-110,-110,-110,-110,-110,-110,-110,-110,-110,-110,-88,-73,-86,-72,-75,-87,-77,-110,-110,-85,-91,-110,-90,-86,-81,-70,-70,-110,-110,-110,-110,-110,-110,-110,-86,-110,-110,-88,-110,-110,-91,-110,-110,-110,-110,-110,-110,-110,-110,-110,-110,-110,-110,-110,-110,-110,-110,-110,-110,-110,-84,-82,-110,-110,-110,-110,-110,-110,-110,-110,-110,-110,-110,-110,-110,-110,-110,-110,-110,-110,-110,-110,-110,-110,-110,-110,-110,-110,-110,-110,-110,-110,-90,-110,-110,-110,-110,-110,-110,-110,-110,-110,-110,-110,-110,-110,-110,-110,-110,-110,-110,-110,-110,-110,-110,-110,-110,-110,-110,-110,-110,-110,-110,-110,-110,-110,-110,-110,-110,-110,-110,-110,-110,-110,-110,-110,-110,-110,-110,-110,-110,-110,-110,-110,-110,-110,-110,-110,-110,-110,-110,-110,-110,-110,-110,-110,-110,-110,-110,-110,-110,-110,-110,-110,-110,-110,-110,-110,-110,-110,-110,-110,-110,-110,-110,-110,-110,-110,-110,-110,-110,-110,-110,-110,-110,-110,-110,-110,-110,-110,-110,-110,-110,-110,-110,-110,-110,-110,-110,-110,-110,-110,-110,-110,-110,-110,-110,-110,-110,-110,-110,-110,-110,-110,-110,-110,-110,-110,-110,-110,-110,-110,-110,-110,-110,-110,-110,-110,-110,-110,-110,-110,-110,-110,-110,-110,-110,-110,-110,-110,-110,-110,-110,-110,-110,-110,-110,-110,-110,-110,-110,-110,-110,-110,-110,-110,-110,-110,-110,-110,-110,-110,-110,-110,-110,-110,-110,-110,-110,-110,-110,-110,-110,-110,-110,-110,-110,-110,-110,-110,-110,-110,-110,-110,-110,-110,-110,-110,-110,-110,-110,-110,-110,-110,-110,-110,-110,-110,-110,-110,-110,-110,-110,-110,-110,-110,-110,-110,-110,-110,-110,-110,-110,-110,-110,-110,-110,-110,-110,-110,-110,-110,-110,-110,-110,-110,-110,-110,-110,-110,-110,-110,-110,-110,-110,-110,-110,-110,-110,-110,-110,-110,-110,-110,-110,-110,-110,-110,-110,-110,-110,-110,-110,-110,-110,-110,-110,-110,-110,-110,-110,-110,-110,-110,-110,-110,-110,-110,-110,-110,-110,-110,-110,-110,-110,-110,-110,-110,-110,-110,-110,-110,-110,-110,-110,-110,-110,-110,-110,-110,-110,-110,-110,-110,-110,-110,-110,-110,-110,-110,-110,-110,-110,-110,-110,-110,-110,-110,-110,-110,-110,-110,-110,-110,-110,-110,-110,-110,-110,-110,-110,-110,-110,-110,-110,-110,-110,-110,-110,-110,-110,-110,-110,-110,-110,-110,-110,-110,-110,-110,-110,-110,-110,-110,-110,-110,-110,-110,-110,-110,-110,-110,-110,-110,-110,-110,-110,-110,-110,-110,-110,-110,-110,-110,-110,-110,-110,-110,-110,-110,-110,-110,-110,-110,-110,-110,-110,-110,-110,-110,-110,-110,-110,-110,-110,-110,-110,-110,-110,-110,-110,-110,-110,-110,-110,-110,-110,-110,-110,-110,-110,-110,-110,-110,-110,-110,-110,-110,-110,-110,-110,-110,-110,-110,-110,-110,-110,-110,-110,-110,-110,-110,-110,-110,-110,-110,-110,-110,-110,-110,-110,-110,-110,-110,-110,-110,-110,-110,-110,-110,-110,-110,-110,-110,-110,-110,-110,-110,-110,-110,-110,-110,-110,-110,-110,-110,-110,-110,-110,-110,-110,-110,-110,-110,-110,-110,-110,-110,-110,-110,-110,-110,-110,-110,-110,-110,-110,-110,-110,-110,-110,-110,-110
27,12.91385188,16.69981527,5,-72,-110,-110,-65,-110,-71,-110,-65,-110,-110,-110,-110,-110,-110,-86,-110,-85,-110,-110,-110,-110,-110,-110,-110,-73,-110,-80,-76,-110,-77,-110,-110,-84,-84,-110,-110,-110,-110,-110,-110,-110,-110,-110,-110,-110,-110,-110,-110,-72,-87,-74,-110,-85,-71,-110,-110,-110,-86,-91,-89,-89,-84,-77,-73,-110,-110,-110,-110,-110,-110,-110,-83,-110,-110,-87,-110,-110,-110,-110,-110,-110,-110,-110,-110,-110,-88,-110,-110,-110,-110,-110,-110,-110,-110,-110,-110,-110,-89,-86,-110,-110,-110,-110,-110,-110,-110,-110,-110,-110,-110,-110,-110,-110,-110,-110,-110,-110,-110,-110,-110,-110,-110,-110,-110,-110,-110,-110,-110,-110,-110,-110,-110,-110,-110,-110,-110,-110,-110,-110,-110,-110,-110,-110,-110,-110,-110,-110,-110,-110,-110,-110,-110,-110,-110,-110,-110,-110,-110,-110,-110,-110,-110,-110,-110,-110,-110,-110,-110,-110,-110,-110,-110,-110,-110,-110,-110,-110,-110,-110,-110,-110,-110,-110,-110,-110,-110,-110,-110,-110,-110,-110,-110,-110,-110,-110,-110,-110,-110,-110,-110,-110,-110,-110,-110,-110,-110,-110,-110,-110,-110,-110,-110,-110,-110,-110,-110,-110,-110,-110,-110,-110,-110,-110,-110,-110,-110,-110,-110,-110,-110,-110,-110,-110,-110,-110,-110,-110,-110,-110,-110,-110,-110,-110,-110,-110,-110,-110,-110,-110,-110,-110,-110,-110,-110,-110,-110,-110,-110,-110,-110,-110,-110,-110,-110,-110,-110,-110,-110,-110,-110,-110,-110,-110,-110,-110,-110,-110,-110,-110,-110,-110,-110,-110,-110,-110,-110,-110,-110,-110,-110,-110,-110,-110,-110,-110,-110,-110,-110,-110,-110,-110,-110,-110,-110,-110,-110,-110,-110,-110,-110,-110,-110,-110,-110,-110,-110,-110,-110,-110,-110,-110,-110,-110,-110,-110,-110,-110,-110,-110,-110,-110,-110,-110,-110,-110,-110,-110,-110,-110,-110,-110,-110,-110,-110,-110,-110,-110,-110,-110,-110,-110,-110,-110,-110,-110,-110,-110,-110,-110,-110,-110,-110,-110,-110,-110,-110,-110,-110,-110,-110,-110,-110,-110,-110,-110,-110,-110,-110,-110,-110,-110,-110,-110,-110,-110,-110,-110,-110,-110,-110,-110,-110,-110,-110,-110,-110,-110,-110,-110,-110,-110,-110,-110,-110,-110,-110,-110,-110,-110,-110,-110,-110,-110,-110,-110,-110,-110,-110,-110,-110,-110,-110,-110,-110,-110,-110,-110,-110,-110,-110,-110,-110,-110,-110,-110,-110,-110,-110,-110,-110,-110,-110,-110,-110,-110,-110,-110,-110,-110,-110,-110,-110,-110,-110,-110,-110,-110,-110,-110,-110,-110,-110,-110,-110,-110,-110,-110,-110,-110,-110,-110,-110,-110,-110,-110,-110,-110,-110,-110,-110,-110,-110,-110,-110,-110,-110,-110,-110,-110,-110,-110,-110,-110,-110,-110,-110,-110,-110,-110,-110,-110,-110,-110,-110,-110,-110,-110,-110,-110,-110,-110,-110,-110,-110,-110,-110,-110,-110,-110,-110,-110,-110,-110,-110,-110,-110,-110,-110,-110,-110,-110,-110,-110,-110,-110,-110,-110,-110,-110,-110,-110,-110,-110,-110,-110,-110,-110,-110,-110,-110,-110,-110,-110,-110,-110,-110,-110,-110,-110,-110,-110,-110,-110,-110,-110,-110,-110,-110,-110,-110,-110,-110,-110,-110,-110,-110,-110,-110,-110,-110,-110,-110,-110,-110,-110,-110,-110,-110,-110,-110,-110,-110,-110,-110,-110,-110,-110,-110,-110,-110,-110,-110,-110,-110,-110,-110,-110,-110,-110,-110,-110,-110,-110,-110,-110,-110,-110,-110,-110,-110
27,12.91385188,16.69981527,5,-72,-110,-110,-65,-110,-73,-110,-65,-110,-110,-110,-92,-110,-110,-85,-110,-86,-110,-110,-110,-110,-110,-110,-110,-74,-110,-79,-74,-110,-80,-110,-110,-85,-83,-110,-110,-110,-110,-110,-110,-110,-110,-110,-110,-110,-110,-86,-110,-77,-87,-80,-74,-87,-74,-110,-110,-110,-110,-88,-110,-87,-83,-67,-70,-110,-110,-110,-110,-110,-110,-110,-88,-110,-110,-110,-110,-110,-110,-110,-110,-110,-110,-110,-110,-110,-110,-110,-92,-110,-110,-110,-110,-110,-110,-110,-110,-110,-85,-86,-110,-110,-110,-110,-110,-110,-110,-110,-110,-110,-110,-110,-110,-110,-110,-110,-110,-110,-110,-110,-110,-110,-110,-110,-110,-110,-110,-110,-110,-110,-91,-110,-110,-110,-110,-110,-110,-110,-110,-110,-110,-110,-110,-110,-110,-110,-110,-110,-110,-110,-110,-110,-110,-110,-110,-110,-110,-110,-110,-110,-110,-110,-110,-110,-110,-110,-110,-110,-110,-110,-110,-110,-110,-110,-110,-110,-110,-110,-110,-110,-110,-110,-110,-110,-110,-110,-110,-110,-110,-110,-110,-110,-110,-110,-110,-110,-110,-110,-110,-110,-110,-110,-110,-110,-110,-110,-110,-110,-110,-110,-110,-110,-110,-110,-110,-110,-110,-110,-110,-110,-110,-110,-110,-110,-110,-110,-110,-110,-110,-110,-110,-110,-110,-110,-110,-110,-110,-110,-110,-110,-110,-110,-110,-110,-110,-110,-110,-110,-110,-110,-110,-110,-110,-110,-110,-110,-110,-110,-110,-110,-110,-110,-110,-110,-110,-110,-110,-110,-110,-110,-110,-110,-110,-110,-110,-110,-110,-110,-110,-110,-110,-110,-110,-110,-110,-110,-110,-110,-110,-110,-110,-110,-110,-110,-110,-110,-110,-110,-110,-110,-110,-110,-110,-110,-110,-110,-110,-110,-110,-110,-110,-110,-110,-110,-110,-110,-110,-110,-110,-110,-110,-110,-110,-110,-110,-110,-110,-110,-110,-110,-110,-110,-110,-110,-110,-110,-110,-110,-110,-110,-110,-110,-110,-110,-110,-110,-110,-110,-110,-110,-110,-110,-110,-110,-110,-110,-110,-110,-110,-110,-110,-110,-110,-110,-110,-110,-110,-110,-110,-110,-110,-110,-110,-110,-110,-110,-110,-110,-110,-110,-110,-110,-110,-110,-110,-110,-110,-110,-110,-110,-110,-110,-110,-110,-110,-110,-110,-110,-110,-110,-110,-110,-110,-110,-110,-110,-110,-110,-110,-110,-110,-110,-110,-110,-110,-110,-110,-110,-110,-110,-110,-110,-110,-110,-110,-110,-110,-110,-110,-110,-110,-110,-110,-110,-110,-110,-110,-110,-110,-110,-110,-110,-110,-110,-110,-110,-110,-110,-110,-110,-110,-110,-110,-110,-110,-110,-110,-110,-110,-110,-110,-110,-110,-110,-110,-110,-110,-110,-110,-110,-110,-110,-110,-110,-110,-110,-110,-110,-110,-110,-110,-110,-110,-110,-110,-110,-110,-110,-110,-110,-110,-110,-110,-110,-110,-110,-110,-110,-110,-110,-110,-110,-110,-110,-110,-110,-110,-110,-110,-110,-110,-110,-110,-110,-110,-110,-110,-110,-110,-110,-110,-110,-110,-110,-110,-110,-110,-110,-110,-110,-110,-110,-110,-110,-110,-110,-110,-110,-110,-110,-110,-110,-110,-110,-110,-110,-110,-110,-110,-110,-110,-110,-110,-110,-110,-110,-110,-110,-110,-110,-110,-110,-110,-110,-110,-110,-110,-110,-110,-110,-110,-110,-110,-110,-110,-110,-110,-110,-110,-110,-110,-110,-110,-110,-110,-110,-110,-110,-110,-110,-110,-110,-110,-110,-110,-110,-110,-110,-110,-110,-110,-110,-110,-110,-110,-110,-110,-110,-110,-110,-110,-110,-110,-110,-110,-110,-110,-110,-110,-110,-110
28,4.1347719,18.487919377,5,-79,-110,-110,-75,-110,-77,-110,-78,-110,-110,-110,-88,-110,-110,-81,-110,-83,-110,-110,-110,-110,-110,-110,-110,-110,-110,-110,-85,-110,-110,-110,-110,-110,-90,-110,-110,-110,-110,-110,-110,-110,-110,-110,-110,-110,-110,-89,-110,-61,-90,-61,-59,-110,-68,-110,-110,-110,-110,-110,-110,-110,-92,-81,-84,-110,-110,-110,-110,-87,-110,-86,-110,-110,-110,-110,-110,-110,-110,-110,-110,-110,-110,-110,-110,-110,-89,-110,-110,-110,-110,-110,-110,-110,-110,-110,-110,-110,-110,-110,-110,-110,-110,-110,-110,-110,-110,-110,-110,-110,-110,-110,-110,-110,-110,-110,-110,-110,-110,-110,-110,-110,-110,-110,-110,-110,-110,-110,-110,-110,-110,-110,-110,-110,-110,-110,-110,-110,-110,-110,-110,-110,-110,-110,-110,-110,-110,-110,-110,-110,-110,-110,-110,-110,-110,-110,-110,-110,-110,-110,-110,-110,-110,-110,-110,-110,-110,-110,-110,-110,-110,-110,-110,-110,-110,-110,-110,-110,-110,-110,-110,-110,-110,-110,-110,-110,-110,-110,-110,-110,-110,-110,-110,-110,-110,-110,-110,-110,-110,-110,-110,-110,-110,-110,-110,-110,-110,-110,-110,-110,-110,-110,-110,-110,-110,-110,-110,-110,-110,-110,-110,-110,-110,-110,-110,-110,-110,-110,-110,-110,-110,-110,-110,-110,-110,-110,-110,-110,-110,-110,-110,-110,-110,-110,-110,-110,-110,-110,-110,-110,-110,-110,-110,-110,-110,-110,-110,-110,-110,-110,-110,-110,-110,-110,-110,-110,-110,-110,-110,-110,-110,-110,-110,-110,-110,-110,-110,-110,-110,-110,-110,-110,-110,-110,-110,-110,-110,-110,-110,-110,-110,-110,-110,-110,-110,-110,-110,-110,-110,-110,-110,-110,-110,-110,-110,-110,-110,-110,-110,-110,-110,-110,-110,-110,-110,-110,-110,-110,-110,-110,-110,-110,-110,-110,-110,-110,-110,-110,-110,-110,-110,-110,-110,-110,-110,-110,-110,-110,-110,-110,-110,-110,-110,-110,-110,-110,-110,-110,-110,-110,-110,-110,-110,-110,-110,-110,-110,-110,-110,-110,-110,-110,-110,-110,-110,-110,-110,-110,-110,-110,-110,-110,-110,-110,-110,-110,-110,-110,-110,-110,-110,-110,-110,-110,-110,-110,-110,-110,-110,-110,-110,-110,-110,-110,-110,-110,-110,-110,-110,-110,-110,-110,-110,-110,-110,-110,-110,-110,-110,-110,-110,-110,-110,-110,-110,-110,-110,-110,-110,-110,-110,-110,-110,-110,-110,-110,-110,-110,-110,-110,-110,-110,-110,-110,-110,-110,-110,-110,-110,-110,-110,-110,-110,-110,-110,-110,-110,-110,-110,-110,-110,-110,-110,-110,-110,-110,-110,-110,-110,-110,-110,-110,-110,-110,-110,-110,-110,-110,-110,-110,-110,-110,-110,-110,-110,-110,-110,-110,-110,-110,-110,-110,-110,-110,-110,-110,-110,-110,-110,-110,-110,-110,-110,-110,-110,-110,-110,-110,-110,-110,-110,-110,-110,-110,-110,-110,-110,-110,-110,-110,-110,-110,-110,-110,-110,-110,-110,-110,-110,-110,-110,-110,-110,-110,-110,-110,-110,-110,-110,-110,-110,-110,-110,-110,-110,-110,-110,-110,-110,-110,-110,-110,-110,-110,-110,-110,-110,-110,-110,-110,-110,-110,-110,-110,-110,-110,-110,-110,-110,-110,-110,-110,-110,-110,-110,-110,-110,-110,-110,-110,-110,-110,-110,-110,-110,-110,-110,-110,-110,-110,-110,-110,-110,-110,-110,-110,-110,-110,-110,-110,-110,-110,-110,-110,-110,-110,-110,-110,-110,-110,-110,-110,-110,-110,-110,-110,-110,-110,-110,-110,-110,-110,-110,-110,-110,-110,-110,-110,-110,-110,-110
28,4.1347719,18.487919377,5,-78,-110,-110,-79,-110,-77,-110,-77,-110,-110,-110,-89,-110,-110,-84,-110,-84,-110,-110,-110,-110,-110,-110,-110,-84,-110,-110,-82,-110,-110,-110,-110,-110,-91,-110,-110,-110,-110,-110,-110,-110,-110,-110,-110,-110,-110,-88,-90,-64,-90,-68,-63,-89,-74,-110,-110,-110,-110,-110,-110,-110,-94,-83,-84,-110,-110,-110,-110,-88,-110,-89,-110,-110,-91,-110,-110,-110,-110,-110,-110,-110,-110,-110,-110,-110,-110,-110,-110,-110,-110,-110,-110,-110,-110,-110,-110,-110,-110,-110,-110,-110,-110,-110,-110,-110,-110,-110,-110,-110,-110,-110,-110,-110,-110,-110,-110,-110,-110,-110,-110,-110,-110,-110,-110,-110,-110,-110,-110,-110,-110,-110,-110,-110,-110,-110,-110,-110,-110,-110,-110,-110,-110,-110,-110,-110,-110,-110,-110,-110,-110,-110,-110,-110,-110,-110,-110,-110,-110,-110,-110,-110,-110,-110,-110,-110,-110,-110,-110,-110,-110,-110,-110,-110,-110,-110,-110,-110,-110,-110,-110,-110,-110,-110,-110,-110,-110,-110,-110,-110,-110,-110,-110,-110,-110,-110,-110,-110,-110,-110,-110,-110,-110,-110,-110,-110,-110,-110,-110,-110,-110,-110,-110,-110,-110,-110,-110,-110,-110,-110,-110,-110,-110,-110,-110,-110,-110,-110,-110,-110,-110,-110,-110,-110,-110,-110,-110,-110,-110,-110,-110,-110,-110,-110,-110,-110,-110,-110,-110,-110,-110,-110,-110,-110,-110,-110,-110,-110,-110,-110,-110,-110,-110,-110,-110,-110,-110,-110,-110,-110,-110,-110,-110,-110,-110,-110,-110,-110,-110,-110,-110,-110,-110,-110,-110,-110,-110,-110,-110,-110,-110,-110,-110,-110,-110,-110,-110,-110,-110,-110,-110,-110,-110,-110,-110,-110,-110,-110,-110,-110,-110,-110,-110,-110,-110,-110,-110,-110,-110,-110,-110,-110,-110,-110,-110,-110,-110,-110,-110,-110,-110,-110,-110,-110,-110,-110,-110,-110,-110,-110,-110,-110,-110,-110,-110,-110,-110,-110,-110,-110,-110,-110,-110,-110,-110,-110,-110,-110,-110,-110,-110,-110,-110,-110,-110,-110,-110,-110,-110,-110,-110,-110,-110,-110,-110,-110,-110,-110,-110,-110,-110,-110,-110,-110,-110,-110,-110,-110,-110,-110,-110,-110,-110,-110,-110,-110,-110,-110,-110,-110,-110,-110,-110,-110,-110,-110,-110,-110,-110,-110,-110,-110,-110,-110,-110,-110,-110,-110,-110,-110,-110,-110,-110,-110,-110,-110,-110,-110,-110,-110,-110,-110,-110,-110,-110,-110,-110,-110,-110,-110,-110,-110,-110,-110,-110,-110,-110,-110,-110,-110,-110,-110,-110,-110,-110,-110,-110,-110,-110,-110,-110,-110,-110,-110,-110,-110,-110,-110,-110,-110,-110,-110,-110,-110,-110,-110,-110,-110,-110,-110,-110,-110,-110,-110,-110,-110,-110,-110,-110,-110,-110,-110,-110,-110,-110,-110,-110,-110,-110,-110,-110,-110,-110,-110,-110,-110,-110,-110,-110,-110,-110,-110,-110,-110,-110,-110,-110,-110,-110,-110,-110,-110,-110,-110,-110,-110,-110,-110,-110,-110,-110,-110,-110,-110,-110,-110,-110,-110,-110,-110,-110,-110,-110,-110,-110,-110,-110,-110,-110,-110,-110,-110,-110,-110,-110,-110,-110,-110,-110,-110,-110,-110,-110,-110,-110,-110,-110,-110,-110,-110,-110,-110,-110,-110,-110,-110,-110,-110,-110,-110,-110,-110,-110,-110,-110,-110,-110,-110,-110,-110,-110,-110,-110,-110,-110,-110,-110,-110,-110,-110,-110,-110,-110,-110,-110,-110,-110,-110,-110,-110,-110,-110,-110,-110,-110,-110,-110,-110,-110,-110,-110
28,4.1347719,18.487919377,5,-78,-110,-110,-77,-110,-77,-110,-75,-110,-110,-110,-89,-110,-110,-79,-110,-83,-110,-110,-110,-110,-110,-110,-110,-80,-110,-110,-79,-110,-110,-110,-110,-110,-110,-110,-110,-110,-110,-110,-110,-110,-110,-110,-110,-110,-110,-110,-89,-64,-93,-62,-63,-89,-73,-110,-110,-110,-110,-110,-110,-110,-110,-86,-86,-110,-110,-110,-110,-89,-110,-110,-110,-110,-110,-110,-110,-110,-110,-110,-110,-110,-110,-110,-110,-110,-110,-110,-110,-110,-110,-110,-110,-110,-110,-110,-110,-110,-110,-110,-110,-110,-110,-110,-110,-110,-110,-110,-110,-110,-110,-110,-110,-110,-110,-110,-110,-110,-110,-110,-110,-110,-110,-110,-110,-110,-110,-110,-110,-110,-110,-110,-110,-110,-110,-110,-110,-110,-110,-110,-110,-110,-110,-110,-110,-110,-110,-110,-110,-110,-110,-110,-110,-110,-110,-110,-110,-110,-110,-110,-110,-110,-110,-110,-110,-110,-110,-110,-110,-110,-110,-110,-110,-110,-110,-110,-110,-110,-110,-110,-110,-110,-110,-110,-110,-110,-110,-110,-110,-110,-110,-110,-110,-110,-110,-110,-110,-110,-110,-110,-110,-110,-110,-110,-110,-110,-110,-110,-110,-110,-110,-110,-110,-110,-110,-110,-110,-110,-110,-110,-110,-110,-110,-110,-110,-110,-110,-110,-110,-110,-110,-110,-110,-110,-110,-110,-110,-110,-110,-110,-110,-110,-110,-110,-110,-110,-110,-110,-110,-110,-110,-110,-110,-110,-110,-110,-110,-110,-110,-110,-110,-110,-110,-110,-110,-110,-110,-110,-110,-110,-110,-110,-110,-110,-110,-110,-110,-110,-110,-110,-110,-110,-110,-110,-110,-110,-110,-110,-110,-110,-110,-110,-110,-110,-110,-110,-110,-110,-110,-110,-110,-110,-110,-110,-110,-110,-110,-110,-110,-110,-110,-110,-110,-110,-110,-110,-110,-110,-110,-110,-110,-110,-110,-110,-110,-110,-110,-110,-110,-110,-110,-110,-110,-110,-110,-110,-110,-110,-110,-110,-110,-110,-110,-110,-110,-110,-110,-110,-110,-110,-110,-110,-110,-110,-110,-110,-110,-110,-110,-110,-110,-110,-110,-110,-110,-110,-110,-110,-110,-110,-110,-110,-110,-110,-110,-110,-110,-110,-110,-110,-110,-110,-110,-110,-110,-110,-110,-110,-110,-110,-110,-110,-110,-110,-110,-110,-110,-110,-110,-110,-110,-110,-110,-110,-110,-110,-110,-110,-110,-110,-110,-110,-110,-110,-110,-110,-110,-110,-110,-110,-110,-110,-110,-110,-110,-110,-110,-110,-110,-110,-110,-110,-110,-110,-110,-110,-110,-110,-110,-110,-110,-110,-110,-110,-110,-110,-110,-110,-110,-110,-110,-110,-110,-110,-110,-110,-110,-110,-110,-110,-110,-110,-110,-110,-110,-110,-110,-110,-110,-110,-110,-110,-110,-110,-110,-110,-110,-110,-110,-110,-110,-110,-110,-110,-110,-110,-110,-110,-110,-110,-110,-110,-110,-110,-110,-110,-110,-110,-110,-110,-110,-110,-110,-110,-110,-110,-110,-110,-110,-110,-110,-110,-110,-110,-110,-110,-110,-110,-110,-110,-110,-110,-110,-110,-110,-110,-110,-110,-110,-110,-110,-110,-110,-110,-110,-110,-110,-110,-110,-110,-110,-110,-110,-110,-110,-110,-110,-110,-110,-110,-110,-110,-110,-110,-110,-110,-110,-110,-110,-110,-110,-110,-110,-110,-110,-110,-110,-110,-110,-110,-110,-110,-110,-110,-110,-110,-110,-110,-110,-110,-110,-110,-110,-110,-110,-110,-110,-110,-110,-110,-110,-110,-110,-110,-110,-110,-110,-110,-110,-110,-110,-110,-110,-110,-110,-110,-110,-110,-110,-110,-110,-110,-110,-110,-110,-110,-110,-110,-110,-110,-110
28,4.1347719,18.487919377,5,-77,-110,-110,-75,-110,-77,-110,-76,-110,-110,-110,-110,-110,-110,-82,-110,-83,-110,-110,-110,-110,-110,-110,-110,-81,-110,-88,-81,-110,-110,-110,-110,-110,-110,-110,-110,-110,-110,-110,-110,-110,-110,-110,-110,-110,-110,-110,-91,-62,-90,-62,-61,-89,-75,-110,-110,-110,-110,-110,-110,-110,-110,-86,-87,-110,-110,-110,-110,-85,-110,-85,-110,-110,-110,-110,-110,-110,-110,-110,-110,-110,-110,-110,-110,-110,-110,-110,-110,-110,-110,-110,-110,-110,-110,-110,-110,-110,-110,-110,-110,-110,-110,-110,-110,-110,-110,-110,-110,-110,-110,-110,-110,-110,-110,-110,-110,-110,-110,-110,-110,-110,-110,-110,-110,-110,-110,-110,-110,-110,-110,-110,-110,-110,-110,-110,-110,-110,-110,-110,-110,-110,-110,-110,-110,-110,-110,-110,-110,-110,-110,-110,-110,-110,-110,-110,-110,-110,-110,-110,-110,-110,-110,-110,-110,-110,-110,-110,-110,-110,-110,-110,-110,-110,-110,-110,-110,-110,-110,-110,-110,-110,-110,-110,-110,-110,-110,-110,-110,-110,-110,-110,-110,-110,-110,-110,-110,-110,-110,-110,-110,-110,-110,-110,-110,-110,-110,-110,-110,-110,-110,-110,-110,-110,-110,-110,-110,-110,-110,-110,-110,-110,-110,-110,-110,-110,-110,-110,-110,-110,-110,-110,-110,-110,-110,-110,-110,-110,-110,-110,-110,-110,-110,-110,-110,-110,-110,-110,-110,-110,-110,-110,-110,-110,-110,-110,-110,-110,-110,-110,-110,-110,-110,-110,-110,-110,-110,-110,-110,-110,-110,-110,-110,-110,-110,-110,-110,-110,-110,-110,-110,-110,-110,-110,-110,-110,-110,-110,-110,-110,-110,-110,-110,-110,-110,-110,-110,-110,-110,-110,-110,-110,-110,-110,-110,-110,-110,-110,-110,-110,-110,-110,-110,-110,-110,-110,-110,-110,-110,-110,-110,-110,-110,-110,-110,-110,-110,-110,-110,-110,-110,-110,-110,-110,-110,-110,-110,-110,-110,-110,-110,-110,-110,-110,-110,-110,-110,-110,-110,-110,-110,-110,-110,-110,-110,-110,-110,-110,-110,-110,-110,-110,-110,-110,-110,-110,-110,-110,-110,-110,-110,-110,-110,-110,-110,-110,-110,-110,-110,-110,-110,-110,-110,-110,-110,-110,-110,-110,-110,-110,-110,-110,-110,-110,-110,-110,-110,-110,-110,-110,-110,-110,-110,-110,-110,-110,-110,-110,-110,-110,-110,-110,-110,-110,-110,-110,-110,-110,-110,-110,-110,-110,-110,-110,-110,-110,-110,-110,-110,-110,-110,-110,-110,-110,-110,-110,-110,-110,-110,-110,-110,-110,-110,-110,-110,-110,-110,-110,-110,-110,-110,-110,-110,-110,-110,-110,-110,-110,-110,-110,-110,-110,-110,-110,-110,-110,-110,-110,-110,-110,-110,-110,-110,-110,-110,-110,-110,-110,-110,-110,-110,-110,-110,-110,-110,-110,-110,-110,-110,-110,-110,-110,-110,-110,-110,-110,-110,-110,-110,-110,-110,-110,-110,-110,-110,-110,-110,-110,-110,-110,-110,-110,-110,-110,-110,-110,-110,-110,-110,-110,-110,-110,-110,-110,-110,-110,-110,-110,-110,-110,-110,-110,-110,-110,-110,-110,-110,-110,-110,-110,-110,-110,-110,-110,-110,-110,-110,-110,-110,-110,-110,-110,-110,-110,-110,-110,-110,-110,-110,-110,-110,-110,-110,-110,-110,-110,-110,-110,-110,-110,-110,-110,-110,-110,-110,-110,-110,-110,-110,-110,-110,-110,-110,-110,-110,-110,-110,-110,-110,-110,-110,-110,-110,-110,-110,-110,-110,-110,-110,-110,-110,-110,-110,-110,-110,-110,-110,-110,-110,-110,-110,-110,-110,-110,-110,-110,-110,-110,-110,-110,-110
28,4.1347719,18.487919377,5,-78,-110,-110,-78,-110,-78,-110,-78,-110,-110,-87,-86,-110,-110,-80,-110,-80,-110,-110,-110,-110,-110,-110,-110,-81,-110,-110,-80,-110,-89,-110,-110,-110,-110,-110,-110,-110,-110,-110,-110,-110,-110,-110,-110,-110,-110,-88,-89,-62,-92,-62,-61,-90,-74,-110,-110,-110,-110,-110,-110,-110,-110,-84,-84,-110,-110,-110,-110,-86,-110,-84,-110,-110,-110,-110,-110,-110,-110,-110,-110,-110,-110,-110,-110,-110,-90,-110,-110,-110,-110,-110,-110,-110,-110,-110,-110,-110,-110,-110,-110,-110,-110,-110,-110,-110,-110,-110,-110,-110,-110,-110,-110,-110,-110,-110,-110,-110,-110,-110,-110,-110,-110,-110,-110,-110,-110,-110,-110,-110,-110,-110,-110,-110,-110,-110,-110,-110,-110,-110,-110,-110,-110,-110,-110,-110,-110,-110,-110,-110,-110,-110,-110,-110,-110,-110,-110,-110,-110,-110,-110,-110,-110,-110,-110,-110,-110,-110,-110,-110,-110,-110,-110,-110,-110,-110,-110,-110,-110,-110,-110,-110,-110,-110,-110,-110,-110,-110,-110,-110,-110,-110,-110,-110,-110,-110,-110,-110,-110,-110,-110,-110,-110,-110,-110,-110,-110,-110,-110,-110,-110,-110,-110,-110,-110,-110,-110,-110,-110,-110,-110,-110,-110,-110,-110,-110,-110,-110,-110,-110,-110,-110,-110,-110,-110,-110,-110,-110,-110,-110,-110,-110,-110,-110,-110,-110,-110,-110,-110,-110,-110,-110,-110,-110,-110,-110,-110,-110,-110,-110,-110,-110,-110,-110,-110,-110,-110,-110,-110,-110,-110,-110,-110,-110,-110,-110,-110,-110,-110,-110,-110,-110,-110,-110,-110,-110,-110,-110,-110,-110,-110,-110,-110,-110,-110,-110,-110,-110,-110,-110,-110,-110,-110,-110,-110,-110,-110,-110,-110,-110,-110,-110,-110,-110,-110,-110,-110,-110,-110,-110,-110,-110,-110,-110,-110,-110,-110,-110,-110,-110,-110,-110,-110,-110,-110,-110,-110,-110,-110,-110,-110,-110,-110,-110,-110,-110,-110,-110,-110,-110,-110,-110,-110,-110,-110,-110,-110,-110,-110,-110,-110,-110,-110,-110,-110,-110,-110,-110,-110,-110,-110,-110,-110,-110,-110,-110,-110,-110,-110,-110,-110,-110,-110,-110,-110,-110,-110,-110,-110,-110,-110,-110,-110,-110,-110,-110,-110,-110,-110,-110,-110,-110,-110,-110,-110,-110,-110,-110,-110,-110,-110,-110,-110,-110,-110,-110,-110,-110,-110,-110,-110,-110,-110,-110,-110,-110,-110,-110,-110,-110,-110,-110,-110,-110,-110,-110,-110,-110,-110,-110,-110,-110,-110,-110,-110,-110,-110,-110,-110,-110,-110,-110,-110,-110,-110,-110,-110,-110,-110,-110,-110,-110,-110,-110,-110,-110,-110,-110,-110,-110,-110,-110,-110,-110,-110,-110,-110,-110,-110,-110,-110,-110,-110,-110,-110,-110,-110,-110,-110,-110,-110,-110,-110,-110,-110,-110,-110,-110,-110,-110,-110,-110,-110,-110,-110,-110,-110,-110,-110,-110,-110,-110,-110,-110,-110,-110,-110,-110,-110,-110,-110,-110,-110,-110,-110,-110,-110,-110,-110,-110,-110,-110,-110,-110,-110,-110,-110,-110,-110,-110,-110,-110,-110,-110,-110,-110,-110,-110,-110,-110,-110,-110,-110,-110,-110,-110,-110,-110,-110,-110,-110,-110,-110,-110,-110,-110,-110,-110,-110,-110,-110,-110,-110,-110,-110,-110,-110,-110,-110,-110,-110,-110,-110,-110,-110,-110,-110,-110,-110,-110,-110,-110,-110,-110,-110,-110,-110,-110,-110,-110,-110,-110,-110,-110,-110,-110,-110,-110,-110,-110,-110,-110,-110,-110,-110,-110,-110,-110,-110,-110,-110
28,4.1347719,18.487919377,5,-79,-110,-110,-75,-110,-79,-110,-76,-110,-110,-86,-88,-110,-110,-81,-110,-81,-110,-110,-110,-110,-110,-110,-110,-81,-110,-88,-80,-110,-110,-110,-110,-110,-110,-110,-110,-110,-110,-110,-110,-110,-110,-110,-110,-110,-110,-89,-87,-61,-92,-64,-64,-110,-77,-110,-110,-110,-110,-110,-110,-110,-110,-83,-84,-110,-110,-110,-110,-87,-110,-86,-110,-110,-110,-110,-110,-110,-110,-110,-110,-110,-110,-110,-110,-110,-91,-110,-110,-110,-110,-110,-110,-110,-110,-110,-110,-110,-110,-110,-110,-110,-110,-110,-110,-110,-110,-110,-110,-110,-110,-110,-110,-110,-110,-110,-110,-110,-110,-110,-110,-110,-110,-110,-110,-110,-110,-110,-110,-110,-110,-110,-110,-110,-110,-110,-110,-110,-110,-110,-110,-110,-110,-110,-110,-110,-110,-110,-110,-110,-110,-110,-110,-110,-110,-110,-110,-110,-110,-110,-110,-110,-110,-110,-110,-110,-110,-110,-110,-110,-110,-110,-110,-110,-110,-110,-110,-110,-110,-110,-110,-110,-110,-110,-110,-110,-110,-110,-110,-110,-110,-110,-110,-110,-110,-110,-110,-110,-110,-110,-110,-110,-110,-110,-110,-110,-110,-110,-110,-110,-110,-110,-110,-110,-110,-110,-110,-110,-110,-110,-110,-110,-110,-110,-110,-110,-110,-110,-110,-110,-110,-110,-110,-110,-110,-110,-110,-110,-110,-110,-110,-110,-110,-110,-110,-110,-110,-110,-110,-110,-110,-110,-110,-110,-110,-110,-110,-110,-110,-110,-110,-110,-110,-110,-110,-110,-110,-110,-110,-110,-110,-110,-110,-110,-110,-110,-110,-110,-110,-110,-110,-110,-110,-110,-110,-110,-110,-110,-110,-110,-110,-110,-110,-110,-110,-110,-110,-110,-110,-110,-110,-110,-110,-110,-110,-110,-110,-110,-110,-110,-110,-110,-110,-110,-110,-110,-110,-110,-110,-110,-110,-110,-110,-110,-110,-110,-110,-110,-110,-110,-110,-110,-110,-110,-110,-110,-110,-110,-110,-110,-110,-110,-110,-110,-110,-110,-110,-110,-110,-110,-110,-110,-110,-110,-110,-110,-110,-110,-110,-110,-110,-110,-110,-110,-110,-110,-110,-110,-110,-110,-110,-110,-110,-110,-110,-110,-110,-110,-110,-110,-110,-110,-110,-110,-110,-110,-110,-110,-110,-110,-110,-110,-110,-110,-110,-110,-110,-110,-110,-110,-110,-110,-110,-110,-110,-110,-110,-110,-110,-110,-110,-110,-110,-110,-110,-110,-110,-110,-110,-110,-110,-110,-110,-110,-110,-110,-110,-110,-110,-110,-110,-110,-110,-110,-110,-110,-110,-110,-110,-110,-110,-110,-110,-110,-110,-110,-110,-110,-110,-110,-110,-110,-110,-110,-110,-110,-110,-110,-110,-110,-110,-110,-110,-110,-110,-110,-110,-110,-110,-110,-110,-110,-110,-110,-110,-110,-110,-110,-110,-110,-110,-110,-110,-110,-110,-110,-110,-110,-110,-110,-110,-110,-110,-110,-110,-110,-110,-110,-110,-110,-110,-110,-110,-110,-110,-110,-110,-110,-110,-110,-110,-110,-110,-110,-110,-110,-110,-110,-110,-110,-110,-110,-110,-110,-110,-110,-110,-110,-110,-110,-110,-110,-110,-110,-110,-110,-110,-110,-110,-110,-110,-110,-110,-110,-110,-110,-110,-110,-110,-110,-110,-110,-110,-110,-110,-110,-110,-110,-110,-110,-110,-110,-110,-110,-110,-110,-110,-110,-110,-110,-110,-110,-110,-110,-110,-110,-110,-110,-110,-110,-110,-110,-110,-110,-110,-110,-110,-110,-110,-110,-110,-110,-110,-110,-110,-110,-110,-110,-110,-110,-110,-110,-110,-110,-110,-110,-110,-110,-110,-110,-110,-110,-110,-110,-110,-110,-110,-110,-110,-110,-110
29,8.52431189,18.487919377,5,-73,-110,-110,-73,-110,-71,-110,-74,-110,-110,-90,-110,-110,-110,-84,-110,-86,-110,-110,-110,-110,-110,-110,-110,-74,-110,-110,-76,-110,-110,-110,-110,-88,-90,-110,-110,-110,-110,-110,-110,-110,-93,-110,-110,-110,-110,-110,-83,-69,-110,-67,-71,-89,-71,-110,-110,-110,-110,-110,-110,-110,-110,-81,-86,-110,-110,-110,-93,-110,-110,-110,-110,-110,-110,-110,-110,-110,-110,-110,-110,-110,-110,-110,-110,-110,-110,-110,-110,-110,-110,-110,-110,-110,-110,-110,-110,-110,-110,-110,-110,-110,-110,-110,-110,-110,-110,-110,-110,-110,-110,-110,-110,-110,-110,-110,-110,-110,-110,-110,-110,-110,-110,-110,-110,-110,-110,-110,-110,-110,-110,-110,-110,-110,-110,-110,-110,-110,-110,-110,-110,-110,-110,-110,-110,-110,-110,-110,-110,-110,-110,-110,-110,-110,-110,-110,-110,-110,-110,-110,-110,-110,-110,-110,-110,-110,-110,-110,-110,-110,-110,-110,-110,-110,-110,-110,-110,-110,-110,-110,-110,-110,-110,-110,-110,-110,-110,-110,-110,-110,-110,-110,-110,-110,-110,-110,-110,-110,-110,-110,-110,-110,-110,-110,-110,-110,-110,-110,-110,-110,-110,-110,-110,-110,-110,-110,-110,-110,-110,-110,-110,-110,-110,-110,-110,-110,-110,-110,-110,-110,-110,-110,-110,-110,-110,-110,-110,-110,-110,-110,-110,-110,-110,-110,-110,-110,-110,-110,-110,-110,-110,-110,-110,-110,-110,-110,-110,-110,-110,-110,-110,-110,-110,-110,-110,-110,-110,-110,-110,-110,-110,-110,-110,-110,-110,-110,-110,-110,-110,-110,-110,-110,-110,-110,-110,-110,-110,-110,-110,-110,-110,-110,-110,-110,-110,-110,-110,-110,-110,-110,-110,-110,-110,-110,-110,-110,-110,-110,-110,-110,-110,-110,-110,-110,-110,-110,-110,-110,-110,-110,-110,-110,-110,-110,-110,-110,-110,-110,-110,-110,-110,-110,-110,-110,-110,-110,-110,-110,-110,-110,-110,-110,-110,-110,-110,-110,-110,-110,-110,-110,-110,-110,-110,-110,-110,-110,-110,-110,-110,-110,-110,-110,-110,-110,-110,-110,-110,-110,-110,-110,-110,-110,-110,-110,-110,-110,-110,-110,-110,-110,-110,-110,-110,-110,-110,-110,-110,-110,-110,-110,-110,-110,-110,-110,-110,-110,-110,-110,-110,-110,-110,-110,-110,-110,-110,-110,-110,-110,-110,-110,-110,-110,-110,-110,-110,-110,-110,-110,-110,-110,-110,-110,-110,-110,-110,-110,-110,-110,-110,-110,-110,-110,-110,-110,-110,-110,-110,-110,-110,-110,-110,-110,-110,-110,-110,-110,-110,-110,-110,-110,-110,-110,-110,-110,-110,-110,-110,-110,-110,-110,-110,-110,-110,-110,-110,-110,-110,-110,-110,-110,-110,-110,-110,-110,-110,-110,-110,-110,-110,-110,-110,-110,-110,-110,-110,-110,-110,-110,-110,-110,-110,-110,-110,-110,-110,-110,-110,-110,-110,-110,-110,-110,-110,-110,-110,-110,-110,-110,-110,-110,-110,-110,-110,-110,-110,-110,-110,-110,-110,-110,-110,-110,-110,-110,-110,-110,-110,-110,-110,-110,-110,-110,-110,-110,-110,-110,-110,-110,-110,-110,-110,-110,-110,-110,-110,-110,-110,-110,-110,-110,-110,-110,-110,-110,-110,-110,-110,-110,-110,-110,-110,-110,-110,-110,-110,-110,-110,-110,-110,-110,-110,-110,-110,-110,-110,-110,-110,-110,-110,-110,-110,-110,-110,-110,-110,-110,-110,-110,-110,-110,-110,-110,-110,-110,-110,-110,-110,-110,-110,-110,-110,-110,-110,-110,-110,-110,-110,-110,-110,-110,-110,-110,-110,-110,-110,-110,-110,-110,-110,-110,-110
29,8.52431189,18.487919377,5,-72,-110,-110,-74,-110,-73,-110,-75,-110,-110,-90,-110,-110,-110,-90,-110,-84,-110,-110,-110,-110,-110,-110,-110,-76,-110,-89,-74,-110,-110,-110,-110,-110,-89,-110,-110,-110,-110,-110,-110,-110,-91,-110,-110,-110,-110,-84,-110,-64,-110,-64,-73,-110,-71,-110,-110,-110,-110,-110,-110,-110,-110,-82,-84,-110,-110,-110,-110,-110,-110,-110,-110,-110,-110,-110,-110,-110,-110,-110,-110,-110,-110,-110,-110,-110,-110,-110,-110,-110,-110,-110,-110,-110,-110,-110,-110,-110,-110,-110,-110,-110,-110,-110,-110,-110,-110,-110,-110,-110,-110,-110,-110,-110,-110,-110,-110,-110,-110,-110,-110,-110,-110,-110,-110,-110,-110,-110,-110,-110,-110,-110,-110,-110,-110,-110,-110,-110,-110,-110,-110,-110,-110,-110,-110,-110,-110,-110,-110,-110,-110,-110,-110,-110,-110,-110,-110,-110,-110,-110,-110,-110,-110,-110,-110,-110,-110,-110,-110,-110,-110,-110,-110,-110,-110,-110,-110,-110,-110,-110,-110,-110,-110,-110,-110,-110,-110,-110,-110,-110,-110,-110,-110,-110,-110,-110,-110,-110,-110,-110,-110,-110,-110,-110,-110,-110,-110,-110,-110,-110,-110,-110,-110,-110,-110,-110,-110,-110,-110,-110,-110,-110,-110,-110,-110,-110,-110,-110,-110,-110,-110,-110,-110,-110,-110,-110,-110,-110,-110,-110,-110,-110,-110,-110,-110,-110,-110,-110,-110,-110,-110,-110,-110,-110,-110,-110,-110,-110,-110,-110,-110,-110,-110,-110,-110,-110,-110,-110,-110,-110,-110,-110,-110,-110,-110,-110,-110,-110,-110,-110,-110,-110,-110,-110,-110,-110,-110,-110,-110,-110,-110,-110,-110,-110,-110,-110,-110,-110,-110,-110,-110,-110,-110,-110,-110,-110,-110,-110,-110,-110,-110,-110,-110,-110,-110,-110,-110,-110,-110,-110,-110,-110,-110,-110,-110,-110,-110,-110,-110,-110,-110,-110,-110,-110,-110,-110,-110,-110,-110,-110,-110,-110,-110,-110,-110,-110,-110,-110,-110,-110,-110,-110,-110,-110,-110,-110,-110,-110,-110,-110,-110,-110,-110,-110,-110,-110,-110,-110,-110,-110,-110,-110,-110,-110,-110,-110,-110,-110,-110,-110,-110,-110,-110,-110,-110,-110,-110,-110,-110,-110,-110,-110,-110,-110,-110,-110,-110,-110,-110,-110,-110,-110,-110,-110,-110,-110,-110,-110,-110,-110,-110,-110,-110,-110,-110,-110,-110,-110,-110,-110,-110,-110,-110,-110,-110,-110,-110,-110,-110,-110,-110,-110,-110,-110,-110,-110,-110,-110,-110,-110,-110,-110,-110,-110,-110,-110,-110,-110,-110,-110,-110,-110,-110,-110,-110,-110,-110,-110,-110,-110,-110,-110,-110,-110,-110,-110,-110,-110,-110,-110,-110,-110,-110,-110,-110,-110,-110,-110,-110,-110,-110,-110,-110,-110,-110,-110,-110,-110,-110,-110,-110,-110,-110,-110,-110,-110,-110,-110,-110,-110,-110,-110,-110,-110,-110,-110,-110,-110,-110,-110,-110,-110,-110,-110,-110,-110,-110,-110,-110,-110,-110,-110,-110,-110,-110,-110,-110,-110,-110,-110,-110,-110,-110,-110,-110,-110,-110,-110,-110,-110,-110,-110,-110,-110,-110,-110,-110,-110,-110,-110,-110,-110,-110,-110,-110,-110,-110,-110,-110,-110,-110,-110,-110,-110,-110,-110,-110,-110,-110,-110,-110,-110,-110,-110,-110,-110,-110,-110,-110,-110,-110,-110,-110,-110,-110,-110,-110,-110,-110,-110,-110,-110,-110,-110,-110,-110,-110,-110,-110,-110,-110,-110,-110,-110,-110,-110,-110,-110,-110,-110,-110,-110,-110,-110,-110,-110,-110,-110,-110,-110,-110
29,8.52431189,18.487919377,5,-73,-110,-110,-73,-110,-73,-110,-75,-110,-110,-89,-110,-110,-110,-86,-110,-87,-110,-110,-110,-110,-110,-110,-110,-77,-110,-90,-72,-110,-90,-110,-110,-110,-110,-110,-110,-110,-110,-110,-110,-110,-110,-110,-110,-110,-110,-110,-84,-66,-110,-67,-72,-110,-72,-110,-110,-110,-110,-110,-110,-110,-110,-82,-81,-110,-110,-110,-110,-110,-110,-110,-110,-110,-110,-110,-110,-110,-110,-110,-110,-110,-110,-110,-110,-110,-110,-110,-110,-110,-110,-110,-110,-110,-110,-110,-110,-110,-110,-110,-110,-110,-110,-110,-110,-110,-110,-110,-110,-110,-110,-110,-110,-110,-110,-110,-110,-110,-110,-110,-110,-110,-110,-110,-110,-110,-110,-110,-110,-110,-110,-110,-110,-110,-110,-110,-110,-110,-110,-110,-110,-110,-110,-110,-110,-110,-110,-110,-110,-110,-110,-110,-110,-110,-110,-110,-110,-110,-110,-110,-110,-110,-110,-110,-110,-110,-110,-110,-110,-110,-110,-110,-110,-110,-110,-110,-110,-110,-110,-110,-110,-110,-110,-110,-110,-110,-110,-110,-110,-110,-110,-110,-110,-110,-110,-110,-110,-110,-110,-110,-110,-110,-110,-110,-110,-110,-110,-110,-110,-110,-110,-110,-110,-110,-110,-110,-110,-110,-110,-110,-110,-110,-110,-110,-110,-110,-110,-110,-110,-110,-110,-110,-110,-110,-110,-110,-110,-110,-110,-110,-110,-110,-110,-110,-110,-110,-110,-110,-110,-110,-110,-110,-110,-110,-110,-110,-110,-110,-110,-110,-110,-110,-110,-110,-110,-110,-110,-110,-110,-110,-110,-110,-110,-110,-110,-110,-110,-110,-110,-110,-110,-110,-110,-110,-110,-110,-110,-110,-110,-110,-110,-110,-110,-110,-110,-110,-110,-110,-110,-110,-110,-110,-110,-110,-110,-110,-110,-110,-110,-110,-110,-110,-110,-110,-110,-110,-110,-110,-110,-110,-110,-110,-110,-110,-110,-110,-110,-110,-110,-110,-110,-110,-110,-110,-110,-110,-110,-110,-110,-110,-110,-110,-110,-110,-110,-110,-110,-110,-110,-110,-110,-110,-110,-110,-110,-110,-110,-110,-110,-110,-110,-110,-110,-110,-110,-110,-110,-110,-110,-110,-110,-110,-110,-110,-110,-110,-110,-110,-110,-110,-110,-110,-110,-110,-110,-110,-110,-110,-110,-110,-110,-110,-110,-110,-110,-110,-110,-110,-110,-110,-110,-110,-110,-110,-110,-110,-110,-110,-110,-110,-110,-110,-110,-110,-110,-110,-110,-110,-110,-110,-110,-110,-110,-110,-110,-110,-110,-110,-110,-110,-110,-110,-110,-110,-110,-110,-110,-110,-110,-110,-110,-110,-110,-110,-110,-110,-110,-110,-110,-110,-110,-110,-110,-110,-110,-110,-110,-110,-110,-110,-110,-110,-110,-110,-110,-110,-110,-110,-110,-110,-110,-110,-110,-110,-110,-110,-110,-110,-110,-110,-110,-110,-110,-110,-110,-110,-110,-110,-110,-110,-110,-110,-110,-110,-110,-110,-110,-110,-110,-110,-110,-110,-110,-110,-110,-110,-110,-110,-110,-110,-110,-110,-110,-110,-110,-110,-110,-110,-110,-110,-110,-110,-110,-110,-110,-110,-110,-110,-110,-110,-110,-110,-110,-110,-110,-110,-110,-110,-110,-110,-110,-110,-110,-110,-110,-110,-110,-110,-110,-110,-110,-110,-110,-110,-110,-110,-110,-110,-110,-110,-110,-110,-110,-110,-110,-110,-110,-110,-110,-110,-110,-110,-110,-110,-110,-110,-110,-110,-110,-110,-110,-110,-110,-110,-110,-110,-110,-110,-110,-110,-110,-110,-110,-110,-110,-110,-110,-110,-110,-110,-110,-110,-110,-110,-110,-110,-110,-110,-110,-110,-110,-110,-110,-110,-110,-110,-110,-110,-110,-110,-110
29,8.52431189,18.487919377,5,-72,-110,-110,-74,-110,-72,-110,-74,-110,-110,-91,-89,-110,-110,-86,-110,-85,-110,-110,-110,-110,-110,-110,-110,-75,-110,-110,-77,-110,-110,-110,-110,-90,-90,-110,-110,-110,-110,-110,-110,-110,-110,-110,-110,-110,-110,-84,-110,-64,-90,-66,-70,-88,-70,-110,-110,-110,-110,-110,-110,-110,-110,-80,-81,-110,-110,-110,-110,-110,-110,-110,-110,-110,-110,-110,-110,-110,-110,-110,-110,-110,-110,-110,-110,-110,-110,-110,-110,-110,-110,-110,-110,-110,-110,-110,-110,-110,-110,-110,-110,-110,-110,-110,-110,-110,-110,-110,-110,-110,-110,-110,-110,-110,-110,-110,-110,-110,-110,-110,-110,-110,-110,-110,-110,-110,-110,-110,-110,-110,-110,-110,-110,-110,-110,-110,-110,-110,-110,-110,-110,-110,-110,-110,-110,-110,-110,-110,-110,-110,-110,-110,-110,-110,-110,-110,-110,-110,-110,-110,-110,-110,-110,-110,-110,-110,-110,-110,-110,-110,-110,-110,-110,-110,-110,-110,-110,-110,-110,-110,-110,-110,-110,-110,-110,-110,-110,-110,-110,-110,-110,-110,-110,-110,-110,-110,-110,-110,-110,-110,-110,-110,-110,-110,-110,-110,-110,-110,-110,-110,-110,-110,-110,-110,-110,-110,-110,-110,-110,-110,-110,-110,-110,-110,-110,-110,-110,-110,-110,-110,-110,-110,-110,-110,-110,-110,-110,-110,-110,-110,-110,-110,-110,-110,-110,-110,-110,-110,-110,-110,-110,-110,-110,-110,-110,-110,-110,-110,-110,-110,-110,-110,-110,-110,-110,-110,-110,-110,-110,-110,-110,-110,-110,-110,-110,-110,-110,-110,-110,-110,-110,-110,-110,-110,-110,-110,-110,-110,-110,-110,-110,-110,-110,-110,-110,-110,-110,-110,-110,-110,-110,-110,-110,-110,-110,-110,-110,-110,-110,-110,-110,-110,-110,-110,-110,-110,-110,-110,-110,-110,-110,-110,-110,-110,-110,-110,-110,-110,-110,-110,-110,-110,-110,-110,-110,-110,-110,-110,-110,-110,-110,-110,-110,-110,-110,-110,-110,-110,-110,-110,-110,-110,-110,-110,-110,-110,-110,-110,-110,-110,-110,-110,-110,-110,-110,-110,-110,-110,-110,-110,-110,-110,-110,-110,-110,-110,-110,-110,-110,-110,-110,-110,-110,-110,-110,-110,-110,-110,-110,-110,-110,-110,-110,-110,-110,-110,-110,-110,-110,-110,-110,-110,-110,-110,-110,-110,-110,-110,-110,-110,-110,-110,-110,-110,-110,-110,-110,-110,-110,-110,-110,-110,-110,-110,-110,-110,-110,-110,-110,-110,-110,-110,-110,-110,-110,-110,-110,-110,-110,-110,-110,-110,-110,-110,-110,-110,-110,-110,-110,-110,-110,-110,-110,-110,-110,-110,-110,-110,-110,-110,-110,-110,-110,-110,-110,-110,-110,-110,-110,-110,-110,-110,-110,-110,-110,-110,-110,-110,-110,-110,-110,-110,-110,-110,-110,-110,-110,-110,-110,-110,-110,-110,-110,-110,-110,-110,-110,-110,-110,-110,-110,-110,-110,-110,-110,-110,-110,-110,-110,-110,-110,-110,-110,-110,-110,-110,-110,-110,-110,-110,-110,-110,-110,-110,-110,-110,-110,-110,-110,-110,-110,-110,-110,-110,-110,-110,-110,-110,-110,-110,-110,-110,-110,-110,-110,-110,-110,-110,-110,-110,-110,-110,-110,-110,-110,-110,-110,-110,-110,-110,-110,-110,-110,-110,-110,-110,-110,-110,-110,-110,-110,-110,-110,-110,-110,-110,-110,-110,-110,-110,-110,-110,-110,-110,-110,-110,-110,-110,-110,-110,-110,-110,-110,-110,-110,-110,-110,-110,-110,-110,-110,-110,-110,-110,-110,-110,-110,-110,-110,-110,-110,-110,-110,-110,-110,-110,-110,-110,-110,-110,-110
29,8.52431189,18.487919377,5,-73,-110,-110,-74,-110,-74,-110,-75,-110,-110,-87,-86,-110,-110,-84,-110,-88,-110,-110,-110,-110,-110,-110,-110,-73,-110,-87,-76,-110,-90,-110,-110,-110,-110,-110,-110,-110,-110,-110,-110,-110,-110,-110,-110,-110,-110,-87,-85,-70,-92,-68,-110,-110,-71,-110,-110,-110,-110,-110,-110,-110,-110,-82,-82,-110,-110,-110,-110,-110,-110,-110,-110,-110,-110,-110,-110,-110,-110,-110,-110,-110,-110,-110,-110,-110,-110,-110,-110,-110,-110,-110,-110,-110,-110,-110,-110,-110,-110,-110,-110,-110,-110,-110,-110,-110,-110,-110,-110,-110,-110,-110,-110,-110,-110,-110,-110,-110,-110,-110,-110,-110,-110,-110,-110,-110,-110,-110,-110,-110,-110,-110,-110,-110,-110,-110,-110,-110,-110,-110,-110,-110,-110,-110,-110,-110,-110,-110,-110,-110,-110,-110,-110,-110,-110,-110,-110,-110,-110,-110,-110,-110,-110,-110,-110,-110,-110,-110,-110,-110,-110,-110,-110,-110,-110,-110,-110,-110,-110,-110,-110,-110,-110,-110,-110,-110,-110,-110,-110,-110,-110,-110,-110,-110,-110,-110,-110,-110,-110,-110,-110,-110,-110,-110,-110,-110,-110,-110,-110,-110,-110,-110,-110,-110,-110,-110,-110,-110,-110,-110,-110,-110,-110,-110,-110,-110,-110,-110,-110,-110,-110,-110,-110,-110,-110,-110,-110,-110,-110,-110,-110,-110,-110,-110,-110,-110,-110,-110,-110,-110,-110,-110,-110,-110,-110,-110,-110,-110,-110,-110,-110,-110,-110,-110,-110,-110,-110,-110,-110,-110,-110,-110,-110,-110,-110,-110,-110,-110,-110,-110,-110,-110,-110,-110,-110,-110,-110,-110,-110,-110,-110,-110,-110,-110,-110,-110,-110,-110,-110,-110,-110,-110,-110,-110,-110,-110,-110,-110,-110,-110,-110,-110,-110,-110,-110,-110,-110,-110,-110,-110,-110,-110,-110,-110,-110,-110,-110,-110,-110,-110,-110,-110,-110,-110,-110,-110,-110,-110,-110,-110,-110,-110,-110,-110,-110,-110,-110,-110,-110,-110,-110,-110,-110,-110,-110,-110,-110,-110,-110,-110,-110,-110,-110,-110,-110,-110,-110,-110,-110,-110,-110,-110,-110,-110,-110,-110,-110,-110,-110,-110,-110,-110,-110,-110,-110,-110,-110,-110,-110,-110,-110,-110,-110,-110,-110,-110,-110,-110,-110,-110,-110,-110,-110,-110,-110,-110,-110,-110,-110,-110,-110,-110,-110,-110,-110,-110,-110,-110,-110,-110,-110,-110,-110,-110,-110,-110,-110,-110,-110,-110,-110,-110,-110,-110,-110,-110,-110,-110,-110,-110,-110,-110,-110,-110,-110,-110,-110,-110,-110,-110,-110,-110,-110,-110,-110,-110,-110,-110,-110,-110,-110,-110,-110,-110,-110,-110,-110,-110,-110,-110,-110,-110,-110,-110,-110,-110,-110,-110,-110,-110,-110,-110,-110,-110,-110,-110,-110,-110,-110,-110,-110,-110,-110,-110,-110,-110,-110,-110,-110,-110,-110,-110,-110,-110,-110,-110,-110,-110,-110,-110,-110,-110,-110,-110,-110,-110,-110,-110,-110,-110,-110,-110,-110,-110,-110,-110,-110,-110,-110,-110,-110,-110,-110,-110,-110,-110,-110,-110,-110,-110,-110,-110,-110,-110,-110,-110,-110,-110,-110,-110,-110,-110,-110,-110,-110,-110,-110,-110,-110,-110,-110,-110,-110,-110,-110,-110,-110,-110,-110,-110,-110,-110,-110,-110,-110,-110,-110,-110,-110,-110,-110,-110,-110,-110,-110,-110,-110,-110,-110,-110,-110,-110,-110,-110,-110,-110,-110,-110,-110,-110,-110,-110,-110,-110,-110,-110,-110,-110,-110,-110,-110,-110,-110,-110,-110,-110,-110,-110,-110,-110,-110
29,8.52431189,18.487919377,5,-74,-110,-110,-76,-110,-72,-110,-74,-110,-110,-86,-89,-110,-110,-82,-110,-87,-110,-110,-110,-110,-110,-110,-110,-78,-110,-110,-77,-110,-110,-110,-110,-92,-88,-110,-110,-110,-110,-110,-110,-90,-110,-110,-110,-110,-110,-88,-110,-67,-89,-67,-70,-90,-70,-110,-110,-110,-110,-110,-110,-110,-110,-81,-82,-110,-110,-110,-110,-110,-90,-110,-110,-110,-110,-110,-110,-110,-110,-110,-110,-110,-110,-110,-110,-110,-110,-110,-110,-110,-110,-110,-110,-110,-110,-110,-110,-110,-110,-110,-110,-110,-110,-110,-110,-110,-110,-110,-110,-110,-110,-110,-110,-110,-110,-110,-110,-110,-110,-110,-110,-110,-110,-110,-110,-110,-110,-110,-110,-110,-110,-110,-110,-110,-110,-110,-110,-110,-110,-110,-110,-110,-110,-110,-110,-110,-110,-110,-110,-110,-110,-110,-110,-110,-110,-110,-110,-110,-110,-110,-110,-110,-110,-110,-110,-110,-110,-110,-110,-110,-110,-110,-110,-110,-110,-110,-110,-110,-110,-110,-110,-110,-110,-110,-110,-110,-110,-110,-110,-110,-110,-110,-110,-110,-110,-110,-110,-110,-110,-110,-110,-110,-110,-110,-110,-110,-110,-110,-110,-110,-110,-110,-110,-110,-110,-110,-110,-110,-110,-110,-110,-110,-110,-110,-110,-110,-110,-110,-110,-110,-110,-110,-110,-110,-110,-110,-110,-110,-110,-110,-110,-110,-110,-110,-110,-110,-110,-110,-110,-110,-110,-110,-110,-110,-110,-110,-110,-110,-110,-110,-110,-110,-110,-110,-110,-110,-110,-110,-110,-110,-110,-110,-110,-110,-110,-110,-110,-110,-110,-110,-110,-110,-110,-110,-110,-110,-110,-110,-110,-110,-110,-110,-110,-110,-110,-110,-110,-110,-110,-110,-110,-110,-110,-110,-110,-110,-110,-110,-110,-110,-110,-110,-110,-110,-110,-110,-110,-110,-110,-110,-110,-110,-110,-110,-110,-110,-110,-110,-110,-110,-110,-110,-110,-110,-110,-110,-110,-110,-110,-110,-110,-110,-110,-110,-110,-110,-110,-110,-110,-110,-110,-110,-110,-110,-110,-110,-110,-110,-110,-110,-110,-110,-110,-110,-110,-110,-110,-110,-110,-110,-110,-110,-110,-110,-110,-110,-110,-110,-110,-110,-110,-110,-110,-110,-110,-110,-110,-110,-110,-110,-110,-110,-110,-110,-110,-110,-110,-110,-110,-110,-110,-110,-110,-110,-110,-110,-110,-110,-110,-110,-110,-110,-110,-110,-110,-110,-110,-110,-110,-110,-110,-110,-110,-110,-110,-110,-110,-110,-110,-110,-110,-110,-110,-110,-110,-110,-110,-110,-110,-110,-110,-110,-110,-110,-110,-110,-110,-110,-110,-110,-110,-110,-110,-110,-110,-110,-110,-110,-110,-110,-110,-110,-110,-110,-110,-110,-110,-110,-110,-110,-110,-110,-110,-110,-110,-110,-110,-110,-110,-110,-110,-110,-110,-110,-110,-110,-110,-110,-110,-110,-110,-110,-110,-110,-110,-110,-110,-110,-110,-110,-110,-110,-110,-110,-110,-110,-110,-110,-110,-110,-110,-110,-110,-110,-110,-110,-110,-110,-110,-110,-110,-110,-110,-110,-110,-110,-110,-110,-110,-110,-110,-110,-110,-110,-110,-110,-110,-110,-110,-110,-110,-110,-110,-110,-110,-110,-110,-110,-110,-110,-110,-110,-110,-110,-110,-110,-110,-110,-110,-110,-110,-110,-110,-110,-110,-110,-110,-110,-110,-110,-110,-110,-110,-110,-110,-110,-110,-110,-110,-110,-110,-110,-110,-110,-110,-110,-110,-110,-110,-110,-110,-110,-110,-110,-110,-110,-110,-110,-110,-110,-110,-110,-110,-110,-110,-110,-110,-110,-110,-110,-110,-110,-110,-110,-110,-110,-110,-110,-110,-110,-110
30,12.91385188,18.487919377,5,-60,-110,-110,-76,-110,-60,-110,-75,-110,-110,-110,-91,-110,-110,-110,-110,-110,-110,-110,-110,-110,-110,-110,-110,-75,-110,-110,-72,-110,-87,-110,-110,-82,-80,-110,-110,-110,-110,-110,-110,-87,-88,-110,-110,-110,-110,-81,-82,-69,-86,-70,-110,-85,-78,-110,-110,-110,-85,-87,-110,-110,-87,-67,-67,-110,-110,-110,-110,-110,-110,-110,-110,-110,-110,-84,-110,-110,-88,-110,-110,-110,-110,-110,-110,-110,-110,-110,-110,-110,-110,-110,-110,-110,-110,-110,-110,-110,-88,-87,-110,-110,-110,-110,-110,-110,-110,-110,-110,-110,-110,-110,-110,-110,-110,-110,-110,-110,-110,-110,-110,-110,-110,-110,-110,-110,-110,-110,-110,-110,-89,-110,-110,-110,-110,-110,-110,-110,-110,-110,-110,-110,-110,-110,-110,-91,-110,-110,-110,-110,-110,-110,-110,-110,-110,-110,-110,-110,-110,-110,-110,-110,-110,-110,-110,-110,-110,-110,-110,-110,-110,-110,-110,-110,-110,-110,-110,-110,-110,-110,-110,-110,-110,-110,-110,-110,-110,-110,-110,-110,-110,-110,-110,-110,-110,-110,-110,-110,-110,-110,-110,-110,-110,-110,-110,-110,-110,-110,-110,-110,-110,-110,-110,-110,-110,-110,-110,-110,-110,-110,-110,-110,-110,-110,-110,-110,-110,-110,-110,-110,-110,-110,-110,-110,-110,-110,-110,-110,-110,-110,-110,-110,-110,-110,-110,-110,-110,-110,-110,-110,-110,-110,-110,-110,-110,-110,-110,-110,-110,-110,-110,-110,-110,-110,-110,-110,-110,-110,-110,-110,-110,-110,-110,-110,-110,-110,-110,-110,-110,-110,-110,-110,-110,-110,-110,-110,-110,-110,-110,-110,-110,-110,-110,-110,-110,-110,-110,-110,-110,-110,-110,-110,-110,-110,-110,-110,-110,-110,-110,-110,-110,-110,-110,-110,-110,-110,-110,-110,-110,-110,-110,-110,-110,-110,-110,-110,-110,-110,-110,-110,-110,-110,-110,-110,-110,-110,-110,-110,-110,-110,-110,-110,-110,-110,-110,-110,-110,-110,-110,-110,-110,-110,-110,-110,-110,-110,-110,-110,-110,-110,-110,-110,-110,-110,-110,-110,-110,-110,-110,-110,-110,-110,-110,-110,-110,-110,-110,-110,-110,-110,-110,-110,-110,-110,-110,-110,-110,-110,-110,-110,-110,-110,-110,-110,-110,-110,-110,-110,-110,-110,-110,-110,-110,-110,-110,-110,-110,-110,-110,-110,-110,-110,-110,-110,-110,-110,-110,-110,-110,-110,-110,-110,-110,-110,-110,-110,-110,-110,-110,-110,-110,-110,-110,-110,-110,-110,-110,-110,-110,-110,-110,-110,-110,-110,-110,-110,-110,-110,-110,-110,-110,-110,-110,-110,-110,-110,-110,-110,-110,-110,-110,-110,-110,-110,-110,-110,-110,-110,-110,-110,-110,-110,-110,-110,-110,-110,-110,-110,-110,-110,-110,-110,-110,-110,-110,-110,-110,-110,-110,-110,-110,-110,-110,-110,-110,-110,-110,-110,-110,-110,-110,-110,-110,-110,-110,-110,-110,-110,-110,-110,-110,-110,-110,-110,-110,-110,-110,-110,-110,-110,-110,-110,-110,-110,-110,-110,-110,-110,-110,-110,-110,-110,-110,-110,-110,-110,-110,-110,-110,-110,-110,-110,-110,-110,-110,-110,-110,-110,-110,-110,-110,-110,-110,-110,-110,-110,-110,-110,-110,-110,-110,-110,-110,-110,-110,-110,-110,-110,-110,-110,-110,-110,-110,-110,-110,-110,-110,-110,-110,-110,-110,-110,-110,-110,-110,-110,-110,-110,-110,-110,-110,-110,-110,-110,-110,-110,-110,-110,-110,-110,-110,-110,-110,-110,-110,-110,-110,-110,-110,-110,-110,-110,-110,-110,-110,-110,-110,-110,-110,-110,-110
30,12.91385188,18.487919377,5,-63,-110,-110,-75,-110,-63,-110,-75,-110,-110,-110,-110,-110,-110,-110,-110,-87,-110,-110,-110,-110,-110,-110,-110,-73,-110,-86,-74,-110,-86,-110,-110,-82,-81,-110,-110,-110,-110,-110,-110,-86,-85,-110,-110,-110,-110,-81,-85,-70,-86,-69,-84,-85,-82,-110,-110,-110,-87,-85,-110,-110,-86,-66,-66,-110,-110,-110,-110,-110,-89,-110,-110,-110,-110,-82,-110,-110,-110,-110,-110,-110,-110,-110,-110,-110,-110,-110,-110,-110,-110,-110,-110,-110,-110,-110,-110,-110,-87,-90,-110,-110,-110,-110,-110,-110,-110,-110,-110,-110,-110,-110,-110,-110,-110,-110,-110,-90,-110,-110,-110,-110,-110,-110,-110,-110,-110,-110,-110,-110,-89,-110,-110,-110,-110,-110,-110,-110,-110,-110,-110,-110,-110,-110,-110,-110,-110,-110,-110,-110,-110,-110,-110,-110,-110,-110,-110,-110,-110,-110,-110,-110,-110,-110,-110,-110,-110,-110,-110,-110,-110,-110,-110,-110,-110,-110,-110,-110,-110,-110,-110,-110,-110,-110,-110,-110,-110,-110,-110,-110,-110,-110,-110,-110,-110,-110,-110,-110,-110,-110,-110,-110,-110,-110,-110,-110,-110,-110,-110,-110,-110,-110,-110,-110,-110,-110,-110,-110,-110,-110,-110,-110,-110,-110,-110,-110,-110,-110,-110,-110,-110,-110,-110,-110,-110,-110,-110,-90,-110,-110,-110,-110,-110,-110,-110,-110,-110,-110,-110,-110,-110,-110,-110,-110,-110,-110,-110,-110,-110,-110,-110,-110,-110,-110,-110,-110,-110,-110,-110,-110,-110,-110,-110,-110,-110,-110,-110,-110,-110,-110,-110,-110,-110,-110,-110,-110,-110,-110,-110,-110,-110,-110,-110,-110,-110,-110,-110,-110,-110,-110,-110,-110,-110,-110,-110,-110,-110,-110,-110,-110,-110,-110,-110,-110,-110,-110,-110,-110,-110,-110,-110,-110,-110,-110,-110,-110,-110,-110,-110,-110,-110,-110,-110,-110,-110,-110,-110,-110,-110,-110,-110,-110,-110,-110,-110,-110,-110,-110,-110,-110,-110,-110,-110,-110,-110,-110,-110,-110,-110,-110,-110,-110,-110,-110,-110,-110,-110,-110,-110,-110,-110,-110,-110,-110,-110,-110,-110,-110,-110,-110,-110,-110,-110,-110,-110,-110,-110,-110,-110,-110,-110,-110,-110,-110,-110,-110,-110,-110,-110,-110,-110,-110,-110,-110,-110,-110,-110,-110,-110,-110,-110,-110,-110,-110,-110,-110,-110,-110,-110,-110,-110,-110,-110,-110,-110,-110,-110,-110,-110,-110,-110,-110,-110,-110,-110,-110,-110,-110,-110,-110,-110,-110,-110,-110,-110,-110,-110,-110,-110,-110,-110,-110,-110,-110,-110,-110,-110,-110,-110,-110,-110,-110,-110,-110,-110,-110,-110,-110,-110,-110,-110,-110,-110,-110,-110,-110,-110,-110,-110,-110,-110,-110,-110,-110,-110,-110,-110,-110,-110,-110,-110,-110,-110,-110,-110,-110,-110,-110,-110,-110,-110,-110,-110,-110,-110,-110,-110,-110,-110,-110,-110,-110,-110,-110,-110,-110,-110,-110,-110,-110,-110,-110,-110,-110,-110,-110,-110,-110,-110,-110,-110,-110,-110,-110,-110,-110,-110,-110,-110,-110,-110,-110,-110,-110,-110,-110,-110,-110,-110,-110,-110,-110,-110,-110,-110,-110,-110,-110,-110,-110,-110,-110,-110,-110,-110,-110,-110,-110,-110,-110,-110,-110,-110,-110,-110,-110,-110,-110,-110,-110,-110,-110,-110,-110,-110,-110,-110,-110,-110,-110,-110,-110,-110,-110,-110,-110,-110,-110,-110,-110,-110,-110,-110,-110,-110,-110,-110,-110,-110,-110,-110,-110,-110,-110,-110,-110,-110,-110,-110,-110,-110
30,12.91385188,18.487919377,5,-64,-110,-110,-75,-110,-65,-110,-76,-110,-110,-110,-110,-110,-110,-87,-110,-85,-110,-110,-110,-110,-110,-110,-110,-72,-110,-87,-76,-110,-110,-110,-110,-82,-82,-110,-110,-110,-110,-110,-110,-87,-86,-110,-110,-110,-110,-83,-83,-74,-87,-71,-110,-85,-78,-110,-110,-110,-88,-85,-110,-110,-88,-67,-68,-110,-110,-110,-110,-110,-110,-110,-110,-110,-110,-83,-110,-110,-110,-110,-110,-110,-110,-110,-110,-110,-110,-110,-110,-110,-110,-110,-110,-110,-110,-110,-110,-110,-86,-87,-110,-110,-110,-110,-110,-110,-110,-110,-110,-110,-110,-110,-110,-110,-110,-110,-110,-110,-110,-110,-110,-110,-87,-110,-110,-110,-110,-110,-110,-110,-91,-110,-110,-110,-110,-110,-110,-110,-110,-110,-110,-110,-110,-110,-110,-110,-88,-110,-110,-110,-110,-92,-110,-110,-110,-110,-110,-110,-110,-110,-110,-110,-110,-110,-110,-110,-110,-110,-110,-110,-110,-110,-110,-110,-110,-110,-110,-110,-110,-110,-110,-110,-110,-110,-110,-110,-110,-110,-110,-110,-110,-110,-110,-110,-110,-110,-110,-110,-110,-110,-110,-110,-110,-110,-110,-110,-110,-110,-110,-110,-110,-110,-110,-110,-110,-110,-110,-110,-110,-110,-110,-110,-110,-110,-110,-110,-110,-110,-110,-110,-110,-110,-110,-110,-110,-110,-110,-110,-110,-110,-110,-110,-110,-110,-110,-110,-110,-110,-110,-110,-110,-110,-110,-110,-110,-110,-110,-110,-110,-110,-110,-110,-110,-110,-110,-110,-110,-110,-110,-110,-110,-110,-110,-110,-110,-110,-110,-110,-110,-110,-110,-110,-110,-110,-110,-110,-110,-110,-110,-110,-110,-110,-110,-110,-110,-110,-110,-110,-110,-110,-110,-110,-110,-110,-110,-110,-110,-110,-110,-110,-110,-110,-110,-110,-110,-110,-110,-110,-110,-110,-110,-110,-110,-110,-110,-110,-110,-110,-110,-110,-110,-110,-110,-110,-110,-110,-110,-110,-110,-110,-110,-110,-110,-110,-110,-110,-110,-110,-110,-110,-110,-110,-110,-110,-110,-110,-110,-110,-110,-110,-110,-110,-110,-110,-110,-110,-110,-110,-110,-110,-110,-110,-110,-110,-110,-110,-110,-110,-110,-110,-110,-110,-110,-110,-110,-110,-110,-110,-110,-110,-110,-110,-110,-110,-110,-110,-110,-110,-110,-110,-110,-110,-110,-110,-110,-110,-110,-110,-110,-110,-110,-110,-110,-110,-110,-110,-110,-110,-110,-110,-110,-110,-110,-110,-110,-110,-110,-110,-110,-110,-110,-110,-110,-110,-110,-110,-110,-110,-110,-110,-110,-110,-110,-110,-110,-110,-110,-110,-110,-110,-110,-110,-110,-110,-110,-110,-110,-110,-110,-110,-110,-110,-110,-110,-110,-110,-110,-110,-110,-110,-110,-110,-110,-110,-110,-110,-110,-110,-110,-110,-110,-110,-110,-110,-110,-110,-110,-110,-110,-110,-110,-110,-110,-110,-110,-110,-110,-110,-110,-110,-110,-110,-110,-110,-110,-110,-110,-110,-110,-110,-110,-110,-110,-110,-110,-110,-110,-110,-110,-110,-110,-110,-110,-110,-110,-110,-110,-110,-110,-110,-110,-110,-110,-110,-110,-110,-110,-110,-110,-110,-110,-110,-110,-110,-110,-110,-110,-110,-110,-110,-110,-110,-110,-110,-110,-110,-110,-110,-110,-110,-110,-110,-110,-110,-110,-110,-110,-110,-110,-110,-110,-110,-110,-110,-110,-110,-110,-110,-110,-110,-110,-110,-110,-110,-110,-110,-110,-110,-110,-110,-110,-110,-110,-110,-110,-110,-110,-110,-110,-110,-110,-110,-110,-110,-110,-110,-110,-110,-110,-110,-110,-110,-110,-110,-110,-110,-110,-110,-110,-110,-110
30,12.91385188,18.487919377,5,-62,-110,-110,-78,-110,-63,-110,-77,-110,-110,-110,-110,-110,-110,-88,-110,-88,-110,-110,-110,-110,-110,-110,-110,-73,-110,-83,-71,-110,-82,-110,-110,-81,-81,-110,-110,-110,-110,-110,-110,-85,-87,-110,-110,-110,-110,-81,-110,-68,-84,-71,-79,-86,-77,-110,-110,-110,-86,-110,-110,-110,-89,-69,-65,-110,-110,-110,-92,-110,-90,-110,-110,-110,-110,-84,-110,-110,-90,-110,-110,-110,-110,-110,-110,-110,-89,-110,-93,-110,-110,-110,-110,-110,-110,-110,-110,-110,-86,-87,-110,-110,-110,-110,-110,-110,-110,-110,-110,-110,-110,-110,-110,-110,-110,-110,-110,-87,-110,-110,-110,-110,-89,-110,-110,-110,-110,-110,-110,-110,-110,-110,-110,-110,-110,-110,-110,-110,-110,-110,-110,-110,-110,-110,-110,-90,-86,-110,-110,-110,-110,-93,-110,-110,-110,-110,-110,-110,-110,-110,-110,-110,-110,-110,-110,-110,-110,-110,-110,-110,-110,-110,-110,-110,-110,-110,-110,-110,-110,-110,-110,-110,-110,-110,-110,-110,-110,-110,-110,-110,-110,-110,-110,-110,-110,-110,-110,-110,-110,-110,-110,-110,-110,-110,-110,-110,-110,-110,-110,-110,-110,-110,-110,-110,-110,-110,-110,-110,-110,-110,-110,-110,-110,-110,-110,-110,-110,-110,-110,-110,-110,-110,-110,-110,-110,-110,-110,-110,-110,-110,-110,-110,-110,-110,-110,-110,-110,-110,-110,-110,-110,-110,-110,-110,-110,-110,-110,-110,-110,-110,-110,-110,-110,-110,-110,-110,-110,-110,-110,-110,-110,-110,-110,-110,-110,-110,-110,-110,-110,-110,-110,-110,-110,-110,-110,-110,-110,-110,-110,-110,-110,-110,-110,-110,-110,-110,-110,-110,-110,-110,-110,-110,-110,-110,-110,-110,-110,-110,-110,-110,-110,-110,-110,-110,-110,-110,-110,-110,-110,-110,-110,-110,-110,-110,-110,-110,-110,-110,-110,-110,-110,-110,-110,-110,-110,-110,-110,-110,-110,-110,-110,-110,-110,-110,-110,-110,-110,-110,-110,-110,-110,-110,-110,-110,-110,-110,-110,-110,-110,-110,-110,-110,-110,-110,-110,-110,-110,-110,-110,-110,-110,-110,-110,-110,-110,-110,-110,-110,-110,-110,-110,-110,-110,-110,-110,-110,-110,-110,-110,-110,-110,-110,-110,-110,-110,-110,-110,-110,-110,-110,-110,-110,-110,-110,-110,-110,-110,-110,-110,-110,-110,-110,-110,-110,-110,-110,-110,-110,-110,-110,-110,-110,-110,-110,-110,-110,-110,-110,-110,-110,-110,-110,-110,-110,-110,-110,-110,-110,-110,-110,-110,-110,-110,-110,-110,-110,-110,-110,-110,-110,-110,-110,-110,-110,-110,-110,-110,-110,-110,-110,-110,-110,-110,-110,-110,-110,-110,-110,-110,-110,-110,-110,-110,-110,-110,-110,-110,-110,-110,-110,-110,-110,-110,-110,-110,-110,-110,-110,-110,-110,-110,-110,-110,-110,-110,-110,-110,-110,-110,-110,-110,-110,-110,-110,-110,-110,-110,-110,-110,-110,-110,-110,-110,-110,-110,-110,-110,-110,-110,-110,-110,-110,-110,-110,-110,-110,-110,-110,-110,-110,-110,-110,-110,-110,-110,-110,-110,-110,-110,-110,-110,-110,-110,-110,-110,-110,-110,-110,-110,-110,-110,-110,-110,-110,-110,-110,-110,-110,-110,-110,-110,-110,-110,-110,-110,-110,-110,-110,-110,-110,-110,-110,-110,-110,-110,-110,-110,-110,-110,-110,-110,-110,-110,-110,-110,-110,-110,-110,-110,-110,-110,-110,-110,-110,-110,-110,-110,-110,-110,-110,-110,-110,-110,-110,-110,-110,-110,-110,-110,-110,-110,-110,-110,-110,-110,-110,-110,-110,-110,-110,-110
30,12.91385188,18.487919377,5,-62,-110,-110,-74,-110,-62,-110,-74,-110,-110,-110,-110,-110,-110,-87,-110,-89,-110,-110,-110,-110,-110,-110,-110,-69,-110,-110,-72,-110,-85,-110,-110,-83,-82,-110,-110,-110,-110,-110,-110,-87,-110,-110,-110,-110,-110,-86,-86,-68,-86,-71,-82,-85,-83,-110,-110,-110,-88,-110,-110,-110,-91,-73,-70,-110,-110,-110,-110,-110,-110,-110,-89,-110,-110,-83,-110,-110,-86,-110,-110,-110,-110,-110,-110,-110,-110,-110,-110,-110,-110,-110,-110,-110,-110,-110,-110,-110,-90,-89,-110,-110,-110,-110,-110,-110,-110,-110,-110,-110,-110,-110,-110,-110,-110,-110,-110,-89,-110,-110,-110,-110,-88,-110,-110,-110,-110,-110,-110,-110,-110,-110,-110,-110,-110,-110,-110,-110,-110,-110,-110,-110,-110,-110,-110,-89,-110,-110,-110,-110,-110,-110,-110,-110,-110,-110,-110,-110,-110,-110,-110,-110,-110,-110,-110,-110,-110,-110,-110,-110,-110,-110,-110,-110,-110,-110,-110,-110,-110,-110,-110,-110,-110,-110,-110,-110,-110,-110,-110,-110,-110,-110,-110,-110,-110,-110,-110,-110,-110,-110,-110,-110,-110,-110,-110,-110,-110,-110,-110,-110,-110,-110,-110,-110,-110,-110,-110,-110,-110,-110,-110,-110,-110,-110,-110,-110,-110,-110,-110,-110,-110,-110,-110,-110,-110,-110,-110,-89,-110,-110,-110,-110,-110,-110,-110,-110,-110,-110,-110,-110,-110,-110,-110,-110,-110,-110,-110,-110,-110,-110,-110,-110,-110,-110,-110,-110,-110,-110,-110,-110,-110,-110,-110,-110,-110,-110,-110,-110,-110,-110,-110,-110,-110,-110,-110,-110,-110,-110,-110,-110,-110,-110,-110,-110,-110,-110,-110,-110,-110,-110,-110,-110,-110,-110,-110,-110,-110,-110,-110,-110,-110,-110,-110,-110,-110,-110,-110,-110,-110,-110,-110,-110,-110,-110,-110,-110,-110,-110,-110,-110,-110,-110,-110,-110,-110,-110,-110,-110,-110,-110,-110,-110,-110,-110,-110,-110,-110,-110,-110,-110,-110,-110,-110,-110,-110,-110,-110,-110,-110,-110,-110,-110,-110,-110,-110,-110,-110,-110,-110,-110,-110,-110,-110,-110,-110,-110,-110,-110,-110,-110,-110,-110,-110,-110,-110,-110,-110,-110,-110,-110,-110,-110,-110,-110,-110,-110,-110,-110,-110,-110,-110,-110,-110,-110,-110,-110,-110,-110,-110,-110,-110,-110,-110,-110,-110,-110,-110,-110,-110,-110,-110,-110,-110,-110,-110,-110,-110,-110,-110,-110,-110,-110,-110,-110,-110,-110,-110,-110,-110,-110,-110,-110,-110,-110,-110,-110,-110,-110,-110,-110,-110,-110,-110,-110,-110,-110,-110,-110,-110,-110,-110,-110,-110,-110,-110,-110,-110,-110,-110,-110,-110,-110,-110,-110,-110,-110,-110,-110,-110,-110,-110,-110,-110,-110,-110,-110,-110,-110,-110,-110,-110,-110,-110,-110,-110,-110,-110,-110,-110,-110,-110,-110,-110,-110,-110,-110,-110,-110,-110,-110,-110,-110,-110,-110,-110,-110,-110,-110,-110,-110,-110,-110,-110,-110,-110,-110,-110,-110,-110,-110,-110,-110,-110,-110,-110,-110,-110,-110,-110,-110,-110,-110,-110,-110,-110,-110,-110,-110,-110,-110,-110,-110,-110,-110,-110,-110,-110,-110,-110,-110,-110,-110,-110,-110,-110,-110,-110,-110,-110,-110,-110,-110,-110,-110,-110,-110,-110,-110,-110,-110,-110,-110,-110,-110,-110,-110,-110,-110,-110,-110,-110,-110,-110,-110,-110,-110,-110,-110,-110,-110,-110,-110,-110,-110,-110,-110,-110,-110,-110,-110,-110,-110,-110,-110,-110,-110,-110,-110,-110,-110,-110
30,12.91385188,18.487919377,5,-63,-110,-110,-76,-110,-63,-110,-75,-110,-110,-110,-110,-110,-110,-85,-110,-86,-110,-110,-110,-110,-110,-110,-110,-71,-110,-84,-73,-110,-85,-110,-110,-82,-83,-110,-110,-110,-110,-110,-110,-110,-110,-110,-110,-110,-110,-83,-83,-69,-86,-70,-82,-87,-84,-110,-110,-110,-87,-86,-110,-110,-87,-69,-69,-110,-110,-110,-89,-110,-88,-110,-87,-110,-110,-85,-110,-110,-110,-110,-110,-110,-110,-110,-110,-110,-89,-90,-110,-110,-110,-110,-110,-110,-110,-110,-110,-110,-88,-88,-110,-110,-110,-110,-110,-110,-110,-90,-110,-110,-110,-110,-110,-110,-110,-110,-110,-86,-110,-110,-110,-110,-90,-110,-110,-110,-110,-110,-110,-110,-110,-110,-110,-110,-110,-110,-110,-110,-110,-110,-110,-110,-110,-110,-110,-91,-89,-110,-110,-110,-110,-110,-110,-110,-110,-110,-110,-110,-110,-110,-110,-110,-110,-110,-110,-110,-110,-110,-110,-110,-110,-110,-110,-110,-110,-110,-110,-110,-110,-110,-110,-110,-110,-110,-110,-110,-110,-110,-110,-110,-110,-110,-110,-110,-110,-110,-110,-110,-110,-110,-110,-110,-110,-110,-110,-110,-110,-110,-110,-110,-110,-110,-110,-110,-110,-110,-110,-110,-110,-110,-110,-110,-110,-110,-110,-110,-110,-110,-110,-110,-110,-110,-110,-110,-110,-110,-110,-110,-110,-110,-110,-110,-110,-110,-110,-110,-110,-110,-110,-110,-110,-110,-110,-110,-110,-110,-110,-110,-110,-110,-110,-110,-110,-110,-110,-110,-110,-110,-110,-110,-110,-110,-110,-110,-110,-110,-110,-110,-110,-110,-110,-110,-110,-110,-110,-110,-110,-110,-110,-110,-110,-110,-110,-110,-110,-110,-110,-110,-110,-110,-110,-110,-110,-110,-110,-110,-110,-110,-110,-110,-110,-110,-110,-110,-110,-110,-110,-110,-110,-110,-110,-110,-110,-110,-110,-110,-110,-110,-110,-110,-110,-110,-110,-110,-110,-110,-110,-110,-110,-110,-110,-110,-110,-110,-110,-110,-110,-110,-110,-110,-110,-110,-110,-110,-110,-110,-110,-110,-110,-110,-110,-110,-110,-110,-110,-110,-110,-110,-110,-110,-110,-110,-110,-110,-110,-110,-110,-110,-110,-110,-110,-110,-110,-110,-110,-110,-110,-110,-110,-110,-110,-110,-110,-110,-110,-110,-110,-110,-110,-110,-110,-110,-110,-110,-110,-110,-110,-110,-110,-110,-110,-110,-110,-110,-110,-110,-110,-110,-110,-110,-110,-110,-110,-110,-110,-110,-110,-110,-110,-110,-110,-110,-110,-110,-110,-110,-110,-110,-110,-110,-110,-110,-110,-110,-110,-110,-110,-110,-110,-110,-110,-110,-110,-110,-110,-110,-110,-110,-110,-110,-110,-110,-110,-110,-110,-110,-110,-110,-110,-110,-110,-110,-110,-110,-110,-110,-110,-110,-110,-110,-110,-110,-110,-110,-110,-110,-110,-110,-110,-110,-110,-110,-110,-110,-110,-110,-110,-110,-110,-110,-110,-110,-110,-110,-110,-110,-110,-110,-110,-110,-110,-110,-110,-110,-110,-110,-110,-110,-110,-110,-110,-110,-110,-110,-110,-110,-110,-110,-110,-110,-110,-110,-110,-110,-110,-110,-110,-110,-110,-110,-110,-110,-110,-110,-110,-110,-110,-110,-110,-110,-110,-110,-110,-110,-110,-110,-110,-110,-110,-110,-110,-110,-110,-110,-110,-110,-110,-110,-110,-110,-110,-110,-110,-110,-110,-110,-110,-110,-110,-110,-110,-110,-110,-110,-110,-110,-110,-110,-110,-110,-110,-110,-110,-110,-110,-110,-110,-110,-110,-110,-110,-110,-110,-110,-110,-110,-110,-110,-110,-110,-110,-110,-110,-110,-110,-110,-110,-110,-110,-110,-110
31,4.1347719,20.276023485,5,-78,-110,-110,-78,-110,-79,-110,-82,-110,-110,-93,-110,-110,-110,-84,-110,-84,-110,-110,-110,-110,-110,-110,-110,-82,-110,-110,-82,-110,-110,-110,-110,-110,-110,-110,-110,-110,-110,-110,-110,-110,-110,-110,-110,-110,-110,-110,-110,-72,-110,-74,-70,-87,-77,-110,-110,-110,-110,-110,-110,-110,-110,-91,-90,-110,-110,-110,-110,-85,-110,-85,-110,-110,-110,-110,-110,-110,-110,-110,-110,-110,-110,-110,-110,-110,-110,-110,-110,-110,-110,-110,-110,-110,-110,-110,-110,-110,-110,-110,-110,-110,-110,-110,-110,-110,-110,-110,-110,-110,-110,-110,-110,-110,-110,-110,-110,-110,-110,-110,-110,-110,-110,-110,-110,-110,-110,-110,-110,-110,-110,-110,-110,-110,-110,-110,-110,-110,-110,-110,-110,-110,-110,-110,-110,-110,-110,-110,-110,-110,-110,-110,-110,-110,-110,-110,-110,-110,-110,-110,-110,-110,-110,-110,-110,-110,-110,-110,-110,-110,-110,-110,-110,-110,-110,-110,-110,-110,-110,-110,-110,-110,-110,-110,-110,-110,-110,-110,-110,-110,-110,-110,-110,-110,-110,-110,-110,-110,-110,-110,-110,-110,-110,-110,-110,-110,-110,-110,-110,-110,-110,-110,-110,-110,-110,-110,-110,-110,-110,-110,-110,-110,-110,-110,-110,-110,-110,-110,-110,-110,-110,-110,-110,-110,-110,-110,-110,-110,-110,-110,-110,-110,-110,-110,-110,-110,-110,-110,-110,-110,-110,-110,-110,-110,-110,-110,-110,-110,-110,-110,-110,-110,-110,-110,-110,-110,-110,-110,-110,-110,-110,-110,-110,-110,-110,-110,-110,-110,-110,-110,-110,-110,-110,-110,-110,-110,-110,-110,-110,-110,-110,-110,-110,-110,-110,-110,-110,-110,-110,-110,-110,-110,-110,-110,-110,-110,-110,-110,-110,-110,-110,-110,-110,-110,-110,-110,-110,-110,-110,-110,-110,-110,-110,-110,-110,-110,-110,-110,-110,-110,-110,-110,-110,-110,-110,-110,-110,-110,-110,-110,-110,-110,-110,-110,-110,-110,-110,-110,-110,-110,-110,-110,-110,-110,-110,-110,-110,-110,-110,-110,-110,-110,-110,-110,-110,-110,-110,-110,-110,-110,-110,-110,-110,-110,-110,-110,-110,-110,-110,-110,-110,-110,-110,-110,-110,-110,-110,-110,-110,-110,-110,-110,-110,-110,-110,-110,-110,-110,-110,-110,-110,-110,-110,-110,-110,-110,-110,-110,-110,-110,-110,-110,-110,-110,-110,-110,-110,-110,-110,-110,-110,-110,-110,-110,-110,-110,-110,-110,-110,-110,-110,-110,-110,-110,-110,-110,-110,-110,-110,-110,-110,-110,-110,-110,-110,-110,-110,-110,-110,-110,-110,-110,-110,-110,-110,-110,-110,-110,-110,-110,-110,-110,-110,-110,-110,-110,-110,-110,-110,-110,-110,-110,-110,-110,-110,-110,-110,-110,-110,-110,-110,-110,-110,-110,-110,-110,-110,-110,-110,-110,-110,-110,-110,-110,-110,-110,-110,-110,-110,-110,-110,-110,-110,-110,-110,-110,-110,-110,-110,-110,-110,-110,-110,-110,-110,-110,-110,-110,-110,-110,-110,-110,-110,-110,-110,-110,-110,-110,-110,-110,-110,-110,-110,-110,-110,-110,-110,-110,-110,-110,-110,-110,-110,-110,-110,-110,-110,-110,-110,-110,-110,-110,-110,-110,-110,-110,-110,-110,-110,-110,-110,-110,-110,-110,-110,-110,-110,-110,-110,-110,-110,-110,-110,-110,-110,-110,-110,-110,-110,-110,-110,-110,-110,-110,-110,-110,-110,-110,-110,-110,-110,-110,-110,-110,-110,-110,-110,-110,-110,-110,-110,-110,-110,-110,-110,-110,-110,-110,-110,-110,-110,-110,-110,-110,-110,-110,-110,-110,-110,-110,-110
31,4.1347719,20.276023485,5,-77,-110,-110,-82,-110,-79,-110,-84,-110,-110,-110,-110,-110,-110,-90,-110,-84,-110,-110,-110,-110,-110,-110,-110,-85,-110,-110,-83,-110,-110,-110,-110,-110,-110,-110,-110,-110,-110,-110,-110,-110,-110,-110,-110,-110,-110,-110,-110,-66,-94,-65,-67,-91,-78,-110,-110,-110,-110,-110,-110,-110,-110,-90,-90,-110,-110,-110,-110,-91,-110,-89,-110,-110,-110,-110,-110,-110,-110,-110,-110,-110,-110,-110,-110,-110,-110,-110,-110,-110,-110,-110,-110,-110,-110,-110,-110,-110,-110,-110,-110,-110,-110,-110,-110,-110,-110,-110,-110,-110,-110,-110,-110,-110,-110,-110,-110,-110,-110,-110,-110,-110,-110,-110,-110,-110,-110,-110,-110,-110,-110,-110,-110,-110,-110,-110,-110,-110,-110,-110,-110,-110,-110,-110,-110,-110,-110,-110,-110,-110,-110,-110,-110,-110,-110,-110,-110,-110,-110,-110,-110,-110,-110,-110,-110,-110,-110,-110,-110,-110,-110,-110,-110,-110,-110,-110,-110,-110,-110,-110,-110,-110,-110,-110,-110,-110,-110,-110,-110,-110,-110,-110,-110,-110,-110,-110,-110,-110,-110,-110,-110,-110,-110,-110,-110,-110,-110,-110,-110,-110,-110,-110,-110,-110,-110,-110,-110,-110,-110,-110,-110,-110,-110,-110,-110,-110,-110,-110,-110,-110,-110,-110,-110,-110,-110,-110,-110,-110,-110,-110,-110,-110,-110,-110,-110,-110,-110,-110,-110,-110,-110,-110,-110,-110,-110,-110,-110,-110,-110,-110,-110,-110,-110,-110,-110,-110,-110,-110,-110,-110,-110,-110,-110,-110,-110,-110,-110,-110,-110,-110,-110,-110,-110,-110,-110,-110,-110,-110,-110,-110,-110,-110,-110,-110,-110,-110,-110,-110,-110,-110,-110,-110,-110,-110,-110,-110,-110,-110,-110,-110,-110,-110,-110,-110,-110,-110,-110,-110,-110,-110,-110,-110,-110,-110,-110,-110,-110,-110,-110,-110,-110,-110,-110,-110,-110,-110,-110,-110,-110,-110,-110,-110,-110,-110,-110,-110,-110,-110,-110,-110,-110,-110,-110,-110,-110,-110,-110,-110,-110,-110,-110,-110,-110,-110,-110,-110,-110,-110,-110,-110,-110,-110,-110,-110,-110,-110,-110,-110,-110,-110,-110,-110,-110,-110,-110,-110,-110,-110,-110,-110,-110,-110,-110,-110,-110,-110,-110,-110,-110,-110,-110,-110,-110,-110,-110,-110,-110,-110,-110,-110,-110,-110,-110,-110,-110,-110,-110,-110,-110,-110,-110,-110,-110,-110,-110,-110,-110,-110,-110,-110,-110,-110,-110,-110,-110,-110,-110,-110,-110,-110,-110,-110,-110,-110,-110,-110,-110,-110,-110,-110,-110,-110,-110,-110,-110,-110,-110,-110,-110,-110,-110,-110,-110,-110,-110,-110,-110,-110,-110,-110,-110,-110,-110,-110,-110,-110,-110,-110,-110,-110,-110,-110,-110,-110,-110,-110,-110,-110,-110,-110,-110,-110,-110,-110,-110,-110,-110,-110,-110,-110,-110,-110,-110,-110,-110,-110,-110,-110,-110,-110,-110,-110,-110,-110,-110,-110,-110,-110,-110,-110,-110,-110,-110,-110,-110,-110,-110,-110,-110,-110,-110,-110,-110,-110,-110,-110,-110,-110,-110,-110,-110,-110,-110,-110,-110,-110,-110,-110,-110,-110,-110,-110,-110,-110,-110,-110,-110,-110,-110,-110,-110,-110,-110,-110,-110,-110,-110,-110,-110,-110,-110,-110,-110,-110,-110,-110,-110,-110,-110,-110,-110,-110,-110,-110,-110,-110,-110,-110,-110,-110,-110,-110,-110,-110,-110,-110,-110,-110,-110,-110,-110,-110,-110,-110,-110,-110,-110,-110,-110,-110,-110,-110,-110,-110,-110,-110,-110,-110,-110,-110,-110
31,4.1347719,20.276023485,5,-81,-110,-110,-76,-110,-83,-110,-77,-110,-110,-92,-110,-110,-110,-84,-110,-86,-110,-110,-110,-110,-110,-110,-110,-83,-110,-110,-86,-110,-110,-110,-110,-110,-110,-110,-110,-110,-110,-110,-110,-110,-110,-110,-110,-110,-110,-110,-110,-66,-89,-65,-67,-110,-81,-110,-110,-110,-110,-110,-110,-110,-110,-89,-90,-110,-110,-110,-110,-83,-110,-85,-110,-110,-110,-110,-110,-110,-110,-110,-110,-110,-110,-110,-110,-110,-110,-110,-110,-110,-110,-110,-110,-110,-110,-110,-110,-110,-110,-110,-110,-110,-110,-110,-110,-110,-110,-110,-110,-110,-110,-110,-110,-110,-110,-110,-110,-110,-110,-110,-110,-110,-110,-110,-110,-110,-110,-110,-110,-110,-110,-110,-110,-110,-110,-110,-110,-110,-110,-110,-110,-110,-110,-110,-110,-110,-110,-110,-110,-110,-110,-110,-110,-110,-110,-110,-110,-110,-110,-110,-110,-110,-110,-110,-110,-110,-110,-110,-110,-110,-110,-110,-110,-110,-110,-110,-110,-110,-110,-110,-110,-110,-110,-110,-110,-110,-110,-110,-110,-110,-110,-110,-110,-110,-110,-110,-110,-110,-110,-110,-110,-110,-110,-110,-110,-110,-110,-110,-110,-110,-110,-110,-110,-110,-110,-110,-110,-110,-110,-110,-110,-110,-110,-110,-110,-110,-110,-110,-110,-110,-110,-110,-110,-110,-110,-110,-110,-110,-110,-110,-110,-110,-110,-110,-110,-110,-110,-110,-110,-110,-110,-110,-110,-110,-110,-110,-110,-110,-110,-110,-110,-110,-110,-110,-110,-110,-110,-110,-110,-110,-110,-110,-110,-110,-110,-110,-110,-110,-110,-110,-110,-110,-110,-110,-110,-110,-110,-110,-110,-110,-110,-110,-110,-110,-110,-110,-110,-110,-110,-110,-110,-110,-110,-110,-110,-110,-110,-110,-110,-110,-110,-110,-110,-110,-110,-110,-110,-110,-110,-110,-110,-110,-110,-110,-110,-110,-110,-110,-110,-110,-110,-110,-110,-110,-110,-110,-110,-110,-110,-110,-110,-110,-110,-110,-110,-110,-110,-110,-110,-110,-110,-110,-110,-110,-110,-110,-110,-110,-110,-110,-110,-110,-110,-110,-110,-110,-110,-110,-110,-110,-110,-110,-110,-110,-110,-110,-110,-110,-110,-110,-110,-110,-110,-110,-110,-110,-110,-110,-110,-110,-110,-110,-110,-110,-110,-110,-110,-110,-110,-110,-110,-110,-110,-110,-110,-110,-110,-110,-110,-110,-110,-110,-110,-110,-110,-110,-110,-110,-110,-110,-110,-110,-110,-110,-110,-110,-110,-110,-110,-110,-110,-110,-110,-110,-110,-110,-110,-110,-110,-110,-110,-110,-110,-110,-110,-110,-110,-110,-110,-110,-110,-110,-110,-110,-110,-110,-110,-110,-110,-110,-110,-110,-110,-110,-110,-110,-110,-110,-110,-110,-110,-110,-110,-110,-110,-110,-110,-110,-110,-110,-110,-110,-110,-110,-110,-110,-110,-110,-110,-110,-110,-110,-110,-110,-110,-110,-110,-110,-110,-110,-110,-110,-110,-110,-110,-110,-110,-110,-110,-110,-110,-110,-110,-110,-110,-110,-110,-110,-110,-110,-110,-110,-110,-110,-110,-110,-110,-110,-110,-110,-110,-110,-110,-110,-110,-110,-110,-110,-110,-110,-110,-110,-110,-110,-110,-110,-110,-110,-110,-110,-110,-110,-110,-110,-110,-110,-110,-110,-110,-110,-110,-110,-110,-110,-110,-110,-110,-110,-110,-110,-110,-110,-110,-110,-110,-110,-110,-110,-110,-110,-110,-110,-110,-110,-110,-110,-110,-110,-110,-110,-110,-110,-110,-110,-110,-110,-110,-110,-110,-110,-110,-110,-110,-110,-110,-110,-110,-110,-110,-110,-110,-110,-110,-110,-110,-110,-110,-110,-110,-110,-110
31,4.1347719,20.276023485,5,-78,-110,-110,-80,-110,-78,-110,-81,-110,-110,-89,-110,-110,-110,-86,-110,-87,-110,-110,-110,-110,-110,-110,-110,-84,-110,-93,-82,-110,-92,-110,-110,-110,-110,-110,-110,-110,-110,-110,-110,-110,-110,-110,-110,-110,-110,-110,-110,-64,-110,-65,-65,-89,-78,-110,-110,-110,-110,-110,-110,-110,-110,-90,-93,-110,-110,-110,-110,-85,-110,-87,-110,-110,-110,-110,-110,-110,-110,-110,-110,-110,-110,-110,-110,-110,-110,-110,-110,-110,-110,-110,-110,-110,-110,-110,-110,-110,-110,-110,-110,-110,-110,-110,-110,-110,-110,-110,-110,-110,-110,-110,-110,-110,-110,-110,-110,-110,-110,-110,-110,-110,-110,-110,-110,-110,-110,-110,-110,-110,-110,-110,-110,-110,-110,-110,-110,-110,-110,-110,-110,-110,-110,-110,-110,-110,-110,-110,-110,-110,-110,-110,-110,-110,-110,-110,-110,-110,-110,-110,-110,-110,-110,-110,-110,-110,-110,-110,-110,-110,-110,-110,-110,-110,-110,-110,-110,-110,-110,-110,-110,-110,-110,-110,-110,-110,-110,-110,-110,-110,-110,-110,-110,-110,-110,-110,-110,-110,-110,-110,-110,-110,-110,-110,-110,-110,-110,-110,-110,-110,-110,-110,-110,-110,-110,-110,-110,-110,-110,-110,-110,-110,-110,-110,-110,-110,-110,-110,-110,-110,-110,-110,-110,-110,-110,-110,-110,-110,-110,-110,-110,-110,-110,-110,-110,-110,-110,-110,-110,-110,-110,-110,-110,-110,-110,-110,-110,-110,-110,-110,-110,-110,-110,-110,-110,-110,-110,-110,-110,-110,-110,-110,-110,-110,-110,-110,-110,-110,-110,-110,-110,-110,-110,-110,-110,-110,-110,-110,-110,-110,-110,-110,-110,-110,-110,-110,-110,-110,-110,-110,-110,-110,-110,-110,-110,-110,-110,-110,-110,-110,-110,-110,-110,-110,-110,-110,-110,-110,-110,-110,-110,-110,-110,-110,-110,-110,-110,-110,-110,-110,-110,-110,-110,-110,-110,-110,-110,-110,-110,-110,-110,-110,-110,-110,-110,-110,-110,-110,-110,-110,-110,-110,-110,-110,-110,-110,-110,-110,-110,-110,-110,-110,-110,-110,-110,-110,-110,-110,-110,-110,-110,-110,-110,-110,-110,-110,-110,-110,-110,-110,-110,-110,-110,-110,-110,-110,-110,-110,-110,-110,-110,-110,-110,-110,-110,-110,-110,-110,-110,-110,-110,-110,-110,-110,-110,-110,-110,-110,-110,-110,-110,-110,-110,-110,-110,-110,-110,-110,-110,-110,-110,-110,-110,-110,-110,-110,-110,-110,-110,-110,-110,-110,-110,-110,-110,-110,-110,-110,-110,-110,-110,-110,-110,-110,-110,-110,-110,-110,-110,-110,-110,-110,-110,-110,-110,-110,-110,-110,-110,-110,-110,-110,-110,-110,-110,-110,-110,-110,-110,-110,-110,-110,-110,-110,-110,-110,-110,-110,-110,-110,-110,-110,-110,-110,-110,-110,-110,-110,-110,-110,-110,-110,-110,-110,-110,-110,-110,-110,-110,-110,-110,-110,-110,-110,-110,-110,-110,-110,-110,-110,-110,-110,-110,-110,-110,-110,-110,-110,-110,-110,-110,-110,-110,-110,-110,-110,-110,-110,-110,-110,-110,-110,-110,-110,-110,-110,-110,-110,-110,-110,-110,-110,-110,-110,-110,-110,-110,-110,-110,-110,-110,-110,-110,-110,-110,-110,-110,-110,-110,-110,-110,-110,-110,-110,-110,-110,-110,-110,-110,-110,-110,-110,-110,-110,-110,-110,-110,-110,-110,-110,-110,-110,-110,-110,-110,-110,-110,-110,-110,-110,-110,-110,-110,-110,-110,-110,-110,-110,-110,-110,-110,-110,-110,-110,-110,-110,-110,-110,-110,-110,-110,-110,-110,-110,-110,-110,-110,-110,-110,-110,-110
31,4.1347719,20.276023485,5,-79,-110,-110,-81,-110,-79,-110,-80,-110,-110,-110,-91,-110,-110,-85,-110,-87,-110,-110,-110,-110,-110,-110,-110,-84,-110,-110,-82,-110,-110,-110,-110,-110,-110,-110,-110,-110,-110,-110,-110,-110,-110,-110,-110,-110,-110,-110,-110,-66,-87,-66,-65,-87,-79,-110,-110,-110,-110,-110,-110,-110,-110,-90,-90,-110,-110,-110,-110,-88,-110,-110,-110,-110,-110,-110,-110,-110,-110,-110,-110,-110,-110,-110,-110,-110,-110,-110,-110,-110,-110,-110,-110,-110,-110,-110,-110,-110,-110,-110,-110,-110,-110,-110,-110,-110,-110,-110,-110,-110,-110,-110,-110,-110,-110,-110,-110,-110,-110,-110,-110,-110,-110,-110,-110,-110,-110,-110,-110,-110,-110,-110,-110,-110,-110,-110,-110,-110,-110,-110,-110,-110,-110,-110,-110,-110,-110,-110,-110,-110,-110,-110,-110,-110,-110,-110,-110,-110,-110,-110,-110,-110,-110,-110,-110,-110,-110,-110,-110,-110,-110,-110,-110,-110,-110,-110,-110,-110,-110,-110,-110,-110,-110,-110,-110,-110,-110,-110,-110,-110,-110,-110,-110,-110,-110,-110,-110,-110,-110,-110,-110,-110,-110,-110,-110,-110,-110,-110,-110,-110,-110,-110,-110,-110,-110,-110,-110,-110,-110,-110,-110,-110,-110,-110,-110,-110,-110,-110,-110,-110,-110,-110,-110,-110,-110,-110,-110,-110,-110,-110,-110,-110,-110,-110,-110,-110,-110,-110,-110,-110,-110,-110,-110,-110,-110,-110,-110,-110,-110,-110,-110,-110,-110,-110,-110,-110,-110,-110,-110,-110,-110,-110,-110,-110,-110,-110,-110,-110,-110,-110,-110,-110,-110,-110,-110,-110,-110,-110,-110,-110,-110,-110,-110,-110,-110,-110,-110,-110,-110,-110,-110,-110,-110,-110,-110,-110,-110,-110,-110,-110,-110,-110,-110,-110,-110,-110,-110,-110,-110,-110,-110,-110,-110,-110,-110,-110,-110,-110,-110,-110,-110,-110,-110,-110,-110,-110,-110,-110,-110,-110,-110,-110,-110,-110,-110,-110,-110,-110,-110,-110,-110,-110,-110,-110,-110,-110,-110,-110,-110,-110,-110,-110,-110,-110,-110,-110,-110,-110,-110,-110,-110,-110,-110,-110,-110,-110,-110,-110,-110,-110,-110,-110,-110,-110,-110,-110,-110,-110,-110,-110,-110,-110,-110,-110,-110,-110,-110,-110,-110,-110,-110,-110,-110,-110,-110,-110,-110,-110,-110,-110,-110,-110,-110,-110,-110,-110,-110,-110,-110,-110,-110,-110,-110,-110,-110,-110,-110,-110,-110,-110,-110,-110,-110,-110,-110,-110,-110,-110,-110,-110,-110,-110,-110,-110,-110,-110,-110,-110,-110,-110,-110,-110,-110,-110,-110,-110,-110,-110,-110,-110,-110,-110,-110,-110,-110,-110,-110,-110,-110,-110,-110,-110,-110,-110,-110,-110,-110,-110,-110,-110,-110,-110,-110,-110,-110,-110,-110,-110,-110,-110,-110,-110,-110,-110,-110,-110,-110,-110,-110,-110,-110,-110,-110,-110,-110,-110,-110,-110,-110,-110,-110,-110,-110,-110,-110,-110,-110,-110,-110,-110,-110,-110,-110,-110,-110,-110,-110,-110,-110,-110,-110,-110,-110,-110,-110,-110,-110,-110,-110,-110,-110,-110,-110,-110,-110,-110,-110,-110,-110,-110,-110,-110,-110,-110,-110,-110,-110,-110,-110,-110,-110,-110,-110,-110,-110,-110,-110,-110,-110,-110,-110,-110,-110,-110,-110,-110,-110,-110,-110,-110,-110,-110,-110,-110,-110,-110,-110,-110,-110,-110,-110,-110,-110,-110,-110,-110,-110,-110,-110,-110,-110,-110,-110,-110,-110,-110,-110,-110,-110,-110,-110,-110,-110,-110,-110,-110,-110,-110,-110,-110,-110
31,4.1347719,20.276023485,5,-77,-110,-110,-83,-110,-77,-110,-79,-110,-110,-89,-90,-110,-110,-85,-110,-89,-110,-110,-110,-110,-110,-110,-110,-81,-110,-110,-84,-110,-110,-110,-110,-110,-110,-110,-110,-110,-110,-110,-110,-110,-110,-110,-110,-110,-110,-110,-110,-66,-87,-65,-64,-88,-78,-110,-110,-110,-110,-110,-110,-110,-110,-89,-90,-110,-110,-110,-110,-87,-110,-91,-110,-110,-110,-110,-110,-110,-110,-110,-110,-110,-110,-110,-110,-110,-110,-110,-110,-110,-110,-110,-110,-110,-110,-110,-110,-110,-110,-110,-110,-110,-110,-110,-110,-110,-110,-110,-110,-110,-110,-110,-110,-110,-110,-110,-110,-110,-110,-110,-110,-110,-110,-110,-110,-110,-110,-110,-110,-110,-110,-110,-110,-110,-110,-110,-110,-110,-110,-110,-110,-110,-110,-110,-110,-110,-110,-110,-110,-110,-110,-110,-110,-110,-110,-110,-110,-110,-110,-110,-110,-110,-110,-110,-110,-110,-110,-110,-110,-110,-110,-110,-110,-110,-110,-110,-110,-110,-110,-110,-110,-110,-110,-110,-110,-110,-110,-110,-110,-110,-110,-110,-110,-110,-110,-110,-110,-110,-110,-110,-110,-110,-110,-110,-110,-110,-110,-110,-110,-110,-110,-110,-110,-110,-110,-110,-110,-110,-110,-110,-110,-110,-110,-110,-110,-110,-110,-110,-110,-110,-110,-110,-110,-110,-110,-110,-110,-110,-110,-110,-110,-110,-110,-110,-110,-110,-110,-110,-110,-110,-110,-110,-110,-110,-110,-110,-110,-110,-110,-110,-110,-110,-110,-110,-110,-110,-110,-110,-110,-110,-110,-110,-110,-110,-110,-110,-110,-110,-110,-110,-110,-110,-110,-110,-110,-110,-110,-110,-110,-110,-110,-110,-110,-110,-110,-110,-110,-110,-110,-110,-110,-110,-110,-110,-110,-110,-110,-110,-110,-110,-110,-110,-110,-110,-110,-110,-110,-110,-110,-110,-110,-110,-110,-110,-110,-110,-110,-110,-110,-110,-110,-110,-110,-110,-110,-110,-110,-110,-110,-110,-110,-110,-110,-110,-110,-110,-110,-110,-110,-110,-110,-110,-110,-110,-110,-110,-110,-110,-110,-110,-110,-110,-110,-110,-110,-110,-110,-110,-110,-110,-110,-110,-110,-110,-110,-110,-110,-110,-110,-110,-110,-110,-110,-110,-110,-110,-110,-110,-110,-110,-110,-110,-110,-110,-110,-110,-110,-110,-110,-110,-110,-110,-110,-110,-110,-110,-110,-110,-110,-110,-110,-110,-110,-110,-110,-110,-110,-110,-110,-110,-110,-110,-110,-110,-110,-110,-110,-110,-110,-110,-110,-110,-110,-110,-110,-110,-110,-110,-110,-110,-110,-110,-110,-110,-110,-110,-110,-110,-110,-110,-110,-110,-110,-110,-110,-110,-110,-110,-110,-110,-110,-110,-110,-110,-110,-110,-110,-110,-110,-110,-110,-110,-110,-110,-110,-110,-110,-110,-110,-110,-110,-110,-110,-110,-110,-110,-110,-110,-110,-110,-110,-110,-110,-110,-110,-110,-110,-110,-110,-110,-110,-110,-110,-110,-110,-110,-110,-110,-110,-110,-110,-110,-110,-110,-110,-110,-110,-110,-110,-110,-110,-110,-110,-110,-110,-110,-110,-110,-110,-110,-110,-110,-110,-110,-110,-110,-110,-110,-110,-110,-110,-110,-110,-110,-110,-110,-110,-110,-110,-110,-110,-110,-110,-110,-110,-110,-110,-110,-110,-110,-110,-110,-110,-110,-110,-110,-110,-110,-110,-110,-110,-110,-110,-110,-110,-110,-110,-110,-110,-110,-110,-110,-110,-110,-110,-110,-110,-110,-110,-110,-110,-110,-110,-110,-110,-110,-110,-110,-110,-110,-110,-110,-110,-110,-110,-110,-110,-110,-110,-110,-110,-110,-110,-110,-110,-110,-110,-110,-110,-110,-110
32,8.52431189,20.276023485,5,-81,-110,-110,-78,-110,-80,-110,-78,-110,-110,-110,-110,-110,-110,-83,-110,-82,-110,-110,-110,-110,-110,-110,-110,-81,-110,-87,-83,-110,-86,-110,-110,-89,-88,-110,-110,-110,-110,-110,-110,-110,-110,-110,-110,-110,-110,-85,-88,-77,-94,-76,-72,-92,-75,-110,-110,-110,-110,-110,-110,-110,-110,-83,-83,-110,-110,-110,-110,-110,-110,-110,-110,-110,-110,-110,-110,-110,-110,-110,-110,-110,-110,-110,-110,-110,-110,-110,-110,-110,-110,-110,-110,-110,-110,-110,-110,-110,-110,-110,-110,-110,-110,-110,-110,-110,-110,-110,-110,-110,-110,-110,-110,-110,-110,-110,-110,-110,-110,-110,-110,-110,-110,-110,-110,-110,-110,-110,-110,-110,-110,-110,-110,-110,-110,-110,-110,-110,-110,-110,-110,-110,-110,-110,-110,-110,-110,-110,-110,-110,-110,-110,-110,-110,-110,-110,-110,-110,-110,-110,-110,-110,-110,-110,-110,-110,-110,-110,-110,-110,-110,-110,-110,-110,-110,-110,-110,-110,-110,-110,-110,-110,-110,-110,-110,-110,-110,-110,-110,-110,-110,-110,-110,-110,-110,-110,-110,-110,-110,-110,-110,-110,-110,-110,-110,-110,-110,-110,-110,-110,-110,-110,-110,-110,-110,-110,-110,-110,-110,-110,-110,-110,-110,-110,-110,-110,-110,-110,-110,-110,-110,-110,-110,-110,-110,-110,-110,-110,-110,-110,-110,-110,-110,-110,-110,-110,-110,-110,-110,-110,-110,-110,-110,-110,-110,-110,-110,-110,-110,-110,-110,-110,-110,-110,-110,-110,-110,-110,-110,-110,-110,-110,-110,-110,-110,-110,-110,-110,-110,-110,-110,-110,-110,-110,-110,-110,-110,-110,-110,-110,-110,-110,-110,-110,-110,-110,-110,-110,-110,-110,-110,-110,-110,-110,-110,-110,-110,-110,-110,-110,-110,-110,-110,-110,-110,-110,-110,-110,-110,-110,-110,-110,-110,-110,-110,-110,-110,-110,-110,-110,-110,-110,-110,-110,-110,-110,-110,-110,-110,-110,-110,-110,-110,-110,-110,-110,-110,-110,-110,-110,-110,-110,-110,-110,-110,-110,-110,-110,-110,-110,-110,-110,-110,-110,-110,-110,-110,-110,-110,-110,-110,-110,-110,-110,-110,-110,-110,-110,-110,-110,-110,-110,-110,-110,-110,-110,-110,-110,-110,-110,-110,-110,-110,-110,-110,-110,-110,-110,-110,-110,-110,-110,-110,-110,-110,-110,-110,-110,-110,-110,-110,-110,-110,-110,-110,-110,-110,-110,-110,-110,-110,-110,-110,-110,-110,-110,-110,-110,-110,-110,-110,-110,-110,-110,-110,-110,-110,-110,-110,-110,-110,-110,-110,-110,-110,-110,-110,-110,-110,-110,-110,-110,-110,-110,-110,-110,-110,-110,-110,-110,-110,-110,-110,-110,-110,-110,-110,-110,-110,-110,-110,-110,-110,-110,-110,-110,-110,-110,-110,-110,-110,-110,-110,-110,-110,-110,-110,-110,-110,-110,-110,-110,-110,-110,-110,-110,-110,-110,-110,-110,-110,-110,-110,-110,-110,-110,-110,-110,-110,-110,-110,-110,-110,-110,-110,-110,-110,-110,-110,-110,-110,-110,-110,-110,-110,-110,-110,-110,-110,-110,-110,-110,-110,-110,-110,-110,-110,-110,-110,-110,-110,-110,-110,-110,-110,-110,-110,-110,-110,-110,-110,-110,-110,-110,-110,-110,-110,-110,-110,-110,-110,-110,-110,-110,-110,-110,-110,-110,-110,-110,-110,-110,-110,-110,-110,-110,-110,-110,-110,-110,-110,-110,-110,-110,-110,-110,-110,-110,-110,-110,-110,-110,-110,-110,-110,-110,-110,-110,-110,-110,-110,-110,-110,-110,-110,-110,-110,-110,-110,-110,-110,-110,-110,-110,-110,-110,-110,-110,-110,-110,-110
32,8.52431189,20.276023485,5,-79,-110,-110,-80,-110,-78,-110,-83,-110,-110,-110,-94,-110,-110,-83,-110,-87,-110,-110,-110,-110,-110,-110,-110,-83,-110,-110,-82,-110,-86,-110,-110,-89,-110,-110,-110,-110,-110,-110,-110,-110,-110,-110,-110,-110,-110,-86,-92,-71,-110,-74,-73,-110,-74,-110,-110,-110,-110,-110,-110,-110,-110,-81,-80,-110,-110,-110,-110,-91,-110,-95,-110,-110,-110,-110,-110,-110,-110,-110,-110,-110,-110,-110,-110,-110,-110,-110,-110,-110,-110,-110,-110,-110,-110,-110,-110,-110,-110,-110,-110,-110,-110,-110,-110,-110,-110,-94,-110,-110,-110,-110,-110,-110,-110,-110,-110,-110,-110,-110,-110,-110,-110,-110,-110,-110,-110,-110,-110,-110,-110,-110,-110,-110,-110,-110,-110,-110,-110,-110,-110,-110,-110,-110,-110,-110,-110,-110,-110,-110,-110,-110,-110,-110,-110,-110,-110,-110,-110,-110,-110,-110,-110,-110,-110,-110,-110,-110,-110,-110,-110,-110,-110,-110,-110,-110,-110,-110,-110,-110,-110,-110,-110,-110,-110,-110,-110,-110,-110,-110,-110,-110,-110,-110,-110,-110,-110,-110,-110,-110,-110,-110,-110,-110,-110,-110,-110,-110,-110,-110,-110,-110,-110,-110,-110,-110,-110,-110,-110,-110,-110,-110,-110,-110,-110,-110,-110,-110,-110,-110,-110,-110,-110,-110,-110,-110,-110,-110,-110,-110,-110,-110,-110,-110,-110,-110,-110,-110,-110,-110,-110,-110,-110,-110,-110,-110,-110,-110,-110,-110,-110,-110,-110,-110,-110,-110,-110,-110,-110,-110,-110,-110,-110,-110,-110,-110,-110,-110,-110,-110,-110,-110,-110,-110,-110,-110,-110,-110,-110,-110,-110,-110,-110,-110,-110,-110,-110,-110,-110,-110,-110,-110,-110,-110,-110,-110,-110,-110,-110,-110,-110,-110,-110,-110,-110,-110,-110,-110,-110,-110,-110,-110,-110,-110,-110,-110,-110,-110,-110,-110,-110,-110,-110,-110,-110,-110,-110,-110,-110,-110,-110,-110,-110,-110,-110,-110,-110,-110,-110,-110,-110,-110,-110,-110,-110,-110,-110,-110,-110,-110,-110,-110,-110,-110,-110,-110,-110,-110,-110,-110,-110,-110,-110,-110,-110,-110,-110,-110,-110,-110,-110,-110,-110,-110,-110,-110,-110,-110,-110,-110,-110,-110,-110,-110,-110,-110,-110,-110,-110,-110,-110,-110,-110,-110,-110,-110,-110,-110,-110,-110,-110,-110,-110,-110,-110,-110,-110,-110,-110,-110,-110,-110,-110,-110,-110,-110,-110,-110,-110,-110,-110,-110,-110,-110,-110,-110,-110,-110,-110,-110,-110,-110,-110,-110,-110,-110,-110,-110,-110,-110,-110,-110,-110,-110,-110,-110,-110,-110,-110,-110,-110,-110,-110,-110,-110,-110,-110,-110,-110,-110,-110,-110,-110,-110,-110,-110,-110,-110,-110,-110,-110,-110,-110,-110,-110,-110,-110,-110,-110,-110,-110,-110,-110,-110,-110,-110,-110,-110,-110,-110,-110,-110,-110,-110,-110,-110,-110,-110,-110,-110,-110,-110,-110,-110,-110,-110,-110,-110,-110,-110,-110,-110,-110,-110,-110,-110,-110,-110,-110,-110,-110,-110,-110,-110,-110,-110,-110,-110,-110,-110,-110,-110,-110,-110,-110,-110,-110,-110,-110,-110,-110,-110,-110,-110,-110,-110,-110,-110,-110,-110,-110,-110,-110,-110,-110,-110,-110,-110,-110,-110,-110,-110,-110,-110,-110,-110,-110,-110,-110,-110,-110,-110,-110,-110,-110,-110,-110,-110,-110,-110,-110,-110,-110,-110,-110,-110,-110,-110,-110,-110,-110,-110,-110,-110,-110,-110,-110,-110,-110,-110,-110,-110,-110,-110,-110,-110,-110,-110,-110,-110,-110
32,8.52431189,20.276023485,5,-79,-110,-110,-79,-110,-79,-110,-77,-110,-110,-110,-110,-110,-110,-84,-110,-86,-110,-110,-110,-110,-110,-110,-110,-82,-110,-84,-81,-110,-85,-110,-110,-89,-89,-110,-110,-110,-110,-110,-110,-110,-110,-110,-110,-110,-110,-110,-110,-75,-94,-77,-74,-93,-74,-110,-110,-110,-110,-110,-110,-110,-110,-81,-83,-110,-110,-110,-110,-89,-110,-90,-110,-110,-110,-92,-110,-110,-110,-110,-110,-110,-110,-110,-110,-110,-110,-110,-110,-110,-110,-110,-110,-110,-110,-110,-110,-110,-110,-110,-110,-110,-110,-110,-110,-110,-110,-110,-110,-110,-110,-110,-110,-110,-110,-110,-110,-110,-110,-110,-110,-110,-110,-110,-110,-110,-110,-110,-110,-110,-110,-110,-110,-110,-110,-110,-110,-110,-110,-110,-110,-110,-110,-110,-110,-110,-110,-110,-110,-110,-110,-110,-110,-110,-110,-110,-110,-110,-110,-110,-110,-110,-110,-110,-110,-110,-110,-110,-110,-110,-110,-110,-110,-110,-110,-110,-110,-110,-110,-110,-110,-110,-110,-110,-110,-110,-110,-110,-110,-110,-110,-110,-110,-110,-110,-110,-110,-110,-110,-110,-110,-110,-110,-110,-110,-110,-110,-110,-110,-110,-110,-110,-110,-110,-110,-110,-110,-110,-110,-110,-110,-110,-110,-110,-110,-110,-110,-110,-110,-110,-110,-110,-110,-110,-110,-110,-110,-110,-110,-110,-110,-110,-110,-110,-110,-110,-110,-110,-110,-110,-110,-110,-110,-110,-110,-110,-110,-110,-110,-110,-110,-110,-110,-110,-110,-110,-110,-110,-110,-110,-110,-110,-110,-110,-110,-110,-110,-110,-110,-110,-110,-110,-110,-110,-110,-110,-110,-110,-110,-110,-110,-110,-110,-110,-110,-110,-110,-110,-110,-110,-110,-110,-110,-110,-110,-110,-110,-110,-110,-110,-110,-110,-110,-110,-110,-110,-110,-110,-110,-110,-110,-110,-110,-110,-110,-110,-110,-110,-110,-110,-110,-110,-110,-110,-110,-110,-110,-110,-110,-110,-110,-110,-110,-110,-110,-110,-110,-110,-110,-110,-110,-110,-110,-110,-110,-110,-110,-110,-110,-110,-110,-110,-110,-110,-110,-110,-110,-110,-110,-110,-110,-110,-110,-110,-110,-110,-110,-110,-110,-110,-110,-110,-110,-110,-110,-110,-110,-110,-110,-110,-110,-110,-110,-110,-110,-110,-110,-110,-110,-110,-110,-110,-110,-110,-110,-110,-110,-110,-110,-110,-110,-110,-110,-110,-110,-110,-110,-110,-110,-110,-110,-110,-110,-110,-110,-110,-110,-110,-110,-110,-110,-110,-110,-110,-110,-110,-110,-110,-110,-110,-110,-110,-110,-110,-110,-110,-110,-110,-110,-110,-110,-110,-110,-110,-110,-110,-110,-110,-110,-110,-110,-110,-110,-110,-110,-110,-110,-110,-110,-110,-110,-110,-110,-110,-110,-110,-110,-110,-110,-110,-110,-110,-110,-110,-110,-110,-110,-110,-110,-110,-110,-110,-110,-110,-110,-110,-110,-110,-110,-110,-110,-110,-110,-110,-110,-110,-110,-110,-110,-110,-110,-110,-110,-110,-110,-110,-110,-110,-110,-110,-110,-110,-110,-110,-110,-110,-110,-110,-110,-110,-110,-110,-110,-110,-110,-110,-110,-110,-110,-110,-110,-110,-110,-110,-110,-110,-110,-110,-110,-110,-110,-110,-110,-110,-110,-110,-110,-110,-110,-110,-110,-110,-110,-110,-110,-110,-110,-110,-110,-110,-110,-110,-110,-110,-110,-110,-110,-110,-110,-110,-110,-110,-110,-110,-110,-110,-110,-110,-110,-110,-110,-110,-110,-110,-110,-110,-110,-110,-110,-110,-110,-110,-110,-110,-110,-110,-110,-110,-110,-110,-110,-110,-110,-110,-110,-110,-110,-110,-110,-110,-110
32,8.52431189,20.276023485,5,-78,-110,-110,-80,-110,-79,-110,-80,-110,-110,-110,-110,-110,-110,-87,-110,-83,-110,-110,-110,-110,-110,-110,-110,-82,-110,-110,-82,-110,-82,-110,-110,-88,-89,-110,-110,-110,-110,-110,-110,-110,-110,-110,-110,-110,-110,-110,-110,-73,-91,-72,-110,-92,-75,-110,-110,-110,-110,-110,-110,-110,-110,-80,-81,-110,-110,-110,-110,-93,-110,-90,-110,-110,-110,-88,-110,-110,-110,-110,-110,-110,-110,-110,-110,-110,-110,-110,-110,-110,-110,-110,-110,-110,-110,-110,-110,-110,-110,-110,-110,-110,-110,-110,-110,-110,-110,-110,-110,-110,-110,-110,-110,-110,-110,-110,-110,-110,-110,-110,-110,-110,-110,-110,-110,-110,-110,-110,-110,-110,-110,-110,-110,-110,-110,-110,-110,-110,-110,-110,-110,-110,-110,-110,-110,-110,-110,-110,-110,-110,-110,-110,-110,-110,-110,-110,-110,-110,-110,-110,-110,-110,-110,-110,-110,-110,-110,-110,-110,-110,-110,-110,-110,-110,-110,-110,-110,-110,-110,-110,-110,-110,-110,-110,-110,-110,-110,-110,-110,-110,-110,-110,-110,-110,-110,-110,-110,-110,-110,-110,-110,-110,-110,-110,-110,-110,-110,-110,-110,-110,-110,-110,-110,-110,-110,-110,-110,-110,-110,-110,-110,-110,-110,-110,-110,-110,-110,-110,-110,-110,-110,-110,-110,-110,-110,-110,-110,-110,-110,-110,-110,-110,-110,-110,-110,-110,-110,-110,-110,-110,-110,-110,-110,-110,-110,-110,-110,-110,-110,-110,-110,-110,-110,-110,-110,-110,-110,-110,-110,-110,-110,-110,-110,-110,-110,-110,-110,-110,-110,-110,-110,-110,-110,-110,-110,-110,-110,-110,-110,-110,-110,-110,-110,-110,-110,-110,-110,-110,-110,-110,-110,-110,-110,-110,-110,-110,-110,-110,-110,-110,-110,-110,-110,-110,-110,-110,-110,-110,-110,-110,-110,-110,-110,-110,-110,-110,-110,-110,-110,-110,-110,-110,-110,-110,-110,-110,-110,-110,-110,-110,-110,-110,-110,-110,-110,-110,-110,-110,-110,-110,-110,-110,-110,-110,-110,-110,-110,-110,-110,-110,-110,-110,-110,-110,-110,-110,-110,-110,-110,-110,-110,-110,-110,-110,-110,-110,-110,-110,-110,-110,-110,-110,-110,-110,-110,-110,-110,-110,-110,-110,-110,-110,-110,-110,-110,-110,-110,-110,-110,-110,-110,-110,-110,-110,-110,-110,-110,-110,-110,-110,-110,-110,-110,-110,-110,-110,-110,-110,-110,-110,-110,-110,-110,-110,-110,-110,-110,-110,-110,-110,-110,-110,-110,-110,-110,-110,-110,-110,-110,-110,-110,-110,-110,-110,-110,-110,-110,-110,-110,-110,-110,-110,-110,-110,-110,-110,-110,-110,-110,-110,-110,-110,-110,-110,-110,-110,-110,-110,-110,-110,-110,-110,-110,-110,-110,-110,-110,-110,-110,-110,-110,-110,-110,-110,-110,-110,-110,-110,-110,-110,-110,-110,-110,-110,-110,-110,-110,-110,-110,-110,-110,-110,-110,-110,-110,-110,-110,-110,-110,-110,-110,-110,-110,-110,-110,-110,-110,-110,-110,-110,-110,-110,-110,-110,-110,-110,-110,-110,-110,-110,-110,-110,-110,-110,-110,-110,-110,-110,-110,-110,-110,-110,-110,-110,-110,-110,-110,-110,-110,-110,-110,-110,-110,-110,-110,-110,-110,-110,-110,-110,-110,-110,-110,-110,-110,-110,-110,-110,-110,-110,-110,-110,-110,-110,-110,-110,-110,-110,-110,-110,-110,-110,-110,-110,-110,-110,-110,-110,-110,-110,-110,-110,-110,-110,-110,-110,-110,-110,-110,-110,-110,-110,-110,-110,-110,-110,-110,-110,-110,-110,-110,-110,-110,-110,-110,-110,-110,-110,-110,-110,-110
32,8.52431189,20.276023485,5,-79,-110,-110,-76,-110,-80,-110,-76,-110,-110,-110,-110,-110,-110,-84,-110,-82,-110,-110,-110,-110,-110,-110,-110,-82,-110,-87,-82,-110,-87,-110,-110,-87,-87,-110,-110,-110,-110,-110,-110,-110,-110,-110,-110,-110,-110,-110,-87,-77,-91,-76,-110,-92,-76,-110,-110,-110,-110,-110,-110,-110,-110,-80,-80,-110,-110,-110,-110,-110,-110,-110,-110,-110,-110,-91,-110,-110,-110,-110,-110,-110,-110,-110,-110,-110,-110,-110,-110,-110,-110,-110,-110,-110,-110,-110,-110,-110,-110,-110,-110,-110,-110,-110,-110,-110,-110,-110,-110,-110,-110,-110,-110,-110,-110,-110,-110,-110,-110,-110,-110,-110,-110,-110,-110,-110,-110,-110,-110,-110,-110,-110,-110,-110,-110,-110,-110,-110,-110,-110,-110,-110,-110,-110,-110,-110,-110,-110,-110,-110,-110,-110,-110,-110,-110,-110,-110,-110,-110,-110,-110,-110,-110,-110,-110,-110,-110,-110,-110,-110,-110,-110,-110,-110,-110,-110,-110,-110,-110,-110,-110,-110,-110,-110,-110,-110,-110,-110,-110,-110,-110,-110,-110,-110,-110,-110,-110,-110,-110,-110,-110,-110,-110,-110,-110,-110,-110,-110,-110,-110,-110,-110,-110,-110,-110,-110,-110,-110,-110,-110,-110,-110,-110,-110,-110,-110,-110,-110,-110,-110,-110,-110,-110,-110,-110,-110,-110,-110,-110,-110,-110,-110,-110,-110,-110,-110,-110,-110,-110,-110,-110,-110,-110,-110,-110,-110,-110,-110,-110,-110,-110,-110,-110,-110,-110,-110,-110,-110,-110,-110,-110,-110,-110,-110,-110,-110,-110,-110,-110,-110,-110,-110,-110,-110,-110,-110,-110,-110,-110,-110,-110,-110,-110,-110,-110,-110,-110,-110,-110,-110,-110,-110,-110,-110,-110,-110,-110,-110,-110,-110,-110,-110,-110,-110,-110,-110,-110,-110,-110,-110,-110,-110,-110,-110,-110,-110,-110,-110,-110,-110,-110,-110,-110,-110,-110,-110,-110,-110,-110,-110,-110,-110,-110,-110,-110,-110,-110,-110,-110,-110,-110,-110,-110,-110,-110,-110,-110,-110,-110,-110,-110,-110,-110,-110,-110,-110,-110,-110,-110,-110,-110,-110,-110,-110,-110,-110,-110,-110,-110,-110,-110,-110,-110,-110,-110,-110,-110,-110,-110,-110,-110,-110,-110,-110,-110,-110,-110,-110,-110,-110,-110,-110,-110,-110,-110,-110,-110,-110,-110,-110,-110,-110,-110,-110,-110,-110,-110,-110,-110,-110,-110,-110,-110,-110,-110,-110,-110,-110,-110,-110,-110,-110,-110,-110,-110,-110,-110,-110,-110,-110,-110,-110,-110,-110,-110,-110,-110,-110,-110,-110,-110,-110,-110,-110,-110,-110,-110,-110,-110,-110,-110,-110,-110,-110,-110,-110,-110,-110,-110,-110,-110,-110,-110,-110,-110,-110,-110,-110,-110,-110,-110,-110,-110,-110,-110,-110,-110,-110,-110,-110,-110,-110,-110,-110,-110,-110,-110,-110,-110,-110,-110,-110,-110,-110,-110,-110,-110,-110,-110,-110,-110,-110,-110,-110,-110,-110,-110,-110,-110,-110,-110,-110,-110,-110,-110,-110,-110,-110,-110,-110,-110,-110,-110,-110,-110,-110,-110,-110,-110,-110,-110,-110,-110,-110,-110,-110,-110,-110,-110,-110,-110,-110,-110,-110,-110,-110,-110,-110,-110,-110,-110,-110,-110,-110,-110,-110,-110,-110,-110,-110,-110,-110,-110,-110,-110,-110,-110,-110,-110,-110,-110,-110,-110,-110,-110,-110,-110,-110,-110,-110,-110,-110,-110,-110,-110,-110,-110,-110,-110,-110,-110,-110,-110,-110,-110,-110,-110,-110,-110,-110,-110,-110,-110,-110,-110,-110,-110,-110,-110,-110,-110
32,8.52431189,20.276023485,5,-79,-110,-110,-78,-110,-79,-110,-78,-110,-110,-110,-110,-110,-110,-90,-110,-87,-110,-110,-110,-110,-110,-110,-110,-82,-110,-86,-82,-110,-86,-110,-110,-110,-90,-110,-110,-110,-110,-110,-110,-110,-110,-110,-110,-110,-110,-90,-110,-81,-91,-84,-72,-91,-74,-110,-110,-110,-110,-110,-110,-110,-110,-80,-80,-110,-110,-110,-110,-90,-110,-90,-110,-110,-110,-110,-110,-110,-110,-110,-110,-110,-110,-110,-110,-110,-110,-110,-110,-110,-110,-110,-110,-110,-110,-110,-110,-110,-110,-110,-110,-110,-110,-110,-110,-110,-110,-110,-110,-110,-110,-110,-110,-110,-110,-110,-110,-110,-110,-110,-110,-110,-110,-110,-110,-110,-110,-110,-110,-110,-110,-110,-110,-110,-110,-110,-110,-110,-110,-110,-110,-110,-110,-110,-110,-110,-110,-110,-110,-110,-110,-110,-110,-110,-110,-110,-110,-110,-110,-110,-110,-110,-110,-110,-110,-110,-110,-110,-110,-110,-110,-110,-110,-110,-110,-110,-110,-110,-110,-110,-110,-110,-110,-110,-110,-110,-110,-110,-110,-110,-110,-110,-110,-110,-110,-110,-110,-110,-110,-110,-110,-110,-110,-110,-110,-110,-110,-110,-110,-110,-110,-110,-110,-110,-110,-110,-110,-110,-110,-110,-110,-110,-110,-110,-110,-110,-110,-110,-110,-110,-110,-110,-110,-110,-110,-110,-110,-110,-110,-110,-110,-110,-110,-110,-110,-110,-110,-110,-110,-110,-110,-110,-110,-110,-110,-110,-110,-110,-110,-110,-110,-110,-110,-110,-110,-110,-110,-110,-110,-110,-110,-110,-110,-110,-110,-110,-110,-110,-110,-110,-110,-110,-110,-110,-110,-110,-110,-110,-110,-110,-110,-110,-110,-110,-110,-110,-110,-110,-110,-110,-110,-110,-110,-110,-110,-110,-110,-110,-110,-110,-110,-110,-110,-110,-110,-110,-110,-110,-110,-110,-110,-110,-110,-110,-110,-110,-110,-110,-110,-110,-110,-110,-110,-110,-110,-110,-110,-110,-110,-110,-110,-110,-110,-110,-110,-110,-110,-110,-110,-110,-110,-110,-110,-110,-110,-110,-110,-110,-110,-110,-110,-110,-110,-110,-110,-110,-110,-110,-110,-110,-110,-110,-110,-110,-110,-110,-110,-110,-110,-110,-110,-110,-110,-110,-110,-110,-110,-110,-110,-110,-110,-110,-110,-110,-110,-110,-110,-110,-110,-110,-110,-110,-110,-110,-110,-110,-110,-110,-110,-110,-110,-110,-110,-110,-110,-110,-110,-110,-110,-110,-110,-110,-110,-110,-110,-110,-110,-110,-110,-110,-110,-110,-110,-110,-110,-110,-110,-110,-110,-110,-110,-110,-110,-110,-110,-110,-110,-110,-110,-110,-110,-110,-110,-110,-110,-110,-110,-110,-110,-110,-110,-110,-110,-110,-110,-110,-110,-110,-110,-110,-110,-110,-110,-110,-110,-110,-110,-110,-110,-110,-110,-110,-110,-110,-110,-110,-110,-110,-110,-110,-110,-110,-110,-110,-110,-110,-110,-110,-110,-110,-110,-110,-110,-110,-110,-110,-110,-110,-110,-110,-110,-110,-110,-110,-110,-110,-110,-110,-110,-110,-110,-110,-110,-110,-110,-110,-110,-110,-110,-110,-110,-110,-110,-110,-110,-110,-110,-110,-110,-110,-110,-110,-110,-110,-110,-110,-110,-110,-110,-110,-110,-110,-110,-110,-110,-110,-110,-110,-110,-110,-110,-110,-110,-110,-110,-110,-110,-110,-110,-110,-110,-110,-110,-110,-110,-110,-110,-110,-110,-110,-110,-110,-110,-110,-110,-110,-110,-110,-110,-110,-110,-110,-110,-110,-110,-110,-110,-110,-110,-110,-110,-110,-110,-110,-110,-110,-110,-110,-110,-110,-110,-110,-110,-110,-110,-110,-110,-110,-110,-110,-110
33,12.91385188,20.276023485,5,-64,-110,-110,-68,-110,-65,-110,-67,-110,-110,-93,-110,-110,-110,-83,-110,-86,-110,-93,-110,-110,-91,-110,-110,-73,-110,-110,-74,-110,-86,-110,-110,-87,-87,-110,-110,-110,-110,-110,-110,-89,-110,-110,-110,-110,-110,-81,-80,-85,-86,-83,-110,-86,-80,-110,-110,-110,-110,-110,-110,-110,-110,-76,-77,-110,-110,-110,-110,-90,-88,-91,-110,-110,-110,-81,-110,-110,-110,-110,-110,-110,-110,-110,-110,-110,-88,-110,-110,-110,-110,-110,-110,-110,-110,-110,-110,-110,-88,-88,-110,-110,-110,-110,-110,-110,-110,-110,-110,-110,-110,-110,-110,-110,-110,-110,-110,-110,-110,-110,-110,-110,-110,-110,-110,-110,-110,-110,-110,-110,-92,-110,-110,-110,-110,-110,-110,-110,-110,-110,-110,-110,-110,-110,-110,-110,-110,-110,-110,-110,-110,-110,-110,-110,-110,-110,-110,-110,-110,-110,-110,-110,-110,-110,-110,-110,-110,-110,-110,-110,-110,-110,-110,-110,-110,-110,-110,-110,-110,-110,-110,-110,-110,-110,-110,-110,-110,-110,-110,-110,-110,-110,-110,-110,-110,-110,-110,-110,-110,-110,-110,-110,-110,-110,-110,-110,-110,-110,-110,-110,-110,-110,-110,-110,-110,-110,-110,-110,-110,-110,-110,-110,-110,-110,-110,-110,-110,-110,-110,-110,-110,-110,-110,-110,-110,-110,-110,-110,-110,-110,-110,-110,-110,-110,-110,-110,-110,-110,-110,-110,-110,-110,-110,-110,-110,-110,-110,-110,-110,-110,-110,-110,-110,-110,-110,-110,-110,-110,-110,-110,-110,-110,-110,-110,-110,-110,-110,-110,-110,-110,-110,-110,-110,-110,-110,-110,-110,-110,-110,-110,-110,-110,-110,-110,-110,-110,-110,-110,-110,-110,-110,-110,-110,-110,-110,-110,-110,-110,-110,-110,-110,-110,-110,-110,-110,-110,-110,-110,-110,-110,-110,-110,-110,-110,-110,-110,-110,-110,-110,-110,-110,-110,-110,-110,-110,-110,-110,-110,-110,-110,-110,-110,-110,-110,-110,-110,-110,-110,-110,-110,-110,-110,-110,-110,-110,-110,-110,-110,-110,-110,-110,-110,-110,-110,-110,-110,-110,-110,-110,-110,-110,-110,-110,-110,-110,-110,-110,-110,-110,-110,-110,-110,-110,-110,-110,-110,-110,-110,-110,-110,-110,-110,-110,-110,-110,-110,-110,-110,-110,-110,-110,-110,-110,-110,-110,-110,-110,-110,-110,-110,-110,-110,-110,-110,-110,-110,-110,-110,-110,-110,-110,-110,-110,-110,-110,-110,-110,-110,-110,-110,-110,-110,-110,-110,-110,-110,-110,-110,-110,-110,-110,-110,-110,-110,-110,-110,-110,-110,-110,-110,-110,-110,-110,-110,-110,-110,-110,-110,-110,-110,-110,-110,-110,-110,-110,-110,-110,-110,-110,-110,-110,-110,-110,-110,-110,-110,-110,-110,-110,-110,-110,-110,-110,-110,-110,-110,-110,-110,-110,-110,-110,-110,-110,-110,-110,-110,-110,-110,-110,-110,-110,-110,-110,-110,-110,-110,-110,-110,-110,-110,-110,-110,-110,-110,-110,-110,-110,-110,-110,-110,-110,-110,-110,-110,-110,-110,-110,-110,-110,-110,-110,-110,-110,-110,-110,-110,-110,-110,-110,-110,-110,-110,-110,-110,-110,-110,-110,-110,-110,-110,-110,-110,-110,-110,-110,-110,-110,-110,-110,-110,-110,-110,-110,-110,-110,-110,-110,-110,-110,-110,-110,-110,-110,-110,-110,-110,-110,-110,-110,-110,-110,-110,-110,-110,-110,-110,-110,-110,-110,-110,-110,-110,-110,-110,-110,-110,-110,-110,-110,-110,-110,-110,-110,-110,-110,-110,-110,-110,-110,-110,-110,-110,-110,-110,-110,-110,-110,-110,-110,-110,-110
33,12.91385188,20.276023485,5,-65,-110,-110,-69,-110,-66,-110,-70,-110,-110,-110,-110,-110,-110,-110,-110,-110,-110,-110,-110,-110,-110,-110,-110,-76,-110,-75,-74,-110,-74,-110,-110,-86,-85,-110,-110,-110,-110,-110,-110,-110,-110,-110,-110,-110,-110,-79,-110,-78,-88,-78,-83,-85,-80,-110,-110,-110,-90,-110,-110,-110,-110,-78,-73,-110,-110,-110,-110,-90,-110,-90,-110,-110,-110,-110,-110,-110,-110,-110,-110,-110,-110,-110,-110,-110,-91,-89,-110,-110,-110,-110,-110,-110,-110,-110,-110,-110,-90,-90,-110,-110,-110,-110,-110,-110,-110,-110,-110,-110,-110,-110,-110,-110,-110,-110,-110,-110,-110,-88,-110,-110,-110,-110,-110,-110,-110,-110,-110,-110,-91,-110,-110,-110,-110,-110,-110,-110,-110,-110,-110,-110,-110,-110,-110,-110,-110,-110,-110,-110,-110,-110,-110,-110,-110,-110,-110,-110,-110,-110,-110,-110,-110,-110,-110,-110,-110,-110,-110,-110,-110,-110,-110,-110,-110,-110,-110,-110,-110,-110,-110,-110,-110,-110,-110,-110,-110,-110,-110,-110,-110,-110,-110,-110,-110,-110,-110,-110,-110,-110,-110,-110,-110,-110,-110,-110,-110,-110,-110,-110,-110,-110,-110,-110,-110,-110,-110,-110,-110,-110,-110,-110,-110,-110,-110,-110,-110,-110,-110,-110,-110,-110,-110,-110,-110,-110,-110,-110,-110,-110,-110,-110,-110,-110,-110,-110,-110,-110,-110,-110,-110,-110,-110,-110,-110,-110,-110,-110,-110,-110,-110,-110,-110,-110,-110,-110,-110,-110,-110,-110,-110,-110,-110,-110,-110,-110,-110,-110,-110,-110,-110,-110,-110,-110,-110,-110,-110,-110,-110,-110,-110,-110,-110,-110,-110,-110,-110,-110,-110,-110,-110,-110,-110,-110,-110,-110,-110,-110,-110,-110,-110,-110,-110,-110,-110,-110,-110,-110,-110,-110,-110,-110,-110,-110,-110,-110,-110,-110,-110,-110,-110,-110,-110,-110,-110,-110,-110,-110,-110,-110,-110,-110,-110,-110,-110,-110,-110,-110,-110,-110,-110,-110,-110,-110,-110,-110,-110,-110,-110,-110,-110,-110,-110,-110,-110,-110,-110,-110,-110,-110,-110,-110,-110,-110,-110,-110,-110,-110,-110,-110,-110,-110,-110,-110,-110,-110,-110,-110,-110,-110,-110,-110,-110,-110,-110,-110,-110,-110,-110,-110,-110,-110,-110,-110,-110,-110,-110,-110,-110,-110,-110,-110,-110,-110,-110,-110,-110,-110,-110,-110,-110,-110,-110,-110,-110,-110,-110,-110,-110,-110,-110,-110,-110,-110,-110,-110,-110,-110,-110,-110,-110,-110,-110,-110,-110,-110,-110,-110,-110,-110,-110,-110,-110,-110,-110,-110,-110,-110,-110,-110,-110,-110,-110,-110,-110,-110,-110,-110,-110,-110,-110,-110,-110,-110,-110,-110,-110,-110,-110,-110,-110,-110,-110,-110,-110,-110,-110,-110,-110,-110,-110,-110,-110,-110,-110,-110,-110,-110,-110,-110,-110,-110,-110,-110,-110,-110,-110,-110,-110,-110,-110,-110,-110,-110,-110,-110,-110,-110,-110,-110,-110,-110,-110,-110,-110,-110,-110,-110,-110,-110,-110,-110,-110,-110,-110,-110,-110,-110,-110,-110,-110,-110,-110,-110,-110,-110,-110,-110,-110,-110,-110,-110,-110,-110,-110,-110,-110,-110,-110,-110,-110,-110,-110,-110,-110,-110,-110,-110,-110,-110,-110,-110,-110,-110,-110,-110,-110,-110,-110,-110,-110,-110,-110,-110,-110,-110,-110,-110,-110,-110,-110,-110,-110,-110,-110,-110,-110,-110,-110,-110,-110,-110,-110,-110,-110,-110,-110,-110,-110,-110,-110,-110,-110,-110,-110,-110,-110,-110,-110,-110,-110
33,12.91385188,20.276023485,5,-66,-110,-110,-69,-110,-65,-110,-68,-110,-110,-110,-90,-110,-110,-91,-110,-90,-110,-110,-110,-110,-110,-110,-110,-74,-110,-80,-73,-110,-76,-110,-110,-87,-88,-110,-110,-110,-110,-110,-110,-110,-110,-110,-110,-110,-110,-81,-80,-76,-86,-76,-110,-87,-80,-110,-110,-110,-110,-110,-110,-110,-110,-73,-75,-110,-110,-110,-110,-91,-110,-92,-110,-110,-110,-84,-110,-110,-110,-110,-110,-110,-110,-110,-110,-110,-110,-110,-110,-110,-110,-110,-110,-110,-110,-110,-110,-110,-88,-88,-110,-110,-110,-110,-110,-110,-110,-110,-110,-110,-110,-110,-110,-110,-110,-110,-110,-110,-110,-110,-110,-110,-110,-110,-110,-110,-110,-110,-110,-110,-90,-110,-110,-110,-110,-110,-110,-110,-110,-110,-110,-110,-110,-110,-110,-110,-110,-110,-110,-110,-110,-110,-110,-110,-110,-110,-110,-110,-110,-110,-110,-110,-110,-110,-110,-110,-110,-110,-110,-110,-110,-110,-110,-110,-110,-110,-110,-110,-110,-110,-110,-110,-110,-110,-110,-110,-110,-110,-110,-110,-110,-110,-110,-110,-110,-110,-110,-110,-110,-110,-110,-110,-110,-110,-110,-110,-110,-110,-110,-110,-110,-110,-110,-110,-110,-110,-110,-110,-110,-110,-110,-110,-110,-110,-110,-110,-110,-110,-110,-110,-110,-110,-110,-110,-110,-110,-110,-110,-110,-110,-110,-110,-110,-110,-110,-110,-110,-110,-110,-110,-110,-110,-110,-110,-110,-110,-110,-110,-110,-110,-110,-110,-110,-110,-110,-110,-110,-110,-110,-110,-110,-110,-110,-110,-110,-110,-110,-110,-110,-110,-110,-110,-110,-110,-110,-110,-110,-110,-110,-110,-110,-110,-110,-110,-110,-110,-110,-110,-110,-110,-110,-110,-110,-110,-110,-110,-110,-110,-110,-110,-110,-110,-110,-110,-110,-110,-110,-110,-110,-110,-110,-110,-110,-110,-110,-110,-110,-110,-110,-110,-110,-110,-110,-110,-110,-110,-110,-110,-110,-110,-110,-110,-110,-110,-110,-110,-110,-110,-110,-110,-110,-110,-110,-110,-110,-110,-110,-110,-110,-110,-110,-110,-110,-110,-110,-110,-110,-110,-110,-110,-110,-110,-110,-110,-110,-110,-110,-110,-110,-110,-110,-110,-110,-110,-110,-110,-110,-110,-110,-110,-110,-110,-110,-110,-110,-110,-110,-110,-110,-110,-110,-110,-110,-110,-110,-110,-110,-110,-110,-110,-110,-110,-110,-110,-110,-110,-110,-110,-110,-110,-110,-110,-110,-110,-110,-110,-110,-110,-110,-110,-110,-110,-110,-110,-110,-110,-110,-110,-110,-110,-110,-110,-110,-110,-110,-110,-110,-110,-110,-110,-110,-110,-110,-110,-110,-110,-110,-110,-110,-110,-110,-110,-110,-110,-110,-110,-110,-110,-110,-110,-110,-110,-110,-110,-110,-110,-110,-110,-110,-110,-110,-110,-110,-110,-110,-110,-110,-110,-110,-110,-110,-110,-110,-110,-110,-110,-110,-110,-110,-110,-110,-110,-110,-110,-110,-110,-110,-110,-110,-110,-110,-110,-110,-110,-110,-110,-110,-110,-110,-110,-110,-110,-110,-110,-110,-110,-110,-110,-110,-110,-110,-110,-110,-110,-110,-110,-110,-110,-110,-110,-110,-110,-110,-110,-110,-110,-110,-110,-110,-110,-110,-110,-110,-110,-110,-110,-110,-110,-110,-110,-110,-110,-110,-110,-110,-110,-110,-110,-110,-110,-110,-110,-110,-110,-110,-110,-110,-110,-110,-110,-110,-110,-110,-110,-110,-110,-110,-110,-110,-110,-110,-110,-110,-110,-110,-110,-110,-110,-110,-110,-110,-110,-110,-110,-110,-110,-110,-110,-110,-110,-110,-110,-110,-110,-110,-110,-110,-110,-110,-110,-110
33,12.91385188,20.276023485,5,-64,-110,-110,-68,-110,-64,-110,-69,-110,-110,-94,-110,-110,-110,-86,-110,-91,-110,-110,-110,-110,-110,-110,-110,-71,-110,-77,-75,-110,-75,-110,-110,-88,-90,-110,-110,-110,-110,-110,-110,-110,-110,-110,-110,-110,-110,-80,-84,-79,-87,-78,-82,-89,-81,-110,-110,-110,-110,-110,-110,-110,-110,-74,-73,-110,-110,-110,-90,-89,-110,-91,-110,-110,-110,-86,-110,-110,-110,-110,-110,-110,-110,-110,-110,-110,-110,-110,-110,-110,-110,-110,-110,-110,-110,-110,-110,-110,-88,-87,-110,-110,-110,-110,-110,-110,-110,-89,-110,-110,-110,-110,-110,-110,-110,-110,-110,-110,-110,-110,-110,-110,-110,-110,-110,-110,-110,-110,-110,-110,-110,-110,-110,-110,-110,-110,-110,-110,-110,-110,-110,-110,-110,-110,-110,-110,-110,-110,-110,-110,-110,-110,-110,-110,-110,-110,-110,-110,-110,-110,-110,-110,-110,-110,-110,-110,-110,-110,-110,-110,-110,-110,-110,-110,-110,-110,-110,-110,-110,-110,-110,-110,-110,-110,-110,-110,-110,-110,-110,-110,-110,-110,-110,-110,-110,-110,-110,-110,-110,-110,-110,-110,-110,-110,-110,-110,-110,-110,-110,-110,-110,-110,-110,-110,-110,-110,-110,-110,-110,-110,-110,-110,-110,-110,-110,-110,-110,-110,-110,-110,-110,-110,-110,-110,-110,-110,-110,-110,-110,-110,-110,-110,-110,-110,-110,-110,-110,-110,-110,-110,-110,-110,-110,-110,-110,-110,-110,-110,-110,-110,-110,-110,-110,-110,-110,-110,-110,-110,-110,-110,-110,-110,-110,-110,-110,-110,-110,-110,-110,-110,-110,-110,-110,-110,-110,-110,-110,-110,-110,-110,-110,-110,-110,-110,-110,-110,-110,-110,-110,-110,-110,-110,-110,-110,-110,-110,-110,-110,-110,-110,-110,-110,-110,-110,-110,-110,-110,-110,-110,-110,-110,-110,-110,-110,-110,-110,-110,-110,-110,-110,-110,-110,-110,-110,-110,-110,-110,-110,-110,-110,-110,-110,-110,-110,-110,-110,-110,-110,-110,-110,-110,-110,-110,-110,-110,-110,-110,-110,-110,-110,-110,-110,-110,-110,-110,-110,-110,-110,-110,-110,-110,-110,-110,-110,-110,-110,-110,-110,-110,-110,-110,-110,-110,-110,-110,-110,-110,-110,-110,-110,-110,-110,-110,-110,-110,-110,-110,-110,-110,-110,-110,-110,-110,-110,-110,-110,-110,-110,-110,-110,-110,-110,-110,-110,-110,-110,-110,-110,-110,-110,-110,-110,-110,-110,-110,-110,-110,-110,-110,-110,-110,-110,-110,-110,-110,-110,-110,-110,-110,-110,-110,-110,-110,-110,-110,-110,-110,-110,-110,-110,-110,-110,-110,-110,-110,-110,-110,-110,-110,-110,-110,-110,-110,-110,-110,-110,-110,-110,-110,-110,-110,-110,-110,-110,-110,-110,-110,-110,-110,-110,-110,-110,-110,-110,-110,-110,-110,-110,-110,-110,-110,-110,-110,-110,-110,-110,-110,-110,-110,-110,-110,-110,-110,-110,-110,-110,-110,-110,-110,-110,-110,-110,-110,-110,-110,-110,-110,-110,-110,-110,-110,-110,-110,-110,-110,-110,-110,-110,-110,-110,-110,-110,-110,-110,-110,-110,-110,-110,-110,-110,-110,-110,-110,-110,-110,-110,-110,-110,-110,-110,-110,-110,-110,-110,-110,-110,-110,-110,-110,-110,-110,-110,-110,-110,-110,-110,-110,-110,-110,-110,-110,-110,-110,-110,-110,-110,-110,-110,-110,-110,-110,-110,-110,-110,-110,-110,-110,-110,-110,-110,-110,-110,-110,-110,-110,-110,-110,-110,-110,-110,-110,-110,-110,-110,-110,-110,-110,-110,-110,-110,-110,-110,-110,-110,-110,-110,-110,-110,-110,-110,-110
33,12.91385188,20.276023485,5,-65,-110,-110,-70,-110,-65,-110,-70,-110,-110,-110,-110,-110,-110,-88,-110,-89,-110,-110,-110,-110,-92,-110,-110,-110,-110,-110,-74,-110,-78,-110,-110,-89,-85,-110,-110,-110,-110,-110,-110,-88,-87,-110,-110,-110,-110,-77,-81,-76,-88,-78,-79,-86,-79,-110,-110,-110,-93,-110,-110,-110,-110,-77,-78,-110,-110,-110,-110,-91,-110,-93,-110,-110,-110,-84,-110,-110,-110,-110,-110,-110,-110,-110,-110,-110,-88,-110,-110,-110,-110,-110,-110,-110,-110,-110,-110,-110,-90,-87,-110,-110,-110,-110,-110,-110,-110,-110,-110,-110,-110,-110,-110,-110,-110,-110,-110,-110,-110,-110,-110,-110,-110,-110,-110,-110,-110,-110,-110,-110,-92,-110,-110,-110,-110,-110,-110,-110,-110,-110,-110,-110,-110,-110,-110,-110,-110,-110,-110,-110,-110,-110,-110,-110,-110,-110,-110,-110,-110,-110,-110,-110,-110,-110,-110,-110,-110,-110,-110,-110,-110,-110,-110,-110,-110,-110,-110,-110,-110,-110,-110,-110,-110,-110,-110,-110,-110,-110,-110,-110,-110,-110,-110,-110,-110,-110,-110,-110,-110,-110,-110,-110,-110,-110,-110,-110,-110,-110,-110,-110,-110,-110,-110,-110,-110,-110,-110,-110,-110,-110,-110,-110,-110,-110,-110,-110,-110,-110,-110,-110,-110,-110,-110,-110,-110,-110,-110,-110,-110,-110,-110,-110,-110,-110,-110,-110,-110,-110,-110,-110,-110,-110,-110,-110,-110,-110,-110,-110,-110,-110,-110,-110,-110,-110,-110,-110,-110,-110,-110,-110,-110,-110,-110,-110,-110,-110,-110,-110,-110,-110,-110,-110,-110,-110,-110,-110,-110,-110,-110,-110,-110,-110,-110,-110,-110,-110,-110,-110,-110,-110,-110,-110,-110,-110,-110,-110,-110,-110,-110,-110,-110,-110,-110,-110,-110,-110,-110,-110,-110,-110,-110,-110,-110,-110,-110,-110,-110,-110,-110,-110,-110,-110,-110,-110,-110,-110,-110,-110,-110,-110,-110,-110,-110,-110,-110,-110,-110,-110,-110,-110,-110,-110,-110,-110,-110,-110,-110,-110,-110,-110,-110,-110,-110,-110,-110,-110,-110,-110,-110,-110,-110,-110,-110,-110,-110,-110,-110,-110,-110,-110,-110,-110,-110,-110,-110,-110,-110,-110,-110,-110,-110,-110,-110,-110,-110,-110,-110,-110,-110,-110,-110,-110,-110,-110,-110,-110,-110,-110,-110,-110,-110,-110,-110,-110,-110,-110,-110,-110,-110,-110,-110,-110,-110,-110,-110,-110,-110,-110,-110,-110,-110,-110,-110,-110,-110,-110,-110,-110,-110,-110,-110,-110,-110,-110,-110,-110,-110,-110,-110,-110,-110,-110,-110,-110,-110,-110,-110,-110,-110,-110,-110,-110,-110,-110,-110,-110,-110,-110,-110,-110,-110,-110,-110,-110,-110,-110,-110,-110,-110,-110,-110,-110,-110,-110,-110,-110,-110,-110,-110,-110,-110,-110,-110,-110,-110,-110,-110,-110,-110,-110,-110,-110,-110,-110,-110,-110,-110,-110,-110,-110,-110,-110,-110,-110,-110,-110,-110,-110,-110,-110,-110,-110,-110,-110,-110,-110,-110,-110,-110,-110,-110,-110,-110,-110,-110,-110,-110,-110,-110,-110,-110,-110,-110,-110,-110,-110,-110,-110,-110,-110,-110,-110,-110,-110,-110,-110,-110,-110,-110,-110,-110,-110,-110,-110,-110,-110,-110,-110,-110,-110,-110,-110,-110,-110,-110,-110,-110,-110,-110,-110,-110,-110,-110,-110,-110,-110,-110,-110,-110,-110,-110,-110,-110,-110,-110,-110,-110,-110,-110,-110,-110,-110,-110,-110,-110,-110,-110,-110,-110,-110,-110,-110,-110,-110,-110,-110,-110,-110,-110,-110,-110
33,12.91385188,20.276023485,5,-65,-110,-110,-69,-110,-65,-110,-70,-110,-110,-110,-92,-110,-110,-89,-110,-110,-110,-110,-110,-110,-93,-110,-110,-75,-110,-76,-72,-110,-76,-110,-110,-90,-90,-110,-110,-110,-110,-110,-110,-110,-87,-110,-110,-110,-110,-79,-110,-78,-110,-78,-110,-87,-79,-110,-110,-110,-110,-110,-110,-110,-110,-77,-77,-110,-110,-110,-86,-92,-110,-90,-110,-110,-110,-87,-110,-110,-110,-110,-110,-110,-110,-110,-110,-110,-110,-110,-110,-110,-110,-110,-110,-110,-110,-110,-110,-110,-90,-88,-110,-110,-110,-110,-110,-110,-110,-110,-110,-110,-110,-110,-110,-110,-110,-110,-110,-110,-110,-110,-110,-110,-110,-110,-110,-110,-110,-110,-110,-110,-110,-110,-110,-110,-110,-110,-110,-110,-110,-110,-110,-110,-110,-110,-110,-110,-110,-110,-110,-110,-110,-110,-110,-110,-110,-110,-110,-110,-110,-110,-110,-110,-110,-110,-110,-110,-110,-110,-110,-110,-110,-110,-110,-110,-110,-110,-110,-110,-110,-110,-110,-110,-110,-110,-110,-110,-110,-110,-110,-110,-110,-110,-110,-110,-110,-110,-110,-110,-110,-110,-110,-110,-110,-110,-110,-110,-110,-110,-110,-110,-110,-110,-110,-110,-110,-110,-110,-110,-110,-110,-110,-110,-110,-110,-110,-110,-110,-110,-110,-110,-110,-110,-110,-110,-110,-110,-110,-110,-110,-110,-110,-110,-110,-110,-110,-110,-110,-110,-110,-110,-110,-110,-110,-110,-110,-110,-110,-110,-110,-110,-110,-110,-110,-110,-110,-110,-110,-110,-110,-110,-110,-110,-110,-110,-110,-110,-110,-110,-110,-110,-110,-110,-110,-110,-110,-110,-110,-110,-110,-110,-110,-110,-110,-110,-110,-110,-110,-110,-110,-110,-110,-110,-110,-110,-110,-110,-110,-110,-110,-110,-110,-110,-110,-110,-110,-110,-110,-110,-110,-110,-110,-110,-110,-110,-110,-110,-110,-110,-110,-110,-110,-110,-110,-110,-110,-110,-110,-110,-110,-110,-110,-110,-110,-110,-110,-110,-110,-110,-110,-110,-110,-110,-110,-110,-110,-110,-110,-110,-110,-110,-110,-110,-110,-110,-110,-110,-110,-110,-110,-110,-110,-110,-110,-110,-110,-110,-110,-110,-110,-110,-110,-110,-110,-110,-110,-110,-110,-110,-110,-110,-110,-110,-110,-110,-110,-110,-110,-110,-110,-110,-110,-110,-110,-110,-110,-110,-110,-110,-110,-110,-110,-110,-110,-110,-110,-110,-110,-110,-110,-110,-110,-110,-110,-110,-110,-110,-110,-110,-110,-110,-110,-110,-110,-110,-110,-110,-110,-110,-110,-110,-110,-110,-110,-110,-110,-110,-110,-110,-110,-110,-110,-110,-110,-110,-110,-110,-110,-110,-110,-110,-110,-110,-110,-110,-110,-110,-110,-110,-110,-110,-110,-110,-110,-110,-110,-110,-110,-110,-110,-110,-110,-110,-110,-110,-110,-110,-110,-110,-110,-110,-110,-110,-110,-110,-110,-110,-110,-110,-110,-110,-110,-110,-110,-110,-110,-110,-110,-110,-110,-110,-110,-110,-110,-110,-110,-110,-110,-110,-110,-110,-110,-110,-110,-110,-110,-110,-110,-110,-110,-110,-110,-110,-110,-110,-110,-110,-110,-110,-110,-110,-110,-110,-110,-110,-110,-110,-110,-110,-110,-110,-110,-110,-110,-110,-110,-110,-110,-110,-110,-110,-110,-110,-110,-110,-110,-110,-110,-110,-110,-110,-110,-110,-110,-110,-110,-110,-110,-110,-110,-110,-110,-110,-110,-110,-110,-110,-110,-110,-110,-110,-110,-110,-110,-110,-110,-110,-110,-110,-110,-110,-110,-110,-110,-110,-110,-110,-110,-110,-110,-110,-110,-110,-110,-110,-110,-110,-110,-110,-110,-110,-110
34,4.1347719,22.064127592,5,-82,-110,-110,-85,-110,-82,-110,-82,-110,-110,-110,-92,-110,-110,-70,-110,-71,-110,-110,-110,-110,-110,-110,-110,-83,-110,-110,-82,-110,-110,-110,-110,-110,-110,-110,-110,-110,-110,-110,-110,-110,-110,-110,-110,-110,-110,-110,-110,-70,-110,-69,-110,-110,-76,-110,-110,-110,-110,-110,-110,-110,-110,-110,-110,-110,-110,-110,-110,-81,-110,-82,-110,-110,-110,-110,-110,-110,-110,-110,-110,-110,-110,-110,-110,-110,-110,-110,-110,-110,-110,-110,-110,-110,-110,-110,-110,-110,-110,-110,-110,-110,-110,-110,-110,-110,-110,-110,-110,-110,-110,-110,-110,-110,-110,-110,-110,-110,-110,-110,-110,-110,-110,-110,-110,-110,-110,-110,-110,-110,-110,-110,-110,-110,-110,-110,-110,-110,-110,-110,-110,-110,-110,-110,-110,-110,-110,-110,-110,-110,-110,-110,-110,-110,-110,-110,-110,-110,-110,-110,-110,-110,-110,-110,-110,-110,-110,-110,-110,-110,-110,-110,-110,-110,-110,-110,-110,-110,-110,-110,-110,-110,-110,-110,-110,-110,-110,-110,-110,-110,-110,-110,-110,-110,-110,-110,-110,-110,-110,-110,-110,-110,-110,-110,-110,-110,-110,-110,-110,-110,-110,-110,-110,-110,-110,-110,-110,-110,-110,-110,-110,-110,-110,-110,-110,-110,-110,-110,-110,-110,-110,-110,-110,-110,-110,-110,-110,-110,-110,-110,-110,-110,-110,-110,-110,-110,-110,-110,-110,-110,-110,-110,-110,-110,-110,-110,-110,-110,-110,-110,-110,-110,-110,-110,-110,-110,-110,-110,-110,-110,-110,-110,-110,-110,-110,-110,-110,-110,-110,-110,-110,-110,-110,-110,-110,-110,-110,-110,-110,-110,-110,-110,-110,-110,-110,-110,-110,-110,-110,-110,-110,-110,-110,-110,-110,-110,-110,-110,-110,-110,-110,-110,-110,-110,-110,-110,-110,-110,-110,-110,-110,-110,-110,-110,-110,-110,-110,-110,-110,-110,-110,-110,-110,-110,-110,-110,-110,-110,-110,-110,-110,-110,-110,-110,-110,-110,-110,-110,-110,-110,-110,-110,-110,-110,-110,-110,-110,-110,-110,-110,-110,-110,-110,-110,-110,-110,-110,-110,-110,-110,-110,-110,-110,-110,-110,-110,-110,-110,-110,-110,-110,-110,-110,-110,-110,-110,-110,-110,-110,-110,-110,-110,-110,-110,-110,-110,-110,-110,-110,-110,-110,-110,-110,-110,-110,-110,-110,-110,-110,-110,-110,-110,-110,-110,-110,-110,-110,-110,-110,-110,-110,-110,-110,-110,-110,-110,-110,-110,-110,-110,-110,-110,-110,-110,-110,-110,-110,-110,-110,-110,-110,-110,-110,-110,-110,-110,-110,-110,-110,-110,-110,-110,-110,-110,-110,-110,-110,-110,-110,-110,-110,-110,-110,-110,-110,-110,-110,-110,-110,-110,-110,-110,-110,-110,-110,-110,-110,-110,-110,-110,-110,-110,-110,-110,-110,-110,-110,-110,-110,-110,-110,-110,-110,-110,-110,-110,-110,-110,-110,-110,-110,-110,-110,-110,-110,-110,-110,-110,-110,-110,-110,-110,-110,-110,-110,-110,-110,-110,-110,-110,-110,-110,-110,-110,-110,-110,-110,-110,-110,-110,-110,-110,-110,-110,-110,-110,-110,-110,-110,-110,-110,-110,-110,-110,-110,-110,-110,-110,-110,-110,-110,-110,-110,-110,-110,-110,-110,-110,-110,-110,-110,-110,-110,-110,-110,-110,-110,-110,-110,-110,-110,-110,-110,-110,-110,-110,-110,-110,-110,-110,-110,-110,-110,-110,-110,-110,-110,-110,-110,-110,-110,-110,-110,-110,-110,-110,-110,-110,-110,-110,-110,-110,-110,-110,-110,-110,-110,-110,-110,-110,-110,-110,-110,-110,-110,-110,-110,-110,-110,-110,-110
34,4.1347719,22.064127592,5,-83,-110,-110,-81,-110,-82,-110,-79,-110,-110,-110,-110,-110,-110,-71,-110,-71,-110,-110,-110,-110,-110,-110,-110,-88,-110,-90,-84,-110,-87,-110,-110,-110,-110,-110,-110,-110,-110,-110,-110,-110,-110,-110,-110,-110,-110,-110,-93,-76,-110,-76,-69,-110,-76,-110,-110,-110,-110,-110,-110,-110,-110,-110,-110,-110,-110,-110,-110,-78,-110,-80,-110,-110,-110,-110,-110,-110,-110,-110,-110,-110,-110,-110,-110,-110,-110,-110,-110,-110,-110,-110,-110,-110,-110,-110,-110,-110,-110,-110,-110,-110,-110,-110,-110,-110,-110,-110,-110,-110,-110,-110,-110,-110,-110,-110,-110,-110,-110,-110,-110,-110,-110,-110,-110,-110,-110,-110,-110,-110,-110,-110,-110,-110,-110,-110,-110,-110,-110,-110,-110,-110,-110,-110,-110,-110,-110,-110,-110,-110,-110,-110,-110,-110,-110,-110,-110,-110,-110,-110,-110,-110,-110,-110,-110,-110,-110,-110,-110,-110,-110,-110,-110,-110,-110,-110,-110,-110,-110,-110,-110,-110,-110,-110,-110,-110,-110,-110,-110,-110,-110,-110,-110,-110,-110,-110,-110,-110,-110,-110,-110,-110,-110,-110,-110,-110,-110,-110,-110,-110,-110,-110,-110,-110,-110,-110,-110,-110,-110,-110,-110,-110,-110,-110,-110,-110,-110,-110,-110,-110,-110,-110,-110,-110,-110,-110,-110,-110,-110,-110,-110,-110,-110,-110,-110,-110,-110,-110,-110,-110,-110,-110,-110,-110,-110,-110,-110,-110,-110,-110,-110,-110,-110,-110,-110,-110,-110,-110,-110,-110,-110,-110,-110,-110,-110,-110,-110,-110,-110,-110,-110,-110,-110,-110,-110,-110,-110,-110,-110,-110,-110,-110,-110,-110,-110,-110,-110,-110,-110,-110,-110,-110,-110,-110,-110,-110,-110,-110,-110,-110,-110,-110,-110,-110,-110,-110,-110,-110,-110,-110,-110,-110,-110,-110,-110,-110,-110,-110,-110,-110,-110,-110,-110,-110,-110,-110,-110,-110,-110,-110,-110,-110,-110,-110,-110,-110,-110,-110,-110,-110,-110,-110,-110,-110,-110,-110,-110,-110,-110,-110,-110,-110,-110,-110,-110,-110,-110,-110,-110,-110,-110,-110,-110,-110,-110,-110,-110,-110,-110,-110,-110,-110,-110,-110,-110,-110,-110,-110,-110,-110,-110,-110,-110,-110,-110,-110,-110,-110,-110,-110,-110,-110,-110,-110,-110,-110,-110,-110,-110,-110,-110,-110,-110,-110,-110,-110,-110,-110,-110,-110,-110,-110,-110,-110,-110,-110,-110,-110,-110,-110,-110,-110,-110,-110,-110,-110,-110,-110,-110,-110,-110,-110,-110,-110,-110,-110,-110,-110,-110,-110,-110,-110,-110,-110,-110,-110,-110,-110,-110,-110,-110,-110,-110,-110,-110,-110,-110,-110,-110,-110,-110,-110,-110,-110,-110,-110,-110,-110,-110,-110,-110,-110,-110,-110,-110,-110,-110,-110,-110,-110,-110,-110,-110,-110,-110,-110,-110,-110,-110,-110,-110,-110,-110,-110,-110,-110,-110,-110,-110,-110,-110,-110,-110,-110,-110,-110,-110,-110,-110,-110,-110,-110,-110,-110,-110,-110,-110,-110,-110,-110,-110,-110,-110,-110,-110,-110,-110,-110,-110,-110,-110,-110,-110,-110,-110,-110,-110,-110,-110,-110,-110,-110,-110,-110,-110,-110,-110,-110,-110,-110,-110,-110,-110,-110,-110,-110,-110,-110,-110,-110,-110,-110,-110,-110,-110,-110,-110,-110,-110,-110,-110,-110,-110,-110,-110,-110,-110,-110,-110,-110,-110,-110,-110,-110,-110,-110,-110,-110,-110,-110,-110,-110,-110,-110,-110,-110,-110,-110,-110,-110,-110,-110,-110,-110,-110,-110,-110,-110,-110,-110,-110
34,4.1347719,22.064127592,5,-82,-110,-110,-83,-110,-82,-110,-86,-110,-110,-110,-110,-110,-110,-73,-110,-71,-110,-110,-110,-110,-110,-110,-110,-110,-110,-110,-85,-110,-89,-110,-110,-110,-110,-110,-110,-110,-110,-110,-110,-110,-110,-110,-110,-110,-110,-110,-110,-72,-110,-75,-69,-110,-76,-110,-110,-110,-110,-110,-110,-110,-110,-110,-110,-110,-110,-110,-110,-80,-110,-80,-110,-110,-110,-110,-110,-110,-110,-110,-110,-110,-110,-110,-110,-110,-110,-110,-110,-110,-110,-110,-110,-85,-90,-110,-110,-110,-110,-110,-110,-110,-110,-110,-110,-110,-110,-110,-110,-110,-110,-110,-110,-110,-110,-110,-110,-110,-110,-110,-110,-110,-110,-110,-110,-110,-110,-110,-110,-110,-110,-110,-110,-110,-110,-110,-110,-110,-110,-110,-110,-110,-110,-110,-110,-110,-110,-110,-110,-110,-110,-110,-110,-110,-110,-110,-110,-91,-110,-110,-110,-110,-110,-110,-110,-110,-110,-110,-110,-110,-110,-110,-110,-110,-110,-110,-110,-110,-110,-110,-110,-110,-110,-110,-110,-110,-110,-110,-110,-110,-110,-110,-110,-110,-110,-110,-110,-110,-110,-110,-110,-110,-110,-110,-110,-110,-110,-110,-110,-110,-110,-110,-110,-110,-110,-110,-110,-110,-110,-110,-110,-110,-110,-110,-110,-110,-110,-110,-110,-110,-110,-110,-110,-110,-110,-110,-110,-110,-110,-110,-110,-110,-110,-110,-110,-110,-110,-110,-110,-110,-110,-110,-110,-110,-110,-110,-110,-110,-110,-110,-110,-110,-110,-110,-110,-110,-110,-110,-110,-110,-110,-110,-110,-110,-110,-110,-110,-110,-110,-110,-110,-110,-110,-110,-110,-110,-110,-110,-110,-110,-110,-110,-110,-110,-110,-110,-110,-110,-110,-110,-110,-110,-110,-110,-110,-110,-110,-110,-110,-110,-110,-110,-110,-110,-110,-110,-110,-110,-110,-110,-110,-110,-110,-110,-110,-110,-110,-110,-110,-110,-110,-110,-110,-110,-110,-110,-110,-110,-110,-110,-110,-110,-110,-110,-110,-110,-110,-110,-110,-110,-110,-110,-110,-110,-110,-110,-110,-110,-110,-110,-110,-110,-110,-110,-110,-110,-110,-110,-110,-110,-110,-110,-110,-110,-110,-110,-110,-110,-110,-110,-110,-110,-110,-110,-110,-110,-110,-110,-110,-110,-110,-110,-110,-110,-110,-110,-110,-110,-110,-110,-110,-110,-110,-110,-110,-110,-110,-110,-110,-110,-110,-110,-110,-110,-110,-110,-110,-110,-110,-110,-110,-110,-110,-110,-110,-110,-110,-110,-110,-110,-110,-110,-110,-110,-110,-110,-110,-110,-110,-110,-110,-110,-110,-110,-110,-110,-110,-110,-110,-110,-110,-110,-110,-110,-110,-110,-110,-110,-110,-110,-110,-110,-110,-110,-110,-110,-110,-110,-110,-110,-110,-110,-110,-110,-110,-110,-110,-110,-110,-110,-110,-110,-110,-110,-110,-110,-110,-110,-110,-110,-110,-110,-110,-110,-110,-110,-110,-110,-110,-110,-110,-110,-110,-110,-110,-110,-110,-110,-110,-110,-110,-110,-110,-110,-110,-110,-110,-110,-110,-110,-110,-110,-110,-110,-110,-110,-110,-110,-110,-110,-110,-110,-110,-110,-110,-110,-110,-110,-110,-110,-110,-110,-110,-110,-110,-110,-110,-110,-110,-110,-110,-110,-110,-110,-110,-110,-110,-110,-110,-110,-110,-110,-110,-110,-110,-110,-110,-110,-110,-110,-110,-110,-110,-110,-110,-110,-110,-110,-110,-110,-110,-110,-110,-110,-110,-110,-110,-110,-110,-110,-110,-110,-110,-110,-110,-110,-110,-110,-110,-110,-110,-110,-110,-110,-110,-110,-110,-110,-110,-110,-110,-110,-110,-110,-110,-110,-110,-110,-110,-110,-110
34,4.1347719,22.064127592,5,-83,-110,-110,-81,-110,-82,-110,-80,-110,-110,-110,-110,-110,-110,-74,-110,-73,-110,-110,-110,-110,-110,-110,-110,-86,-110,-110,-87,-110,-89,-110,-110,-110,-110,-110,-110,-110,-110,-110,-110,-110,-110,-110,-110,-110,-110,-110,-110,-72,-110,-72,-70,-110,-79,-110,-110,-110,-110,-110,-110,-110,-110,-110,-110,-110,-110,-110,-110,-82,-110,-81,-110,-110,-110,-110,-110,-110,-110,-110,-110,-110,-110,-110,-110,-110,-90,-110,-110,-110,-110,-110,-110,-110,-88,-110,-110,-110,-110,-110,-110,-110,-110,-110,-110,-110,-110,-110,-110,-110,-110,-110,-110,-110,-110,-110,-110,-110,-110,-110,-110,-110,-110,-110,-110,-110,-110,-110,-110,-110,-110,-110,-110,-110,-110,-110,-110,-110,-110,-110,-110,-110,-110,-110,-110,-110,-110,-110,-110,-110,-110,-110,-110,-110,-110,-110,-110,-110,-110,-110,-110,-110,-110,-110,-110,-110,-110,-110,-110,-110,-110,-110,-110,-110,-110,-110,-110,-110,-110,-110,-110,-110,-110,-110,-110,-110,-110,-110,-110,-110,-110,-110,-110,-110,-110,-110,-110,-110,-110,-110,-110,-110,-110,-110,-110,-110,-110,-110,-110,-110,-110,-110,-110,-110,-110,-110,-110,-110,-110,-110,-110,-110,-110,-110,-110,-110,-110,-110,-110,-110,-110,-110,-110,-110,-110,-110,-110,-110,-110,-110,-110,-110,-110,-110,-110,-110,-110,-110,-110,-110,-110,-110,-110,-110,-110,-110,-110,-110,-110,-110,-110,-110,-110,-110,-110,-110,-110,-110,-110,-110,-110,-110,-110,-110,-110,-110,-110,-110,-110,-110,-110,-110,-110,-110,-110,-110,-110,-110,-110,-110,-110,-110,-110,-110,-110,-110,-110,-110,-110,-110,-110,-110,-110,-110,-110,-110,-110,-110,-110,-110,-110,-110,-110,-110,-110,-110,-110,-110,-110,-110,-110,-110,-110,-110,-110,-110,-110,-110,-110,-110,-110,-110,-110,-110,-110,-110,-110,-110,-110,-110,-110,-110,-110,-110,-110,-110,-110,-110,-110,-110,-110,-110,-110,-110,-110,-110,-110,-110,-110,-110,-110,-110,-110,-110,-110,-110,-110,-110,-110,-110,-110,-110,-110,-110,-110,-110,-110,-110,-110,-110,-110,-110,-110,-110,-110,-110,-110,-110,-110,-110,-110,-110,-110,-110,-110,-110,-110,-110,-110,-110,-110,-110,-110,-110,-110,-110,-110,-110,-110,-110,-110,-110,-110,-110,-110,-110,-110,-110,-110,-110,-110,-110,-110,-110,-110,-110,-110,-110,-110,-110,-110,-110,-110,-110,-110,-110,-110,-110,-110,-110,-110,-110,-110,-110,-110,-110,-110,-110,-110,-110,-110,-110,-110,-110,-110,-110,-110,-110,-110,-110,-110,-110,-110,-110,-110,-110,-110,-110,-110,-110,-110,-110,-110,-110,-110,-110,-110,-110,-110,-110,-110,-110,-110,-110,-110,-110,-110,-110,-110,-110,-110,-110,-110,-110,-110,-110,-110,-110,-110,-110,-110,-110,-110,-110,-110,-110,-110,-110,-110,-110,-110,-110,-110,-110,-110,-110,-110,-110,-110,-110,-110,-110,-110,-110,-110,-110,-110,-110,-110,-110,-110,-110,-110,-110,-110,-110,-110,-110,-110,-110,-110,-110,-110,-110,-110,-110,-110,-110,-110,-110,-110,-110,-110,-110,-110,-110,-110,-110,-110,-110,-110,-110,-110,-110,-110,-110,-110,-110,-110,-110,-110,-110,-110,-110,-110,-110,-110,-110,-110,-110,-110,-110,-110,-110,-110,-110,-110,-110,-110,-110,-110,-110,-110,-110,-110,-110,-110,-110,-110,-110,-110,-110,-110,-110,-110,-110,-110,-110,-110,-110,-110,-110,-110,-110,-110,-110,-110,-110,-110,-110,-110
34,4.1347719,22.064127592,5,-81,-110,-110,-81,-110,-81,-110,-82,-110,-110,-110,-110,-110,-110,-75,-110,-73,-110,-110,-110,-110,-110,-110,-110,-88,-110,-110,-86,-110,-84,-110,-110,-110,-110,-110,-110,-110,-110,-110,-110,-110,-110,-110,-110,-110,-110,-94,-110,-74,-110,-75,-70,-110,-77,-110,-110,-110,-110,-110,-110,-110,-110,-110,-110,-110,-110,-110,-110,-83,-110,-82,-110,-110,-110,-110,-110,-110,-110,-110,-110,-110,-110,-110,-110,-110,-110,-110,-110,-110,-110,-110,-110,-110,-90,-110,-110,-110,-110,-110,-110,-110,-110,-110,-110,-110,-110,-93,-110,-110,-110,-110,-110,-110,-110,-110,-110,-110,-110,-110,-110,-110,-110,-110,-110,-110,-110,-110,-110,-110,-110,-110,-110,-110,-110,-110,-110,-110,-110,-110,-110,-110,-110,-110,-110,-110,-110,-110,-110,-110,-110,-110,-110,-110,-110,-110,-110,-110,-110,-110,-110,-110,-110,-110,-110,-110,-110,-110,-110,-110,-110,-110,-110,-110,-110,-110,-110,-110,-110,-110,-110,-110,-110,-110,-110,-110,-110,-110,-110,-110,-110,-110,-110,-110,-110,-110,-110,-110,-110,-110,-110,-110,-110,-110,-110,-110,-110,-110,-110,-110,-110,-110,-110,-110,-110,-110,-110,-110,-110,-110,-110,-110,-110,-110,-110,-110,-110,-110,-110,-110,-110,-110,-110,-110,-110,-110,-110,-110,-110,-110,-110,-110,-110,-110,-110,-110,-110,-110,-110,-110,-110,-110,-110,-110,-110,-110,-110,-110,-110,-110,-110,-110,-110,-110,-110,-110,-110,-110,-110,-110,-110,-110,-110,-110,-110,-110,-110,-110,-110,-110,-110,-110,-110,-110,-110,-110,-110,-110,-110,-110,-110,-110,-110,-110,-110,-110,-110,-110,-110,-110,-110,-110,-110,-110,-110,-110,-110,-110,-110,-110,-110,-110,-110,-110,-110,-110,-110,-110,-110,-110,-110,-110,-110,-110,-110,-110,-110,-110,-110,-110,-110,-110,-110,-110,-110,-110,-110,-110,-110,-110,-110,-110,-110,-110,-110,-110,-110,-110,-110,-110,-110,-110,-110,-110,-110,-110,-110,-110,-110,-110,-110,-110,-110,-110,-110,-110,-110,-110,-110,-110,-110,-110,-110,-110,-110,-110,-110,-110,-110,-110,-110,-110,-110,-110,-110,-110,-110,-110,-110,-110,-110,-110,-110,-110,-110,-110,-110,-110,-110,-110,-110,-110,-110,-110,-110,-110,-110,-110,-110,-110,-110,-110,-110,-110,-110,-110,-110,-110,-110,-110,-110,-110,-110,-110,-110,-110,-110,-110,-110,-110,-110,-110,-110,-110,-110,-110,-110,-110,-110,-110,-110,-110,-110,-110,-110,-110,-110,-110,-110,-110,-110,-110,-110,-110,-110,-110,-110,-110,-110,-110,-110,-110,-110,-110,-110,-110,-110,-110,-110,-110,-110,-110,-110,-110,-110,-110,-110,-110,-110,-110,-110,-110,-110,-110,-110,-110,-110,-110,-110,-110,-110,-110,-110,-110,-110,-110,-110,-110,-110,-110,-110,-110,-110,-110,-110,-110,-110,-110,-110,-110,-110,-110,-110,-110,-110,-110,-110,-110,-110,-110,-110,-110,-110,-110,-110,-110,-110,-110,-110,-110,-110,-110,-110,-110,-110,-110,-110,-110,-110,-110,-110,-110,-110,-110,-110,-110,-110,-110,-110,-110,-110,-110,-110,-110,-110,-110,-110,-110,-110,-110,-110,-110,-110,-110,-110,-110,-110,-110,-110,-110,-110,-110,-110,-110,-110,-110,-110,-110,-110,-110,-110,-110,-110,-110,-110,-110,-110,-110,-110,-110,-110,-110,-110,-110,-110,-110,-110,-110,-110,-110,-110,-110,-110,-110,-110,-110,-110,-110,-110,-110,-110,-110,-110,-110,-110,-110,-110,-110,-110,-110,-110
34,4.1347719,22.064127592,5,-82,-110,-110,-80,-110,-81,-110,-81,-110,-110,-110,-110,-110,-110,-73,-110,-73,-110,-110,-110,-110,-110,-110,-110,-85,-110,-88,-87,-110,-110,-110,-110,-110,-110,-110,-110,-110,-110,-110,-110,-110,-110,-110,-110,-110,-110,-110,-110,-73,-110,-73,-68,-110,-76,-110,-110,-110,-110,-110,-110,-110,-110,-110,-110,-110,-110,-110,-110,-80,-110,-80,-110,-110,-110,-110,-110,-110,-110,-110,-110,-110,-110,-110,-110,-110,-110,-110,-110,-110,-110,-110,-110,-110,-110,-110,-110,-110,-110,-110,-110,-110,-110,-110,-110,-110,-110,-110,-110,-110,-110,-110,-110,-110,-110,-110,-110,-110,-110,-110,-110,-110,-110,-110,-110,-110,-110,-110,-110,-110,-110,-110,-110,-110,-110,-110,-110,-110,-110,-110,-110,-110,-110,-110,-110,-110,-110,-110,-110,-110,-110,-110,-110,-110,-110,-110,-110,-91,-110,-110,-110,-110,-110,-110,-110,-110,-110,-110,-110,-110,-110,-110,-110,-110,-110,-110,-110,-110,-110,-110,-110,-110,-110,-110,-110,-110,-110,-110,-110,-110,-110,-110,-110,-110,-110,-110,-110,-110,-110,-110,-110,-110,-110,-110,-110,-110,-110,-110,-110,-110,-110,-110,-110,-110,-110,-110,-110,-110,-110,-110,-110,-110,-110,-110,-110,-110,-110,-110,-110,-110,-110,-110,-110,-110,-110,-110,-110,-110,-110,-110,-110,-110,-110,-110,-110,-110,-110,-110,-110,-110,-110,-110,-110,-110,-110,-110,-110,-110,-110,-110,-110,-110,-110,-110,-110,-110,-110,-110,-110,-110,-110,-110,-110,-110,-110,-110,-110,-110,-110,-110,-110,-110,-110,-110,-110,-110,-110,-110,-110,-110,-110,-110,-110,-110,-110,-110,-110,-110,-110,-110,-110,-110,-110,-110,-110,-110,-110,-110,-110,-110,-110,-110,-110,-110,-110,-110,-110,-110,-110,-110,-110,-110,-110,-110,-110,-110,-110,-110,-110,-110,-110,-110,-110,-110,-110,-110,-110,-110,-110,-110,-110,-110,-110,-110,-110,-110,-110,-110,-110,-110,-110,-110,-110,-110,-110,-110,-110,-110,-110,-110,-110,-110,-110,-110,-110,-110,-110,-110,-110,-110,-110,-110,-110,-110,-110,-110,-110,-110,-110,-110,-110,-110,-110,-110,-110,-110,-110,-110,-110,-110,-110,-110,-110,-110,-110,-110,-110,-110,-110,-110,-110,-110,-110,-110,-110,-110,-110,-110,-110,-110,-110,-110,-110,-110,-110,-110,-110,-110,-110,-110,-110,-110,-110,-110,-110,-110,-110,-110,-110,-110,-110,-110,-110,-110,-110,-110,-110,-110,-110,-110,-110,-110,-110,-110,-110,-110,-110,-110,-110,-110,-110,-110,-110,-110,-110,-110,-110,-110,-110,-110,-110,-110,-110,-110,-110,-110,-110,-110,-110,-110,-110,-110,-110,-110,-110,-110,-110,-110,-110,-110,-110,-110,-110,-110,-110,-110,-110,-110,-110,-110,-110,-110,-110,-110,-110,-110,-110,-110,-110,-110,-110,-110,-110,-110,-110,-110,-110,-110,-110,-110,-110,-110,-110,-110,-110,-110,-110,-110,-110,-110,-110,-110,-110,-110,-110,-110,-110,-110,-110,-110,-110,-110,-110,-110,-110,-110,-110,-110,-110,-110,-110,-110,-110,-110,-110,-110,-110,-110,-110,-110,-110,-110,-110,-110,-110,-110,-110,-110,-110,-110,-110,-110,-110,-110,-110,-110,-110,-110,-110,-110,-110,-110,-110,-110,-110,-110,-110,-110,-110,-110,-110,-110,-110,-110,-110,-110,-110,-110,-110,-110,-110,-110,-110,-110,-110,-110,-110,-110,-110,-110,-110,-110,-110,-110,-110,-110,-110,-110,-110,-110,-110,-110,-110,-110,-110,-110,-110,-110,-110,-110,-110
35,8.52431189,22.064127592,5,-75,-110,-110,-82,-110,-75,-110,-84,-110,-110,-110,-110,-110,-110,-80,-110,-80,-110,-110,-110,-110,-110,-110,-110,-82,-110,-110,-82,-110,-86,-110,-110,-110,-110,-110,-110,-110,-110,-110,-110,-110,-110,-110,-110,-110,-110,-110,-110,-79,-90,-78,-110,-110,-73,-110,-110,-110,-110,-110,-88,-110,-110,-87,-87,-110,-110,-110,-89,-87,-110,-88,-110,-110,-110,-85,-110,-110,-110,-110,-110,-110,-110,-110,-110,-110,-110,-110,-110,-110,-110,-110,-110,-110,-110,-110,-110,-110,-110,-110,-110,-110,-110,-110,-110,-110,-110,-89,-110,-110,-110,-110,-110,-110,-110,-110,-110,-110,-110,-110,-110,-110,-110,-110,-110,-110,-110,-110,-110,-110,-110,-110,-110,-110,-110,-110,-110,-110,-110,-110,-110,-110,-110,-110,-110,-110,-110,-110,-110,-110,-110,-110,-110,-110,-110,-110,-110,-110,-110,-110,-110,-110,-110,-110,-110,-110,-110,-110,-110,-110,-110,-110,-110,-110,-110,-110,-110,-110,-110,-110,-110,-110,-110,-110,-110,-110,-110,-110,-110,-110,-110,-110,-110,-110,-110,-110,-110,-110,-110,-110,-110,-110,-110,-110,-110,-110,-110,-110,-110,-110,-110,-110,-110,-110,-110,-110,-110,-110,-110,-110,-110,-110,-110,-110,-110,-110,-110,-110,-110,-110,-110,-110,-110,-110,-110,-110,-110,-110,-110,-110,-110,-110,-110,-110,-110,-110,-110,-110,-110,-110,-110,-110,-110,-110,-110,-110,-110,-110,-110,-110,-110,-110,-110,-110,-110,-110,-110,-110,-110,-110,-110,-110,-110,-110,-110,-110,-110,-110,-110,-110,-110,-110,-110,-110,-110,-110,-110,-110,-110,-110,-110,-110,-110,-110,-110,-110,-110,-110,-110,-110,-110,-110,-110,-110,-110,-110,-110,-110,-110,-110,-110,-110,-110,-110,-110,-110,-110,-110,-110,-110,-110,-110,-110,-110,-110,-110,-110,-110,-110,-110,-110,-110,-110,-110,-110,-110,-110,-110,-110,-110,-110,-110,-110,-110,-110,-110,-110,-110,-110,-110,-110,-110,-110,-110,-110,-110,-110,-110,-110,-110,-110,-110,-110,-110,-110,-110,-110,-110,-110,-110,-110,-110,-110,-110,-110,-110,-110,-110,-110,-110,-110,-110,-110,-110,-110,-110,-110,-110,-110,-110,-110,-110,-110,-110,-110,-110,-110,-110,-110,-110,-110,-110,-110,-110,-110,-110,-110,-110,-110,-110,-110,-110,-110,-110,-110,-110,-110,-110,-110,-110,-110,-110,-110,-110,-110,-110,-110,-110,-110,-110,-110,-110,-110,-110,-110,-110,-110,-110,-110,-110,-110,-110,-110,-110,-110,-110,-110,-110,-110,-110,-110,-110,-110,-110,-110,-110,-110,-110,-110,-110,-110,-110,-110,-110,-110,-110,-110,-110,-110,-110,-110,-110,-110,-110,-110,-110,-110,-110,-110,-110,-110,-110,-110,-110,-110,-110,-110,-110,-110,-110,-110,-110,-110,-110,-110,-110,-110,-110,-110,-110,-110,-110,-110,-110,-110,-110,-110,-110,-110,-110,-110,-110,-110,-110,-110,-110,-110,-110,-110,-110,-110,-110,-110,-110,-110,-110,-110,-110,-110,-110,-110,-110,-110,-110,-110,-110,-110,-110,-110,-110,-110,-110,-110,-110,-110,-110,-110,-110,-110,-110,-110,-110,-110,-110,-110,-110,-110,-110,-110,-110,-110,-110,-110,-110,-110,-110,-110,-110,-110,-110,-110,-110,-110,-110,-110,-110,-110,-110,-110,-110,-110,-110,-110,-110,-110,-110,-110,-110,-110,-110,-110,-110,-110,-110,-110,-110,-110,-110,-110,-110,-110,-110,-110,-110,-110,-110,-110,-110,-110,-110,-110,-110,-110,-110,-110,-110,-110,-110,-110,-110,-110
35,8.52431189,22.064127592,5,-74,-110,-110,-82,-110,-75,-110,-81,-110,-110,-110,-110,-110,-110,-77,-110,-80,-110,-110,-110,-110,-110,-110,-110,-84,-110,-110,-83,-110,-110,-110,-110,-110,-110,-110,-110,-110,-110,-110,-110,-110,-110,-110,-110,-110,-110,-110,-110,-76,-110,-77,-69,-93,-73,-110,-110,-110,-110,-110,-110,-110,-110,-86,-89,-110,-110,-110,-110,-89,-91,-88,-110,-110,-110,-85,-110,-110,-110,-110,-110,-110,-110,-110,-110,-110,-110,-83,-110,-110,-110,-110,-110,-110,-110,-110,-110,-110,-110,-110,-110,-110,-110,-110,-110,-110,-110,-110,-110,-110,-110,-110,-110,-110,-110,-110,-110,-110,-110,-110,-110,-110,-110,-110,-110,-110,-110,-110,-110,-110,-110,-110,-110,-110,-110,-110,-110,-110,-110,-110,-110,-110,-110,-110,-110,-110,-110,-110,-110,-110,-110,-110,-110,-110,-110,-110,-110,-110,-110,-110,-110,-110,-110,-110,-110,-110,-110,-110,-110,-110,-110,-110,-110,-110,-110,-110,-110,-110,-110,-110,-110,-110,-110,-110,-110,-110,-110,-110,-110,-110,-110,-110,-110,-110,-110,-110,-110,-110,-110,-110,-110,-110,-110,-110,-110,-110,-110,-110,-110,-110,-110,-110,-110,-110,-110,-110,-110,-110,-110,-110,-110,-110,-110,-110,-110,-110,-110,-110,-110,-110,-110,-110,-110,-110,-110,-110,-110,-110,-110,-110,-110,-110,-110,-110,-110,-110,-110,-110,-110,-110,-110,-110,-110,-110,-110,-110,-110,-110,-110,-110,-110,-110,-110,-110,-110,-110,-110,-110,-110,-110,-110,-110,-110,-110,-110,-110,-110,-110,-110,-110,-110,-110,-110,-110,-110,-110,-110,-110,-110,-110,-110,-110,-110,-110,-110,-110,-110,-110,-110,-110,-110,-110,-110,-110,-110,-110,-110,-110,-110,-110,-110,-110,-110,-110,-110,-110,-110,-110,-110,-110,-110,-110,-110,-110,-110,-110,-110,-110,-110,-110,-110,-110,-110,-110,-110,-110,-110,-110,-110,-110,-110,-110,-110,-110,-110,-110,-110,-110,-110,-110,-110,-110,-110,-110,-110,-110,-110,-110,-110,-110,-110,-110,-110,-110,-110,-110,-110,-110,-110,-110,-110,-110,-110,-110,-110,-110,-110,-110,-110,-110,-110,-110,-110,-110,-110,-110,-110,-110,-110,-110,-110,-110,-110,-110,-110,-110,-110,-110,-110,-110,-110,-110,-110,-110,-110,-110,-110,-110,-110,-110,-110,-110,-110,-110,-110,-110,-110,-110,-110,-110,-110,-110,-110,-110,-110,-110,-110,-110,-110,-110,-110,-110,-110,-110,-110,-110,-110,-110,-110,-110,-110,-110,-110,-110,-110,-110,-110,-110,-110,-110,-110,-110,-110,-110,-110,-110,-110,-110,-110,-110,-110,-110,-110,-110,-110,-110,-110,-110,-110,-110,-110,-110,-110,-110,-110,-110,-110,-110,-110,-110,-110,-110,-110,-110,-110,-110,-110,-110,-110,-110,-110,-110,-110,-110,-110,-110,-110,-110,-110,-110,-110,-110,-110,-110,-110,-110,-110,-110,-110,-110,-110,-110,-110,-110,-110,-110,-110,-110,-110,-110,-110,-110,-110,-110,-110,-110,-110,-110,-110,-110,-110,-110,-110,-110,-110,-110,-110,-110,-110,-110,-110,-110,-110,-110,-110,-110,-110,-110,-110,-110,-110,-110,-110,-110,-110,-110,-110,-110,-110,-110,-110,-110,-110,-110,-110,-110,-110,-110,-110,-110,-110,-110,-110,-110,-110,-110,-110,-110,-110,-110,-110,-110,-110,-110,-110,-110,-110,-110,-110,-110,-110,-110,-110,-110,-110,-110,-110,-110,-110,-110,-110,-110,-110,-110,-110,-110,-110,-110,-110,-110,-110,-110,-110,-110,-110,-110,-110,-110,-110,-110,-110
35,8.52431189,22.064127592,5,-73,-110,-110,-110,-110,-74,-110,-83,-110,-110,-110,-110,-110,-110,-78,-110,-77,-110,-110,-110,-110,-110,-110,-110,-110,-110,-110,-110,-110,-90,-110,-110,-110,-110,-110,-110,-110,-110,-110,-110,-110,-110,-110,-110,-110,-110,-110,-110,-86,-110,-87,-67,-92,-74,-110,-110,-110,-110,-110,-110,-110,-110,-86,-85,-110,-110,-110,-89,-84,-92,-85,-110,-110,-110,-85,-110,-110,-110,-110,-110,-110,-110,-110,-110,-110,-110,-110,-110,-110,-110,-110,-110,-110,-110,-110,-110,-110,-110,-110,-110,-110,-110,-110,-110,-110,-110,-110,-110,-110,-110,-110,-110,-110,-110,-110,-110,-110,-110,-110,-110,-110,-110,-110,-110,-110,-110,-110,-110,-110,-110,-110,-110,-110,-110,-110,-110,-110,-110,-110,-110,-110,-110,-110,-110,-110,-110,-110,-110,-110,-110,-110,-110,-110,-110,-110,-110,-110,-110,-110,-110,-110,-110,-110,-110,-110,-110,-110,-110,-110,-110,-110,-110,-110,-110,-110,-110,-110,-110,-110,-110,-110,-110,-110,-110,-110,-110,-110,-110,-110,-110,-110,-110,-110,-110,-110,-110,-110,-110,-110,-110,-110,-110,-110,-110,-110,-110,-110,-110,-110,-110,-110,-110,-110,-110,-110,-110,-110,-110,-110,-110,-110,-110,-110,-110,-110,-110,-110,-110,-110,-110,-110,-110,-110,-110,-110,-110,-110,-110,-110,-110,-110,-110,-110,-110,-110,-110,-110,-110,-110,-110,-110,-110,-110,-110,-110,-110,-110,-110,-110,-110,-110,-110,-110,-110,-110,-110,-110,-110,-110,-110,-110,-110,-110,-110,-110,-110,-110,-110,-110,-110,-110,-110,-110,-110,-110,-110,-110,-110,-110,-110,-110,-110,-110,-110,-110,-110,-110,-110,-110,-110,-110,-110,-110,-110,-110,-110,-110,-110,-110,-110,-110,-110,-110,-110,-110,-110,-110,-110,-110,-110,-110,-110,-110,-110,-110,-110,-110,-110,-110,-110,-110,-110,-110,-110,-110,-110,-110,-110,-110,-110,-110,-110,-110,-110,-110,-110,-110,-110,-110,-110,-110,-110,-110,-110,-110,-110,-110,-110,-110,-110,-110,-110,-110,-110,-110,-110,-110,-110,-110,-110,-110,-110,-110,-110,-110,-110,-110,-110,-110,-110,-110,-110,-110,-110,-110,-110,-110,-110,-110,-110,-110,-110,-110,-110,-110,-110,-110,-110,-110,-110,-110,-110,-110,-110,-110,-110,-110,-110,-110,-110,-110,-110,-110,-110,-110,-110,-110,-110,-110,-110,-110,-110,-110,-110,-110,-110,-110,-110,-110,-110,-110,-110,-110,-110,-110,-110,-110,-110,-110,-110,-110,-110,-110,-110,-110,-110,-110,-110,-110,-110,-110,-110,-110,-110,-110,-110,-110,-110,-110,-110,-110,-110,-110,-110,-110,-110,-110,-110,-110,-110,-110,-110,-110,-110,-110,-110,-110,-110,-110,-110,-110,-110,-110,-110,-110,-110,-110,-110,-110,-110,-110,-110,-110,-110,-110,-110,-110,-110,-110,-110,-110,-110,-110,-110,-110,-110,-110,-110,-110,-110,-110,-110,-110,-110,-110,-110,-110,-110,-110,-110,-110,-110,-110,-110,-110,-110,-110,-110,-110,-110,-110,-110,-110,-110,-110,-110,-110,-110,-110,-110,-110,-110,-110,-110,-110,-110,-110,-110,-110,-110,-110,-110,-110,-110,-110,-110,-110,-110,-110,-110,-110,-110,-110,-110,-110,-110,-110,-110,-110,-110,-110,-110,-110,-110,-110,-110,-110,-110,-110,-110,-110,-110,-110,-110,-110,-110,-110,-110,-110,-110,-110,-110,-110,-110,-110,-110,-110,-110,-110,-110,-110,-110,-110,-110,-110,-110,-110,-110,-110,-110,-110,-110,-110,-110,-110,-110,-110,-110,-110,-110
35,8.52431189,22.064127592,5,-75,-110,-110,-85,-110,-75,-110,-110,-110,-110,-110,-110,-110,-110,-74,-110,-77,-110,-110,-110,-110,-110,-110,-110,-82,-110,-110,-110,-110,-87,-110,-110,-110,-91,-110,-110,-110,-110,-110,-110,-110,-110,-110,-110,-110,-110,-110,-110,-80,-110,-80,-68,-95,-74,-110,-110,-110,-92,-110,-110,-110,-110,-87,-86,-110,-110,-110,-110,-87,-110,-87,-110,-110,-110,-86,-110,-110,-110,-110,-110,-110,-110,-110,-110,-110,-110,-110,-110,-110,-110,-110,-110,-110,-91,-110,-110,-110,-110,-110,-110,-110,-110,-110,-110,-110,-110,-90,-110,-110,-110,-110,-110,-110,-110,-110,-110,-110,-110,-110,-110,-110,-110,-110,-110,-110,-110,-110,-110,-110,-110,-110,-110,-110,-110,-110,-110,-110,-110,-110,-110,-110,-110,-110,-110,-110,-110,-110,-110,-110,-110,-110,-110,-110,-110,-110,-110,-110,-110,-110,-110,-110,-110,-110,-110,-110,-110,-110,-110,-110,-110,-110,-110,-110,-110,-110,-110,-110,-110,-110,-110,-110,-110,-110,-110,-110,-110,-110,-110,-110,-110,-110,-110,-110,-110,-110,-110,-110,-110,-110,-110,-110,-110,-110,-110,-110,-110,-110,-110,-110,-110,-110,-110,-110,-110,-110,-110,-110,-110,-110,-110,-110,-110,-110,-110,-110,-110,-110,-110,-110,-110,-110,-110,-110,-110,-110,-110,-110,-110,-110,-110,-110,-110,-110,-110,-110,-110,-110,-110,-110,-110,-110,-110,-110,-110,-110,-110,-110,-110,-110,-110,-110,-110,-110,-110,-110,-110,-110,-110,-110,-110,-110,-110,-110,-110,-110,-110,-110,-110,-110,-110,-110,-110,-110,-110,-110,-110,-110,-110,-110,-110,-110,-110,-110,-110,-110,-110,-110,-110,-110,-110,-110,-110,-110,-110,-110,-110,-110,-110,-110,-110,-110,-110,-110,-110,-110,-110,-110,-110,-110,-110,-110,-110,-110,-110,-110,-110,-110,-110,-110,-110,-110,-110,-110,-110,-110,-110,-110,-110,-110,-110,-110,-110,-110,-110,-110,-110,-110,-110,-110,-110,-110,-110,-110,-110,-110,-110,-110,-110,-110,-110,-110,-110,-110,-110,-110,-110,-110,-110,-110,-110,-110,-110,-110,-110,-110,-110,-110,-110,-110,-110,-110,-110,-110,-110,-110,-110,-110,-110,-110,-110,-110,-110,-110,-110,-110,-110,-110,-110,-110,-110,-110,-110,-110,-110,-110,-110,-110,-110,-110,-110,-110,-110,-110,-110,-110,-110,-110,-110,-110,-110,-110,-110,-110,-110,-110,-110,-110,-110,-110,-110,-110,-110,-110,-110,-110,-110,-110,-110,-110,-110,-110,-110,-110,-110,-110,-110,-110,-110,-110,-110,-110,-110,-110,-110,-110,-110,-110,-110,-110,-110,-110,-110,-110,-110,-110,-110,-110,-110,-110,-110,-110,-110,-110,-110,-110,-110,-110,-110,-110,-110,-110,-110,-110,-110,-110,-110,-110,-110,-110,-110,-110,-110,-110,-110,-110,-110,-110,-110,-110,-110,-110,-110,-110,-110,-110,-110,-110,-110,-110,-110,-110,-110,-110,-110,-110,-110,-110,-110,-110,-110,-110,-110,-110,-110,-110,-110,-110,-110,-110,-110,-110,-110,-110,-110,-110,-110,-110,-110,-110,-110,-110,-110,-110,-110,-110,-110,-110,-110,-110,-110,-110,-110,-110,-110,-110,-110,-110,-110,-110,-110,-110,-110,-110,-110,-110,-110,-110,-110,-110,-110,-110,-110,-110,-110,-110,-110,-110,-110,-110,-110,-110,-110,-110,-110,-110,-110,-110,-110,-110,-110,-110,-110,-110,-110,-110,-110,-110,-110,-110,-110,-110,-110,-110,-110,-110,-110,-110,-110,-110,-110,-110,-110,-110,-110,-110,-110,-110,-110,-110,-110
35,8.52431189,22.064127592,5,-74,-110,-110,-82,-110,-75,-110,-81,-110,-110,-110,-110,-110,-110,-79,-110,-78,-110,-110,-110,-110,-110,-110,-110,-81,-110,-110,-82,-110,-110,-110,-110,-90,-110,-110,-110,-110,-110,-110,-110,-110,-110,-110,-110,-110,-110,-110,-110,-76,-90,-74,-70,-110,-68,-110,-110,-110,-110,-110,-110,-110,-110,-88,-87,-110,-110,-110,-110,-89,-91,-89,-110,-110,-110,-86,-110,-110,-110,-110,-110,-110,-110,-110,-110,-110,-110,-110,-110,-110,-110,-110,-110,-110,-110,-110,-110,-110,-110,-110,-110,-110,-110,-110,-110,-110,-110,-110,-110,-110,-110,-110,-110,-110,-110,-110,-110,-110,-110,-110,-110,-110,-110,-110,-110,-110,-110,-110,-110,-110,-110,-110,-110,-110,-110,-110,-110,-110,-110,-110,-110,-110,-110,-110,-110,-110,-110,-110,-110,-110,-110,-110,-110,-110,-110,-110,-110,-110,-110,-110,-110,-110,-110,-110,-110,-110,-110,-110,-110,-110,-110,-110,-110,-110,-110,-110,-110,-110,-110,-110,-110,-110,-110,-110,-110,-110,-110,-110,-110,-110,-110,-110,-110,-110,-110,-110,-110,-110,-110,-110,-110,-110,-110,-110,-110,-110,-110,-110,-110,-110,-110,-110,-110,-110,-110,-110,-110,-110,-110,-110,-110,-110,-110,-110,-110,-110,-110,-110,-110,-110,-110,-110,-110,-110,-110,-110,-110,-110,-110,-110,-110,-110,-110,-110,-110,-110,-110,-110,-110,-110,-110,-110,-110,-110,-110,-110,-110,-110,-110,-110,-110,-110,-110,-110,-110,-110,-110,-110,-110,-110,-110,-110,-110,-110,-110,-110,-110,-110,-110,-110,-110,-110,-110,-110,-110,-110,-110,-110,-110,-110,-110,-110,-110,-110,-110,-110,-110,-110,-110,-110,-110,-110,-110,-110,-110,-110,-110,-110,-110,-110,-110,-110,-110,-110,-110,-110,-110,-110,-110,-110,-110,-110,-110,-110,-110,-110,-110,-110,-110,-110,-110,-110,-110,-110,-110,-110,-110,-110,-110,-110,-110,-110,-110,-110,-110,-110,-110,-110,-110,-110,-110,-110,-110,-110,-110,-110,-110,-110,-110,-110,-110,-110,-110,-110,-110,-110,-110,-110,-110,-110,-110,-110,-110,-110,-110,-110,-110,-110,-110,-110,-110,-110,-110,-110,-110,-110,-110,-110,-110,-110,-110,-110,-110,-110,-110,-110,-110,-110,-110,-110,-110,-110,-110,-110,-110,-110,-110,-110,-110,-110,-110,-110,-110,-110,-110,-110,-110,-110,-110,-110,-110,-110,-110,-110,-110,-110,-110,-110,-110,-110,-110,-110,-110,-110,-110,-110,-110,-110,-110,-110,-110,-110,-110,-110,-110,-110,-110,-110,-110,-110,-110,-110,-110,-110,-110,-110,-110,-110,-110,-110,-110,-110,-110,-110,-110,-110,-110,-110,-110,-110,-110,-110,-110,-110,-110,-110,-110,-110,-110,-110,-110,-110,-110,-110,-110,-110,-110,-110,-110,-110,-110,-110,-110,-110,-110,-110,-110,-110,-110,-110,-110,-110,-110,-110,-110,-110,-110,-110,-110,-110,-110,-110,-110,-110,-110,-110,-110,-110,-110,-110,-110,-110,-110,-110,-110,-110,-110,-110,-110,-110,-110,-110,-110,-110,-110,-110,-110,-110,-110,-110,-110,-110,-110,-110,-110,-110,-110,-110,-110,-110,-110,-110,-110,-110,-110,-110,-110,-110,-110,-110,-110,-110,-110,-110,-110,-110,-110,-110,-110,-110,-110,-110,-110,-110,-110,-110,-110,-110,-110,-110,-110,-110,-110,-110,-110,-110,-110,-110,-110,-110,-110,-110,-110,-110,-110,-110,-110,-110,-110,-110,-110,-110,-110,-110,-110,-110,-110,-110,-110,-110,-110,-110,-110,-110,-110,-110,-110,-110,-110,-110,-110
35,8.52431189,22.064127592,5,-74,-110,-110,-87,-110,-75,-110,-81,-110,-110,-110,-110,-110,-110,-82,-110,-81,-110,-110,-110,-110,-110,-110,-110,-84,-110,-110,-85,-110,-88,-110,-110,-90,-93,-110,-110,-110,-110,-110,-110,-110,-110,-110,-110,-110,-110,-88,-110,-76,-90,-78,-68,-91,-73,-110,-110,-110,-110,-110,-110,-110,-110,-85,-86,-110,-110,-110,-110,-94,-110,-88,-110,-110,-110,-84,-110,-110,-110,-110,-110,-110,-110,-110,-110,-110,-110,-110,-110,-110,-110,-110,-110,-110,-110,-110,-110,-110,-110,-110,-110,-110,-110,-110,-110,-110,-110,-87,-110,-110,-110,-110,-110,-110,-110,-110,-110,-110,-110,-110,-110,-110,-110,-110,-110,-110,-110,-110,-110,-110,-110,-110,-110,-110,-110,-110,-110,-110,-110,-110,-110,-110,-110,-110,-110,-110,-110,-110,-110,-110,-110,-110,-110,-110,-110,-110,-110,-110,-110,-110,-110,-110,-110,-110,-110,-110,-110,-110,-110,-110,-110,-110,-110,-110,-110,-110,-110,-110,-110,-110,-110,-110,-110,-110,-110,-110,-110,-110,-110,-110,-110,-110,-110,-110,-110,-110,-110,-110,-110,-110,-110,-110,-110,-110,-110,-110,-110,-110,-110,-110,-110,-110,-110,-110,-110,-110,-110,-110,-110,-110,-110,-110,-110,-110,-110,-110,-110,-110,-110,-110,-110,-110,-110,-110,-110,-110,-110,-110,-110,-110,-110,-110,-110,-110,-110,-110,-110,-110,-110,-110,-110,-110,-110,-110,-110,-110,-110,-110,-110,-110,-110,-110,-110,-110,-110,-110,-110,-110,-110,-110,-110,-110,-110,-110,-110,-110,-110,-110,-110,-110,-110,-110,-110,-110,-110,-110,-110,-110,-110,-110,-110,-110,-110,-110,-110,-110,-110,-110,-110,-110,-110,-110,-110,-110,-110,-110,-110,-110,-110,-110,-110,-110,-110,-110,-110,-110,-110,-110,-110,-110,-110,-110,-110,-110,-110,-110,-110,-110,-110,-110,-110,-110,-110,-110,-110,-110,-110,-110,-110,-110,-110,-110,-110,-110,-110,-110,-110,-110,-110,-110,-110,-110,-110,-110,-110,-110,-110,-110,-110,-110,-110,-110,-110,-110,-110,-110,-110,-110,-110,-110,-110,-110,-110,-110,-110,-110,-110,-110,-110,-110,-110,-110,-110,-110,-110,-110,-110,-110,-110,-110,-110,-110,-110,-110,-110,-110,-110,-110,-110,-110,-110,-110,-110,-110,-110,-110,-110,-110,-110,-110,-110,-110,-110,-110,-110,-110,-110,-110,-110,-110,-110,-110,-110,-110,-110,-110,-110,-110,-110,-110,-110,-110,-110,-110,-110,-110,-110,-110,-110,-110,-110,-110,-110,-110,-110,-110,-110,-110,-110,-110,-110,-110,-110,-110,-110,-110,-110,-110,-110,-110,-110,-110,-110,-110,-110,-110,-110,-110,-110,-110,-110,-110,-110,-110,-110,-110,-110,-110,-110,-110,-110,-110,-110,-110,-110,-110,-110,-110,-110,-110,-110,-110,-110,-110,-110,-110,-110,-110,-110,-110,-110,-110,-110,-110,-110,-110,-110,-110,-110,-110,-110,-110,-110,-110,-110,-110,-110,-110,-110,-110,-110,-110,-110,-110,-110,-110,-110,-110,-110,-110,-110,-110,-110,-110,-110,-110,-110,-110,-110,-110,-110,-110,-110,-110,-110,-110,-110,-110,-110,-110,-110,-110,-110,-110,-110,-110,-110,-110,-110,-110,-110,-110,-110,-110,-110,-110,-110,-110,-110,-110,-110,-110,-110,-110,-110,-110,-110,-110,-110,-110,-110,-110,-110,-110,-110,-110,-110,-110,-110,-110,-110,-110,-110,-110,-110,-110,-110,-110,-110,-110,-110,-110,-110,-110,-110,-110,-110,-110,-110,-110,-110,-110,-110,-110,-110,-110,-110,-110,-110,-110,-110
36,12.91385188,22.064127592,5,-61,-110,-110,-70,-110,-61,-110,-69,-110,-110,-110,-110,-110,-110,-110,-110,-110,-110,-110,-110,-110,-110,-110,-110,-77,-110,-74,-77,-110,-77,-110,-110,-82,-82,-110,-110,-110,-110,-110,-110,-88,-110,-110,-110,-110,-110,-86,-110,-85,-83,-85,-77,-83,-78,-110,-110,-110,-82,-84,-110,-110,-85,-72,-74,-110,-110,-110,-110,-94,-110,-88,-85,-93,-110,-82,-110,-110,-89,-110,-110,-110,-110,-110,-110,-110,-86,-83,-110,-110,-110,-110,-110,-110,-110,-110,-110,-110,-110,-110,-110,-110,-110,-110,-110,-110,-110,-85,-110,-110,-110,-110,-110,-110,-110,-110,-110,-110,-110,-110,-110,-110,-110,-110,-110,-110,-110,-110,-110,-110,-110,-110,-110,-110,-110,-110,-110,-110,-110,-110,-110,-110,-110,-110,-110,-110,-110,-110,-110,-110,-110,-110,-110,-110,-110,-110,-110,-110,-110,-110,-110,-110,-110,-110,-110,-110,-110,-110,-110,-110,-110,-110,-110,-110,-110,-110,-110,-110,-110,-110,-110,-110,-110,-110,-110,-110,-110,-110,-110,-110,-110,-110,-110,-110,-110,-110,-110,-110,-110,-110,-110,-110,-110,-110,-110,-110,-110,-110,-110,-110,-110,-110,-110,-110,-110,-110,-110,-110,-110,-110,-110,-110,-110,-110,-110,-110,-110,-110,-110,-110,-110,-110,-110,-110,-110,-110,-110,-110,-110,-110,-110,-110,-110,-110,-110,-110,-110,-110,-110,-110,-110,-110,-110,-110,-110,-110,-110,-110,-110,-110,-110,-110,-110,-110,-110,-110,-110,-110,-110,-110,-110,-110,-110,-110,-110,-110,-110,-110,-110,-110,-110,-110,-110,-110,-110,-110,-110,-110,-110,-110,-110,-110,-110,-110,-110,-110,-110,-110,-110,-110,-110,-110,-110,-110,-110,-110,-110,-110,-110,-110,-110,-110,-110,-110,-110,-110,-110,-110,-110,-110,-110,-110,-110,-110,-110,-110,-110,-110,-110,-110,-110,-110,-110,-110,-110,-110,-110,-110,-110,-110,-110,-110,-110,-110,-110,-110,-110,-110,-110,-110,-110,-110,-110,-110,-110,-110,-110,-110,-110,-110,-110,-110,-110,-110,-110,-110,-110,-110,-110,-110,-110,-110,-110,-110,-110,-110,-110,-110,-110,-110,-110,-110,-110,-110,-110,-110,-110,-110,-110,-110,-110,-110,-110,-110,-110,-110,-110,-110,-110,-110,-110,-110,-110,-110,-110,-110,-110,-110,-110,-110,-110,-110,-110,-110,-110,-110,-110,-110,-110,-110,-110,-110,-110,-110,-110,-110,-110,-110,-110,-110,-110,-110,-110,-110,-110,-110,-110,-110,-110,-110,-110,-110,-110,-110,-110,-110,-110,-110,-110,-110,-110,-110,-110,-110,-110,-110,-110,-110,-110,-110,-110,-110,-110,-110,-110,-110,-110,-110,-110,-110,-110,-110,-110,-110,-110,-110,-110,-110,-110,-110,-110,-110,-110,-110,-110,-110,-110,-110,-110,-110,-110,-110,-110,-110,-110,-110,-110,-110,-110,-110,-110,-110,-110,-110,-110,-110,-110,-110,-110,-110,-110,-110,-110,-110,-110,-110,-110,-110,-110,-110,-110,-110,-110,-110,-110,-110,-110,-110,-110,-110,-110,-110,-110,-110,-110,-110,-110,-110,-110,-110,-110,-110,-110,-110,-110,-110,-110,-110,-110,-110,-110,-110,-110,-110,-110,-110,-110,-110,-110,-110,-110,-110,-110,-110,-110,-110,-110,-110,-110,-110,-110,-110,-110,-110,-110,-110,-110,-110,-110,-110,-110,-110,-110,-110,-110,-110,-110,-110,-110,-110,-110,-110,-110,-110,-110,-110,-110,-110,-110,-110,-110,-110,-110,-110,-110,-110,-110,-110,-110,-110,-110,-110,-110,-110,-110,-110,-110,-110,-110,-110,-110
36,12.91385188,22.064127592,5,-60,-92,-110,-69,-110,-60,-110,-71,-91,-110,-110,-110,-110,-110,-89,-110,-110,-110,-110,-110,-110,-110,-110,-110,-79,-110,-77,-77,-110,-78,-110,-110,-78,-82,-110,-110,-110,-110,-110,-110,-93,-89,-110,-110,-110,-110,-87,-110,-87,-85,-88,-110,-83,-78,-110,-110,-87,-84,-85,-110,-89,-86,-75,-73,-110,-110,-110,-88,-110,-110,-110,-83,-110,-110,-83,-110,-110,-110,-110,-110,-110,-110,-110,-110,-110,-83,-110,-110,-110,-110,-110,-110,-110,-110,-110,-110,-110,-89,-90,-110,-110,-110,-110,-110,-110,-110,-110,-110,-110,-110,-110,-110,-110,-110,-110,-110,-110,-110,-110,-110,-110,-110,-110,-110,-110,-110,-110,-110,-110,-110,-110,-110,-110,-110,-110,-110,-110,-110,-110,-110,-110,-110,-110,-110,-110,-110,-110,-110,-110,-110,-110,-110,-110,-110,-110,-110,-110,-110,-110,-110,-110,-110,-110,-110,-110,-110,-110,-110,-110,-110,-110,-110,-110,-110,-110,-110,-110,-110,-110,-110,-110,-110,-110,-110,-110,-110,-110,-110,-110,-110,-110,-110,-110,-110,-110,-110,-110,-110,-110,-110,-110,-110,-110,-110,-110,-110,-110,-110,-110,-110,-110,-110,-110,-110,-110,-110,-110,-110,-110,-110,-110,-110,-110,-110,-110,-110,-110,-110,-110,-110,-110,-110,-110,-110,-110,-110,-110,-110,-110,-110,-110,-110,-110,-110,-110,-110,-110,-110,-110,-110,-110,-110,-110,-110,-110,-110,-110,-110,-110,-110,-110,-110,-110,-110,-110,-110,-110,-110,-110,-110,-110,-110,-110,-110,-110,-110,-110,-110,-110,-110,-110,-110,-110,-110,-110,-110,-110,-110,-110,-110,-110,-110,-110,-110,-110,-110,-110,-110,-110,-110,-110,-110,-110,-110,-110,-110,-110,-110,-110,-110,-110,-110,-110,-110,-110,-110,-110,-110,-110,-110,-110,-110,-110,-110,-110,-110,-110,-110,-110,-110,-110,-110,-110,-110,-110,-110,-110,-110,-110,-110,-110,-110,-110,-110,-110,-110,-110,-110,-110,-110,-110,-110,-110,-110,-110,-110,-110,-110,-110,-110,-110,-110,-110,-110,-110,-110,-110,-110,-110,-110,-110,-110,-110,-110,-110,-110,-110,-110,-110,-110,-110,-110,-110,-110,-110,-110,-110,-110,-110,-110,-110,-110,-110,-110,-110,-110,-110,-110,-110,-110,-110,-110,-110,-110,-110,-110,-110,-110,-110,-110,-110,-110,-110,-110,-110,-110,-110,-110,-110,-110,-110,-110,-110,-110,-110,-110,-110,-110,-110,-110,-110,-110,-110,-110,-110,-110,-110,-110,-110,-110,-110,-110,-110,-110,-110,-110,-110,-110,-110,-110,-110,-110,-110,-110,-110,-110,-110,-110,-110,-110,-110,-110,-110,-110,-110,-110,-110,-110,-110,-110,-110,-110,-110,-110,-110,-110,-110,-110,-110,-110,-110,-110,-110,-110,-110,-110,-110,-110,-110,-110,-110,-110,-110,-110,-110,-110,-110,-110,-110,-110,-110,-110,-110,-110,-110,-110,-110,-110,-110,-110,-110,-110,-110,-110,-110,-110,-110,-110,-110,-110,-110,-110,-110,-110,-110,-110,-110,-110,-110,-110,-110,-110,-110,-110,-110,-110,-110,-110,-110,-110,-110,-110,-110,-110,-110,-110,-110,-110,-110,-110,-110,-110,-110,-110,-110,-110,-110,-110,-110,-110,-110,-110,-110,-110,-110,-110,-110,-110,-110,-110,-110,-110,-110,-110,-110,-110,-110,-110,-110,-110,-110,-110,-110,-110,-110,-110,-110,-110,-110,-110,-110,-110,-110,-110,-110,-110,-110,-110,-110,-110,-110,-110,-110,-110,-110,-110,-110,-110,-110,-110,-110,-110,-110,-110,-110,-110,-110,-110,-110,-110
36,12.91385188,22.064127592,5,-60,-110,-110,-69,-110,-60,-110,-71,-94,-110,-110,-110,-110,-110,-110,-110,-110,-110,-110,-110,-110,-110,-110,-110,-76,-110,-74,-77,-110,-75,-110,-110,-82,-83,-110,-110,-110,-110,-110,-110,-91,-92,-110,-110,-110,-110,-86,-87,-88,-84,-87,-78,-84,-80,-110,-110,-87,-84,-84,-110,-89,-86,-71,-74,-110,-110,-88,-110,-110,-110,-110,-110,-110,-110,-85,-110,-110,-110,-110,-110,-110,-110,-110,-110,-110,-84,-110,-110,-110,-110,-110,-110,-110,-110,-110,-110,-110,-90,-89,-110,-110,-110,-110,-110,-110,-110,-90,-110,-110,-110,-110,-110,-110,-110,-110,-110,-110,-110,-110,-110,-110,-110,-110,-110,-110,-110,-110,-110,-110,-110,-110,-110,-110,-110,-110,-110,-110,-110,-110,-110,-110,-110,-110,-110,-110,-110,-110,-110,-110,-110,-110,-110,-110,-110,-110,-110,-110,-110,-110,-110,-110,-110,-110,-110,-110,-110,-110,-110,-110,-110,-110,-110,-110,-110,-110,-110,-110,-110,-110,-110,-110,-110,-110,-110,-110,-110,-110,-110,-110,-110,-110,-110,-110,-110,-110,-110,-110,-110,-110,-110,-110,-110,-110,-110,-110,-110,-110,-110,-110,-110,-110,-110,-110,-110,-110,-110,-110,-110,-110,-110,-110,-110,-110,-110,-110,-110,-110,-110,-110,-110,-110,-110,-110,-110,-110,-110,-110,-110,-110,-110,-110,-110,-110,-110,-110,-110,-110,-110,-110,-110,-110,-110,-110,-110,-110,-110,-110,-110,-110,-110,-110,-110,-110,-110,-110,-110,-110,-110,-110,-110,-110,-110,-110,-110,-110,-110,-110,-110,-110,-110,-110,-110,-110,-110,-110,-110,-110,-110,-110,-110,-110,-110,-110,-110,-110,-110,-110,-110,-110,-110,-110,-110,-110,-110,-110,-110,-110,-110,-110,-110,-110,-110,-110,-110,-110,-110,-110,-110,-110,-110,-110,-110,-110,-110,-110,-110,-110,-110,-110,-110,-110,-110,-110,-110,-110,-110,-110,-110,-110,-110,-110,-110,-110,-110,-110,-110,-110,-110,-110,-110,-110,-110,-110,-110,-110,-110,-110,-110,-110,-110,-110,-110,-110,-110,-110,-110,-110,-110,-110,-110,-110,-110,-110,-110,-110,-110,-110,-110,-110,-110,-110,-110,-110,-110,-110,-110,-110,-110,-110,-110,-110,-110,-110,-110,-110,-110,-110,-110,-110,-110,-110,-110,-110,-110,-110,-110,-110,-110,-110,-110,-110,-110,-110,-110,-110,-110,-110,-110,-110,-110,-110,-110,-110,-110,-110,-110,-110,-110,-110,-110,-110,-110,-110,-110,-110,-110,-110,-110,-110,-110,-110,-110,-110,-110,-110,-110,-110,-110,-110,-110,-110,-110,-110,-110,-110,-110,-110,-110,-110,-110,-110,-110,-110,-110,-110,-110,-110,-110,-110,-110,-110,-110,-110,-110,-110,-110,-110,-110,-110,-110,-110,-110,-110,-110,-110,-110,-110,-110,-110,-110,-110,-110,-110,-110,-110,-110,-110,-110,-110,-110,-110,-110,-110,-110,-110,-110,-110,-110,-110,-110,-110,-110,-110,-110,-110,-110,-110,-110,-110,-110,-110,-110,-110,-110,-110,-110,-110,-110,-110,-110,-110,-110,-110,-110,-110,-110,-110,-110,-110,-110,-110,-110,-110,-110,-110,-110,-110,-110,-110,-110,-110,-110,-110,-110,-110,-110,-110,-110,-110,-110,-110,-110,-110,-110,-110,-110,-110,-110,-110,-110,-110,-110,-110,-110,-110,-110,-110,-110,-110,-110,-110,-110,-110,-110,-110,-110,-110,-110,-110,-110,-110,-110,-110,-110,-110,-110,-110,-110,-110,-110,-110,-110,-110,-110,-110,-110,-110,-110,-110,-110,-110,-110,-110,-110,-110,-110,-110,-110,-110,-110
36,12.91385188,22.064127592,5,-59,-110,-110,-70,-110,-62,-110,-68,-110,-110,-110,-110,-110,-110,-110,-110,-110,-110,-110,-110,-110,-110,-110,-110,-72,-110,-76,-73,-110,-74,-110,-110,-83,-84,-110,-110,-110,-110,-110,-110,-91,-91,-110,-110,-110,-110,-110,-110,-87,-86,-85,-81,-86,-87,-110,-110,-88,-84,-84,-110,-88,-87,-73,-73,-110,-110,-88,-86,-110,-87,-110,-110,-90,-110,-82,-110,-110,-110,-110,-110,-110,-110,-110,-110,-110,-91,-110,-110,-110,-110,-110,-110,-110,-110,-110,-110,-110,-91,-89,-110,-110,-110,-110,-110,-110,-110,-85,-110,-110,-110,-110,-110,-110,-110,-110,-110,-110,-110,-110,-110,-110,-110,-110,-110,-110,-110,-110,-110,-110,-110,-92,-110,-110,-110,-110,-110,-110,-110,-110,-110,-110,-110,-110,-110,-110,-110,-110,-110,-110,-110,-110,-110,-110,-110,-110,-110,-110,-110,-110,-110,-110,-110,-110,-110,-110,-110,-110,-110,-110,-110,-110,-110,-110,-110,-110,-110,-110,-110,-110,-110,-110,-110,-110,-110,-110,-110,-110,-110,-110,-110,-110,-110,-110,-110,-110,-110,-110,-110,-110,-110,-110,-110,-110,-110,-110,-110,-110,-110,-110,-110,-110,-110,-110,-110,-110,-110,-110,-110,-110,-110,-110,-110,-110,-110,-110,-110,-110,-110,-110,-110,-110,-110,-110,-110,-110,-110,-110,-110,-110,-110,-110,-110,-110,-110,-110,-110,-110,-110,-110,-110,-110,-110,-110,-110,-110,-110,-110,-110,-110,-110,-110,-110,-110,-110,-110,-110,-110,-110,-110,-110,-110,-110,-110,-110,-110,-110,-110,-110,-110,-110,-110,-110,-110,-110,-110,-110,-110,-110,-110,-110,-110,-110,-110,-110,-110,-110,-110,-110,-110,-110,-110,-110,-110,-110,-110,-110,-110,-110,-110,-110,-110,-110,-110,-110,-110,-110,-110,-110,-110,-110,-110,-110,-110,-110,-110,-110,-110,-110,-110,-110,-110,-110,-110,-110,-110,-110,-110,-110,-110,-110,-110,-110,-110,-110,-110,-110,-110,-110,-110,-110,-110,-110,-110,-110,-110,-110,-110,-110,-110,-110,-110,-110,-110,-110,-110,-110,-110,-110,-110,-110,-110,-110,-110,-110,-110,-110,-110,-110,-110,-110,-110,-110,-110,-110,-110,-110,-110,-110,-110,-110,-110,-110,-110,-110,-110,-110,-110,-110,-110,-110,-110,-110,-110,-110,-110,-110,-110,-110,-110,-110,-110,-110,-110,-110,-110,-110,-110,-110,-110,-110,-110,-110,-110,-110,-110,-110,-110,-110,-110,-110,-110,-110,-110,-110,-110,-110,-110,-110,-110,-110,-110,-110,-110,-110,-110,-110,-110,-110,-110,-110,-110,-110,-110,-110,-110,-110,-110,-110,-110,-110,-110,-110,-110,-110,-110,-110,-110,-110,-110,-110,-110,-110,-110,-110,-110,-110,-110,-110,-110,-110,-110,-110,-110,-110,-110,-110,-110,-110,-110,-110,-110,-110,-110,-110,-110,-110,-110,-110,-110,-110,-110,-110,-110,-110,-110,-110,-110,-110,-110,-110,-110,-110,-110,-110,-110,-110,-110,-110,-110,-110,-110,-110,-110,-110,-110,-110,-110,-110,-110,-110,-110,-110,-110,-110,-110,-110,-110,-110,-110,-110,-110,-110,-110,-110,-110,-110,-110,-110,-110,-110,-110,-110,-110,-110,-110,-110,-110,-110,-110,-110,-110,-110,-110,-110,-110,-110,-110,-110,-110,-110,-110,-110,-110,-110,-110,-110,-110,-110,-110,-110,-110,-110,-110,-110,-110,-110,-110,-110,-110,-110,-110,-110,-110,-110,-110,-110,-110,-110,-110,-110,-110,-110,-110,-110,-110,-110,-110,-110,-110,-110,-110,-110,-110,-110,-110,-110,-110,-110,-110,-110
36,12.91385188,22.064127592,5,-60,-110,-110,-70,-110,-60,-110,-68,-110,-110,-110,-110,-110,-110,-110,-110,-110,-110,-110,-110,-110,-110,-110,-110,-78,-110,-77,-77,-110,-76,-110,-110,-80,-83,-110,-110,-110,-110,-110,-110,-110,-88,-110,-110,-110,-110,-84,-90,-84,-84,-83,-82,-84,-81,-110,-110,-110,-84,-84,-110,-88,-86,-75,-77,-110,-110,-89,-86,-110,-88,-110,-110,-88,-110,-80,-110,-110,-110,-110,-110,-110,-110,-110,-110,-110,-89,-85,-110,-110,-110,-110,-110,-110,-110,-110,-110,-110,-90,-88,-110,-110,-110,-110,-110,-110,-110,-110,-110,-110,-110,-110,-110,-110,-110,-110,-110,-110,-110,-110,-110,-110,-110,-110,-110,-110,-110,-110,-110,-110,-110,-110,-110,-110,-110,-110,-110,-110,-110,-110,-110,-110,-110,-110,-110,-110,-110,-110,-110,-110,-110,-110,-110,-110,-110,-110,-110,-110,-110,-110,-110,-110,-110,-110,-110,-110,-110,-110,-110,-110,-110,-110,-110,-110,-110,-110,-110,-110,-110,-110,-110,-110,-110,-110,-110,-110,-110,-110,-110,-110,-110,-110,-110,-110,-110,-110,-110,-110,-110,-110,-110,-110,-110,-110,-110,-110,-110,-110,-110,-110,-110,-110,-110,-110,-110,-110,-110,-110,-110,-110,-110,-110,-110,-110,-110,-110,-110,-110,-110,-110,-110,-110,-110,-110,-110,-110,-110,-110,-110,-110,-110,-110,-110,-110,-110,-110,-110,-110,-110,-110,-110,-110,-110,-110,-110,-110,-110,-110,-110,-110,-110,-110,-110,-110,-110,-110,-110,-110,-110,-110,-110,-110,-110,-110,-110,-110,-110,-110,-110,-110,-110,-110,-110,-110,-110,-110,-110,-110,-110,-110,-110,-110,-110,-110,-110,-110,-110,-110,-110,-110,-110,-110,-110,-110,-110,-110,-110,-110,-110,-110,-110,-110,-110,-110,-110,-110,-110,-110,-110,-110,-110,-110,-110,-110,-110,-110,-110,-110,-110,-110,-110,-110,-110,-110,-110,-110,-110,-110,-110,-110,-110,-110,-110,-110,-110,-110,-110,-110,-110,-110,-110,-110,-110,-110,-110,-110,-110,-110,-110,-110,-110,-110,-110,-110,-110,-110,-110,-110,-110,-110,-110,-110,-110,-110,-110,-110,-110,-110,-110,-110,-110,-110,-110,-110,-110,-110,-110,-110,-110,-110,-110,-110,-110,-110,-110,-110,-110,-110,-110,-110,-110,-110,-110,-110,-110,-110,-110,-110,-110,-110,-110,-110,-110,-110,-110,-110,-110,-110,-110,-110,-110,-110,-110,-110,-110,-110,-110,-110,-110,-110,-110,-110,-110,-110,-110,-110,-110,-110,-110,-110,-110,-110,-110,-110,-110,-110,-110,-110,-110,-110,-110,-110,-110,-110,-110,-110,-110,-110,-110,-110,-110,-110,-110,-110,-110,-110,-110,-110,-110,-110,-110,-110,-110,-110,-110,-110,-110,-110,-110,-110,-110,-110,-110,-110,-110,-110,-110,-110,-110,-110,-110,-110,-110,-110,-110,-110,-110,-110,-110,-110,-110,-110,-110,-110,-110,-110,-110,-110,-110,-110,-110,-110,-110,-110,-110,-110,-110,-110,-110,-110,-110,-110,-110,-110,-110,-110,-110,-110,-110,-110,-110,-110,-110,-110,-110,-110,-110,-110,-110,-110,-110,-110,-110,-110,-110,-110,-110,-110,-110,-110,-110,-110,-110,-110,-110,-110,-110,-110,-110,-110,-110,-110,-110,-110,-110,-110,-110,-110,-110,-110,-110,-110,-110,-110,-110,-110,-110,-110,-110,-110,-110,-110,-110,-110,-110,-110,-110,-110,-110,-110,-110,-110,-110,-110,-110,-110,-110,-110,-110,-110,-110,-110,-110,-110,-110,-110,-110,-110,-110,-110,-110,-110,-110,-110,-110,-110,-110,-110,-110,-110,-110
36,12.91385188,22.064127592,5,-62,-110,-110,-70,-110,-62,-110,-69,-110,-110,-110,-110,-110,-110,-86,-110,-110,-110,-110,-110,-110,-110,-110,-110,-76,-110,-75,-75,-110,-74,-110,-110,-81,-81,-110,-110,-110,-110,-110,-110,-90,-89,-110,-110,-110,-110,-110,-110,-82,-84,-83,-110,-82,-77,-110,-110,-110,-81,-83,-110,-88,-86,-72,-72,-110,-110,-110,-110,-92,-89,-92,-85,-110,-110,-82,-110,-110,-88,-110,-110,-110,-110,-110,-110,-110,-110,-110,-110,-110,-110,-110,-110,-110,-110,-110,-110,-110,-86,-86,-110,-110,-110,-110,-110,-110,-110,-110,-110,-110,-110,-110,-110,-110,-110,-110,-110,-110,-110,-110,-110,-110,-110,-110,-110,-110,-110,-110,-110,-110,-110,-110,-110,-110,-110,-110,-110,-110,-110,-110,-110,-110,-110,-110,-110,-110,-110,-110,-110,-110,-110,-110,-110,-110,-110,-110,-110,-110,-110,-110,-110,-110,-110,-110,-110,-110,-110,-110,-110,-110,-110,-110,-110,-110,-110,-110,-110,-110,-110,-110,-110,-110,-110,-110,-110,-110,-110,-110,-110,-110,-110,-110,-110,-110,-110,-110,-110,-110,-110,-110,-110,-110,-110,-110,-110,-110,-110,-110,-110,-110,-110,-110,-110,-110,-110,-110,-110,-110,-110,-110,-110,-110,-110,-110,-110,-110,-110,-110,-110,-110,-110,-110,-110,-110,-110,-110,-110,-110,-110,-110,-110,-110,-110,-110,-110,-110,-110,-110,-110,-110,-110,-110,-110,-110,-110,-110,-110,-110,-110,-110,-110,-110,-110,-110,-110,-110,-110,-110,-110,-110,-110,-110,-110,-110,-110,-110,-110,-110,-110,-110,-110,-110,-110,-110,-110,-110,-110,-110,-110,-110,-110,-110,-110,-110,-110,-110,-110,-110,-110,-110,-110,-110,-110,-110,-110,-110,-110,-110,-110,-110,-110,-110,-110,-110,-110,-110,-110,-110,-110,-110,-110,-110,-110,-110,-110,-110,-110,-110,-110,-110,-110,-110,-110,-110,-110,-110,-110,-110,-110,-110,-110,-110,-110,-110,-110,-110,-110,-110,-110,-110,-110,-110,-110,-110,-110,-110,-110,-110,-110,-110,-110,-110,-110,-110,-110,-110,-110,-110,-110,-110,-110,-110,-110,-110,-110,-110,-110,-110,-110,-110,-110,-110,-110,-110,-110,-110,-110,-110,-110,-110,-110,-110,-110,-110,-110,-110,-110,-110,-110,-110,-110,-110,-110,-110,-110,-110,-110,-110,-110,-110,-110,-110,-110,-110,-110,-110,-110,-110,-110,-110,-110,-110,-110,-110,-110,-110,-110,-110,-110,-110,-110,-110,-110,-110,-110,-110,-110,-110,-110,-110,-110,-110,-110,-110,-110,-110,-110,-110,-110,-110,-110,-110,-110,-110,-110,-110,-110,-110,-110,-110,-110,-110,-110,-110,-110,-110,-110,-110,-110,-110,-110,-110,-110,-110,-110,-110,-110,-110,-110,-110,-110,-110,-110,-110,-110,-110,-110,-110,-110,-110,-110,-110,-110,-110,-110,-110,-110,-110,-110,-110,-110,-110,-110,-110,-110,-110,-110,-110,-110,-110,-110,-110,-110,-110,-110,-110,-110,-110,-110,-110,-110,-110,-110,-110,-110,-110,-110,-110,-110,-110,-110,-110,-110,-110,-110,-110,-110,-110,-110,-110,-110,-110,-110,-110,-110,-110,-110,-110,-110,-110,-110,-110,-110,-110,-110,-110,-110,-110,-110,-110,-110,-110,-110,-110,-110,-110,-110,-110,-110,-110,-110,-110,-110,-110,-110,-110,-110,-110,-110,-110,-110,-110,-110,-110,-110,-110,-110,-110,-110,-110,-110,-110,-110,-110,-110,-110,-110,-110,-110,-110,-110,-110,-110,-110,-110,-110,-110,-110,-110,-110,-110,-110,-110,-110,-110,-110,-110,-110,-110,-110,-110
37,4.1347719,23.8522317,5,-88,-93,-110,-85,-110,-86,-110,-85,-92,-110,-110,-110,-110,-110,-73,-110,-73,-110,-110,-110,-110,-110,-110,-110,-85,-110,-84,-86,-110,-84,-110,-110,-110,-110,-110,-110,-110,-110,-110,-110,-110,-110,-110,-110,-110,-110,-110,-87,-82,-110,-80,-83,-110,-78,-110,-110,-110,-110,-110,-110,-110,-110,-90,-92,-110,-110,-110,-110,-81,-110,-77,-110,-110,-110,-110,-110,-110,-110,-110,-110,-110,-110,-110,-110,-110,-110,-110,-110,-110,-110,-110,-110,-110,-110,-110,-110,-110,-110,-110,-110,-110,-110,-110,-110,-110,-110,-110,-110,-110,-110,-110,-110,-110,-110,-110,-110,-110,-110,-110,-110,-110,-110,-110,-110,-110,-110,-110,-110,-110,-110,-110,-110,-110,-110,-110,-110,-110,-110,-110,-110,-110,-110,-110,-110,-110,-110,-110,-110,-110,-110,-110,-110,-110,-110,-110,-110,-110,-110,-110,-110,-110,-110,-110,-110,-110,-110,-110,-110,-110,-110,-110,-110,-110,-110,-110,-110,-110,-110,-110,-110,-110,-110,-110,-110,-110,-110,-110,-110,-110,-110,-110,-110,-110,-110,-110,-110,-110,-110,-110,-110,-110,-110,-110,-110,-110,-110,-110,-110,-110,-110,-110,-110,-110,-110,-110,-110,-110,-110,-110,-110,-110,-110,-110,-110,-110,-110,-110,-110,-110,-110,-110,-110,-110,-110,-110,-110,-110,-110,-110,-110,-110,-110,-110,-110,-110,-110,-110,-110,-110,-110,-110,-110,-110,-110,-110,-110,-110,-110,-110,-110,-110,-110,-110,-110,-110,-110,-110,-110,-110,-110,-110,-110,-110,-110,-110,-110,-110,-110,-110,-110,-110,-110,-110,-110,-110,-110,-110,-110,-110,-110,-110,-110,-110,-110,-110,-110,-110,-110,-110,-110,-110,-110,-110,-110,-110,-110,-110,-110,-110,-110,-110,-110,-110,-110,-110,-110,-110,-110,-110,-110,-110,-110,-110,-110,-110,-110,-110,-110,-110,-110,-110,-110,-110,-110,-110,-110,-110,-110,-110,-110,-110,-110,-110,-110,-110,-110,-110,-110,-110,-110,-110,-110,-110,-110,-110,-110,-110,-110,-110,-110,-110,-110,-110,-110,-110,-110,-110,-110,-110,-110,-110,-110,-110,-110,-110,-110,-110,-110,-110,-110,-110,-110,-110,-110,-110,-110,-110,-110,-110,-110,-110,-110,-110,-110,-110,-110,-110,-110,-110,-110,-110,-110,-110,-110,-110,-110,-110,-110,-110,-110,-110,-110,-110,-110,-110,-110,-110,-110,-110,-110,-110,-110,-110,-110,-110,-110,-110,-110,-110,-110,-110,-110,-110,-110,-110,-110,-110,-110,-110,-110,-110,-110,-110,-110,-110,-110,-110,-110,-110,-110,-110,-110,-110,-110,-110,-110,-110,-110,-110,-110,-110,-110,-110,-110,-110,-110,-110,-110,-110,-110,-110,-110,-110,-110,-110,-110,-110,-110,-110,-110,-110,-110,-110,-110,-110,-110,-110,-110,-110,-110,-110,-110,-110,-110,-110,-110,-110,-110,-110,-110,-110,-110,-110,-110,-110,-110,-110,-110,-110,-110,-110,-110,-110,-110,-110,-110,-110,-110,-110,-110,-110,-110,-110,-110,-110,-110,-110,-110,-110,-110,-110,-110,-110,-110,-110,-110,-110,-110,-110,-110,-110,-110,-110,-110,-110,-110,-110,-110,-110,-110,-110,-110,-110,-110,-110,-110,-110,-110,-110,-110,-110,-110,-110,-110,-110,-110,-110,-110,-110,-110,-110,-110,-110,-110,-110,-110,-110,-110,-110,-110,-110,-110,-110,-110,-110,-110,-110,-110,-110,-110,-110,-110,-110,-110,-110,-110,-110,-110,-110,-110,-110,-110,-110,-110,-110,-110,-110,-110,-110,-110,-110,-110,-110,-110,-110,-110,-110,-110,-110,-110
37,4.1347719,23.8522317,5,-86,-94,-91,-86,-110,-82,-110,-84,-92,-110,-110,-110,-110,-110,-72,-110,-74,-110,-110,-110,-110,-110,-110,-110,-85,-110,-110,-86,-110,-83,-110,-110,-110,-110,-110,-110,-110,-110,-110,-110,-110,-110,-110,-110,-110,-110,-86,-87,-75,-110,-73,-77,-110,-78,-110,-110,-110,-110,-110,-110,-110,-93,-110,-110,-110,-110,-110,-110,-79,-110,-78,-110,-110,-110,-110,-110,-110,-110,-110,-110,-110,-110,-110,-110,-110,-110,-110,-110,-110,-110,-110,-110,-110,-110,-110,-110,-110,-110,-110,-110,-110,-110,-110,-110,-110,-110,-110,-110,-110,-110,-110,-110,-110,-110,-110,-110,-110,-110,-110,-110,-110,-110,-110,-110,-110,-110,-110,-110,-110,-110,-110,-110,-110,-110,-110,-110,-110,-110,-110,-110,-110,-110,-110,-110,-110,-110,-110,-110,-110,-110,-110,-110,-110,-110,-110,-110,-110,-110,-110,-110,-110,-110,-110,-110,-110,-110,-110,-110,-110,-110,-110,-110,-110,-110,-110,-110,-110,-110,-110,-110,-110,-110,-110,-110,-110,-110,-110,-110,-110,-110,-110,-110,-110,-110,-110,-110,-110,-110,-110,-110,-110,-110,-110,-110,-110,-110,-110,-110,-110,-110,-110,-110,-110,-110,-110,-110,-110,-110,-110,-110,-110,-110,-110,-110,-110,-110,-110,-110,-110,-110,-110,-110,-110,-110,-110,-110,-110,-110,-110,-110,-110,-110,-110,-110,-110,-110,-110,-110,-110,-110,-110,-110,-110,-110,-110,-110,-110,-110,-110,-110,-110,-110,-110,-110,-110,-110,-110,-110,-110,-110,-110,-110,-110,-110,-110,-110,-110,-110,-110,-110,-110,-110,-110,-110,-110,-110,-110,-110,-110,-110,-110,-110,-110,-110,-110,-110,-110,-110,-110,-110,-110,-110,-110,-110,-110,-110,-110,-110,-110,-110,-110,-110,-110,-110,-110,-110,-110,-110,-110,-110,-110,-110,-110,-110,-110,-110,-110,-110,-110,-110,-110,-110,-110,-110,-110,-110,-110,-110,-110,-110,-110,-110,-110,-110,-110,-110,-110,-110,-110,-110,-110,-110,-110,-110,-110,-110,-110,-110,-110,-110,-110,-110,-110,-110,-110,-110,-110,-110,-110,-110,-110,-110,-110,-110,-110,-110,-110,-110,-110,-110,-110,-110,-110,-110,-110,-110,-110,-110,-110,-110,-110,-110,-110,-110,-110,-110,-110,-110,-110,-110,-110,-110,-110,-110,-110,-110,-110,-110,-110,-110,-110,-110,-110,-110,-110,-110,-110,-110,-110,-110,-110,-110,-110,-110,-110,-110,-110,-110,-110,-110,-110,-110,-110,-110,-110,-110,-110,-110,-110,-110,-110,-110,-110,-110,-110,-110,-110,-110,-110,-110,-110,-110,-110,-110,-110,-110,-110,-110,-110,-110,-110,-110,-110,-110,-110,-110,-110,-110,-110,-110,-110,-110,-110,-110,-110,-110,-110,-110,-110,-110,-110,-110,-110,-110,-110,-110,-110,-110,-110,-110,-110,-110,-110,-110,-110,-110,-110,-110,-110,-110,-110,-110,-110,-110,-110,-110,-110,-110,-110,-110,-110,-110,-110,-110,-110,-110,-110,-110,-110,-110,-110,-110,-110,-110,-110,-110,-110,-110,-110,-110,-110,-110,-110,-110,-110,-110,-110,-110,-110,-110,-110,-110,-110,-110,-110,-110,-110,-110,-110,-110,-110,-110,-110,-110,-110,-110,-110,-110,-110,-110,-110,-110,-110,-110,-110,-110,-110,-110,-110,-110,-110,-110,-110,-110,-110,-110,-110,-110,-110,-110,-110,-110,-110,-110,-110,-110,-110,-110,-110,-110,-110,-110,-110,-110,-110,-110,-110,-110,-110,-110,-110,-110,-110,-110,-110,-110,-110,-110,-110,-110,-110,-110,-110,-110,-110,-110,-110,-110,-110,-110
37,4.1347719,23.8522317,5,-84,-110,-110,-110,-110,-84,-110,-110,-110,-110,-110,-110,-110,-110,-71,-110,-70,-110,-110,-110,-110,-110,-110,-110,-87,-110,-83,-84,-110,-85,-110,-110,-110,-110,-110,-110,-110,-110,-110,-110,-110,-110,-110,-110,-110,-110,-110,-86,-110,-110,-78,-86,-110,-84,-110,-110,-110,-110,-110,-110,-110,-90,-110,-110,-110,-110,-110,-110,-76,-110,-75,-110,-110,-110,-110,-110,-110,-110,-110,-110,-110,-110,-110,-110,-110,-110,-110,-110,-110,-110,-110,-110,-110,-110,-110,-110,-110,-110,-110,-110,-110,-110,-110,-110,-110,-110,-110,-110,-110,-110,-110,-110,-110,-110,-110,-110,-110,-110,-110,-110,-110,-110,-110,-110,-110,-110,-110,-110,-110,-110,-110,-110,-110,-110,-110,-110,-110,-110,-110,-110,-110,-110,-110,-110,-110,-110,-110,-110,-110,-110,-110,-110,-110,-110,-110,-110,-110,-110,-110,-110,-110,-110,-110,-110,-110,-110,-110,-110,-110,-110,-110,-110,-110,-110,-110,-110,-110,-110,-110,-110,-110,-110,-110,-110,-110,-110,-110,-110,-110,-110,-110,-110,-110,-110,-110,-110,-110,-110,-110,-110,-110,-110,-110,-110,-110,-110,-110,-110,-110,-110,-110,-110,-110,-110,-110,-110,-110,-110,-110,-110,-110,-110,-110,-110,-110,-110,-110,-110,-110,-110,-110,-110,-110,-110,-110,-110,-110,-110,-110,-110,-110,-110,-110,-110,-110,-110,-110,-110,-110,-110,-110,-110,-110,-110,-110,-110,-110,-110,-110,-110,-110,-110,-110,-110,-110,-110,-110,-110,-110,-110,-110,-110,-110,-110,-110,-110,-110,-110,-110,-110,-110,-110,-110,-110,-110,-110,-110,-110,-110,-110,-110,-110,-110,-110,-110,-110,-110,-110,-110,-110,-110,-110,-110,-110,-110,-110,-110,-110,-110,-110,-110,-110,-110,-110,-110,-110,-110,-110,-110,-110,-110,-110,-110,-110,-110,-110,-110,-110,-110,-110,-110,-110,-110,-110,-110,-110,-110,-110,-110,-110,-110,-110,-110,-110,-110,-110,-110,-110,-110,-110,-110,-110,-110,-110,-110,-110,-110,-110,-110,-110,-110,-110,-110,-110,-110,-110,-110,-110,-110,-110,-110,-110,-110,-110,-110,-110,-110,-110,-110,-110,-110,-110,-110,-110,-110,-110,-110,-110,-110,-110,-110,-110,-110,-110,-110,-110,-110,-110,-110,-110,-110,-110,-110,-110,-110,-110,-110,-110,-110,-110,-110,-110,-110,-110,-110,-110,-110,-110,-110,-110,-110,-110,-110,-110,-110,-110,-110,-110,-110,-110,-110,-110,-110,-110,-110,-110,-110,-110,-110,-110,-110,-110,-110,-110,-110,-110,-110,-110,-110,-110,-110,-110,-110,-110,-110,-110,-110,-110,-110,-110,-110,-110,-110,-110,-110,-110,-110,-110,-110,-110,-110,-110,-110,-110,-110,-110,-110,-110,-110,-110,-110,-110,-110,-110,-110,-110,-110,-110,-110,-110,-110,-110,-110,-110,-110,-110,-110,-110,-110,-110,-110,-110,-110,-110,-110,-110,-110,-110,-110,-110,-110,-110,-110,-110,-110,-110,-110,-110,-110,-110,-110,-110,-110,-110,-110,-110,-110,-110,-110,-110,-110,-110,-110,-110,-110,-110,-110,-110,-110,-110,-110,-110,-110,-110,-110,-110,-110,-110,-110,-110,-110,-110,-110,-110,-110,-110,-110,-110,-110,-110,-110,-110,-110,-110,-110,-110,-110,-110,-110,-110,-110,-110,-110,-110,-110,-110,-110,-110,-110,-110,-110,-110,-110,-110,-110,-110,-110,-110,-110,-110,-110,-110,-110,-110,-110,-110,-110,-110,-110,-110,-110,-110,-110,-110,-110,-110,-110,-110,-110,-110,-110,-110,-110,-110,-110,-110,-110,-110,-110,-110
37,4.1347719,23.8522317,5,-91,-110,-110,-84,-110,-88,-90,-83,-110,-110,-110,-110,-110,-110,-71,-110,-71,-110,-110,-110,-110,-110,-110,-110,-86,-110,-85,-84,-110,-83,-110,-110,-110,-110,-110,-110,-110,-110,-110,-110,-110,-110,-110,-110,-110,-110,-89,-110,-81,-110,-81,-86,-110,-87,-110,-110,-110,-110,-110,-110,-110,-110,-110,-110,-110,-110,-110,-110,-77,-110,-76,-110,-110,-110,-91,-110,-110,-110,-110,-110,-110,-110,-110,-110,-110,-110,-110,-110,-110,-110,-110,-110,-110,-110,-110,-110,-110,-110,-110,-110,-110,-110,-110,-110,-110,-110,-110,-110,-110,-110,-110,-110,-110,-110,-110,-110,-110,-110,-110,-110,-110,-110,-110,-110,-110,-110,-110,-110,-110,-110,-110,-110,-110,-110,-110,-110,-110,-110,-110,-110,-110,-110,-110,-110,-110,-110,-110,-110,-110,-110,-110,-110,-110,-110,-110,-110,-110,-110,-110,-110,-110,-110,-110,-110,-110,-110,-110,-110,-110,-110,-110,-110,-110,-110,-110,-110,-110,-110,-110,-110,-110,-110,-110,-110,-110,-110,-110,-110,-110,-110,-110,-110,-110,-110,-110,-110,-110,-110,-110,-110,-110,-110,-110,-110,-110,-110,-110,-110,-110,-110,-110,-110,-110,-110,-110,-110,-110,-110,-110,-110,-110,-110,-110,-110,-110,-110,-110,-110,-110,-110,-110,-110,-110,-110,-110,-110,-110,-110,-110,-110,-110,-110,-110,-110,-110,-110,-110,-110,-110,-110,-110,-110,-110,-110,-110,-110,-110,-110,-110,-110,-110,-110,-110,-110,-110,-110,-110,-110,-110,-110,-110,-110,-110,-110,-110,-110,-110,-110,-110,-110,-110,-110,-110,-110,-110,-110,-110,-110,-110,-110,-110,-110,-110,-110,-110,-110,-110,-110,-110,-110,-110,-110,-110,-110,-110,-110,-110,-110,-110,-110,-110,-110,-110,-110,-110,-110,-110,-110,-110,-110,-110,-110,-110,-110,-110,-110,-110,-110,-110,-110,-110,-110,-110,-110,-110,-110,-110,-110,-110,-110,-110,-110,-110,-110,-110,-110,-110,-110,-110,-110,-110,-110,-110,-110,-110,-110,-110,-110,-110,-110,-110,-110,-110,-110,-110,-110,-110,-110,-110,-110,-110,-110,-110,-110,-110,-110,-110,-110,-110,-110,-110,-110,-110,-110,-110,-110,-110,-110,-110,-110,-110,-110,-110,-110,-110,-110,-110,-110,-110,-110,-110,-110,-110,-110,-110,-110,-110,-110,-110,-110,-110,-110,-110,-110,-110,-110,-110,-110,-110,-110,-110,-110,-110,-110,-110,-110,-110,-110,-110,-110,-110,-110,-110,-110,-110,-110,-110,-110,-110,-110,-110,-110,-110,-110,-110,-110,-110,-110,-110,-110,-110,-110,-110,-110,-110,-110,-110,-110,-110,-110,-110,-110,-110,-110,-110,-110,-110,-110,-110,-110,-110,-110,-110,-110,-110,-110,-110,-110,-110,-110,-110,-110,-110,-110,-110,-110,-110,-110,-110,-110,-110,-110,-110,-110,-110,-110,-110,-110,-110,-110,-110,-110,-110,-110,-110,-110,-110,-110,-110,-110,-110,-110,-110,-110,-110,-110,-110,-110,-110,-110,-110,-110,-110,-110,-110,-110,-110,-110,-110,-110,-110,-110,-110,-110,-110,-110,-110,-110,-110,-110,-110,-110,-110,-110,-110,-110,-110,-110,-110,-110,-110,-110,-110,-110,-110,-110,-110,-110,-110,-110,-110,-110,-110,-110,-110,-110,-110,-110,-110,-110,-110,-110,-110,-110,-110,-110,-110,-110,-110,-110,-110,-110,-110,-110,-110,-110,-110,-110,-110,-110,-110,-110,-110,-110,-110,-110,-110,-110,-110,-110,-110,-110,-110,-110,-110,-110,-110,-110,-110,-110,-110,-110,-110,-110,-110,-110,-110,-110,-110,-110
37,4.1347719,23.8522317,5,-85,-110,-110,-85,-110,-85,-89,-84,-110,-110,-110,-110,-110,-110,-72,-110,-70,-110,-110,-110,-110,-110,-110,-110,-85,-110,-86,-88,-110,-86,-110,-110,-110,-110,-110,-110,-110,-110,-110,-110,-110,-110,-110,-110,-110,-110,-87,-92,-83,-110,-81,-110,-110,-79,-110,-110,-110,-110,-110,-110,-110,-110,-110,-110,-110,-110,-110,-110,-78,-110,-77,-110,-110,-110,-110,-110,-110,-110,-110,-110,-110,-110,-110,-110,-110,-110,-110,-110,-110,-110,-110,-110,-110,-110,-110,-110,-110,-110,-110,-110,-110,-110,-110,-110,-110,-110,-110,-110,-110,-110,-110,-110,-110,-110,-110,-110,-110,-110,-110,-110,-110,-110,-110,-110,-110,-110,-110,-110,-110,-110,-110,-110,-110,-110,-110,-110,-110,-110,-110,-110,-110,-110,-110,-110,-110,-110,-110,-110,-110,-110,-110,-110,-110,-110,-110,-110,-110,-110,-110,-110,-110,-110,-110,-110,-110,-110,-110,-110,-110,-110,-110,-110,-110,-110,-110,-110,-110,-110,-110,-110,-110,-110,-110,-110,-110,-110,-110,-110,-110,-110,-110,-110,-110,-110,-110,-110,-110,-110,-110,-110,-110,-110,-110,-110,-110,-110,-110,-110,-110,-110,-110,-110,-110,-110,-110,-110,-110,-110,-110,-110,-110,-110,-110,-110,-110,-110,-110,-110,-110,-110,-110,-110,-110,-110,-110,-110,-110,-110,-110,-110,-110,-110,-110,-110,-110,-110,-110,-110,-110,-110,-110,-110,-110,-110,-110,-110,-110,-110,-110,-110,-110,-110,-110,-110,-110,-110,-110,-110,-110,-110,-110,-110,-110,-110,-110,-110,-110,-110,-110,-110,-110,-110,-110,-110,-110,-110,-110,-110,-110,-110,-110,-110,-110,-110,-110,-110,-110,-110,-110,-110,-110,-110,-110,-110,-110,-110,-110,-110,-110,-110,-110,-110,-110,-110,-110,-110,-110,-110,-110,-110,-110,-110,-110,-110,-110,-110,-110,-110,-110,-110,-110,-110,-110,-110,-110,-110,-110,-110,-110,-110,-110,-110,-110,-110,-110,-110,-110,-110,-110,-110,-110,-110,-110,-110,-110,-110,-110,-110,-110,-110,-110,-110,-110,-110,-110,-110,-110,-110,-110,-110,-110,-110,-110,-110,-110,-110,-110,-110,-110,-110,-110,-110,-110,-110,-110,-110,-110,-110,-110,-110,-110,-110,-110,-110,-110,-110,-110,-110,-110,-110,-110,-110,-110,-110,-110,-110,-110,-110,-110,-110,-110,-110,-110,-110,-110,-110,-110,-110,-110,-110,-110,-110,-110,-110,-110,-110,-110,-110,-110,-110,-110,-110,-110,-110,-110,-110,-110,-110,-110,-110,-110,-110,-110,-110,-110,-110,-110,-110,-110,-110,-110,-110,-110,-110,-110,-110,-110,-110,-110,-110,-110,-110,-110,-110,-110,-110,-110,-110,-110,-110,-110,-110,-110,-110,-110,-110,-110,-110,-110,-110,-110,-110,-110,-110,-110,-110,-110,-110,-110,-110,-110,-110,-110,-110,-110,-110,-110,-110,-110,-110,-110,-110,-110,-110,-110,-110,-110,-110,-110,-110,-110,-110,-110,-110,-110,-110,-110,-110,-110,-110,-110,-110,-110,-110,-110,-110,-110,-110,-110,-110,-110,-110,-110,-110,-110,-110,-110,-110,-110,-110,-110,-110,-110,-110,-110,-110,-110,-110,-110,-110,-110,-110,-110,-110,-110,-110,-110,-110,-110,-110,-110,-110,-110,-110,-110,-110,-110,-110,-110,-110,-110,-110,-110,-110,-110,-110,-110,-110,-110,-110,-110,-110,-110,-110,-110,-110,-110,-110,-110,-110,-110,-110,-110,-110,-110,-110,-110,-110,-110,-110,-110,-110,-110,-110,-110,-110,-110,-110,-110,-110,-110,-110,-110,-110,-110,-110,-110,-110,-110,-110
37,4.1347719,23.8522317,5,-85,-110,-90,-83,-110,-84,-110,-83,-110,-110,-110,-110,-110,-110,-70,-110,-70,-110,-110,-110,-110,-110,-110,-110,-86,-110,-85,-84,-110,-85,-110,-110,-110,-110,-110,-110,-110,-110,-110,-110,-110,-110,-110,-110,-110,-110,-85,-88,-82,-110,-83,-81,-110,-80,-110,-110,-110,-110,-110,-110,-110,-110,-110,-110,-110,-110,-110,-110,-77,-110,-77,-110,-110,-110,-110,-110,-110,-110,-110,-110,-110,-110,-110,-110,-110,-110,-110,-110,-110,-110,-110,-110,-110,-110,-110,-110,-110,-110,-110,-110,-110,-110,-110,-110,-110,-110,-110,-110,-110,-110,-110,-110,-110,-110,-110,-110,-110,-110,-110,-110,-110,-110,-110,-110,-110,-110,-110,-110,-110,-110,-110,-110,-110,-110,-110,-110,-110,-110,-110,-110,-110,-110,-110,-110,-110,-110,-110,-110,-110,-110,-110,-110,-110,-110,-110,-110,-110,-110,-110,-110,-110,-110,-110,-110,-110,-110,-110,-110,-110,-110,-110,-110,-110,-110,-110,-110,-110,-110,-110,-110,-110,-110,-110,-110,-110,-110,-110,-110,-110,-110,-110,-110,-110,-110,-110,-110,-110,-110,-110,-110,-110,-110,-110,-110,-110,-110,-110,-110,-110,-110,-110,-110,-110,-110,-110,-110,-110,-110,-110,-110,-110,-110,-110,-110,-110,-110,-110,-110,-110,-110,-110,-110,-110,-110,-110,-110,-110,-110,-110,-110,-110,-110,-110,-110,-110,-110,-110,-110,-110,-110,-110,-110,-110,-110,-110,-110,-110,-110,-110,-110,-110,-110,-110,-110,-110,-110,-110,-110,-110,-110,-110,-110,-110,-110,-110,-110,-110,-110,-110,-110,-110,-110,-110,-110,-110,-110,-110,-110,-110,-110,-110,-110,-110,-110,-110,-110,-110,-110,-110,-110,-110,-110,-110,-110,-110,-110,-110,-110,-110,-110,-110,-110,-110,-110,-110,-110,-110,-110,-110,-110,-110,-110,-110,-110,-110,-110,-110,-110,-110,-110,-110,-110,-110,-110,-110,-110,-110,-110,-110,-110,-110,-110,-110,-110,-110,-110,-110,-110,-110,-110,-110,-110,-110,-110,-110,-110,-110,-110,-110,-110,-110,-110,-110,-110,-110,-110,-110,-110,-110,-110,-110,-110,-110,-110,-110,-110,-110,-110,-110,-110,-110,-110,-110,-110,-110,-110,-110,-110,-110,-110,-110,-110,-110,-110,-110,-110,-110,-110,-110,-110,-110,-110,-110,-110,-110,-110,-110,-110,-110,-110,-110,-110,-110,-110,-110,-110,-110,-110,-110,-110,-110,-110,-110,-110,-110,-110,-110,-110,-110,-110,-110,-110,-110,-110,-110,-110,-110,-110,-110,-110,-110,-110,-110,-110,-110,-110,-110,-110,-110,-110,-110,-110,-110,-110,-110,-110,-110,-110,-110,-110,-110,-110,-110,-110,-110,-110,-110,-110,-110,-110,-110,-110,-110,-110,-110,-110,-110,-110,-110,-110,-110,-110,-110,-110,-110,-110,-110,-110,-110,-110,-110,-110,-110,-110,-110,-110,-110,-110,-110,-110,-110,-110,-110,-110,-110,-110,-110,-110,-110,-110,-110,-110,-110,-110,-110,-110,-110,-110,-110,-110,-110,-110,-110,-110,-110,-110,-110,-110,-110,-110,-110,-110,-110,-110,-110,-110,-110,-110,-110,-110,-110,-110,-110,-110,-110,-110,-110,-110,-110,-110,-110,-110,-110,-110,-110,-110,-110,-110,-110,-110,-110,-110,-110,-110,-110,-110,-110,-110,-110,-110,-110,-110,-110,-110,-110,-110,-110,-110,-110,-110,-110,-110,-110,-110,-110,-110,-110,-110,-110,-110,-110,-110,-110,-110,-110,-110,-110,-110,-110,-110,-110,-110,-110,-110,-110,-110,-110,-110,-110,-110,-110,-110,-110,-110,-110,-110,-110,-110,-110,-110
38,8.52431189,23.8522317,5,-79,-110,-110,-77,-110,-78,-110,-76,-110,-110,-110,-110,-110,-110,-85,-110,-110,-110,-110,-110,-110,-110,-110,-110,-80,-110,-110,-84,-110,-85,-110,-110,-86,-88,-110,-110,-110,-110,-110,-110,-110,-110,-110,-110,-110,-110,-85,-110,-86,-88,-84,-73,-88,-80,-110,-110,-110,-91,-89,-110,-110,-110,-89,-88,-110,-110,-110,-110,-83,-110,-81,-110,-110,-110,-110,-110,-110,-110,-110,-110,-110,-110,-110,-110,-110,-110,-110,-110,-110,-110,-110,-110,-110,-110,-110,-110,-110,-110,-110,-110,-110,-110,-110,-110,-110,-110,-110,-110,-110,-110,-110,-110,-110,-110,-110,-110,-110,-110,-110,-110,-110,-110,-110,-110,-110,-110,-110,-110,-110,-110,-110,-110,-110,-110,-110,-110,-110,-110,-110,-110,-110,-110,-110,-110,-110,-110,-110,-110,-110,-110,-110,-110,-110,-110,-110,-110,-110,-110,-110,-110,-110,-110,-110,-110,-110,-110,-110,-110,-110,-110,-110,-110,-110,-110,-110,-110,-110,-110,-110,-110,-110,-110,-110,-110,-110,-110,-110,-110,-110,-110,-110,-110,-110,-110,-110,-110,-110,-110,-110,-110,-110,-110,-110,-110,-110,-110,-110,-110,-110,-110,-110,-110,-110,-110,-110,-110,-110,-110,-110,-110,-110,-110,-110,-110,-110,-110,-110,-110,-110,-110,-110,-110,-110,-110,-110,-110,-110,-110,-110,-110,-110,-110,-110,-110,-110,-110,-110,-110,-110,-110,-110,-110,-110,-110,-110,-110,-110,-110,-110,-110,-110,-110,-110,-110,-110,-110,-110,-110,-110,-110,-110,-110,-110,-110,-110,-110,-110,-110,-110,-110,-110,-110,-110,-110,-110,-110,-110,-110,-110,-110,-110,-110,-110,-110,-110,-110,-110,-110,-110,-110,-110,-110,-110,-110,-110,-110,-110,-110,-110,-110,-110,-110,-110,-110,-110,-110,-110,-110,-110,-110,-110,-110,-110,-110,-110,-110,-110,-110,-110,-110,-110,-110,-110,-110,-110,-110,-110,-110,-110,-110,-110,-110,-110,-110,-110,-110,-110,-110,-110,-110,-110,-110,-110,-110,-110,-110,-110,-110,-110,-110,-110,-110,-110,-110,-110,-110,-110,-110,-110,-110,-110,-110,-110,-110,-110,-110,-110,-110,-110,-110,-110,-110,-110,-110,-110,-110,-110,-110,-110,-110,-110,-110,-110,-110,-110,-110,-110,-110,-110,-110,-110,-110,-110,-110,-110,-110,-110,-110,-110,-110,-110,-110,-110,-110,-110,-110,-110,-110,-110,-110,-110,-110,-110,-110,-110,-110,-110,-110,-110,-110,-110,-110,-110,-110,-110,-110,-110,-110,-110,-110,-110,-110,-110,-110,-110,-110,-110,-110,-110,-110,-110,-110,-110,-110,-110,-110,-110,-110,-110,-110,-110,-110,-110,-110,-110,-110,-110,-110,-110,-110,-110,-110,-110,-110,-110,-110,-110,-110,-110,-110,-110,-110,-110,-110,-110,-110,-110,-110,-110,-110,-110,-110,-110,-110,-110,-110,-110,-110,-110,-110,-110,-110,-110,-110,-110,-110,-110,-110,-110,-110,-110,-110,-110,-110,-110,-110,-110,-110,-110,-110,-110,-110,-110,-110,-110,-110,-110,-110,-110,-110,-110,-110,-110,-110,-110,-110,-110,-110,-110,-110,-110,-110,-110,-110,-110,-110,-110,-110,-110,-110,-110,-110,-110,-110,-110,-110,-110,-110,-110,-110,-110,-110,-110,-110,-110,-110,-110,-110,-110,-110,-110,-110,-110,-110,-110,-110,-110,-110,-110,-110,-110,-110,-110,-110,-110,-110,-110,-110,-110,-110,-110,-110,-110,-110,-110,-110,-110,-110,-110,-110,-110,-110,-110,-110,-110,-110,-110,-110,-110,-110,-110,-110,-110,-110,-110,-110,-110,-110,-110,-110
38,8.52431189,23.8522317,5,-79,-110,-110,-77,-110,-77,-110,-77,-110,-110,-110,-110,-110,-110,-85,-110,-85,-110,-110,-110,-110,-110,-110,-110,-82,-110,-83,-81,-110,-85,-110,-110,-89,-89,-110,-110,-110,-110,-110,-110,-110,-110,-110,-110,-110,-110,-90,-110,-84,-89,-110,-76,-89,-77,-110,-110,-110,-90,-110,-110,-110,-110,-86,-88,-110,-110,-110,-110,-82,-110,-81,-110,-110,-110,-90,-110,-110,-110,-110,-110,-110,-110,-110,-110,-110,-110,-110,-110,-110,-110,-110,-110,-110,-110,-110,-110,-110,-110,-110,-110,-110,-110,-110,-110,-110,-110,-110,-110,-110,-110,-110,-110,-110,-110,-110,-110,-110,-110,-110,-110,-110,-110,-110,-110,-110,-110,-110,-110,-110,-110,-110,-110,-110,-110,-110,-110,-110,-110,-110,-110,-110,-110,-110,-110,-110,-110,-110,-110,-110,-110,-110,-110,-110,-110,-110,-110,-110,-110,-110,-110,-110,-110,-110,-110,-110,-110,-110,-110,-110,-110,-110,-110,-110,-110,-110,-110,-110,-110,-110,-110,-110,-110,-110,-110,-110,-110,-110,-110,-110,-110,-110,-110,-110,-110,-110,-110,-110,-110,-110,-110,-110,-110,-110,-110,-110,-110,-110,-110,-110,-110,-110,-110,-110,-110,-110,-110,-110,-110,-110,-110,-110,-110,-110,-110,-110,-110,-110,-110,-110,-110,-110,-110,-110,-110,-110,-110,-110,-110,-110,-110,-110,-110,-110,-110,-110,-110,-110,-110,-110,-110,-110,-110,-110,-110,-110,-110,-110,-110,-110,-110,-110,-110,-110,-110,-110,-110,-110,-110,-110,-110,-110,-110,-110,-110,-110,-110,-110,-110,-110,-110,-110,-110,-110,-110,-110,-110,-110,-110,-110,-110,-110,-110,-110,-110,-110,-110,-110,-110,-110,-110,-110,-110,-110,-110,-110,-110,-110,-110,-110,-110,-110,-110,-110,-110,-110,-110,-110,-110,-110,-110,-110,-110,-110,-110,-110,-110,-110,-110,-110,-110,-110,-110,-110,-110,-110,-110,-110,-110,-110,-110,-110,-110,-110,-110,-110,-110,-110,-110,-110,-110,-110,-110,-110,-110,-110,-110,-110,-110,-110,-110,-110,-110,-110,-110,-110,-110,-110,-110,-110,-110,-110,-110,-110,-110,-110,-110,-110,-110,-110,-110,-110,-110,-110,-110,-110,-110,-110,-110,-110,-110,-110,-110,-110,-110,-110,-110,-110,-110,-110,-110,-110,-110,-110,-110,-110,-110,-110,-110,-110,-110,-110,-110,-110,-110,-110,-110,-110,-110,-110,-110,-110,-110,-110,-110,-110,-110,-110,-110,-110,-110,-110,-110,-110,-110,-110,-110,-110,-110,-110,-110,-110,-110,-110,-110,-110,-110,-110,-110,-110,-110,-110,-110,-110,-110,-110,-110,-110,-110,-110,-110,-110,-110,-110,-110,-110,-110,-110,-110,-110,-110,-110,-110,-110,-110,-110,-110,-110,-110,-110,-110,-110,-110,-110,-110,-110,-110,-110,-110,-110,-110,-110,-110,-110,-110,-110,-110,-110,-110,-110,-110,-110,-110,-110,-110,-110,-110,-110,-110,-110,-110,-110,-110,-110,-110,-110,-110,-110,-110,-110,-110,-110,-110,-110,-110,-110,-110,-110,-110,-110,-110,-110,-110,-110,-110,-110,-110,-110,-110,-110,-110,-110,-110,-110,-110,-110,-110,-110,-110,-110,-110,-110,-110,-110,-110,-110,-110,-110,-110,-110,-110,-110,-110,-110,-110,-110,-110,-110,-110,-110,-110,-110,-110,-110,-110,-110,-110,-110,-110,-110,-110,-110,-110,-110,-110,-110,-110,-110,-110,-110,-110,-110,-110,-110,-110,-110,-110,-110,-110,-110,-110,-110,-110,-110,-110,-110,-110,-110,-110,-110,-110,-110,-110,-110,-110,-110,-110,-110,-110,-110,-110
38,8.52431189,23.8522317,5,-77,-110,-110,-76,-110,-77,-110,-76,-110,-110,-110,-110,-110,-110,-84,-110,-90,-110,-110,-110,-110,-110,-110,-110,-81,-110,-110,-81,-110,-84,-110,-110,-88,-86,-110,-110,-110,-110,-110,-110,-110,-110,-110,-110,-110,-110,-88,-110,-86,-89,-110,-75,-88,-78,-110,-110,-110,-90,-110,-110,-110,-110,-86,-86,-110,-110,-110,-110,-83,-110,-82,-110,-110,-110,-110,-110,-110,-110,-110,-110,-110,-110,-110,-110,-110,-88,-91,-110,-110,-110,-110,-110,-110,-110,-110,-110,-110,-110,-110,-110,-110,-110,-110,-110,-110,-110,-110,-110,-110,-110,-110,-110,-110,-110,-110,-110,-110,-110,-110,-110,-110,-110,-110,-110,-110,-110,-110,-110,-110,-110,-110,-110,-110,-110,-110,-110,-110,-110,-110,-110,-110,-110,-110,-110,-110,-110,-110,-110,-110,-110,-110,-110,-110,-110,-110,-110,-110,-110,-110,-110,-110,-110,-110,-110,-110,-110,-110,-110,-110,-110,-110,-110,-110,-110,-110,-110,-110,-110,-110,-110,-110,-110,-110,-110,-110,-110,-110,-110,-110,-110,-110,-110,-110,-110,-110,-110,-110,-110,-110,-110,-110,-110,-110,-110,-110,-110,-110,-110,-110,-110,-110,-110,-110,-110,-110,-110,-110,-110,-110,-110,-110,-110,-110,-110,-110,-110,-110,-110,-110,-110,-110,-110,-110,-110,-110,-110,-110,-110,-110,-110,-110,-110,-110,-110,-110,-110,-110,-110,-110,-110,-110,-110,-110,-110,-110,-110,-110,-110,-110,-110,-110,-110,-110,-110,-110,-110,-110,-110,-110,-110,-110,-110,-110,-110,-110,-110,-110,-110,-110,-110,-110,-110,-110,-110,-110,-110,-110,-110,-110,-110,-110,-110,-110,-110,-110,-110,-110,-110,-110,-110,-110,-110,-110,-110,-110,-110,-110,-110,-110,-110,-110,-110,-110,-110,-110,-110,-110,-110,-110,-110,-110,-110,-110,-110,-110,-110,-110,-110,-110,-110,-110,-110,-110,-110,-110,-110,-110,-110,-110,-110,-110,-110,-110,-110,-110,-110,-110,-110,-110,-110,-110,-110,-110,-110,-110,-110,-110,-110,-110,-110,-110,-110,-110,-110,-110,-110,-110,-110,-110,-110,-110,-110,-110,-110,-110,-110,-110,-110,-110,-110,-110,-110,-110,-110,-110,-110,-110,-110,-110,-110,-110,-110,-110,-110,-110,-110,-110,-110,-110,-110,-110,-110,-110,-110,-110,-110,-110,-110,-110,-110,-110,-110,-110,-110,-110,-110,-110,-110,-110,-110,-110,-110,-110,-110,-110,-110,-110,-110,-110,-110,-110,-110,-110,-110,-110,-110,-110,-110,-110,-110,-110,-110,-110,-110,-110,-110,-110,-110,-110,-110,-110,-110,-110,-110,-110,-110,-110,-110,-110,-110,-110,-110,-110,-110,-110,-110,-110,-110,-110,-110,-110,-110,-110,-110,-110,-110,-110,-110,-110,-110,-110,-110,-110,-110,-110,-110,-110,-110,-110,-110,-110,-110,-110,-110,-110,-110,-110,-110,-110,-110,-110,-110,-110,-110,-110,-110,-110,-110,-110,-110,-110,-110,-110,-110,-110,-110,-110,-110,-110,-110,-110,-110,-110,-110,-110,-110,-110,-110,-110,-110,-110,-110,-110,-110,-110,-110,-110,-110,-110,-110,-110,-110,-110,-110,-110,-110,-110,-110,-110,-110,-110,-110,-110,-110,-110,-110,-110,-110,-110,-110,-110,-110,-110,-110,-110,-110,-110,-110,-110,-110,-110,-110,-110,-110,-110,-110,-110,-110,-110,-110,-110,-110,-110,-110,-110,-110,-110,-110,-110,-110,-110,-110,-110,-110,-110,-110,-110,-110,-110,-110,-110,-110,-110,-110,-110,-110,-110,-110,-110,-110,-110,-110,-110,-110,-110,-110,-110,-110,-110,-110
38,8.52431189,23.8522317,5,-79,-110,-110,-75,-110,-77,-110,-76,-110,-110,-110,-110,-110,-110,-110,-110,-87,-110,-110,-110,-110,-110,-110,-110,-81,-110,-86,-79,-110,-86,-110,-110,-89,-87,-110,-110,-110,-110,-110,-110,-110,-110,-110,-110,-110,-110,-87,-110,-86,-90,-85,-75,-87,-79,-110,-110,-110,-110,-110,-110,-110,-110,-87,-87,-110,-110,-110,-110,-86,-110,-83,-90,-110,-110,-110,-110,-110,-110,-110,-110,-110,-110,-110,-110,-110,-110,-110,-110,-110,-110,-110,-110,-110,-110,-110,-110,-110,-110,-110,-110,-110,-110,-110,-110,-110,-110,-110,-110,-110,-110,-110,-110,-110,-110,-110,-110,-110,-110,-110,-110,-110,-110,-110,-110,-110,-110,-110,-110,-110,-110,-110,-110,-110,-110,-110,-110,-110,-110,-110,-110,-110,-110,-110,-110,-110,-110,-110,-110,-110,-110,-110,-110,-110,-110,-110,-110,-110,-110,-110,-110,-110,-110,-110,-110,-110,-110,-110,-110,-110,-110,-110,-110,-110,-110,-110,-110,-110,-110,-110,-110,-110,-110,-110,-110,-110,-110,-110,-110,-110,-110,-110,-110,-110,-110,-110,-110,-110,-110,-110,-110,-110,-110,-110,-110,-110,-110,-110,-110,-110,-110,-110,-110,-110,-110,-110,-110,-110,-110,-110,-110,-110,-110,-110,-110,-110,-110,-110,-110,-110,-110,-110,-110,-110,-110,-110,-110,-110,-110,-110,-110,-110,-110,-110,-110,-110,-110,-110,-110,-110,-110,-110,-110,-110,-110,-110,-110,-110,-110,-110,-110,-110,-110,-110,-110,-110,-110,-110,-110,-110,-110,-110,-110,-110,-110,-110,-110,-110,-110,-110,-110,-110,-110,-110,-110,-110,-110,-110,-110,-110,-110,-110,-110,-110,-110,-110,-110,-110,-110,-110,-110,-110,-110,-110,-110,-110,-110,-110,-110,-110,-110,-110,-110,-110,-110,-110,-110,-110,-110,-110,-110,-110,-110,-110,-110,-110,-110,-110,-110,-110,-110,-110,-110,-110,-110,-110,-110,-110,-110,-110,-110,-110,-110,-110,-110,-110,-110,-110,-110,-110,-110,-110,-110,-110,-110,-110,-110,-110,-110,-110,-110,-110,-110,-110,-110,-110,-110,-110,-110,-110,-110,-110,-110,-110,-110,-110,-110,-110,-110,-110,-110,-110,-110,-110,-110,-110,-110,-110,-110,-110,-110,-110,-110,-110,-110,-110,-110,-110,-110,-110,-110,-110,-110,-110,-110,-110,-110,-110,-110,-110,-110,-110,-110,-110,-110,-110,-110,-110,-110,-110,-110,-110,-110,-110,-110,-110,-110,-110,-110,-110,-110,-110,-110,-110,-110,-110,-110,-110,-110,-110,-110,-110,-110,-110,-110,-110,-110,-110,-110,-110,-110,-110,-110,-110,-110,-110,-110,-110,-110,-110,-110,-110,-110,-110,-110,-110,-110,-110,-110,-110,-110,-110,-110,-110,-110,-110,-110,-110,-110,-110,-110,-110,-110,-110,-110,-110,-110,-110,-110,-110,-110,-110,-110,-110,-110,-110,-110,-110,-110,-110,-110,-110,-110,-110,-110,-110,-110,-110,-110,-110,-110,-110,-110,-110,-110,-110,-110,-110,-110,-110,-110,-110,-110,-110,-110,-110,-110,-110,-110,-110,-110,-110,-110,-110,-110,-110,-110,-110,-110,-110,-110,-110,-110,-110,-110,-110,-110,-110,-110,-110,-110,-110,-110,-110,-110,-110,-110,-110,-110,-110,-110,-110,-110,-110,-110,-110,-110,-110,-110,-110,-110,-110,-110,-110,-110,-110,-110,-110,-110,-110,-110,-110,-110,-110,-110,-110,-110,-110,-110,-110,-110,-110,-110,-110,-110,-110,-110,-110,-110,-110,-110,-110,-110,-110,-110,-110,-110,-110,-110,-110,-110,-110,-110,-110,-110,-110,-110,-110,-110,-110,-110
38,8.52431189,23.8522317,5,-77,-110,-110,-76,-110,-78,-110,-76,-110,-110,-110,-110,-110,-110,-84,-110,-84,-110,-110,-110,-110,-110,-110,-110,-81,-110,-83,-82,-110,-110,-110,-110,-86,-88,-110,-110,-110,-110,-110,-110,-110,-110,-110,-110,-110,-110,-88,-88,-88,-89,-88,-75,-88,-78,-110,-110,-110,-110,-110,-110,-110,-110,-85,-88,-110,-110,-110,-110,-82,-110,-81,-85,-110,-110,-110,-110,-110,-110,-110,-110,-110,-110,-110,-110,-110,-110,-110,-110,-110,-110,-110,-110,-110,-110,-110,-110,-110,-110,-110,-110,-110,-110,-110,-110,-110,-110,-110,-110,-110,-110,-110,-110,-110,-110,-110,-110,-110,-110,-110,-110,-110,-110,-110,-110,-110,-110,-110,-110,-110,-110,-110,-110,-110,-110,-110,-110,-110,-110,-110,-110,-110,-110,-110,-110,-110,-110,-110,-110,-110,-110,-110,-110,-110,-110,-110,-110,-110,-110,-110,-110,-110,-110,-110,-110,-110,-110,-110,-110,-110,-110,-110,-110,-110,-110,-110,-110,-110,-110,-110,-110,-110,-110,-110,-110,-110,-110,-110,-110,-110,-110,-110,-110,-110,-110,-110,-110,-110,-110,-110,-110,-110,-110,-110,-110,-110,-110,-110,-110,-110,-110,-110,-110,-110,-110,-110,-110,-110,-110,-110,-110,-110,-110,-110,-110,-110,-110,-110,-110,-110,-110,-110,-110,-110,-110,-110,-110,-110,-110,-110,-110,-110,-110,-110,-110,-110,-110,-110,-110,-110,-110,-110,-110,-110,-110,-110,-110,-110,-110,-110,-110,-110,-110,-110,-110,-110,-110,-110,-110,-110,-110,-110,-110,-110,-110,-110,-110,-110,-110,-110,-110,-110,-110,-110,-110,-110,-110,-110,-110,-110,-110,-110,-110,-110,-110,-110,-110,-110,-110,-110,-110,-110,-110,-110,-110,-110,-110,-110,-110,-110,-110,-110,-110,-110,-110,-110,-110,-110,-110,-110,-110,-110,-110,-110,-110,-110,-110,-110,-110,-110,-110,-110,-110,-110,-110,-110,-110,-110,-110,-110,-110,-110,-110,-110,-110,-110,-110,-110,-110,-110,-110,-110,-110,-110,-110,-110,-110,-110,-110,-110,-110,-110,-110,-110,-110,-110,-110,-110,-110,-110,-110,-110,-110,-110,-110,-110,-110,-110,-110,-110,-110,-110,-110,-110,-110,-110,-110,-110,-110,-110,-110,-110,-110,-110,-110,-110,-110,-110,-110,-110,-110,-110,-110,-110,-110,-110,-110,-110,-110,-110,-110,-110,-110,-110,-110,-110,-110,-110,-110,-110,-110,-110,-110,-110,-110,-110,-110,-110,-110,-110,-110,-110,-110,-110,-110,-110,-110,-110,-110,-110,-110,-110,-110,-110,-110,-110,-110,-110,-110,-110,-110,-110,-110,-110,-110,-110,-110,-110,-110,-110,-110,-110,-110,-110,-110,-110,-110,-110,-110,-110,-110,-110,-110,-110,-110,-110,-110,-110,-110,-110,-110,-110,-110,-110,-110,-110,-110,-110,-110,-110,-110,-110,-110,-110,-110,-110,-110,-110,-110,-110,-110,-110,-110,-110,-110,-110,-110,-110,-110,-110,-110,-110,-110,-110,-110,-110,-110,-110,-110,-110,-110,-110,-110,-110,-110,-110,-110,-110,-110,-110,-110,-110,-110,-110,-110,-110,-110,-110,-110,-110,-110,-110,-110,-110,-110,-110,-110,-110,-110,-110,-110,-110,-110,-110,-110,-110,-110,-110,-110,-110,-110,-110,-110,-110,-110,-110,-110,-110,-110,-110,-110,-110,-110,-110,-110,-110,-110,-110,-110,-110,-110,-110,-110,-110,-110,-110,-110,-110,-110,-110,-110,-110,-110,-110,-110,-110,-110,-110,-110,-110,-110,-110,-110,-110,-110,-110,-110,-110,-110,-110,-110,-110,-110,-110,-110,-110,-110,-110,-110,-110,-110
38,8.52431189,23.8522317,5,-77,-110,-110,-78,-110,-78,-110,-78,-110,-110,-110,-110,-110,-110,-87,-110,-86,-110,-110,-110,-110,-110,-110,-110,-81,-110,-85,-80,-110,-110,-110,-110,-86,-87,-110,-110,-110,-110,-110,-110,-110,-110,-110,-110,-110,-110,-110,-88,-84,-110,-84,-110,-89,-78,-110,-110,-110,-110,-90,-110,-110,-110,-86,-88,-110,-110,-90,-110,-81,-110,-80,-110,-110,-110,-110,-110,-110,-110,-110,-110,-110,-110,-110,-110,-110,-90,-110,-110,-110,-110,-110,-110,-110,-110,-110,-110,-110,-110,-110,-110,-110,-110,-110,-110,-110,-110,-110,-110,-110,-110,-110,-110,-110,-110,-110,-110,-110,-110,-110,-110,-110,-110,-110,-110,-110,-110,-110,-110,-110,-110,-110,-110,-110,-110,-110,-110,-110,-110,-110,-110,-110,-110,-110,-110,-110,-110,-110,-110,-110,-110,-110,-110,-110,-110,-110,-110,-110,-110,-110,-110,-110,-110,-110,-110,-110,-110,-110,-110,-110,-110,-110,-110,-110,-110,-110,-110,-110,-110,-110,-110,-110,-110,-110,-110,-110,-110,-110,-110,-110,-110,-110,-110,-110,-110,-110,-110,-110,-110,-110,-110,-110,-110,-110,-110,-110,-110,-110,-110,-110,-110,-110,-110,-110,-110,-110,-110,-110,-110,-110,-110,-110,-110,-110,-110,-110,-110,-110,-110,-110,-110,-110,-110,-110,-110,-110,-110,-110,-110,-110,-110,-110,-110,-110,-110,-110,-110,-110,-110,-110,-110,-110,-110,-110,-110,-110,-110,-110,-110,-110,-110,-110,-110,-110,-110,-110,-110,-110,-110,-110,-110,-110,-110,-110,-110,-110,-110,-110,-110,-110,-110,-110,-110,-110,-110,-110,-110,-110,-110,-110,-110,-110,-110,-110,-110,-110,-110,-110,-110,-110,-110,-110,-110,-110,-110,-110,-110,-110,-110,-110,-110,-110,-110,-110,-110,-110,-110,-110,-110,-110,-110,-110,-110,-110,-110,-110,-110,-110,-110,-110,-110,-110,-110,-110,-110,-110,-110,-110,-110,-110,-110,-110,-110,-110,-110,-110,-110,-110,-110,-110,-110,-110,-110,-110,-110,-110,-110,-110,-110,-110,-110,-110,-110,-110,-110,-110,-110,-110,-110,-110,-110,-110,-110,-110,-110,-110,-110,-110,-110,-110,-110,-110,-110,-110,-110,-110,-110,-110,-110,-110,-110,-110,-110,-110,-110,-110,-110,-110,-110,-110,-110,-110,-110,-110,-110,-110,-110,-110,-110,-110,-110,-110,-110,-110,-110,-110,-110,-110,-110,-110,-110,-110,-110,-110,-110,-110,-110,-110,-110,-110,-110,-110,-110,-110,-110,-110,-110,-110,-110,-110,-110,-110,-110,-110,-110,-110,-110,-110,-110,-110,-110,-110,-110,-110,-110,-110,-110,-110,-110,-110,-110,-110,-110,-110,-110,-110,-110,-110,-110,-110,-110,-110,-110,-110,-110,-110,-110,-110,-110,-110,-110,-110,-110,-110,-110,-110,-110,-110,-110,-110,-110,-110,-110,-110,-110,-110,-110,-110,-110,-110,-110,-110,-110,-110,-110,-110,-110,-110,-110,-110,-110,-110,-110,-110,-110,-110,-110,-110,-110,-110,-110,-110,-110,-110,-110,-110,-110,-110,-110,-110,-110,-110,-110,-110,-110,-110,-110,-110,-110,-110,-110,-110,-110,-110,-110,-110,-110,-110,-110,-110,-110,-110,-110,-110,-110,-110,-110,-110,-110,-110,-110,-110,-110,-110,-110,-110,-110,-110,-110,-110,-110,-110,-110,-110,-110,-110,-110,-110,-110,-110,-110,-110,-110,-110,-110,-110,-110,-110,-110,-110,-110,-110,-110,-110,-110,-110,-110,-110,-110,-110,-110,-110,-110,-110,-110,-110,-110,-110,-110,-110,-110,-110,-110,-110,-110,-110,-110,-110,-110,-110,-110
39,12.91385188,23.8522317,5,-82,-110,-110,-79,-110,-81,-110,-76,-110,-110,-110,-110,-110,-110,-87,-110,-83,-110,-110,-110,-110,-110,-110,-110,-75,-110,-80,-76,-110,-84,-110,-110,-85,-83,-110,-110,-110,-110,-110,-110,-90,-110,-110,-110,-110,-110,-110,-88,-84,-110,-83,-110,-93,-85,-110,-110,-110,-110,-91,-110,-110,-91,-72,-72,-89,-110,-110,-110,-84,-110,-110,-110,-88,-110,-84,-110,-110,-110,-110,-110,-110,-110,-110,-110,-110,-88,-88,-110,-110,-110,-110,-110,-110,-110,-110,-110,-110,-87,-88,-110,-110,-110,-110,-110,-110,-110,-110,-110,-110,-110,-110,-110,-110,-110,-110,-110,-110,-110,-110,-110,-110,-110,-110,-110,-110,-110,-110,-110,-110,-110,-110,-110,-110,-110,-110,-110,-110,-110,-110,-110,-110,-110,-110,-110,-110,-110,-110,-110,-110,-110,-110,-110,-110,-110,-110,-110,-110,-110,-110,-110,-110,-110,-110,-110,-110,-110,-110,-110,-110,-110,-110,-110,-110,-110,-110,-110,-110,-110,-110,-110,-110,-110,-110,-110,-110,-110,-110,-110,-110,-110,-110,-110,-110,-110,-110,-110,-110,-110,-110,-110,-110,-110,-110,-110,-110,-110,-110,-110,-110,-110,-110,-110,-110,-110,-110,-110,-110,-110,-110,-110,-110,-110,-110,-110,-110,-110,-110,-110,-110,-110,-110,-110,-110,-110,-110,-110,-110,-110,-110,-110,-110,-110,-110,-110,-110,-110,-110,-110,-110,-110,-110,-110,-110,-110,-110,-110,-110,-110,-110,-110,-110,-110,-110,-110,-110,-110,-110,-110,-110,-110,-110,-110,-110,-110,-110,-110,-110,-110,-110,-110,-110,-110,-110,-110,-110,-110,-110,-110,-110,-110,-110,-110,-110,-110,-110,-110,-110,-110,-110,-110,-110,-110,-110,-110,-110,-110,-110,-110,-110,-110,-110,-110,-110,-110,-110,-110,-110,-110,-110,-110,-110,-110,-110,-110,-110,-110,-110,-110,-110,-110,-110,-110,-110,-110,-110,-110,-110,-110,-110,-110,-110,-110,-110,-110,-110,-110,-110,-110,-110,-110,-110,-110,-110,-110,-110,-110,-110,-110,-110,-110,-110,-110,-110,-110,-110,-110,-110,-110,-110,-110,-110,-110,-110,-110,-110,-110,-110,-110,-110,-110,-110,-110,-110,-110,-110,-110,-110,-110,-110,-110,-110,-110,-110,-110,-110,-110,-110,-110,-110,-110,-110,-110,-110,-110,-110,-110,-110,-110,-110,-110,-110,-110,-110,-110,-110,-110,-110,-110,-110,-110,-110,-110,-110,-110,-110,-110,-110,-110,-110,-110,-110,-110,-110,-110,-110,-110,-110,-110,-110,-110,-110,-110,-110,-110,-110,-110,-110,-110,-110,-110,-110,-110,-110,-110,-110,-110,-110,-110,-110,-110,-110,-110,-110,-110,-110,-110,-110,-110,-110,-110,-110,-110,-110,-110,-110,-110,-110,-110,-110,-110,-110,-110,-110,-110,-110,-110,-110,-110,-110,-110,-110,-110,-110,-110,-110,-110,-110,-110,-110,-110,-110,-110,-110,-110,-110,-110,-110,-110,-110,-110,-110,-110,-110,-110,-110,-110,-110,-110,-110,-110,-110,-110,-110,-110,-110,-110,-110,-110,-110,-110,-110,-110,-110,-110,-110,-110,-110,-110,-110,-110,-110,-110,-110,-110,-110,-110,-110,-110,-110,-110,-110,-110,-110,-110,-110,-110,-110,-110,-110,-110,-110,-110,-110,-110,-110,-110,-110,-110,-110,-110,-110,-110,-110,-110,-110,-110,-110,-110,-110,-110,-110,-110,-110,-110,-110,-110,-110,-110,-110,-110,-110,-110,-110,-110,-110,-110,-110,-110,-110,-110,-110,-110,-110,-110,-110,-110,-110,-110,-110,-110,-110,-110,-110,-110,-110,-110,-110,-110,-110,-110
39,12.91385188,23.8522317,5,-76,-110,-110,-74,-110,-76,-110,-75,-110,-110,-110,-110,-91,-110,-80,-110,-83,-110,-110,-110,-110,-110,-110,-110,-71,-110,-86,-73,-110,-110,-110,-110,-83,-81,-110,-110,-110,-110,-110,-110,-110,-88,-110,-110,-110,-110,-84,-82,-83,-90,-84,-110,-89,-85,-110,-110,-110,-110,-90,-110,-110,-110,-75,-77,-110,-110,-110,-110,-110,-92,-110,-85,-110,-110,-110,-110,-110,-110,-110,-110,-110,-110,-110,-110,-110,-85,-110,-110,-110,-110,-110,-110,-110,-110,-110,-110,-110,-110,-110,-110,-110,-110,-110,-110,-110,-110,-91,-110,-110,-110,-110,-110,-110,-110,-110,-110,-110,-110,-110,-110,-110,-110,-110,-110,-110,-110,-110,-110,-110,-110,-110,-110,-110,-110,-110,-110,-110,-110,-110,-110,-110,-110,-110,-110,-110,-110,-110,-110,-110,-110,-110,-110,-110,-110,-110,-110,-110,-110,-110,-110,-110,-110,-110,-110,-110,-110,-110,-110,-110,-110,-110,-110,-110,-110,-110,-110,-110,-110,-110,-110,-110,-110,-110,-110,-110,-110,-110,-110,-110,-110,-110,-110,-110,-110,-110,-110,-110,-110,-110,-110,-110,-110,-110,-110,-110,-110,-110,-110,-110,-110,-110,-110,-110,-110,-110,-110,-110,-110,-110,-110,-110,-110,-110,-110,-110,-110,-110,-110,-110,-110,-110,-110,-110,-110,-110,-110,-110,-110,-110,-110,-110,-110,-110,-110,-110,-110,-110,-110,-110,-110,-110,-110,-110,-110,-110,-110,-110,-110,-110,-110,-110,-110,-110,-110,-110,-110,-110,-110,-110,-110,-110,-110,-110,-110,-110,-110,-110,-110,-110,-110,-110,-110,-110,-110,-110,-110,-110,-110,-110,-110,-110,-110,-110,-110,-110,-110,-110,-110,-110,-110,-110,-110,-110,-110,-110,-110,-110,-110,-110,-110,-110,-110,-110,-110,-110,-110,-110,-110,-110,-110,-110,-110,-110,-110,-110,-110,-110,-110,-110,-110,-110,-110,-110,-110,-110,-110,-110,-110,-110,-110,-110,-110,-110,-110,-110,-110,-110,-110,-110,-110,-110,-110,-110,-110,-110,-110,-110,-110,-110,-110,-110,-110,-110,-110,-110,-110,-110,-110,-110,-110,-110,-110,-110,-110,-110,-110,-110,-110,-110,-110,-110,-110,-110,-110,-110,-110,-110,-110,-110,-110,-110,-110,-110,-110,-110,-110,-110,-110,-110,-110,-110,-110,-110,-110,-110,-110,-110,-110,-110,-110,-110,-110,-110,-110,-110,-110,-110,-110,-110,-110,-110,-110,-110,-110,-110,-110,-110,-110,-110,-110,-110,-110,-110,-110,-110,-110,-110,-110,-110,-110,-110,-110,-110,-110,-110,-110,-110,-110,-110,-110,-110,-110,-110,-110,-110,-110,-110,-110,-110,-110,-110,-110,-110,-110,-110,-110,-110,-110,-110,-110,-110,-110,-110,-110,-110,-110,-110,-110,-110,-110,-110,-110,-110,-110,-110,-110,-110,-110,-110,-110,-110,-110,-110,-110,-110,-110,-110,-110,-110,-110,-110,-110,-110,-110,-110,-110,-110,-110,-110,-110,-110,-110,-110,-110,-110,-110,-110,-110,-110,-110,-110,-110,-110,-110,-110,-110,-110,-110,-110,-110,-110,-110,-110,-110,-110,-110,-110,-110,-110,-110,-110,-110,-110,-110,-110,-110,-110,-110,-110,-110,-110,-110,-110,-110,-110,-110,-110,-110,-110,-110,-110,-110,-110,-110,-110,-110,-110,-110,-110,-110,-110,-110,-110,-110,-110,-110,-110,-110,-110,-110,-110,-110,-110,-110,-110,-110,-110,-110,-110,-110,-110,-110,-110,-110,-110,-110,-110,-110,-110,-110,-110,-110,-110,-110,-110,-110,-110,-110,-110,-110,-110,-110,-110,-110,-110,-110,-110,-110,-110,-110
39,12.91385188,23.8522317,5,-76,-110,-110,-77,-110,-77,-110,-76,-110,-110,-110,-110,-110,-110,-88,-110,-81,-110,-110,-110,-110,-110,-110,-110,-69,-110,-84,-73,-110,-84,-110,-110,-85,-83,-110,-110,-110,-110,-110,-110,-110,-110,-110,-110,-110,-110,-83,-86,-83,-110,-110,-110,-87,-81,-110,-110,-110,-110,-110,-110,-110,-110,-75,-77,-110,-110,-110,-110,-85,-110,-87,-110,-110,-110,-85,-110,-110,-110,-110,-110,-110,-110,-110,-110,-110,-86,-87,-110,-110,-110,-110,-110,-110,-110,-110,-110,-110,-89,-90,-110,-110,-110,-110,-110,-110,-110,-110,-110,-110,-110,-110,-110,-110,-110,-110,-110,-110,-110,-110,-110,-110,-110,-110,-110,-110,-110,-110,-110,-110,-110,-110,-110,-110,-110,-110,-110,-110,-110,-110,-110,-110,-110,-110,-110,-110,-110,-110,-110,-110,-110,-110,-110,-110,-110,-110,-110,-110,-110,-110,-110,-110,-110,-110,-110,-110,-110,-110,-110,-110,-110,-110,-110,-110,-110,-110,-110,-110,-110,-110,-110,-110,-110,-110,-110,-110,-110,-110,-110,-110,-110,-110,-110,-110,-110,-110,-110,-110,-110,-110,-110,-110,-110,-110,-110,-110,-110,-110,-110,-110,-110,-110,-110,-110,-110,-110,-110,-110,-110,-110,-110,-110,-110,-110,-110,-110,-110,-110,-110,-110,-110,-110,-110,-110,-110,-110,-110,-110,-110,-110,-110,-110,-110,-110,-110,-110,-110,-110,-110,-110,-110,-110,-110,-110,-110,-110,-110,-110,-110,-110,-110,-110,-110,-110,-110,-110,-110,-110,-110,-110,-110,-110,-110,-110,-110,-110,-110,-110,-110,-110,-110,-110,-110,-110,-110,-110,-110,-110,-110,-110,-110,-110,-110,-110,-110,-110,-110,-110,-110,-110,-110,-110,-110,-110,-110,-110,-110,-110,-110,-110,-110,-110,-110,-110,-110,-110,-110,-110,-110,-110,-110,-110,-110,-110,-110,-110,-110,-110,-110,-110,-110,-110,-110,-110,-110,-110,-110,-110,-110,-110,-110,-110,-110,-110,-110,-110,-110,-110,-110,-110,-110,-110,-110,-110,-110,-110,-110,-110,-110,-110,-110,-110,-110,-110,-110,-110,-110,-110,-110,-110,-110,-110,-110,-110,-110,-110,-110,-110,-110,-110,-110,-110,-110,-110,-110,-110,-110,-110,-110,-110,-110,-110,-110,-110,-110,-110,-110,-110,-110,-110,-110,-110,-110,-110,-110,-110,-110,-110,-110,-110,-110,-110,-110,-110,-110,-110,-110,-110,-110,-110,-110,-110,-110,-110,-110,-110,-110,-110,-110,-110,-110,-110,-110,-110,-110,-110,-110,-110,-110,-110,-110,-110,-110,-110,-110,-110,-110,-110,-110,-110,-110,-110,-110,-110,-110,-110,-110,-110,-110,-110,-110,-110,-110,-110,-110,-110,-110,-110,-110,-110,-110,-110,-110,-110,-110,-110,-110,-110,-110,-110,-110,-110,-110,-110,-110,-110,-110,-110,-110,-110,-110,-110,-110,-110,-110,-110,-110,-110,-110,-110,-110,-110,-110,-110,-110,-110,-110,-110,-110,-110,-110,-110,-110,-110,-110,-110,-110,-110,-110,-110,-110,-110,-110,-110,-110,-110,-110,-110,-110,-110,-110,-110,-110,-110,-110,-110,-110,-110,-110,-110,-110,-110,-110,-110,-110,-110,-110,-110,-110,-110,-110,-110,-110,-110,-110,-110,-110,-110,-110,-110,-110,-110,-110,-110,-110,-110,-110,-110,-110,-110,-110,-110,-110,-110,-110,-110,-110,-110,-110,-110,-110,-110,-110,-110,-110,-110,-110,-110,-110,-110,-110,-110,-110,-110,-110,-110,-110,-110,-110,-110,-110,-110,-110,-110,-110,-110,-110,-110,-110,-110,-110,-110,-110,-110,-110,-110,-110,-110,-110,-110,-110
39,12.91385188,23.8522317,5,-78,-110,-110,-76,-110,-77,-110,-74,-110,-110,-110,-110,-110,-110,-84,-110,-79,-110,-110,-110,-110,-110,-110,-110,-75,-110,-86,-73,-110,-88,-110,-110,-83,-84,-110,-110,-110,-110,-110,-110,-90,-90,-110,-110,-110,-110,-110,-85,-86,-110,-85,-84,-88,-81,-110,-110,-110,-110,-110,-110,-110,-110,-75,-77,-110,-110,-110,-110,-88,-90,-110,-110,-110,-110,-83,-110,-110,-110,-110,-110,-110,-110,-110,-110,-110,-85,-110,-110,-110,-110,-110,-110,-110,-110,-110,-87,-110,-84,-84,-110,-110,-110,-110,-110,-110,-110,-110,-110,-110,-110,-110,-110,-110,-110,-110,-110,-110,-110,-110,-110,-110,-110,-110,-110,-110,-110,-110,-110,-110,-89,-94,-110,-110,-110,-110,-110,-110,-110,-110,-110,-110,-110,-110,-110,-110,-110,-110,-110,-110,-110,-110,-110,-110,-110,-110,-110,-110,-110,-110,-110,-110,-110,-110,-110,-110,-110,-110,-110,-110,-110,-110,-110,-110,-110,-110,-110,-110,-110,-110,-110,-110,-110,-110,-110,-110,-110,-110,-110,-110,-110,-110,-110,-110,-110,-110,-110,-110,-110,-110,-110,-110,-110,-110,-110,-110,-110,-110,-110,-110,-110,-110,-110,-110,-92,-110,-110,-110,-110,-110,-110,-110,-110,-110,-110,-110,-110,-110,-110,-110,-110,-110,-110,-110,-110,-110,-110,-110,-110,-110,-110,-110,-110,-110,-110,-110,-110,-110,-110,-110,-110,-110,-110,-110,-110,-110,-110,-110,-110,-110,-110,-110,-110,-110,-110,-110,-110,-110,-110,-110,-110,-110,-110,-110,-110,-110,-110,-110,-110,-110,-110,-110,-110,-110,-110,-110,-110,-110,-110,-110,-110,-110,-110,-110,-110,-110,-110,-110,-110,-110,-110,-110,-110,-110,-110,-110,-110,-110,-110,-110,-110,-110,-110,-110,-110,-110,-110,-110,-110,-110,-110,-110,-110,-110,-110,-110,-110,-110,-110,-110,-110,-110,-110,-110,-110,-110,-110,-110,-110,-110,-110,-110,-110,-110,-110,-110,-110,-110,-110,-110,-110,-110,-110,-110,-110,-110,-110,-110,-110,-110,-110,-110,-110,-110,-110,-110,-110,-110,-110,-110,-110,-110,-110,-110,-110,-110,-110,-110,-110,-110,-110,-110,-110,-110,-110,-110,-110,-110,-110,-110,-110,-110,-110,-110,-110,-110,-110,-110,-110,-110,-110,-110,-110,-110,-110,-110,-110,-110,-110,-110,-110,-110,-110,-110,-110,-110,-110,-110,-110,-110,-110,-110,-110,-110,-110,-110,-110,-110,-110,-110,-110,-110,-110,-110,-110,-110,-110,-110,-110,-110,-110,-110,-110,-110,-110,-110,-110,-110,-110,-110,-110,-110,-110,-110,-110,-110,-110,-110,-110,-110,-110,-110,-110,-110,-110,-110,-110,-110,-110,-110,-110,-110,-110,-110,-110,-110,-110,-110,-110,-110,-110,-110,-110,-110,-110,-110,-110,-110,-110,-110,-110,-110,-110,-110,-110,-110,-110,-110,-110,-110,-110,-110,-110,-110,-110,-110,-110,-110,-110,-110,-110,-110,-110,-110,-110,-110,-110,-110,-110,-110,-110,-110,-110,-110,-110,-110,-110,-110,-110,-110,-110,-110,-110,-110,-110,-110,-110,-110,-110,-110,-110,-110,-110,-110,-110,-110,-110,-110,-110,-110,-110,-110,-110,-110,-110,-110,-110,-110,-110,-110,-110,-110,-110,-110,-110,-110,-110,-110,-110,-110,-110,-110,-110,-110,-110,-110,-110,-110,-110,-110,-110,-110,-110,-110,-110,-110,-110,-110,-110,-110,-110,-110,-110,-110,-110,-110,-110,-110,-110,-110,-110,-110,-110,-110,-110,-110,-110,-110,-110,-110,-110,-110,-110,-110,-110,-110,-110,-110,-110,-110,-110
39,12.91385188,23.8522317,5,-79,-110,-110,-78,-110,-79,-110,-74,-110,-110,-110,-110,-110,-110,-79,-110,-80,-110,-110,-110,-110,-110,-110,-110,-74,-110,-110,-77,-110,-90,-110,-110,-85,-84,-110,-110,-110,-110,-110,-110,-90,-89,-110,-110,-110,-110,-87,-110,-85,-87,-87,-83,-86,-83,-110,-110,-110,-110,-110,-110,-110,-110,-73,-73,-110,-110,-110,-110,-85,-110,-86,-89,-110,-110,-79,-110,-110,-110,-110,-110,-110,-110,-110,-110,-110,-86,-110,-110,-110,-110,-110,-110,-110,-110,-91,-110,-110,-85,-86,-110,-110,-110,-110,-110,-110,-110,-110,-110,-110,-110,-110,-110,-110,-110,-110,-110,-110,-110,-110,-110,-110,-110,-110,-110,-110,-110,-110,-110,-110,-110,-90,-110,-110,-110,-110,-110,-110,-110,-110,-110,-110,-110,-110,-110,-110,-110,-110,-110,-110,-110,-110,-110,-110,-110,-110,-110,-110,-110,-110,-110,-110,-110,-110,-110,-110,-110,-110,-110,-110,-110,-110,-110,-110,-110,-110,-110,-110,-110,-110,-110,-110,-110,-110,-110,-110,-110,-110,-110,-110,-110,-110,-110,-110,-110,-110,-110,-110,-110,-110,-110,-110,-110,-110,-110,-110,-110,-110,-110,-110,-110,-110,-110,-110,-110,-110,-110,-110,-110,-110,-110,-110,-110,-110,-110,-110,-110,-110,-110,-110,-110,-110,-110,-110,-110,-110,-110,-110,-110,-110,-110,-110,-110,-110,-110,-110,-110,-110,-110,-110,-110,-110,-110,-110,-110,-110,-110,-110,-110,-110,-110,-110,-110,-110,-110,-110,-110,-110,-110,-110,-110,-110,-110,-110,-110,-110,-110,-110,-110,-110,-110,-110,-110,-110,-110,-110,-110,-110,-110,-110,-110,-110,-110,-110,-110,-110,-110,-110,-110,-110,-110,-110,-110,-110,-110,-110,-110,-110,-110,-110,-110,-110,-110,-110,-110,-110,-110,-110,-110,-110,-110,-110,-110,-110,-110,-110,-110,-110,-110,-110,-110,-110,-110,-110,-110,-110,-110,-110,-110,-110,-110,-110,-110,-110,-110,-110,-110,-110,-110,-110,-110,-110,-110,-110,-110,-110,-110,-110,-110,-110,-110,-110,-110,-110,-110,-110,-110,-110,-110,-110,-110,-110,-110,-110,-110,-110,-110,-110,-110,-110,-110,-110,-110,-110,-110,-110,-110,-110,-110,-110,-110,-110,-110,-110,-110,-110,-110,-110,-110,-110,-110,-110,-110,-110,-110,-110,-110,-110,-110,-110,-110,-110,-110,-110,-110,-110,-110,-110,-110,-110,-110,-110,-110,-110,-110,-110,-110,-110,-110,-110,-110,-110,-110,-110,-110,-110,-110,-110,-110,-110,-110,-110,-110,-110,-110,-110,-110,-110,-110,-110,-110,-110,-110,-110,-110,-110,-110,-110,-110,-110,-110,-110,-110,-110,-110,-110,-110,-110,-110,-110,-110,-110,-110,-110,-110,-110,-110,-110,-110,-110,-110,-110,-110,-110,-110,-110,-110,-110,-110,-110,-110,-110,-110,-110,-110,-110,-110,-110,-110,-110,-110,-110,-110,-110,-110,-110,-110,-110,-110,-110,-110,-110,-110,-110,-110,-110,-110,-110,-110,-110,-110,-110,-110,-110,-110,-110,-110,-110,-110,-110,-110,-110,-110,-110,-110,-110,-110,-110,-110,-110,-110,-110,-110,-110,-110,-110,-110,-110,-110,-110,-110,-110,-110,-110,-110,-110,-110,-110,-110,-110,-110,-110,-110,-110,-110,-110,-110,-110,-110,-110,-110,-110,-110,-110,-110,-110,-110,-110,-110,-110,-110,-110,-110,-110,-110,-110,-110,-110,-110,-110,-110,-110,-110,-110,-110,-110,-110,-110,-110,-110,-110,-110,-110,-110,-110,-110,-110,-110,-110,-110,-110,-110,-110,-110,-110,-110,-110,-110,-110,-110,-110
39,12.91385188,23.8522317,5,-79,-110,-110,-75,-110,-78,-110,-75,-110,-110,-110,-110,-110,-110,-81,-110,-81,-110,-110,-110,-110,-110,-110,-110,-72,-110,-87,-71,-110,-110,-110,-110,-86,-88,-110,-110,-110,-110,-110,-110,-90,-88,-110,-110,-110,-110,-87,-110,-86,-87,-84,-87,-88,-82,-110,-110,-110,-91,-110,-110,-110,-110,-74,-72,-110,-110,-110,-89,-86,-90,-87,-110,-110,-110,-82,-110,-110,-110,-110,-110,-110,-110,-110,-110,-110,-110,-87,-110,-110,-110,-110,-110,-110,-110,-110,-110,-110,-110,-110,-110,-110,-110,-110,-110,-110,-110,-89,-110,-110,-110,-110,-110,-110,-110,-110,-110,-110,-110,-110,-110,-110,-110,-110,-110,-110,-110,-110,-110,-110,-110,-91,-110,-110,-110,-110,-110,-110,-110,-110,-110,-110,-110,-110,-110,-110,-110,-110,-110,-110,-110,-110,-110,-110,-110,-110,-110,-110,-110,-110,-110,-110,-110,-110,-110,-110,-110,-110,-110,-110,-110,-110,-110,-110,-110,-110,-110,-110,-110,-110,-110,-110,-110,-110,-110,-110,-110,-110,-110,-110,-110,-110,-110,-110,-110,-110,-110,-110,-110,-110,-110,-110,-110,-110,-110,-110,-110,-110,-110,-110,-110,-110,-110,-110,-110,-110,-110,-110,-110,-110,-110,-110,-110,-110,-110,-110,-110,-110,-110,-110,-110,-110,-110,-110,-110,-110,-110,-110,-110,-110,-110,-110,-110,-110,-110,-110,-110,-110,-110,-110,-110,-110,-110,-110,-110,-110,-110,-110,-110,-110,-110,-110,-110,-110,-110,-110,-110,-110,-110,-110,-110,-110,-110,-110,-110,-110,-110,-110,-110,-110,-110,-110,-110,-110,-110,-110,-110,-110,-110,-110,-110,-110,-110,-110,-110,-110,-110,-110,-110,-110,-110,-110,-110,-110,-110,-110,-110,-110,-110,-110,-110,-110,-110,-110,-110,-110,-110,-110,-110,-110,-110,-110,-110,-110,-110,-110,-110,-110,-110,-110,-110,-110,-110,-110,-110,-110,-110,-110,-110,-110,-110,-110,-110,-110,-110,-110,-110,-110,-110,-110,-110,-110,-110,-110,-110,-110,-110,-110,-110,-110,-110,-110,-110,-110,-110,-110,-110,-110,-110,-110,-110,-110,-110,-110,-110,-110,-110,-110,-110,-110,-110,-110,-110,-110,-110,-110,-110,-110,-110,-110,-110,-110,-110,-110,-110,-110,-110,-110,-110,-110,-110,-110,-110,-110,-110,-110,-110,-110,-110,-110,-110,-110,-110,-110,-110,-110,-110,-110,-110,-110,-110,-110,-110,-110,-110,-110,-110,-110,-110,-110,-110,-110,-110,-110,-110,-110,-110,-110,-110,-110,-110,-110,-110,-110,-110,-110,-110,-110,-110,-110,-110,-110,-110,-110,-110,-110,-110,-110,-110,-110,-110,-110,-110,-110,-110,-110,-110,-110,-110,-110,-110,-110,-110,-110,-110,-110,-110,-110,-110,-110,-110,-110,-110,-110,-110,-110,-110,-110,-110,-110,-110,-110,-110,-110,-110,-110,-110,-110,-110,-110,-110,-110,-110,-110,-110,-110,-110,-110,-110,-110,-110,-110,-110,-110,-110,-110,-110,-110,-110,-110,-110,-110,-110,-110,-110,-110,-110,-110,-110,-110,-110,-110,-110,-110,-110,-110,-110,-110,-110,-110,-110,-110,-110,-110,-110,-110,-110,-110,-110,-110,-110,-110,-110,-110,-110,-110,-110,-110,-110,-110,-110,-110,-110,-110,-110,-110,-110,-110,-110,-110,-110,-110,-110,-110,-110,-110,-110,-110,-110,-110,-110,-110,-110,-110,-110,-110,-110,-110,-110,-110,-110,-110,-110,-110,-110,-110,-110,-110,-110,-110,-110,-110,-110,-110,-110,-110,-110,-110,-110,-110,-110,-110,-110,-110,-110,-110,-110,-110,-110,-110,-110
40,4.1347719,25.64033581,5,-82,-83,-85,-87,-110,-81,-87,-110,-85,-110,-110,-110,-110,-110,-60,-110,-61,-110,-110,-110,-110,-110,-110,-110,-89,-110,-84,-89,-110,-110,-110,-110,-110,-110,-110,-110,-110,-110,-110,-110,-110,-110,-110,-110,-110,-110,-110,-110,-73,-110,-72,-79,-110,-78,-110,-110,-110,-110,-110,-110,-110,-110,-110,-91,-110,-110,-110,-110,-64,-110,-68,-110,-110,-110,-110,-110,-110,-110,-110,-110,-110,-110,-110,-110,-110,-110,-110,-110,-110,-110,-110,-110,-110,-110,-110,-110,-110,-110,-110,-110,-110,-110,-110,-110,-110,-110,-110,-110,-110,-110,-110,-110,-110,-110,-110,-110,-110,-110,-110,-110,-110,-110,-110,-110,-110,-110,-110,-110,-110,-110,-110,-110,-110,-110,-110,-110,-110,-110,-110,-110,-110,-110,-110,-110,-110,-110,-110,-110,-110,-110,-110,-110,-110,-110,-110,-110,-110,-110,-110,-110,-110,-110,-110,-110,-110,-110,-110,-110,-110,-110,-110,-110,-110,-110,-110,-110,-110,-110,-110,-110,-110,-110,-110,-110,-110,-110,-110,-110,-110,-110,-110,-110,-110,-110,-110,-110,-110,-110,-110,-110,-110,-110,-110,-110,-110,-110,-110,-110,-110,-110,-110,-110,-110,-110,-110,-110,-110,-110,-110,-110,-110,-110,-110,-110,-110,-110,-110,-110,-110,-110,-110,-110,-110,-110,-110,-110,-110,-110,-110,-110,-110,-110,-110,-110,-110,-110,-110,-110,-110,-110,-110,-110,-110,-110,-110,-110,-110,-110,-110,-110,-110,-110,-110,-110,-110,-110,-110,-110,-110,-110,-110,-110,-110,-110,-110,-110,-110,-110,-110,-110,-110,-110,-110,-110,-110,-110,-110,-110,-110,-110,-110,-110,-110,-110,-110,-110,-110,-110,-110,-110,-110,-110,-110,-110,-110,-110,-110,-110,-110,-110,-110,-110,-110,-110,-110,-110,-110,-110,-110,-110,-110,-110,-110,-110,-110,-110,-110,-110,-110,-110,-110,-110,-110,-110,-110,-110,-110,-110,-110,-110,-110,-110,-110,-110,-110,-110,-110,-110,-110,-110,-110,-110,-110,-110,-110,-110,-110,-110,-110,-110,-110,-110,-110,-110,-110,-110,-110,-110,-110,-110,-110,-110,-110,-110,-110,-110,-110,-110,-110,-110,-110,-110,-110,-110,-110,-110,-110,-110,-110,-110,-110,-110,-110,-110,-110,-110,-110,-110,-110,-110,-110,-110,-110,-110,-110,-110,-110,-110,-110,-110,-110,-110,-110,-110,-110,-110,-110,-110,-110,-110,-110,-110,-110,-110,-110,-110,-110,-110,-110,-110,-110,-110,-110,-110,-110,-110,-110,-110,-110,-110,-110,-110,-110,-110,-110,-110,-110,-110,-110,-110,-110,-110,-110,-110,-110,-110,-110,-110,-110,-110,-110,-110,-110,-110,-110,-110,-110,-110,-110,-110,-110,-110,-110,-110,-110,-110,-110,-110,-110,-110,-110,-110,-110,-110,-110,-110,-110,-110,-110,-110,-110,-110,-110,-110,-110,-110,-110,-110,-110,-110,-110,-110,-110,-110,-110,-110,-110,-110,-110,-110,-110,-110,-110,-110,-110,-110,-110,-110,-110,-110,-110,-110,-110,-110,-110,-110,-110,-110,-110,-110,-110,-110,-110,-110,-110,-110,-110,-110,-110,-110,-110,-110,-110,-110,-110,-110,-110,-110,-110,-110,-110,-110,-110,-110,-110,-110,-110,-110,-110,-110,-110,-110,-110,-110,-110,-110,-110,-110,-110,-110,-110,-110,-110,-110,-110,-110,-110,-110,-110,-110,-110,-110,-110,-110,-110,-110,-110,-110,-110,-110,-110,-110,-110,-110,-110,-110,-110,-110,-110,-110,-110,-110,-110,-110,-110,-110,-110,-110,-110,-110,-110,-110,-110,-110,-110,-110,-110,-110,-110,-110
40,4.1347719,25.64033581,5,-81,-84,-85,-84,-110,-80,-86,-85,-85,-110,-110,-110,-110,-110,-62,-110,-62,-110,-110,-110,-110,-110,-110,-110,-87,-110,-110,-85,-110,-110,-110,-110,-91,-90,-110,-110,-110,-110,-110,-110,-110,-110,-110,-110,-110,-110,-110,-110,-68,-110,-68,-86,-110,-83,-110,-110,-110,-110,-110,-110,-110,-110,-91,-110,-110,-110,-110,-110,-62,-110,-110,-110,-110,-110,-110,-110,-110,-110,-110,-110,-110,-110,-110,-110,-110,-110,-110,-110,-110,-110,-110,-110,-110,-110,-110,-110,-110,-110,-110,-110,-110,-110,-110,-110,-110,-110,-110,-110,-110,-110,-110,-110,-110,-110,-110,-110,-110,-110,-110,-110,-110,-110,-110,-110,-110,-110,-110,-110,-110,-110,-110,-110,-110,-110,-110,-110,-110,-110,-110,-110,-110,-110,-110,-110,-110,-110,-110,-110,-110,-110,-110,-110,-110,-110,-110,-110,-110,-110,-110,-110,-110,-110,-110,-110,-110,-110,-110,-110,-110,-110,-110,-110,-110,-110,-110,-110,-110,-110,-110,-110,-110,-110,-110,-110,-110,-110,-110,-110,-110,-110,-110,-110,-110,-110,-110,-110,-110,-110,-110,-110,-110,-110,-110,-110,-110,-110,-110,-110,-110,-110,-110,-110,-110,-110,-110,-110,-110,-110,-110,-110,-110,-110,-110,-110,-110,-110,-110,-110,-110,-110,-110,-110,-110,-110,-110,-110,-110,-110,-110,-110,-110,-110,-110,-110,-110,-110,-110,-110,-110,-110,-110,-110,-110,-110,-110,-110,-110,-110,-110,-110,-110,-110,-110,-110,-110,-110,-110,-110,-110,-110,-110,-110,-110,-110,-110,-110,-110,-110,-110,-110,-110,-110,-110,-110,-110,-110,-110,-110,-110,-110,-110,-110,-110,-110,-110,-110,-110,-110,-110,-110,-110,-110,-110,-110,-110,-110,-110,-110,-110,-110,-110,-110,-110,-110,-110,-110,-110,-110,-110,-110,-110,-110,-110,-110,-110,-110,-110,-110,-110,-110,-110,-110,-110,-110,-110,-110,-110,-110,-110,-110,-110,-110,-110,-110,-110,-110,-110,-110,-110,-110,-110,-110,-110,-110,-110,-110,-110,-110,-110,-110,-110,-110,-110,-110,-110,-110,-110,-110,-110,-110,-110,-110,-110,-110,-110,-110,-110,-110,-110,-110,-110,-110,-110,-110,-110,-110,-110,-110,-110,-110,-110,-110,-110,-110,-110,-110,-110,-110,-110,-110,-110,-110,-110,-110,-110,-110,-110,-110,-110,-110,-110,-110,-110,-110,-110,-110,-110,-110,-110,-110,-110,-110,-110,-110,-110,-110,-110,-110,-110,-110,-110,-110,-110,-110,-110,-110,-110,-110,-110,-110,-110,-110,-110,-110,-110,-110,-110,-110,-110,-110,-110,-110,-110,-110,-110,-110,-110,-110,-110,-110,-110,-110,-110,-110,-110,-110,-110,-110,-110,-110,-110,-110,-110,-110,-110,-110,-110,-110,-110,-110,-110,-110,-110,-110,-110,-110,-110,-110,-110,-110,-110,-110,-110,-110,-110,-110,-110,-110,-110,-110,-110,-110,-110,-110,-110,-110,-110,-110,-110,-110,-110,-110,-110,-110,-110,-110,-110,-110,-110,-110,-110,-110,-110,-110,-110,-110,-110,-110,-110,-110,-110,-110,-110,-110,-110,-110,-110,-110,-110,-110,-110,-110,-110,-110,-110,-110,-110,-110,-110,-110,-110,-110,-110,-110,-110,-110,-110,-110,-110,-110,-110,-110,-110,-110,-110,-110,-110,-110,-110,-110,-110,-110,-110,-110,-110,-110,-110,-110,-110,-110,-110,-110,-110,-110,-110,-110,-110,-110,-110,-110,-110,-110,-110,-110,-110,-110,-110,-110,-110,-110,-110,-110,-110,-110,-110,-110,-110,-110,-110,-110,-110,-110,-110,-110,-110,-110,-110,-110,-110,-110
40,4.1347719,25.64033581,5,-80,-85,-87,-110,-110,-81,-85,-86,-83,-110,-110,-110,-110,-110,-60,-110,-58,-110,-110,-110,-110,-110,-110,-110,-88,-110,-85,-85,-110,-110,-110,-110,-110,-91,-110,-110,-110,-110,-110,-110,-110,-110,-110,-110,-110,-110,-110,-110,-69,-110,-69,-86,-110,-84,-110,-110,-110,-110,-110,-110,-110,-110,-110,-91,-110,-110,-110,-110,-62,-110,-63,-110,-110,-110,-110,-110,-110,-110,-110,-110,-110,-110,-110,-110,-110,-110,-110,-110,-110,-110,-110,-110,-110,-110,-110,-110,-110,-110,-110,-110,-110,-110,-110,-110,-110,-110,-110,-110,-110,-110,-110,-110,-110,-110,-110,-110,-110,-110,-110,-110,-110,-110,-110,-110,-110,-110,-110,-110,-110,-110,-110,-110,-110,-110,-110,-110,-110,-110,-110,-110,-110,-110,-110,-110,-110,-110,-110,-110,-110,-110,-110,-110,-110,-110,-110,-110,-110,-110,-110,-110,-110,-110,-110,-110,-110,-110,-110,-110,-110,-110,-110,-110,-110,-110,-110,-110,-110,-110,-110,-110,-110,-110,-110,-110,-110,-110,-110,-110,-110,-110,-110,-110,-110,-110,-110,-110,-110,-110,-110,-110,-110,-110,-110,-110,-110,-110,-110,-110,-110,-110,-110,-110,-110,-110,-110,-110,-110,-110,-110,-110,-110,-110,-110,-110,-110,-110,-110,-110,-110,-110,-110,-110,-110,-110,-110,-110,-110,-110,-110,-110,-110,-110,-110,-110,-110,-110,-110,-110,-110,-110,-110,-110,-110,-110,-110,-110,-110,-110,-110,-110,-110,-110,-110,-110,-110,-110,-110,-110,-110,-110,-110,-110,-110,-110,-110,-110,-110,-110,-110,-110,-110,-110,-110,-110,-110,-110,-110,-110,-110,-110,-110,-110,-110,-110,-110,-110,-110,-110,-110,-110,-110,-110,-110,-110,-110,-110,-110,-110,-110,-110,-110,-110,-110,-110,-110,-110,-110,-110,-110,-110,-110,-110,-110,-110,-110,-110,-110,-110,-110,-110,-110,-110,-110,-110,-110,-110,-110,-110,-110,-110,-110,-110,-110,-110,-110,-110,-110,-110,-110,-110,-110,-110,-110,-110,-110,-110,-110,-110,-110,-110,-110,-110,-110,-110,-110,-110,-110,-110,-110,-110,-110,-110,-110,-110,-110,-110,-110,-110,-110,-110,-110,-110,-110,-110,-110,-110,-110,-110,-110,-110,-110,-110,-110,-110,-110,-110,-110,-110,-110,-110,-110,-110,-110,-110,-110,-110,-110,-110,-110,-110,-110,-110,-110,-110,-110,-110,-110,-110,-110,-110,-110,-110,-110,-110,-110,-110,-110,-110,-110,-110,-110,-110,-110,-110,-110,-110,-110,-110,-110,-110,-110,-110,-110,-110,-110,-110,-110,-110,-110,-110,-110,-110,-110,-110,-110,-110,-110,-110,-110,-110,-110,-110,-110,-110,-110,-110,-110,-110,-110,-110,-110,-110,-110,-110,-110,-110,-110,-110,-110,-110,-110,-110,-110,-110,-110,-110,-110,-110,-110,-110,-110,-110,-110,-110,-110,-110,-110,-110,-110,-110,-110,-110,-110,-110,-110,-110,-110,-110,-110,-110,-110,-110,-110,-110,-110,-110,-110,-110,-110,-110,-110,-110,-110,-110,-110,-110,-110,-110,-110,-110,-110,-110,-110,-110,-110,-110,-110,-110,-110,-110,-110,-110,-110,-110,-110,-110,-110,-110,-110,-110,-110,-110,-110,-110,-110,-110,-110,-110,-110,-110,-110,-110,-110,-110,-110,-110,-110,-110,-110,-110,-110,-110,-110,-110,-110,-110,-110,-110,-110,-110,-110,-110,-110,-110,-110,-110,-110,-110,-110,-110,-110,-110,-110,-110,-110,-110,-110,-110,-110,-110,-110,-110,-110,-110,-110,-110,-110,-110,-110,-110,-110,-110,-110,-110,-110,-110,-110,-110,-110,-110
40,4.1347719,25.64033581,5,-80,-86,-110,-83,-110,-83,-87,-89,-84,-110,-110,-110,-110,-110,-58,-110,-58,-110,-110,-110,-110,-110,-110,-110,-88,-110,-83,-85,-110,-83,-110,-110,-110,-90,-110,-110,-110,-110,-110,-110,-110,-110,-110,-110,-110,-110,-110,-110,-72,-110,-74,-81,-110,-82,-110,-110,-110,-110,-110,-110,-110,-110,-110,-91,-110,-110,-90,-110,-63,-110,-110,-110,-110,-110,-89,-110,-110,-110,-110,-110,-110,-110,-110,-110,-110,-110,-110,-110,-110,-110,-110,-110,-110,-110,-110,-110,-110,-110,-110,-110,-110,-110,-110,-110,-110,-110,-110,-110,-110,-110,-110,-110,-110,-110,-110,-110,-110,-110,-110,-110,-110,-110,-110,-110,-110,-110,-110,-110,-110,-110,-110,-110,-110,-110,-110,-110,-110,-110,-110,-110,-110,-110,-110,-110,-110,-110,-110,-110,-110,-110,-110,-110,-110,-110,-110,-110,-110,-110,-110,-110,-110,-110,-110,-110,-110,-110,-110,-110,-110,-110,-110,-110,-110,-110,-110,-110,-110,-110,-110,-110,-110,-110,-110,-110,-110,-110,-110,-110,-110,-110,-110,-110,-110,-110,-110,-110,-110,-110,-110,-110,-110,-110,-110,-110,-110,-110,-110,-110,-110,-110,-110,-110,-110,-110,-110,-110,-110,-110,-110,-110,-110,-110,-110,-110,-110,-110,-110,-110,-110,-110,-110,-110,-110,-110,-110,-110,-110,-110,-110,-110,-110,-110,-110,-110,-110,-110,-110,-110,-110,-110,-110,-110,-110,-110,-110,-110,-110,-110,-110,-110,-110,-110,-110,-110,-110,-110,-110,-110,-110,-110,-110,-110,-110,-110,-110,-110,-110,-110,-110,-110,-110,-110,-110,-110,-110,-110,-110,-110,-110,-110,-110,-110,-110,-110,-110,-110,-110,-110,-110,-110,-110,-110,-110,-110,-110,-110,-110,-110,-110,-110,-110,-110,-110,-110,-110,-110,-110,-110,-110,-110,-110,-110,-110,-110,-110,-110,-110,-110,-110,-110,-110,-110,-110,-110,-110,-110,-110,-110,-110,-110,-110,-110,-110,-110,-110,-110,-110,-110,-110,-110,-110,-110,-110,-110,-110,-110,-110,-110,-110,-110,-110,-110,-110,-110,-110,-110,-110,-110,-110,-110,-110,-110,-110,-110,-110,-110,-110,-110,-110,-110,-110,-110,-110,-110,-110,-110,-110,-110,-110,-110,-110,-110,-110,-110,-110,-110,-110,-110,-110,-110,-110,-110,-110,-110,-110,-110,-110,-110,-110,-110,-110,-110,-110,-110,-110,-110,-110,-110,-110,-110,-110,-110,-110,-110,-110,-110,-110,-110,-110,-110,-110,-110,-110,-110,-110,-110,-110,-110,-110,-110,-110,-110,-110,-110,-110,-110,-110,-110,-110,-110,-110,-110,-110,-110,-110,-110,-110,-110,-110,-110,-110,-110,-110,-110,-110,-110,-110,-110,-110,-110,-110,-110,-110,-110,-110,-110,-110,-110,-110,-110,-110,-110,-110,-110,-110,-110,-110,-110,-110,-110,-110,-110,-110,-110,-110,-110,-110,-110,-110,-110,-110,-110,-110,-110,-110,-110,-110,-110,-110,-110,-110,-110,-110,-110,-110,-110,-110,-110,-110,-110,-110,-110,-110,-110,-110,-110,-110,-110,-110,-110,-110,-110,-110,-110,-110,-110,-110,-110,-110,-110,-110,-110,-110,-110,-110,-110,-110,-110,-110,-110,-110,-110,-110,-110,-110,-110,-110,-110,-110,-110,-110,-110,-110,-110,-110,-110,-110,-110,-110,-110,-110,-110,-110,-110,-110,-110,-110,-110,-110,-110,-110,-110,-110,-110,-110,-110,-110,-110,-110,-110,-110,-110,-110,-110,-110,-110,-110,-110,-110,-110,-110,-110,-110,-110,-110,-110,-110,-110,-110,-110,-110,-110,-110,-110,-110,-110,-110,-110,-110,-110
40,4.1347719,25.64033581,5,-83,-85,-85,-83,-110,-84,-110,-110,-85,-110,-110,-110,-110,-110,-58,-110,-58,-110,-110,-110,-110,-110,-110,-110,-88,-110,-82,-85,-110,-81,-110,-110,-90,-93,-110,-110,-110,-110,-110,-110,-110,-110,-110,-110,-110,-110,-110,-110,-70,-110,-68,-80,-110,-84,-110,-110,-110,-110,-110,-110,-110,-110,-110,-110,-110,-110,-110,-110,-62,-110,-110,-110,-110,-110,-91,-110,-110,-110,-110,-110,-110,-110,-110,-110,-110,-110,-110,-110,-110,-110,-110,-110,-110,-110,-110,-110,-110,-110,-110,-110,-110,-110,-110,-110,-110,-110,-110,-110,-110,-110,-110,-110,-110,-110,-110,-110,-110,-110,-110,-110,-110,-110,-110,-110,-110,-110,-110,-110,-110,-110,-110,-110,-110,-110,-110,-110,-110,-110,-110,-110,-110,-110,-110,-110,-110,-110,-110,-110,-110,-110,-110,-110,-110,-110,-110,-110,-110,-110,-110,-110,-110,-110,-110,-110,-110,-110,-110,-110,-110,-110,-110,-110,-110,-110,-110,-110,-110,-110,-110,-110,-110,-110,-110,-110,-110,-110,-110,-110,-110,-110,-110,-110,-110,-110,-110,-110,-110,-110,-110,-110,-110,-110,-110,-110,-110,-110,-110,-110,-110,-110,-110,-110,-110,-110,-110,-110,-110,-110,-110,-110,-110,-110,-110,-110,-110,-110,-110,-110,-110,-110,-110,-110,-110,-110,-110,-110,-110,-110,-110,-110,-110,-110,-110,-110,-110,-110,-110,-110,-110,-110,-110,-110,-110,-110,-110,-110,-110,-110,-110,-110,-110,-110,-110,-110,-110,-110,-110,-110,-110,-110,-110,-110,-110,-110,-110,-110,-110,-110,-110,-110,-110,-110,-110,-110,-110,-110,-110,-110,-110,-110,-110,-110,-110,-110,-110,-110,-110,-110,-110,-110,-110,-110,-110,-110,-110,-110,-110,-110,-110,-110,-110,-110,-110,-110,-110,-110,-110,-110,-110,-110,-110,-110,-110,-110,-110,-110,-110,-110,-110,-110,-110,-110,-110,-110,-110,-110,-110,-110,-110,-110,-110,-110,-110,-110,-110,-110,-110,-110,-110,-110,-110,-110,-110,-110,-110,-110,-110,-110,-110,-110,-110,-110,-110,-110,-110,-110,-110,-110,-110,-110,-110,-110,-110,-110,-110,-110,-110,-110,-110,-110,-110,-110,-110,-110,-110,-110,-110,-110,-110,-110,-110,-110,-110,-110,-110,-110,-110,-110,-110,-110,-110,-110,-110,-110,-110,-110,-110,-110,-110,-110,-110,-110,-110,-110,-110,-110,-110,-110,-110,-110,-110,-110,-110,-110,-110,-110,-110,-110,-110,-110,-110,-110,-110,-110,-110,-110,-110,-110,-110,-110,-110,-110,-110,-110,-110,-110,-110,-110,-110,-110,-110,-110,-110,-110,-110,-110,-110,-110,-110,-110,-110,-110,-110,-110,-110,-110,-110,-110,-110,-110,-110,-110,-110,-110,-110,-110,-110,-110,-110,-110,-110,-110,-110,-110,-110,-110,-110,-110,-110,-110,-110,-110,-110,-110,-110,-110,-110,-110,-110,-110,-110,-110,-110,-110,-110,-110,-110,-110,-110,-110,-110,-110,-110,-110,-110,-110,-110,-110,-110,-110,-110,-110,-110,-110,-110,-110,-110,-110,-110,-110,-110,-110,-110,-110,-110,-110,-110,-110,-110,-110,-110,-110,-110,-110,-110,-110,-110,-110,-110,-110,-110,-110,-110,-110,-110,-110,-110,-110,-110,-110,-110,-110,-110,-110,-110,-110,-110,-110,-110,-110,-110,-110,-110,-110,-110,-110,-110,-110,-110,-110,-110,-110,-110,-110,-110,-110,-110,-110,-110,-110,-110,-110,-110,-110,-110,-110,-110,-110,-110,-110,-110,-110,-110,-110,-110,-110,-110,-110,-110,-110,-110,-110,-110,-110,-110,-110,-110,-110,-110,-110
40,4.1347719,25.64033581,5,-83,-83,-110,-110,-110,-80,-84,-110,-84,-110,-110,-110,-110,-110,-61,-110,-61,-110,-110,-110,-110,-110,-110,-110,-86,-110,-83,-86,-110,-86,-110,-110,-90,-93,-110,-110,-110,-110,-110,-110,-110,-110,-110,-110,-110,-110,-110,-110,-67,-110,-68,-86,-110,-86,-110,-110,-110,-110,-110,-110,-110,-110,-110,-90,-110,-110,-110,-110,-63,-110,-110,-110,-110,-110,-110,-110,-110,-110,-110,-110,-110,-110,-110,-110,-110,-110,-110,-110,-110,-110,-110,-110,-110,-110,-110,-110,-110,-110,-110,-110,-110,-110,-110,-110,-110,-110,-110,-110,-110,-110,-110,-110,-110,-110,-110,-110,-110,-110,-110,-110,-110,-110,-110,-110,-110,-110,-110,-110,-110,-110,-110,-110,-110,-110,-110,-110,-110,-110,-110,-110,-110,-110,-110,-110,-110,-110,-110,-110,-110,-110,-110,-110,-110,-110,-110,-110,-110,-110,-110,-110,-110,-110,-110,-110,-110,-110,-110,-110,-110,-110,-110,-110,-110,-110,-110,-110,-110,-110,-110,-110,-110,-110,-110,-110,-110,-110,-110,-110,-110,-110,-110,-110,-110,-110,-110,-110,-110,-110,-110,-110,-110,-110,-110,-110,-110,-110,-110,-110,-110,-110,-110,-110,-110,-110,-110,-110,-110,-110,-110,-110,-110,-110,-110,-110,-110,-110,-110,-110,-110,-110,-110,-110,-110,-110,-110,-110,-110,-110,-110,-110,-110,-110,-110,-110,-110,-110,-110,-110,-110,-110,-110,-110,-110,-110,-110,-110,-110,-110,-110,-110,-110,-110,-110,-110,-110,-110,-110,-110,-110,-110,-110,-110,-110,-110,-110,-110,-110,-110,-110,-110,-110,-110,-110,-110,-110,-110,-110,-110,-110,-110,-110,-110,-110,-110,-110,-110,-110,-110,-110,-110,-110,-110,-110,-110,-110,-110,-110,-110,-110,-110,-110,-110,-110,-110,-110,-110,-110,-110,-110,-110,-110,-110,-110,-110,-110,-110,-110,-110,-110,-110,-110,-110,-110,-110,-110,-110,-110,-110,-110,-110,-110,-110,-110,-110,-110,-110,-110,-110,-110,-110,-110,-110,-110,-110,-110,-110,-110,-110,-110,-110,-110,-110,-110,-110,-110,-110,-110,-110,-110,-110,-110,-110,-110,-110,-110,-110,-110,-110,-110,-110,-110,-110,-110,-110,-110,-110,-110,-110,-110,-110,-110,-110,-110,-110,-110,-110,-110,-110,-110,-110,-110,-110,-110,-110,-110,-110,-110,-110,-110,-110,-110,-110,-110,-110,-110,-110,-110,-110,-110,-110,-110,-110,-110,-110,-110,-110,-110,-110,-110,-110,-110,-110,-110,-110,-110,-110,-110,-110,-110,-110,-110,-110,-110,-110,-110,-110,-110,-110,-110,-110,-110,-110,-110,-110,-110,-110,-110,-110,-110,-110,-110,-110,-110,-110,-110,-110,-110,-110,-110,-110,-110,-110,-110,-110,-110,-110,-110,-110,-110,-110,-110,-110,-110,-110,-110,-110,-110,-110,-110,-110,-110,-110,-110,-110,-110,-110,-110,-110,-110,-110,-110,-110,-110,-110,-110,-110,-110,-110,-110,-110,-110,-110,-110,-110,-110,-110,-110,-110,-110,-110,-110,-110,-110,-110,-110,-110,-110,-110,-110,-110,-110,-110,-110,-110,-110,-110,-110,-110,-110,-110,-110,-110,-110,-110,-110,-110,-110,-110,-110,-110,-110,-110,-110,-110,-110,-110,-110,-110,-110,-110,-110,-110,-110,-110,-110,-110,-110,-110,-110,-110,-110,-110,-110,-110,-110,-110,-110,-110,-110,-110,-110,-110,-110,-110,-110,-110,-110,-110,-110,-110,-110,-110,-110,-110,-110,-110,-110,-110,-110,-110,-110,-110,-110,-110,-110,-110,-110,-110,-110,-110,-110,-110,-110,-110,-110,-110,-110,-110,-110,-110
41,8.52431189,25.64033581,5,-79,-110,-110,-76,-110,-80,-110,-78,-110,-110,-110,-110,-110,-110,-69,-110,-68,-110,-110,-110,-110,-110,-110,-110,-82,-110,-89,-83,-110,-110,-110,-110,-88,-87,-110,-110,-110,-110,-110,-110,-110,-110,-110,-110,-110,-110,-110,-89,-110,-110,-110,-74,-89,-75,-110,-110,-110,-88,-86,-110,-110,-94,-85,-110,-110,-110,-110,-110,-71,-110,-83,-90,-110,-110,-110,-110,-110,-110,-110,-110,-110,-110,-110,-110,-110,-110,-110,-110,-110,-110,-110,-110,-110,-110,-110,-110,-110,-110,-110,-110,-110,-110,-110,-110,-110,-110,-110,-110,-110,-110,-110,-110,-110,-110,-110,-110,-110,-110,-110,-110,-110,-110,-110,-110,-110,-110,-110,-110,-110,-110,-110,-110,-110,-110,-110,-110,-110,-110,-110,-110,-110,-110,-110,-110,-110,-110,-110,-110,-110,-110,-110,-110,-110,-110,-110,-110,-110,-110,-110,-110,-110,-110,-110,-110,-110,-110,-110,-110,-110,-110,-110,-110,-110,-110,-110,-110,-110,-110,-110,-110,-110,-110,-110,-110,-110,-110,-110,-110,-110,-110,-110,-110,-110,-110,-110,-110,-110,-110,-110,-110,-110,-110,-110,-110,-110,-110,-110,-110,-110,-110,-110,-110,-110,-110,-110,-110,-110,-110,-110,-110,-110,-110,-110,-110,-110,-110,-110,-110,-110,-110,-110,-110,-110,-110,-110,-110,-110,-110,-110,-110,-110,-110,-110,-110,-110,-110,-110,-110,-110,-110,-110,-110,-110,-110,-110,-110,-110,-110,-110,-110,-110,-110,-110,-110,-110,-110,-110,-110,-110,-110,-110,-110,-110,-110,-110,-110,-110,-110,-110,-110,-110,-110,-110,-110,-110,-110,-110,-110,-110,-110,-110,-110,-110,-110,-110,-110,-110,-110,-110,-110,-110,-110,-110,-110,-110,-110,-110,-110,-110,-110,-110,-110,-110,-110,-110,-110,-110,-110,-110,-110,-110,-110,-110,-110,-110,-110,-110,-110,-110,-110,-110,-110,-110,-110,-110,-110,-110,-110,-110,-110,-110,-110,-110,-110,-110,-110,-110,-110,-110,-110,-110,-110,-110,-110,-110,-110,-110,-110,-110,-110,-110,-110,-110,-110,-110,-110,-110,-110,-110,-110,-110,-110,-110,-110,-110,-110,-110,-110,-110,-110,-110,-110,-110,-110,-110,-110,-110,-110,-110,-110,-110,-110,-110,-110,-110,-110,-110,-110,-110,-110,-110,-110,-110,-110,-110,-110,-110,-110,-110,-110,-110,-110,-110,-110,-110,-110,-110,-110,-110,-110,-110,-110,-110,-110,-110,-110,-110,-110,-110,-110,-110,-110,-110,-110,-110,-110,-110,-110,-110,-110,-110,-110,-110,-110,-110,-110,-110,-110,-110,-110,-110,-110,-110,-110,-110,-110,-110,-110,-110,-110,-110,-110,-110,-110,-110,-110,-110,-110,-110,-110,-110,-110,-110,-110,-110,-110,-110,-110,-110,-110,-110,-110,-110,-110,-110,-110,-110,-110,-110,-110,-110,-110,-110,-110,-110,-110,-110,-110,-110,-110,-110,-110,-110,-110,-110,-110,-110,-110,-110,-110,-110,-110,-110,-110,-110,-110,-110,-110,-110,-110,-110,-110,-110,-110,-110,-110,-110,-110,-110,-110,-110,-110,-110,-110,-110,-110,-110,-110,-110,-110,-110,-110,-110,-110,-110,-110,-110,-110,-110,-110,-110,-110,-110,-110,-110,-110,-110,-110,-110,-110,-110,-110,-110,-110,-110,-110,-110,-110,-110,-110,-110,-110,-110,-110,-110,-110,-110,-110,-110,-110,-110,-110,-110,-110,-110,-110,-110,-110,-110,-110,-110,-110,-110,-110,-110,-110,-110,-110,-110,-110,-110,-110,-110,-110,-110,-110,-110,-110,-110,-110,-110,-110,-110,-110,-110,-110,-110,-110,-110,-110
41,8.52431189,25.64033581,5,-80,-110,-110,-78,-110,-78,-110,-80,-110,-110,-110,-110,-110,-110,-70,-110,-70,-110,-110,-110,-110,-110,-110,-110,-110,-110,-85,-80,-110,-110,-110,-110,-110,-110,-110,-110,-110,-110,-110,-110,-110,-110,-110,-110,-88,-110,-110,-110,-84,-87,-85,-72,-110,-73,-110,-110,-110,-87,-90,-110,-110,-110,-85,-87,-110,-110,-85,-110,-74,-110,-110,-88,-110,-110,-110,-110,-110,-110,-110,-110,-110,-110,-110,-110,-110,-110,-110,-110,-110,-110,-110,-110,-110,-110,-110,-110,-110,-110,-110,-110,-110,-110,-110,-110,-110,-110,-110,-110,-110,-110,-110,-110,-110,-110,-110,-110,-110,-110,-110,-110,-110,-110,-110,-110,-110,-110,-110,-110,-110,-110,-110,-110,-110,-110,-110,-110,-110,-110,-110,-110,-110,-110,-110,-110,-110,-110,-110,-110,-110,-110,-110,-110,-110,-110,-110,-110,-110,-110,-110,-110,-110,-110,-110,-110,-110,-110,-110,-110,-110,-110,-110,-110,-110,-110,-110,-110,-110,-110,-110,-110,-110,-110,-110,-110,-110,-110,-110,-110,-110,-110,-110,-110,-110,-110,-110,-110,-110,-110,-110,-110,-110,-110,-110,-110,-110,-110,-110,-110,-110,-110,-110,-110,-110,-110,-110,-110,-110,-110,-110,-110,-110,-110,-110,-110,-110,-110,-110,-110,-110,-110,-110,-110,-110,-110,-110,-110,-110,-110,-110,-110,-110,-110,-110,-110,-110,-110,-110,-110,-110,-110,-110,-110,-110,-110,-110,-110,-110,-110,-110,-110,-110,-110,-110,-110,-110,-110,-110,-110,-110,-110,-110,-110,-110,-110,-110,-110,-110,-110,-110,-110,-110,-110,-110,-110,-110,-110,-110,-110,-110,-110,-110,-110,-110,-110,-110,-110,-110,-110,-110,-110,-110,-110,-110,-110,-110,-110,-110,-110,-110,-110,-110,-110,-110,-110,-110,-110,-110,-110,-110,-110,-110,-110,-110,-110,-110,-110,-110,-110,-110,-110,-110,-110,-110,-110,-110,-110,-110,-110,-110,-110,-110,-110,-110,-110,-110,-110,-110,-110,-110,-110,-110,-110,-110,-110,-110,-110,-110,-110,-110,-110,-110,-110,-110,-110,-110,-110,-110,-110,-110,-110,-110,-110,-110,-110,-110,-110,-110,-110,-110,-110,-110,-110,-110,-110,-110,-110,-110,-110,-110,-110,-110,-110,-110,-110,-110,-110,-110,-110,-110,-110,-110,-110,-110,-110,-110,-110,-110,-110,-110,-110,-110,-110,-110,-110,-110,-110,-110,-110,-110,-110,-110,-110,-110,-110,-110,-110,-110,-110,-110,-110,-110,-110,-110,-110,-110,-110,-110,-110,-110,-110,-110,-110,-110,-110,-110,-110,-110,-110,-110,-110,-110,-110,-110,-110,-110,-110,-110,-110,-110,-110,-110,-110,-110,-110,-110,-110,-110,-110,-110,-110,-110,-110,-110,-110,-110,-110,-110,-110,-110,-110,-110,-110,-110,-110,-110,-110,-110,-110,-110,-110,-110,-110,-110,-110,-110,-110,-110,-110,-110,-110,-110,-110,-110,-110,-110,-110,-110,-110,-110,-110,-110,-110,-110,-110,-110,-110,-110,-110,-110,-110,-110,-110,-110,-110,-110,-110,-110,-110,-110,-110,-110,-110,-110,-110,-110,-110,-110,-110,-110,-110,-110,-110,-110,-110,-110,-110,-110,-110,-110,-110,-110,-110,-110,-110,-110,-110,-110,-110,-110,-110,-110,-110,-110,-110,-110,-110,-110,-110,-110,-110,-110,-110,-110,-110,-110,-110,-110,-110,-110,-110,-110,-110,-110,-110,-110,-110,-110,-110,-110,-110,-110,-110,-110,-110,-110,-110,-110,-110,-110,-110,-110,-110,-110,-110,-110,-110,-110,-110,-110,-110,-110,-110,-110,-110,-110,-110,-110,-110,-110,-110
41,8.52431189,25.64033581,5,-81,-110,-88,-76,-110,-80,-110,-82,-110,-110,-110,-110,-110,-110,-72,-110,-70,-110,-110,-110,-110,-110,-110,-110,-80,-110,-84,-110,-110,-85,-110,-110,-89,-90,-110,-110,-110,-110,-110,-110,-110,-110,-110,-110,-110,-110,-110,-110,-86,-89,-88,-74,-110,-73,-110,-110,-110,-89,-89,-110,-110,-110,-86,-110,-110,-110,-87,-110,-72,-110,-110,-110,-85,-110,-110,-110,-110,-110,-110,-110,-110,-110,-110,-110,-110,-110,-110,-110,-110,-110,-110,-110,-110,-110,-110,-110,-110,-110,-110,-110,-110,-110,-110,-110,-110,-110,-110,-110,-110,-110,-110,-110,-110,-110,-110,-110,-110,-110,-110,-110,-110,-110,-110,-110,-110,-110,-110,-110,-110,-110,-110,-110,-110,-110,-110,-110,-110,-110,-110,-110,-110,-110,-110,-110,-110,-110,-110,-110,-110,-110,-110,-110,-110,-110,-110,-110,-110,-110,-110,-110,-110,-110,-110,-110,-110,-110,-110,-110,-110,-110,-110,-110,-110,-110,-110,-110,-110,-110,-110,-110,-110,-110,-110,-110,-110,-110,-110,-110,-110,-110,-110,-110,-110,-110,-110,-110,-110,-110,-110,-110,-110,-110,-110,-110,-110,-110,-110,-110,-110,-110,-110,-110,-110,-110,-110,-110,-110,-110,-110,-110,-110,-110,-110,-110,-110,-110,-110,-110,-110,-110,-110,-110,-110,-110,-110,-110,-110,-110,-110,-110,-110,-110,-110,-110,-110,-110,-110,-110,-110,-110,-110,-110,-110,-110,-110,-110,-110,-110,-110,-110,-110,-110,-110,-110,-110,-110,-110,-110,-110,-110,-110,-110,-110,-110,-110,-110,-110,-110,-110,-110,-110,-110,-110,-110,-110,-110,-110,-110,-110,-110,-110,-110,-110,-110,-110,-110,-110,-110,-110,-110,-110,-110,-110,-110,-110,-110,-110,-110,-110,-110,-110,-110,-110,-110,-110,-110,-110,-110,-110,-110,-110,-110,-110,-110,-110,-110,-110,-110,-110,-110,-110,-110,-110,-110,-110,-110,-110,-110,-110,-110,-110,-110,-110,-110,-110,-110,-110,-110,-110,-110,-110,-110,-110,-110,-110,-110,-110,-110,-110,-110,-110,-110,-110,-110,-110,-110,-110,-110,-110,-110,-110,-110,-110,-110,-110,-110,-110,-110,-110,-110,-110,-110,-110,-110,-110,-110,-110,-110,-110,-110,-110,-110,-110,-110,-110,-110,-110,-110,-110,-110,-110,-110,-110,-110,-110,-110,-110,-110,-110,-110,-110,-110,-110,-110,-110,-110,-110,-110,-110,-110,-110,-110,-110,-110,-110,-110,-110,-110,-110,-110,-110,-110,-110,-110,-110,-110,-110,-110,-110,-110,-110,-110,-110,-110,-110,-110,-110,-110,-110,-110,-110,-110,-110,-110,-110,-110,-110,-110,-110,-110,-110,-110,-110,-110,-110,-110,-110,-110,-110,-110,-110,-110,-110,-110,-110,-110,-110,-110,-110,-110,-110,-110,-110,-110,-110,-110,-110,-110,-110,-110,-110,-110,-110,-110,-110,-110,-110,-110,-110,-110,-110,-110,-110,-110,-110,-110,-110,-110,-110,-110,-110,-110,-110,-110,-110,-110,-110,-110,-110,-110,-110,-110,-110,-110,-110,-110,-110,-110,-110,-110,-110,-110,-110,-110,-110,-110,-110,-110,-110,-110,-110,-110,-110,-110,-110,-110,-110,-110,-110,-110,-110,-110,-110,-110,-110,-110,-110,-110,-110,-110,-110,-110,-110,-110,-110,-110,-110,-110,-110,-110,-110,-110,-110,-110,-110,-110,-110,-110,-110,-110,-110,-110,-110,-110,-110,-110,-110,-110,-110,-110,-110,-110,-110,-110,-110,-110,-110,-110,-110,-110,-110,-110,-110,-110,-110,-110,-110,-110,-110,-110,-110,-110,-110,-110,-110,-110,-110,-110,-110,-110
41,8.52431189,25.64033581,5,-80,-110,-110,-78,-110,-80,-110,-80,-110,-110,-110,-110,-110,-110,-71,-110,-70,-110,-110,-110,-110,-110,-110,-110,-80,-110,-110,-81,-110,-110,-110,-110,-91,-88,-110,-110,-110,-110,-110,-110,-110,-110,-110,-110,-110,-110,-110,-110,-110,-92,-110,-74,-110,-72,-110,-110,-110,-110,-110,-110,-110,-110,-86,-86,-110,-110,-87,-110,-74,-110,-78,-90,-110,-110,-110,-110,-110,-110,-110,-110,-110,-110,-110,-110,-110,-110,-110,-110,-110,-110,-110,-110,-110,-110,-110,-110,-110,-110,-110,-110,-110,-110,-110,-110,-110,-110,-110,-110,-110,-110,-110,-110,-110,-110,-110,-110,-110,-110,-110,-110,-110,-88,-110,-110,-110,-110,-110,-110,-110,-110,-110,-110,-110,-110,-110,-110,-110,-110,-110,-110,-110,-110,-110,-110,-110,-87,-110,-110,-110,-110,-110,-110,-110,-110,-110,-110,-110,-110,-110,-110,-110,-110,-110,-110,-110,-110,-110,-110,-110,-110,-110,-110,-110,-110,-110,-110,-110,-110,-110,-110,-110,-110,-110,-110,-110,-110,-110,-110,-110,-110,-110,-110,-110,-110,-110,-110,-110,-110,-110,-110,-110,-110,-110,-110,-110,-110,-110,-110,-110,-110,-110,-110,-110,-110,-110,-110,-110,-110,-110,-110,-110,-110,-110,-110,-110,-110,-110,-110,-110,-110,-110,-110,-110,-110,-110,-110,-110,-110,-110,-110,-110,-110,-110,-110,-110,-110,-110,-110,-110,-110,-110,-110,-110,-110,-110,-110,-110,-110,-110,-110,-110,-110,-110,-110,-110,-110,-110,-110,-110,-110,-110,-110,-110,-110,-110,-110,-110,-110,-110,-110,-110,-110,-110,-110,-110,-110,-110,-110,-110,-110,-110,-110,-110,-110,-110,-110,-110,-110,-110,-110,-110,-110,-110,-110,-110,-110,-110,-110,-110,-110,-110,-110,-110,-110,-110,-110,-110,-110,-110,-110,-110,-110,-110,-110,-110,-110,-110,-110,-110,-110,-110,-110,-110,-110,-110,-110,-110,-110,-110,-110,-110,-110,-110,-110,-110,-110,-110,-110,-110,-110,-110,-110,-110,-110,-110,-110,-110,-110,-110,-110,-110,-110,-110,-110,-110,-110,-110,-110,-110,-110,-110,-110,-110,-110,-110,-110,-110,-110,-110,-110,-110,-110,-110,-110,-110,-110,-110,-110,-110,-110,-110,-110,-110,-110,-110,-110,-110,-110,-110,-110,-110,-110,-110,-110,-110,-110,-110,-110,-110,-110,-110,-110,-110,-110,-110,-110,-110,-110,-110,-110,-110,-110,-110,-110,-110,-110,-110,-110,-110,-110,-110,-110,-110,-110,-110,-110,-110,-110,-110,-110,-110,-110,-110,-110,-110,-110,-110,-110,-110,-110,-110,-110,-110,-110,-110,-110,-110,-110,-110,-110,-110,-110,-110,-110,-110,-110,-110,-110,-110,-110,-110,-110,-110,-110,-110,-110,-110,-110,-110,-110,-110,-110,-110,-110,-110,-110,-110,-110,-110,-110,-110,-110,-110,-110,-110,-110,-110,-110,-110,-110,-110,-110,-110,-110,-110,-110,-110,-110,-110,-110,-110,-110,-110,-110,-110,-110,-110,-110,-110,-110,-110,-110,-110,-110,-110,-110,-110,-110,-110,-110,-110,-110,-110,-110,-110,-110,-110,-110,-110,-110,-110,-110,-110,-110,-110,-110,-110,-110,-110,-110,-110,-110,-110,-110,-110,-110,-110,-110,-110,-110,-110,-110,-110,-110,-110,-110,-110,-110,-110,-110,-110,-110,-110,-110,-110,-110,-110,-110,-110,-110,-110,-110,-110,-110,-110,-110,-110,-110,-110,-110,-110,-110,-110,-110,-110,-110,-110,-110,-110,-110,-110,-110,-110,-110,-110,-110,-110,-110,-110,-110,-110,-110,-110,-110,-110,-110,-110,-110,-110,-110
41,8.52431189,25.64033581,5,-79,-110,-110,-76,-110,-81,-110,-80,-110,-110,-110,-110,-110,-110,-69,-110,-71,-110,-110,-110,-110,-110,-110,-110,-79,-110,-86,-79,-110,-110,-110,-110,-89,-94,-110,-110,-110,-110,-110,-110,-110,-110,-110,-110,-110,-110,-90,-110,-83,-110,-82,-74,-110,-74,-110,-110,-110,-88,-89,-110,-110,-110,-86,-87,-110,-110,-85,-110,-75,-110,-110,-88,-89,-110,-110,-110,-110,-110,-110,-110,-110,-110,-110,-110,-110,-110,-110,-110,-110,-110,-110,-110,-110,-110,-110,-110,-110,-110,-110,-110,-110,-110,-110,-110,-110,-110,-89,-110,-110,-110,-110,-110,-110,-110,-110,-110,-110,-110,-110,-110,-110,-110,-110,-110,-110,-110,-110,-110,-110,-110,-110,-110,-110,-110,-110,-110,-110,-110,-110,-110,-110,-110,-110,-110,-110,-110,-110,-110,-110,-110,-110,-110,-110,-110,-110,-110,-110,-110,-110,-110,-110,-110,-110,-110,-110,-110,-110,-110,-110,-110,-110,-110,-110,-110,-110,-110,-110,-110,-110,-110,-110,-110,-110,-110,-110,-110,-110,-110,-110,-110,-110,-110,-110,-110,-110,-110,-110,-110,-110,-110,-110,-110,-110,-110,-110,-110,-110,-110,-110,-110,-110,-110,-110,-110,-110,-110,-110,-110,-110,-110,-110,-110,-110,-110,-110,-110,-110,-110,-110,-110,-110,-110,-110,-110,-110,-110,-110,-110,-110,-110,-110,-110,-110,-110,-110,-110,-110,-110,-110,-110,-110,-110,-110,-110,-110,-110,-110,-110,-110,-110,-110,-110,-110,-110,-110,-110,-110,-110,-110,-110,-110,-110,-110,-110,-110,-110,-110,-110,-110,-110,-110,-110,-110,-110,-110,-110,-110,-110,-110,-110,-110,-110,-110,-110,-110,-110,-110,-110,-110,-110,-110,-110,-110,-110,-110,-110,-110,-110,-110,-110,-110,-110,-110,-110,-110,-110,-110,-110,-110,-110,-110,-110,-110,-110,-110,-110,-110,-110,-110,-110,-110,-110,-110,-110,-110,-110,-110,-110,-110,-110,-110,-110,-110,-110,-110,-110,-110,-110,-110,-110,-110,-110,-110,-110,-110,-110,-110,-110,-110,-110,-110,-110,-110,-110,-110,-110,-110,-110,-110,-110,-110,-110,-110,-110,-110,-110,-110,-110,-110,-110,-110,-110,-110,-110,-110,-110,-110,-110,-110,-110,-110,-110,-110,-110,-110,-110,-110,-110,-110,-110,-110,-110,-110,-110,-110,-110,-110,-110,-110,-110,-110,-110,-110,-110,-110,-110,-110,-110,-110,-110,-110,-110,-110,-110,-110,-110,-110,-110,-110,-110,-110,-110,-110,-110,-110,-110,-110,-110,-110,-110,-110,-110,-110,-110,-110,-110,-110,-110,-110,-110,-110,-110,-110,-110,-110,-110,-110,-110,-110,-110,-110,-110,-110,-110,-110,-110,-110,-110,-110,-110,-110,-110,-110,-110,-110,-110,-110,-110,-110,-110,-110,-110,-110,-110,-110,-110,-110,-110,-110,-110,-110,-110,-110,-110,-110,-110,-110,-110,-110,-110,-110,-110,-110,-110,-110,-110,-110,-110,-110,-110,-110,-110,-110,-110,-110,-110,-110,-110,-110,-110,-110,-110,-110,-110,-110,-110,-110,-110,-110,-110,-110,-110,-110,-110,-110,-110,-110,-110,-110,-110,-110,-110,-110,-110,-110,-110,-110,-110,-110,-110,-110,-110,-110,-110,-110,-110,-110,-110,-110,-110,-110,-110,-110,-110,-110,-110,-110,-110,-110,-110,-110,-110,-110,-110,-110,-110,-110,-110,-110,-110,-110,-110,-110,-110,-110,-110,-110,-110,-110,-110,-110,-110,-110,-110,-110,-110,-110,-110,-110,-110,-110,-110,-110,-110,-110,-110,-110,-110,-110,-110,-110,-110,-110,-110,-110,-110,-110,-110,-110,-110
41,8.52431189,25.64033581,5,-79,-92,-110,-82,-110,-79,-110,-77,-92,-110,-110,-110,-110,-110,-70,-110,-71,-110,-110,-110,-110,-110,-110,-110,-78,-110,-88,-79,-110,-110,-110,-110,-89,-90,-110,-110,-110,-110,-110,-110,-110,-110,-110,-110,-89,-110,-110,-89,-84,-90,-84,-74,-87,-73,-110,-110,-110,-110,-110,-110,-110,-91,-87,-87,-110,-110,-87,-110,-76,-110,-110,-92,-86,-110,-110,-110,-110,-110,-110,-110,-110,-110,-110,-110,-110,-110,-110,-110,-110,-110,-110,-110,-110,-110,-110,-110,-110,-110,-110,-110,-110,-110,-110,-110,-110,-110,-88,-110,-110,-110,-110,-110,-110,-110,-110,-110,-110,-110,-110,-110,-110,-110,-110,-110,-110,-110,-110,-110,-110,-110,-110,-110,-110,-110,-110,-110,-110,-110,-110,-110,-110,-110,-110,-110,-110,-110,-110,-110,-110,-110,-110,-110,-110,-110,-110,-110,-110,-110,-110,-110,-110,-110,-110,-110,-110,-110,-110,-110,-110,-110,-110,-110,-110,-110,-110,-110,-110,-110,-110,-110,-110,-110,-110,-110,-110,-110,-110,-110,-110,-110,-110,-110,-110,-110,-110,-110,-110,-110,-110,-110,-110,-110,-110,-110,-110,-110,-110,-110,-110,-110,-110,-110,-110,-110,-110,-110,-110,-110,-110,-110,-110,-110,-110,-110,-110,-110,-110,-110,-110,-110,-110,-110,-110,-110,-110,-110,-110,-110,-110,-110,-110,-110,-110,-110,-110,-110,-110,-110,-110,-110,-110,-110,-110,-110,-110,-110,-110,-110,-110,-110,-110,-110,-110,-110,-110,-110,-110,-110,-110,-110,-110,-110,-110,-110,-110,-110,-110,-110,-110,-110,-110,-110,-110,-110,-110,-110,-110,-110,-110,-110,-110,-110,-110,-110,-110,-110,-110,-110,-110,-110,-110,-110,-110,-110,-110,-110,-110,-110,-110,-110,-110,-110,-110,-110,-110,-110,-110,-110,-110,-110,-110,-110,-110,-110,-110,-110,-110,-110,-110,-110,-110,-110,-110,-110,-110,-110,-110,-110,-110,-110,-110,-110,-110,-110,-110,-110,-110,-110,-110,-110,-110,-110,-110,-110,-110,-110,-110,-110,-110,-110,-110,-110,-110,-110,-110,-110,-110,-110,-110,-110,-110,-110,-110,-110,-110,-110,-110,-110,-110,-110,-110,-110,-110,-110,-110,-110,-110,-110,-110,-110,-110,-110,-110,-110,-110,-110,-110,-110,-110,-110,-110,-110,-110,-110,-110,-110,-110,-110,-110,-110,-110,-110,-110,-110,-110,-110,-110,-110,-110,-110,-110,-110,-110,-110,-110,-110,-110,-110,-110,-110,-110,-110,-110,-110,-110,-110,-110,-110,-110,-110,-110,-110,-110,-110,-110,-110,-110,-110,-110,-110,-110,-110,-110,-110,-110,-110,-110,-110,-110,-110,-110,-110,-110,-110,-110,-110,-110,-110,-110,-110,-110,-110,-110,-110,-110,-110,-110,-110,-110,-110,-110,-110,-110,-110,-110,-110,-110,-110,-110,-110,-110,-110,-110,-110,-110,-110,-110,-110,-110,-110,-110,-110,-110,-110,-110,-110,-110,-110,-110,-110,-110,-110,-110,-110,-110,-110,-110,-110,-110,-110,-110,-110,-110,-110,-110,-110,-110,-110,-110,-110,-110,-110,-110,-110,-110,-110,-110,-110,-110,-110,-110,-110,-110,-110,-110,-110,-110,-110,-110,-110,-110,-110,-110,-110,-110,-110,-110,-110,-110,-110,-110,-110,-110,-110,-110,-110,-110,-110,-110,-110,-110,-110,-110,-110,-110,-110,-110,-110,-110,-110,-110,-110,-110,-110,-110,-110,-110,-110,-110,-110,-110,-110,-110,-110,-110,-110,-110,-110,-110,-110,-110,-110,-110,-110,-110,-110,-110,-110,-110,-110,-110,-110,-110,-110,-110,-110,-110,-110,-110,-110
42,12.91385188,25.64033581,5,-77,-91,-110,-77,-110,-75,-110,-76,-89,-110,-110,-110,-110,-110,-86,-110,-88,-110,-110,-110,-110,-110,-110,-110,-76,-110,-73,-77,-110,-73,-110,-110,-87,-86,-110,-110,-110,-110,-110,-110,-110,-110,-110,-110,-110,-110,-86,-84,-88,-83,-86,-110,-84,-110,-110,-110,-110,-110,-110,-86,-110,-88,-84,-85,-110,-110,-85,-110,-83,-90,-83,-85,-85,-110,-110,-110,-110,-110,-110,-110,-110,-110,-110,-110,-110,-110,-110,-110,-110,-110,-110,-110,-110,-110,-110,-110,-110,-110,-110,-110,-110,-110,-110,-110,-110,-110,-110,-110,-110,-110,-110,-110,-110,-110,-110,-110,-110,-110,-110,-110,-110,-110,-110,-110,-110,-110,-110,-110,-110,-110,-110,-110,-110,-110,-110,-110,-110,-110,-110,-110,-110,-110,-110,-110,-110,-90,-110,-110,-110,-110,-110,-110,-110,-110,-110,-110,-110,-110,-110,-110,-110,-110,-110,-110,-110,-110,-110,-110,-110,-110,-110,-110,-110,-110,-110,-110,-110,-110,-110,-110,-110,-110,-110,-110,-110,-110,-110,-110,-110,-110,-110,-110,-110,-110,-110,-110,-110,-110,-110,-110,-110,-110,-110,-110,-110,-110,-110,-110,-110,-110,-110,-110,-110,-110,-110,-110,-110,-110,-110,-110,-110,-110,-110,-110,-110,-110,-110,-110,-110,-110,-110,-110,-110,-110,-110,-110,-110,-110,-110,-110,-110,-110,-110,-110,-110,-110,-110,-110,-110,-110,-110,-110,-110,-110,-110,-110,-110,-110,-110,-110,-110,-110,-110,-110,-110,-110,-110,-110,-110,-110,-110,-110,-110,-110,-110,-110,-110,-110,-110,-110,-110,-110,-110,-110,-110,-110,-110,-110,-110,-110,-110,-110,-110,-110,-110,-110,-110,-110,-110,-110,-110,-110,-110,-110,-110,-110,-110,-110,-110,-110,-110,-110,-110,-110,-110,-110,-110,-110,-110,-110,-110,-110,-110,-110,-110,-110,-110,-110,-110,-110,-110,-110,-110,-110,-110,-110,-110,-110,-110,-110,-110,-110,-110,-110,-110,-110,-110,-110,-110,-110,-110,-110,-110,-110,-110,-110,-110,-110,-110,-110,-110,-110,-110,-110,-110,-110,-110,-110,-110,-110,-110,-110,-110,-110,-110,-110,-110,-110,-110,-110,-110,-110,-110,-110,-110,-110,-110,-110,-110,-110,-110,-110,-110,-110,-110,-110,-110,-110,-110,-110,-110,-110,-110,-110,-110,-110,-110,-110,-110,-110,-110,-110,-110,-110,-110,-110,-110,-110,-110,-110,-110,-110,-110,-110,-110,-110,-110,-110,-110,-110,-110,-110,-110,-110,-110,-110,-110,-110,-110,-110,-110,-110,-110,-110,-110,-110,-110,-110,-110,-110,-110,-110,-110,-110,-110,-110,-110,-110,-110,-110,-110,-110,-110,-110,-110,-110,-110,-110,-110,-110,-110,-110,-110,-110,-110,-110,-110,-110,-110,-110,-110,-110,-110,-110,-110,-110,-110,-110,-110,-110,-110,-110,-110,-110,-110,-110,-110,-110,-110,-110,-110,-110,-110,-110,-110,-110,-110,-110,-110,-110,-110,-110,-110,-110,-110,-110,-110,-110,-110,-110,-110,-110,-110,-110,-110,-110,-110,-110,-110,-110,-110,-110,-110,-110,-110,-110,-110,-110,-110,-110,-110,-110,-110,-110,-110,-110,-110,-110,-110,-110,-110,-110,-110,-110,-110,-110,-110,-110,-110,-110,-110,-110,-110,-110,-110,-110,-110,-110,-110,-110,-110,-110,-110,-110,-110,-110,-110,-110,-110,-110,-110,-110,-110,-110,-110,-110,-110,-110,-110,-110,-110,-110,-110,-110,-110,-110,-110,-110,-110,-110,-110,-110,-110,-110,-110,-110,-110,-110,-110,-110,-110,-110,-110,-110,-110,-110,-110,-110,-110,-110
42,12.91385188,25.64033581,5,-76,-110,-110,-80,-110,-78,-110,-80,-89,-110,-110,-110,-110,-110,-84,-110,-84,-110,-110,-110,-110,-110,-110,-110,-78,-110,-71,-80,-110,-72,-110,-110,-82,-85,-110,-110,-110,-110,-110,-110,-110,-110,-110,-110,-110,-110,-84,-110,-89,-110,-86,-85,-82,-88,-110,-110,-110,-110,-110,-110,-87,-110,-86,-88,-110,-110,-90,-110,-85,-92,-83,-110,-110,-110,-110,-110,-110,-110,-110,-110,-110,-110,-110,-110,-110,-110,-110,-110,-110,-110,-110,-110,-110,-110,-110,-110,-110,-93,-91,-110,-110,-110,-110,-110,-110,-110,-89,-110,-110,-110,-110,-110,-110,-110,-110,-110,-110,-110,-110,-110,-110,-110,-110,-110,-110,-110,-110,-110,-110,-110,-94,-110,-110,-110,-110,-110,-110,-110,-110,-110,-110,-110,-110,-110,-110,-110,-110,-110,-110,-110,-110,-110,-110,-110,-110,-110,-110,-110,-110,-110,-110,-110,-110,-110,-110,-110,-110,-110,-110,-110,-110,-110,-110,-110,-110,-110,-110,-110,-110,-110,-110,-110,-110,-110,-110,-110,-110,-110,-110,-110,-110,-110,-110,-110,-110,-110,-110,-110,-110,-110,-110,-110,-110,-110,-110,-110,-110,-110,-110,-110,-110,-110,-110,-110,-110,-110,-110,-110,-110,-110,-110,-110,-110,-110,-110,-110,-110,-110,-110,-110,-110,-110,-110,-110,-110,-110,-110,-110,-110,-110,-110,-110,-110,-110,-110,-110,-110,-110,-110,-110,-110,-110,-110,-110,-110,-110,-110,-110,-110,-110,-110,-110,-110,-110,-110,-110,-110,-110,-110,-110,-110,-110,-110,-110,-110,-110,-110,-110,-110,-110,-110,-110,-110,-110,-110,-110,-110,-110,-110,-110,-110,-110,-110,-110,-110,-110,-110,-110,-110,-110,-110,-110,-110,-110,-110,-110,-110,-110,-110,-110,-110,-110,-110,-110,-110,-110,-110,-110,-110,-110,-110,-110,-110,-110,-110,-110,-110,-110,-110,-110,-110,-110,-110,-110,-110,-110,-110,-110,-110,-110,-110,-110,-110,-110,-110,-110,-110,-110,-110,-110,-110,-110,-110,-110,-110,-110,-110,-110,-110,-110,-110,-110,-110,-110,-110,-110,-110,-110,-110,-110,-110,-110,-110,-110,-110,-110,-110,-110,-110,-110,-110,-110,-110,-110,-110,-110,-110,-110,-110,-110,-110,-110,-110,-110,-110,-110,-110,-110,-110,-110,-110,-110,-110,-110,-110,-110,-110,-110,-110,-110,-110,-110,-110,-110,-110,-110,-110,-110,-110,-110,-110,-110,-110,-110,-110,-110,-110,-110,-110,-110,-110,-110,-110,-110,-110,-110,-110,-110,-110,-110,-110,-110,-110,-110,-110,-110,-110,-110,-110,-110,-110,-110,-110,-110,-110,-110,-110,-110,-110,-110,-110,-110,-110,-110,-110,-110,-110,-110,-110,-110,-110,-110,-110,-110,-110,-110,-110,-110,-110,-110,-110,-110,-110,-110,-110,-110,-110,-110,-110,-110,-110,-110,-110,-110,-110,-110,-110,-110,-110,-110,-110,-110,-110,-110,-110,-110,-110,-110,-110,-110,-110,-110,-110,-110,-110,-110,-110,-110,-110,-110,-110,-110,-110,-110,-110,-110,-110,-110,-110,-110,-110,-110,-110,-110,-110,-110,-110,-110,-110,-110,-110,-110,-110,-110,-110,-110,-110,-110,-110,-110,-110,-110,-110,-110,-110,-110,-110,-110,-110,-110,-110,-110,-110,-110,-110,-110,-110,-110,-110,-110,-110,-110,-110,-110,-110,-110,-110,-110,-110,-110,-110,-110,-110,-110,-110,-110,-110,-110,-110,-110,-110,-110,-110,-110,-110,-110,-110,-110,-110,-110,-110,-110,-110,-110,-110,-110,-110,-110,-110,-110,-110,-110,-110,-110,-110,-110,-110,-110,-110,-110
42,12.91385188,25.64033581,5,-77,-88,-110,-76,-110,-77,-110,-77,-110,-110,-110,-110,-110,-110,-87,-110,-79,-110,-110,-110,-110,-110,-110,-110,-77,-110,-72,-78,-110,-73,-110,-110,-83,-85,-110,-110,-110,-110,-110,-110,-110,-110,-110,-110,-110,-110,-110,-83,-84,-82,-85,-110,-85,-85,-110,-110,-110,-110,-110,-110,-110,-91,-110,-82,-110,-110,-86,-92,-83,-110,-87,-81,-110,-110,-110,-110,-110,-110,-110,-110,-110,-110,-110,-110,-110,-110,-110,-110,-110,-110,-110,-110,-110,-110,-110,-110,-110,-90,-87,-110,-110,-110,-110,-110,-110,-110,-87,-110,-110,-110,-110,-110,-110,-110,-110,-110,-110,-110,-110,-110,-110,-110,-110,-110,-110,-110,-110,-110,-110,-110,-110,-110,-110,-110,-110,-110,-110,-110,-110,-110,-110,-110,-110,-110,-110,-89,-110,-110,-110,-110,-110,-110,-110,-110,-110,-110,-110,-110,-110,-110,-110,-110,-110,-110,-110,-110,-110,-110,-110,-110,-110,-110,-110,-110,-110,-110,-110,-110,-110,-110,-110,-110,-110,-110,-110,-110,-110,-110,-110,-110,-110,-110,-110,-110,-110,-110,-110,-110,-110,-110,-110,-110,-110,-110,-110,-110,-110,-110,-110,-110,-110,-110,-110,-110,-110,-110,-110,-110,-110,-110,-110,-110,-110,-110,-110,-110,-110,-110,-110,-110,-110,-110,-110,-110,-110,-110,-110,-110,-110,-110,-110,-110,-110,-110,-110,-110,-110,-110,-110,-110,-110,-110,-110,-110,-110,-110,-110,-110,-110,-110,-110,-110,-110,-110,-110,-110,-110,-110,-110,-110,-110,-110,-110,-110,-110,-110,-110,-110,-110,-110,-110,-110,-110,-110,-110,-110,-110,-110,-110,-110,-110,-110,-110,-110,-110,-110,-110,-110,-110,-110,-110,-110,-110,-110,-110,-110,-110,-110,-110,-110,-110,-110,-110,-110,-110,-110,-110,-110,-110,-110,-110,-110,-110,-110,-110,-110,-110,-110,-110,-110,-110,-110,-110,-110,-110,-110,-110,-110,-110,-110,-110,-110,-110,-110,-110,-110,-110,-110,-110,-110,-110,-110,-110,-110,-110,-110,-110,-110,-110,-110,-110,-110,-110,-110,-110,-110,-110,-110,-110,-110,-110,-110,-110,-110,-110,-110,-110,-110,-110,-110,-110,-110,-110,-110,-110,-110,-110,-110,-110,-110,-110,-110,-110,-110,-110,-110,-110,-110,-110,-110,-110,-110,-110,-110,-110,-110,-110,-110,-110,-110,-110,-110,-110,-110,-110,-110,-110,-110,-110,-110,-110,-110,-110,-110,-110,-110,-110,-110,-110,-110,-110,-110,-110,-110,-110,-110,-110,-110,-110,-110,-110,-110,-110,-110,-110,-110,-110,-110,-110,-110,-110,-110,-110,-110,-110,-110,-110,-110,-110,-110,-110,-110,-110,-110,-110,-110,-110,-110,-110,-110,-110,-110,-110,-110,-110,-110,-110,-110,-110,-110,-110,-110,-110,-110,-110,-110,-110,-110,-110,-110,-110,-110,-110,-110,-110,-110,-110,-110,-110,-110,-110,-110,-110,-110,-110,-110,-110,-110,-110,-110,-110,-110,-110,-110,-110,-110,-110,-110,-110,-110,-110,-110,-110,-110,-110,-110,-110,-110,-110,-110,-110,-110,-110,-110,-110,-110,-110,-110,-110,-110,-110,-110,-110,-110,-110,-110,-110,-110,-110,-110,-110,-110,-110,-110,-110,-110,-110,-110,-110,-110,-110,-110,-110,-110,-110,-110,-110,-110,-110,-110,-110,-110,-110,-110,-110,-110,-110,-110,-110,-110,-110,-110,-110,-110,-110,-110,-110,-110,-110,-110,-110,-110,-110,-110,-110,-110,-110,-110,-110,-110,-110,-110,-110,-110,-110,-110,-110,-110,-110,-110,-110,-110,-110,-110,-110,-110,-110,-110,-110,-110
42,12.91385188,25.64033581,5,-77,-90,-110,-77,-110,-76,-110,-78,-89,-110,-110,-110,-110,-91,-81,-110,-82,-110,-110,-110,-110,-110,-110,-110,-78,-110,-74,-76,-110,-72,-110,-110,-84,-83,-110,-110,-110,-110,-110,-110,-110,-110,-110,-110,-110,-110,-110,-81,-86,-110,-87,-110,-110,-86,-110,-110,-110,-89,-110,-110,-88,-110,-83,-83,-110,-110,-110,-110,-84,-110,-110,-110,-110,-110,-110,-110,-110,-110,-110,-110,-110,-110,-110,-110,-110,-110,-110,-110,-110,-110,-110,-110,-110,-110,-110,-110,-110,-91,-91,-110,-110,-110,-110,-110,-110,-110,-87,-110,-110,-110,-110,-110,-110,-110,-110,-110,-110,-110,-110,-110,-110,-88,-110,-110,-110,-110,-110,-110,-110,-110,-94,-110,-110,-110,-110,-110,-110,-110,-110,-110,-110,-110,-110,-110,-110,-85,-110,-110,-110,-110,-110,-110,-110,-110,-110,-110,-110,-110,-110,-110,-110,-110,-110,-110,-110,-110,-110,-110,-110,-110,-110,-110,-110,-110,-110,-110,-110,-110,-110,-110,-110,-110,-110,-110,-110,-110,-110,-110,-110,-110,-110,-110,-110,-110,-110,-110,-110,-110,-110,-110,-110,-110,-110,-110,-110,-110,-110,-110,-110,-110,-110,-110,-110,-110,-110,-110,-110,-110,-110,-110,-110,-110,-110,-110,-110,-110,-110,-110,-110,-110,-110,-110,-110,-110,-110,-110,-110,-110,-110,-110,-110,-110,-110,-110,-110,-110,-110,-110,-110,-110,-110,-110,-110,-110,-110,-110,-110,-110,-110,-110,-110,-110,-110,-110,-110,-110,-110,-110,-110,-110,-110,-110,-110,-110,-110,-110,-110,-110,-110,-110,-110,-110,-110,-110,-110,-110,-110,-110,-110,-110,-110,-110,-110,-110,-110,-110,-110,-110,-110,-110,-110,-110,-110,-110,-110,-110,-110,-110,-110,-110,-110,-110,-110,-110,-110,-110,-110,-110,-110,-110,-110,-110,-110,-110,-110,-110,-110,-110,-110,-110,-110,-110,-110,-110,-110,-110,-110,-110,-110,-110,-110,-110,-110,-110,-110,-110,-110,-110,-110,-110,-110,-110,-110,-110,-110,-110,-110,-110,-110,-110,-110,-110,-110,-110,-110,-110,-110,-110,-110,-110,-110,-110,-110,-110,-110,-110,-110,-110,-110,-110,-110,-110,-110,-110,-110,-110,-110,-110,-110,-110,-110,-110,-110,-110,-110,-110,-110,-110,-110,-110,-110,-110,-110,-110,-110,-110,-110,-110,-110,-110,-110,-110,-110,-110,-110,-110,-110,-110,-110,-110,-110,-110,-110,-110,-110,-110,-110,-110,-110,-110,-110,-110,-110,-110,-110,-110,-110,-110,-110,-110,-110,-110,-110,-110,-110,-110,-110,-110,-110,-110,-110,-110,-110,-110,-110,-110,-110,-110,-110,-110,-110,-110,-110,-110,-110,-110,-110,-110,-110,-110,-110,-110,-110,-110,-110,-110,-110,-110,-110,-110,-110,-110,-110,-110,-110,-110,-110,-110,-110,-110,-110,-110,-110,-110,-110,-110,-110,-110,-110,-110,-110,-110,-110,-110,-110,-110,-110,-110,-110,-110,-110,-110,-110,-110,-110,-110,-110,-110,-110,-110,-110,-110,-110,-110,-110,-110,-110,-110,-110,-110,-110,-110,-110,-110,-110,-110,-110,-110,-110,-110,-110,-110,-110,-110,-110,-110,-110,-110,-110,-110,-110,-110,-110,-110,-110,-110,-110,-110,-110,-110,-110,-110,-110,-110,-110,-110,-110,-110,-110,-110,-110,-110,-110,-110,-110,-110,-110,-110,-110,-110,-110,-110,-110,-110,-110,-110,-110,-110,-110,-110,-110,-110,-110,-110,-110,-110,-110,-110,-110,-110,-110,-110,-110,-110,-110,-110,-110,-110,-110,-110,-110,-110,-110,-110,-110,-110,-110,-110,-110,-110
42,12.91385188,25.64033581,5,-77,-90,-110,-77,-110,-76,-110,-76,-89,-110,-110,-110,-110,-110,-82,-110,-83,-110,-110,-110,-110,-110,-110,-110,-76,-110,-72,-79,-110,-71,-110,-110,-83,-83,-110,-110,-110,-110,-110,-110,-110,-110,-110,-110,-110,-110,-83,-110,-85,-110,-87,-87,-110,-110,-110,-110,-110,-88,-110,-110,-110,-110,-85,-82,-110,-110,-110,-91,-83,-110,-110,-82,-110,-110,-110,-110,-110,-110,-110,-110,-110,-110,-110,-110,-110,-110,-110,-110,-110,-110,-110,-110,-110,-110,-110,-110,-110,-89,-93,-110,-110,-110,-110,-110,-110,-110,-86,-110,-110,-110,-110,-110,-110,-110,-110,-110,-110,-110,-110,-110,-110,-86,-110,-110,-110,-110,-110,-110,-110,-110,-92,-110,-110,-110,-110,-110,-110,-110,-110,-110,-110,-110,-110,-110,-110,-87,-110,-110,-110,-110,-110,-110,-110,-110,-110,-110,-110,-110,-110,-110,-110,-110,-110,-110,-110,-110,-110,-110,-110,-110,-110,-110,-110,-110,-110,-110,-110,-110,-110,-110,-110,-110,-110,-110,-110,-110,-110,-110,-110,-110,-110,-110,-110,-110,-110,-110,-110,-110,-110,-110,-110,-110,-110,-110,-110,-110,-110,-110,-110,-110,-110,-110,-110,-110,-110,-110,-110,-110,-110,-110,-110,-110,-110,-110,-110,-110,-110,-110,-110,-110,-110,-110,-110,-110,-110,-110,-110,-110,-110,-110,-110,-110,-110,-110,-110,-110,-110,-110,-110,-110,-110,-110,-110,-110,-110,-110,-110,-110,-110,-110,-110,-110,-110,-110,-110,-110,-110,-110,-110,-110,-110,-110,-110,-110,-110,-110,-110,-110,-110,-110,-110,-110,-110,-110,-110,-110,-110,-110,-110,-110,-110,-110,-110,-110,-110,-110,-110,-110,-110,-110,-110,-110,-110,-110,-110,-110,-110,-110,-110,-110,-110,-110,-110,-110,-110,-110,-110,-110,-110,-110,-110,-110,-110,-110,-110,-110,-110,-110,-110,-110,-110,-110,-110,-110,-110,-110,-110,-110,-110,-110,-110,-110,-110,-110,-110,-110,-110,-110,-110,-110,-110,-110,-110,-110,-110,-110,-110,-110,-110,-110,-110,-110,-110,-110,-110,-110,-110,-110,-110,-110,-110,-110,-110,-110,-110,-110,-110,-110,-110,-110,-110,-110,-110,-110,-110,-110,-110,-110,-110,-110,-110,-110,-110,-110,-110,-110,-110,-110,-110,-110,-110,-110,-110,-110,-110,-110,-110,-110,-110,-110,-110,-110,-110,-110,-110,-110,-110,-110,-110,-110,-110,-110,-110,-110,-110,-110,-110,-110,-110,-110,-110,-110,-110,-110,-110,-110,-110,-110,-110,-110,-110,-110,-110,-110,-110,-110,-110,-110,-110,-110,-110,-110,-110,-110,-110,-110,-110,-110,-110,-110,-110,-110,-110,-110,-110,-110,-110,-110,-110,-110,-110,-110,-110,-110,-110,-110,-110,-110,-110,-110,-110,-110,-110,-110,-110,-110,-110,-110,-110,-110,-110,-110,-110,-110,-110,-110,-110,-110,-110,-110,-110,-110,-110,-110,-110,-110,-110,-110,-110,-110,-110,-110,-110,-110,-110,-110,-110,-110,-110,-110,-110,-110,-110,-110,-110,-110,-110,-110,-110,-110,-110,-110,-110,-110,-110,-110,-110,-110,-110,-110,-110,-110,-110,-110,-110,-110,-110,-110,-110,-110,-110,-110,-110,-110,-110,-110,-110,-110,-110,-110,-110,-110,-110,-110,-110,-110,-110,-110,-110,-110,-110,-110,-110,-110,-110,-110,-110,-110,-110,-110,-110,-110,-110,-110,-110,-110,-110,-110,-110,-110,-110,-110,-110,-110,-110,-110,-110,-110,-110,-110,-110,-110,-110,-110,-110,-110,-110,-110,-110,-110,-110,-110,-110,-110,-110,-110,-110,-110,-110,-110
42,12.91385188,25.64033581,5,-79,-89,-110,-80,-110,-77,-110,-77,-110,-110,-110,-110,-110,-110,-83,-110,-85,-110,-110,-110,-110,-110,-110,-110,-79,-110,-72,-79,-110,-71,-110,-110,-81,-82,-110,-110,-110,-110,-110,-90,-88,-110,-110,-110,-110,-110,-83,-110,-85,-110,-85,-86,-110,-86,-110,-110,-110,-110,-110,-110,-110,-110,-80,-82,-110,-110,-110,-110,-81,-90,-110,-83,-110,-110,-110,-110,-110,-110,-110,-110,-110,-110,-110,-110,-110,-110,-110,-110,-110,-110,-110,-110,-110,-110,-110,-110,-110,-87,-89,-110,-110,-110,-110,-110,-110,-110,-88,-110,-110,-110,-110,-110,-110,-110,-110,-110,-110,-110,-110,-110,-110,-110,-110,-110,-110,-110,-110,-110,-110,-110,-110,-110,-110,-110,-110,-110,-110,-110,-110,-110,-110,-110,-110,-110,-110,-110,-110,-110,-110,-110,-110,-110,-110,-110,-110,-110,-110,-110,-110,-110,-110,-110,-110,-110,-110,-110,-110,-110,-110,-110,-110,-110,-110,-110,-110,-110,-110,-110,-110,-110,-110,-110,-110,-110,-110,-110,-110,-110,-110,-110,-110,-110,-110,-110,-110,-110,-110,-90,-110,-110,-110,-110,-110,-110,-110,-110,-110,-110,-110,-110,-110,-110,-110,-110,-110,-110,-110,-110,-110,-110,-110,-110,-110,-110,-110,-110,-110,-110,-110,-110,-110,-110,-110,-110,-110,-110,-110,-110,-110,-110,-110,-110,-110,-110,-110,-110,-110,-110,-110,-110,-110,-110,-110,-110,-110,-110,-110,-110,-110,-110,-110,-110,-110,-110,-110,-110,-110,-110,-110,-110,-110,-110,-110,-110,-110,-110,-110,-110,-110,-110,-110,-110,-110,-110,-110,-110,-110,-110,-110,-110,-110,-110,-110,-110,-110,-110,-110,-110,-110,-110,-110,-110,-110,-110,-110,-110,-110,-110,-110,-110,-110,-110,-110,-110,-110,-110,-110,-110,-110,-110,-110,-110,-110,-110,-110,-110,-110,-110,-110,-110,-110,-110,-110,-110,-110,-110,-110,-110,-110,-110,-110,-110,-110,-110,-110,-110,-110,-110,-110,-110,-110,-110,-110,-110,-110,-110,-110,-110,-110,-110,-110,-110,-110,-110,-110,-110,-110,-110,-110,-110,-110,-110,-110,-110,-110,-110,-110,-110,-110,-110,-110,-110,-110,-110,-110,-110,-110,-110,-110,-110,-110,-110,-110,-110,-110,-110,-110,-110,-110,-110,-110,-110,-110,-110,-110,-110,-110,-110,-110,-110,-110,-110,-110,-110,-110,-110,-110,-110,-110,-110,-110,-110,-110,-110,-110,-110,-110,-110,-110,-110,-110,-110,-110,-110,-110,-110,-110,-110,-110,-110,-110,-110,-110,-110,-110,-110,-110,-110,-110,-110,-110,-110,-110,-110,-110,-110,-110,-110,-110,-110,-110,-110,-110,-110,-110,-110,-110,-110,-110,-110,-110,-110,-110,-110,-110,-110,-110,-110,-110,-110,-110,-110,-110,-110,-110,-110,-110,-110,-110,-110,-110,-110,-110,-110,-110,-110,-110,-110,-110,-110,-110,-110,-110,-110,-110,-110,-110,-110,-110,-110,-110,-110,-110,-110,-110,-110,-110,-110,-110,-110,-110,-110,-110,-110,-110,-110,-110,-110,-110,-110,-110,-110,-110,-110,-110,-110,-110,-110,-110,-110,-110,-110,-110,-110,-110,-110,-110,-110,-110,-110,-110,-110,-110,-110,-110,-110,-110,-110,-110,-110,-110,-110,-110,-110,-110,-110,-110,-110,-110,-110,-110,-110,-110,-110,-110,-110,-110,-110,-110,-110,-110,-110,-110,-110,-110,-110,-110,-110,-110,-110,-110,-110,-110,-110,-110,-110,-110,-110,-110,-110,-110,-110,-110,-110,-110,-110,-110,-110,-110,-110,-110,-110,-110,-110,-110,-110,-110,-110,-110,-110
43,4.1347719,27.42843992,5,-110,-72,-110,-110,-110,-91,-110,-87,-73,-110,-110,-110,-110,-97,-54,-110,-54,-110,-110,-110,-110,-110,-110,-110,-110,-110,-88,-110,-110,-89,-110,-110,-110,-110,-110,-110,-110,-110,-110,-110,-110,-110,-110,-110,-110,-110,-110,-110,-79,-110,-79,-82,-110,-82,-110,-110,-110,-110,-110,-110,-110,-110,-110,-110,-110,-110,-78,-110,-63,-110,-66,-110,-80,-110,-87,-110,-110,-110,-110,-110,-110,-110,-110,-110,-110,-87,-110,-110,-110,-110,-110,-110,-110,-110,-110,-110,-110,-110,-110,-110,-110,-110,-110,-110,-110,-110,-110,-110,-110,-110,-110,-110,-110,-110,-110,-110,-110,-110,-110,-110,-110,-110,-110,-110,-110,-110,-110,-110,-110,-110,-110,-110,-110,-110,-110,-110,-110,-110,-110,-110,-110,-110,-110,-110,-110,-110,-110,-110,-110,-110,-110,-110,-110,-110,-110,-110,-110,-110,-110,-110,-110,-110,-110,-110,-110,-110,-110,-110,-110,-110,-110,-110,-110,-110,-110,-110,-110,-110,-110,-110,-110,-110,-110,-110,-110,-110,-110,-110,-110,-110,-110,-110,-110,-110,-110,-110,-110,-110,-110,-110,-110,-110,-110,-110,-110,-110,-110,-110,-110,-110,-110,-110,-110,-110,-110,-110,-110,-110,-110,-110,-110,-110,-110,-110,-110,-110,-110,-110,-110,-110,-110,-110,-110,-110,-110,-110,-110,-110,-110,-110,-110,-110,-110,-110,-110,-110,-110,-110,-110,-110,-110,-110,-110,-110,-110,-110,-110,-110,-110,-110,-110,-110,-110,-110,-110,-110,-110,-110,-110,-110,-110,-110,-110,-110,-110,-110,-110,-110,-110,-110,-110,-110,-110,-110,-110,-110,-110,-110,-110,-110,-110,-110,-110,-110,-110,-110,-110,-110,-110,-110,-110,-110,-110,-110,-110,-110,-110,-110,-110,-110,-110,-110,-110,-110,-110,-110,-110,-110,-110,-110,-110,-110,-110,-110,-110,-110,-110,-110,-110,-110,-110,-110,-110,-110,-110,-110,-110,-110,-110,-110,-110,-110,-110,-110,-110,-110,-110,-110,-110,-110,-110,-110,-110,-110,-110,-110,-110,-110,-110,-110,-110,-110,-110,-110,-110,-110,-110,-110,-110,-110,-110,-110,-110,-110,-110,-110,-110,-110,-110,-110,-110,-110,-110,-110,-110,-110,-110,-110,-110,-110,-110,-110,-110,-110,-110,-110,-110,-110,-110,-110,-110,-110,-110,-110,-110,-110,-110,-110,-110,-110,-110,-110,-110,-110,-110,-110,-110,-110,-110,-110,-110,-110,-110,-110,-110,-110,-110,-110,-110,-110,-110,-110,-110,-110,-110,-110,-110,-110,-110,-110,-110,-110,-110,-110,-110,-110,-110,-110,-110,-110,-110,-110,-110,-110,-110,-110,-110,-110,-110,-110,-110,-110,-110,-110,-110,-110,-110,-110,-110,-110,-110,-110,-110,-110,-110,-110,-110,-110,-110,-110,-110,-110,-110,-110,-110,-110,-110,-110,-110,-110,-110,-110,-110,-110,-110,-110,-110,-110,-110,-110,-110,-110,-110,-110,-110,-110,-110,-110,-110,-110,-110,-110,-110,-110,-110,-110,-110,-110,-110,-110,-110,-110,-110,-110,-110,-110,-110,-110,-110,-110,-110,-110,-110,-110,-110,-110,-110,-110,-110,-110,-110,-110,-110,-110,-110,-110,-110,-110,-110,-110,-110,-110,-110,-110,-110,-110,-110,-110,-110,-110,-110,-110,-110,-110,-110,-110,-110,-110,-110,-110,-110,-110,-110,-110,-110,-110,-110,-110,-110,-110,-110,-110,-110,-110,-110,-110,-110,-110,-110,-110,-110,-110,-110,-110,-110,-110,-110,-110,-110,-110,-110,-110,-110,-110,-110,-110,-110,-110,-110,-110,-110,-110,-110,-110,-110,-110,-110,-110,-110,-110
43,4.1347719,27.42843992,5,-110,-73,-81,-110,-110,-110,-110,-88,-73,-110,-110,-110,-110,-110,-55,-110,-55,-110,-110,-110,-110,-110,-110,-110,-110,-110,-110,-110,-110,-84,-110,-110,-110,-110,-110,-110,-110,-110,-110,-110,-110,-110,-110,-110,-110,-110,-110,-110,-79,-110,-77,-86,-110,-88,-110,-110,-110,-110,-110,-110,-110,-110,-110,-110,-110,-110,-77,-110,-63,-110,-64,-110,-78,-110,-110,-110,-110,-110,-110,-110,-110,-110,-110,-110,-110,-89,-88,-110,-110,-110,-110,-110,-110,-87,-110,-110,-110,-110,-110,-110,-110,-110,-110,-110,-110,-110,-110,-110,-110,-110,-110,-110,-110,-110,-110,-110,-110,-110,-110,-110,-110,-110,-110,-110,-110,-110,-110,-110,-110,-110,-110,-110,-110,-110,-110,-110,-110,-110,-110,-110,-110,-110,-110,-110,-110,-110,-110,-110,-110,-110,-110,-110,-110,-110,-110,-110,-110,-110,-110,-110,-110,-110,-110,-110,-110,-110,-110,-110,-110,-110,-110,-110,-110,-110,-110,-110,-110,-110,-110,-110,-110,-110,-110,-110,-110,-110,-110,-110,-110,-110,-110,-110,-110,-110,-110,-110,-110,-110,-110,-110,-110,-110,-110,-110,-110,-110,-110,-110,-110,-110,-110,-110,-110,-110,-110,-110,-110,-110,-110,-110,-110,-110,-110,-110,-110,-110,-110,-110,-110,-110,-110,-110,-110,-110,-110,-110,-110,-110,-110,-110,-110,-110,-110,-110,-110,-110,-110,-110,-110,-110,-110,-110,-110,-110,-110,-110,-110,-110,-110,-110,-110,-110,-110,-110,-110,-110,-110,-110,-110,-110,-110,-110,-110,-110,-110,-110,-110,-110,-110,-110,-110,-110,-110,-110,-110,-110,-110,-110,-110,-110,-110,-110,-110,-110,-110,-110,-110,-110,-110,-110,-110,-110,-110,-110,-110,-110,-110,-110,-110,-110,-110,-110,-110,-110,-110,-110,-110,-110,-110,-110,-110,-110,-110,-110,-110,-110,-110,-110,-110,-110,-110,-110,-110,-110,-110,-110,-110,-110,-110,-110,-110,-110,-110,-110,-110,-110,-110,-110,-110,-110,-110,-110,-110,-110,-110,-110,-110,-110,-110,-110,-110,-110,-110,-110,-110,-110,-110,-110,-110,-110,-110,-110,-110,-110,-110,-110,-110,-110,-110,-110,-110,-110,-110,-110,-110,-110,-110,-110,-110,-110,-110,-110,-110,-110,-110,-110,-110,-110,-110,-110,-110,-110,-110,-110,-110,-110,-110,-110,-110,-110,-110,-110,-110,-110,-110,-110,-110,-110,-110,-110,-110,-110,-110,-110,-110,-110,-110,-110,-110,-110,-110,-110,-110,-110,-110,-110,-110,-110,-110,-110,-110,-110,-110,-110,-110,-110,-110,-110,-110,-110,-110,-110,-110,-110,-110,-110,-110,-110,-110,-110,-110,-110,-110,-110,-110,-110,-110,-110,-110,-110,-110,-110,-110,-110,-110,-110,-110,-110,-110,-110,-110,-110,-110,-110,-110,-110,-110,-110,-110,-110,-110,-110,-110,-110,-110,-110,-110,-110,-110,-110,-110,-110,-110,-110,-110,-110,-110,-110,-110,-110,-110,-110,-110,-110,-110,-110,-110,-110,-110,-110,-110,-110,-110,-110,-110,-110,-110,-110,-110,-110,-110,-110,-110,-110,-110,-110,-110,-110,-110,-110,-110,-110,-110,-110,-110,-110,-110,-110,-110,-110,-110,-110,-110,-110,-110,-110,-110,-110,-110,-110,-110,-110,-110,-110,-110,-110,-110,-110,-110,-110,-110,-110,-110,-110,-110,-110,-110,-110,-110,-110,-110,-110,-110,-110,-110,-110,-110,-110,-110,-110,-110,-110,-110,-110,-110,-110,-110,-110,-110,-110,-110,-110,-110,-110,-110,-110,-110,-110,-110,-110,-110,-110,-110,-110,-110,-110,-110,-110,-110,-110
43,4.1347719,27.42843992,5,-110,-72,-77,-88,-110,-110,-76,-88,-73,-110,-110,-110,-110,-110,-54,-110,-53,-110,-110,-110,-110,-110,-110,-110,-110,-110,-110,-110,-110,-86,-110,-110,-110,-110,-110,-110,-110,-110,-110,-110,-110,-110,-110,-110,-110,-110,-110,-110,-80,-110,-80,-81,-110,-80,-110,-110,-110,-110,-110,-110,-110,-110,-110,-110,-110,-110,-81,-110,-68,-110,-110,-87,-80,-110,-110,-110,-110,-110,-110,-110,-110,-110,-110,-110,-110,-87,-110,-110,-110,-110,-110,-110,-110,-110,-110,-110,-110,-110,-110,-110,-110,-110,-110,-110,-110,-110,-110,-110,-110,-110,-110,-110,-110,-110,-110,-110,-110,-110,-110,-110,-110,-110,-110,-110,-110,-110,-110,-110,-110,-110,-110,-110,-110,-110,-110,-110,-110,-110,-110,-110,-110,-110,-110,-110,-110,-110,-110,-110,-110,-110,-110,-110,-110,-110,-110,-110,-110,-110,-110,-110,-110,-110,-110,-110,-110,-110,-110,-110,-110,-110,-110,-110,-110,-110,-110,-110,-110,-110,-110,-110,-110,-110,-110,-110,-110,-110,-110,-110,-110,-110,-110,-110,-110,-110,-110,-110,-110,-110,-110,-110,-110,-110,-110,-110,-110,-110,-110,-110,-110,-110,-110,-110,-110,-110,-110,-110,-110,-110,-110,-110,-110,-110,-110,-110,-110,-110,-110,-110,-110,-110,-110,-110,-110,-110,-110,-110,-110,-110,-110,-110,-110,-110,-110,-110,-110,-110,-110,-110,-110,-110,-110,-110,-110,-110,-110,-110,-110,-110,-110,-110,-110,-110,-110,-110,-110,-110,-110,-110,-110,-110,-110,-110,-110,-110,-110,-110,-110,-110,-110,-110,-110,-110,-110,-110,-110,-110,-110,-110,-110,-110,-110,-110,-110,-110,-110,-110,-110,-110,-110,-110,-110,-110,-110,-110,-110,-110,-110,-110,-110,-110,-110,-110,-110,-110,-110,-110,-110,-110,-110,-110,-110,-110,-110,-110,-110,-110,-110,-110,-110,-110,-110,-110,-110,-110,-110,-110,-110,-110,-110,-110,-110,-110,-110,-110,-110,-110,-110,-110,-110,-110,-110,-110,-110,-110,-110,-110,-110,-110,-110,-110,-110,-110,-110,-110,-110,-110,-110,-110,-110,-110,-110,-110,-110,-110,-110,-110,-110,-110,-110,-110,-110,-110,-110,-110,-110,-110,-110,-110,-110,-110,-110,-110,-110,-110,-110,-110,-110,-110,-110,-110,-110,-110,-110,-110,-110,-110,-110,-110,-110,-110,-110,-110,-110,-110,-110,-110,-110,-110,-110,-110,-110,-110,-110,-110,-110,-110,-110,-110,-110,-110,-110,-110,-110,-110,-110,-110,-110,-110,-110,-110,-110,-110,-110,-110,-110,-110,-110,-110,-110,-110,-110,-110,-110,-110,-110,-110,-110,-110,-110,-110,-110,-110,-110,-110,-110,-110,-110,-110,-110,-110,-110,-110,-110,-110,-110,-110,-110,-110,-110,-110,-110,-110,-110,-110,-110,-110,-110,-110,-110,-110,-110,-110,-110,-110,-110,-110,-110,-110,-110,-110,-110,-110,-110,-110,-110,-110,-110,-110,-110,-110,-110,-110,-110,-110,-110,-110,-110,-110,-110,-110,-110,-110,-110,-110,-110,-110,-110,-110,-110,-110,-110,-110,-110,-110,-110,-110,-110,-110,-110,-110,-110,-110,-110,-110,-110,-110,-110,-110,-110,-110,-110,-110,-110,-110,-110,-110,-110,-110,-110,-110,-110,-110,-110,-110,-110,-110,-110,-110,-110,-110,-110,-110,-110,-110,-110,-110,-110,-110,-110,-110,-110,-110,-110,-110,-110,-110,-110,-110,-110,-110,-110,-110,-110,-110,-110,-110,-110,-110,-110,-110,-110,-110,-110,-110,-110,-110,-110,-110,-110,-110,-110,-110,-110,-110,-110,-110,-110,-110,-110,-110
43,4.1347719,27.42843992,5,-110,-73,-82,-87,-110,-92,-79,-90,-72,-110,-110,-110,-92,-110,-54,-110,-55,-110,-110,-110,-110,-110,-110,-110,-91,-110,-110,-110,-110,-87,-110,-110,-110,-110,-110,-110,-110,-110,-110,-110,-110,-110,-110,-110,-110,-110,-110,-110,-81,-110,-81,-84,-110,-84,-110,-110,-110,-110,-110,-110,-110,-110,-110,-110,-110,-110,-80,-110,-62,-110,-110,-110,-78,-110,-110,-110,-110,-110,-110,-110,-110,-110,-110,-110,-110,-90,-87,-110,-110,-110,-110,-110,-110,-89,-110,-110,-110,-110,-110,-110,-110,-110,-110,-110,-110,-110,-110,-110,-110,-110,-110,-110,-110,-110,-110,-110,-110,-110,-110,-110,-110,-110,-110,-110,-110,-110,-110,-110,-110,-110,-110,-110,-110,-110,-110,-110,-110,-110,-110,-110,-110,-110,-110,-110,-110,-110,-110,-110,-110,-110,-110,-110,-110,-110,-110,-110,-110,-110,-110,-110,-110,-110,-110,-110,-110,-110,-110,-110,-110,-110,-110,-110,-110,-110,-110,-110,-110,-110,-110,-110,-110,-110,-110,-110,-110,-110,-110,-110,-110,-110,-110,-110,-110,-110,-110,-110,-110,-110,-110,-110,-110,-110,-110,-110,-110,-110,-110,-110,-110,-110,-110,-110,-110,-110,-110,-110,-110,-110,-110,-110,-110,-110,-110,-110,-110,-110,-110,-110,-110,-110,-110,-110,-110,-110,-110,-110,-110,-110,-110,-110,-110,-110,-110,-110,-110,-110,-110,-110,-110,-110,-110,-110,-110,-110,-110,-110,-110,-110,-110,-110,-110,-110,-110,-110,-110,-110,-110,-110,-110,-110,-110,-110,-110,-110,-110,-110,-110,-110,-110,-110,-110,-110,-110,-110,-110,-110,-110,-110,-110,-110,-110,-110,-110,-110,-110,-110,-110,-110,-110,-110,-110,-110,-110,-110,-110,-110,-110,-110,-110,-110,-110,-110,-110,-110,-110,-110,-110,-110,-110,-110,-110,-110,-110,-110,-110,-110,-110,-110,-110,-110,-110,-110,-110,-110,-110,-110,-110,-110,-110,-110,-110,-110,-110,-110,-110,-110,-110,-110,-110,-110,-110,-110,-110,-110,-110,-110,-110,-110,-110,-110,-110,-110,-110,-110,-110,-110,-110,-110,-110,-110,-110,-110,-110,-110,-110,-110,-110,-110,-110,-110,-110,-110,-110,-110,-110,-110,-110,-110,-110,-110,-110,-110,-110,-110,-110,-110,-110,-110,-110,-110,-110,-110,-110,-110,-110,-110,-110,-110,-110,-110,-110,-110,-110,-110,-110,-110,-110,-110,-110,-110,-110,-110,-110,-110,-110,-110,-110,-110,-110,-110,-110,-110,-110,-110,-110,-110,-110,-110,-110,-110,-110,-110,-110,-110,-110,-110,-110,-110,-110,-110,-110,-110,-110,-110,-110,-110,-110,-110,-110,-110,-110,-110,-110,-110,-110,-110,-110,-110,-110,-110,-110,-110,-110,-110,-110,-110,-110,-110,-110,-110,-110,-110,-110,-110,-110,-110,-110,-110,-110,-110,-110,-110,-110,-110,-110,-110,-110,-110,-110,-110,-110,-110,-110,-110,-110,-110,-110,-110,-110,-110,-110,-110,-110,-110,-110,-110,-110,-110,-110,-110,-110,-110,-110,-110,-110,-110,-110,-110,-110,-110,-110,-110,-110,-110,-110,-110,-110,-110,-110,-110,-110,-110,-110,-110,-110,-110,-110,-110,-110,-110,-110,-110,-110,-110,-110,-110,-110,-110,-110,-110,-110,-110,-110,-110,-110,-110,-110,-110,-110,-110,-110,-110,-110,-110,-110,-110,-110,-110,-110,-110,-110,-110,-110,-110,-110,-110,-110,-110,-110,-110,-110,-110,-110,-110,-110,-110,-110,-110,-110,-110,-110,-110,-110,-110,-110,-110,-110,-110,-110,-110,-110,-110,-110,-110,-110,-110,-110,-110,-110,-110
43,4.1347719,27.42843992,5,-110,-75,-81,-92,-110,-110,-81,-110,-73,-110,-110,-110,-110,-110,-54,-110,-54,-110,-110,-110,-110,-110,-110,-110,-110,-110,-110,-110,-110,-110,-110,-110,-110,-110,-110,-110,-110,-110,-110,-110,-110,-110,-110,-110,-110,-110,-110,-110,-78,-110,-78,-86,-110,-86,-110,-110,-110,-110,-110,-110,-110,-110,-110,-110,-110,-110,-80,-110,-61,-110,-62,-110,-79,-110,-110,-110,-110,-110,-110,-110,-110,-110,-110,-110,-110,-110,-110,-110,-110,-110,-110,-110,-110,-110,-110,-110,-110,-110,-110,-110,-110,-110,-110,-110,-110,-110,-110,-110,-110,-110,-110,-110,-110,-110,-110,-110,-110,-110,-110,-110,-110,-110,-110,-110,-110,-110,-110,-110,-110,-110,-110,-110,-110,-110,-110,-110,-110,-110,-110,-110,-110,-110,-110,-110,-110,-110,-110,-110,-110,-110,-110,-110,-110,-110,-110,-110,-110,-110,-110,-110,-110,-110,-110,-110,-110,-110,-110,-110,-110,-110,-110,-110,-110,-110,-110,-110,-110,-110,-110,-110,-110,-110,-110,-110,-110,-110,-110,-110,-110,-110,-110,-110,-110,-110,-110,-110,-110,-110,-110,-110,-110,-110,-110,-110,-110,-110,-110,-110,-110,-110,-110,-110,-110,-110,-110,-110,-110,-110,-110,-110,-110,-110,-110,-110,-110,-110,-110,-110,-110,-110,-110,-110,-110,-110,-110,-110,-110,-110,-110,-110,-110,-110,-110,-110,-110,-110,-110,-110,-110,-110,-110,-110,-110,-110,-110,-110,-110,-110,-110,-110,-110,-110,-110,-110,-110,-110,-110,-110,-110,-110,-110,-110,-110,-110,-110,-110,-110,-110,-110,-110,-110,-110,-110,-110,-110,-110,-110,-110,-110,-110,-110,-110,-110,-110,-110,-110,-110,-110,-110,-110,-110,-110,-110,-110,-110,-110,-110,-110,-110,-110,-110,-110,-110,-110,-110,-110,-110,-110,-110,-110,-110,-110,-110,-110,-110,-110,-110,-110,-110,-110,-110,-110,-110,-110,-110,-110,-110,-110,-110,-110,-110,-110,-110,-110,-110,-110,-110,-110,-110,-110,-110,-110,-110,-110,-110,-110,-110,-110,-110,-110,-110,-110,-110,-110,-110,-110,-110,-110,-110,-110,-110,-110,-110,-110,-110,-110,-110,-110,-110,-110,-110,-110,-110,-110,-110,-110,-110,-110,-110,-110,-110,-110,-110,-110,-110,-110,-110,-110,-110,-110,-110,-110,-110,-110,-110,-110,-110,-110,-110,-110,-110,-110,-110,-110,-110,-110,-110,-110,-110,-110,-110,-110,-110,-110,-110,-110,-110,-110,-110,-110,-110,-110,-110,-110,-110,-110,-110,-110,-110,-110,-110,-110,-110,-110,-110,-110,-110,-110,-110,-110,-110,-110,-110,-110,-110,-110,-110,-110,-110,-110,-110,-110,-110,-110,-110,-110,-110,-110,-110,-110,-110,-110,-110,-110,-110,-110,-110,-110,-110,-110,-110,-110,-110,-110,-110,-110,-110,-110,-110,-110,-110,-110,-110,-110,-110,-110,-110,-110,-110,-110,-110,-110,-110,-110,-110,-110,-110,-110,-110,-110,-110,-110,-110,-110,-110,-110,-110,-110,-110,-110,-110,-110,-110,-110,-110,-110,-110,-110,-110,-110,-110,-110,-110,-110,-110,-110,-110,-110,-110,-110,-110,-110,-110,-110,-110,-110,-110,-110,-110,-110,-110,-110,-110,-110,-110,-110,-110,-110,-110,-110,-110,-110,-110,-110,-110,-110,-110,-110,-110,-110,-110,-110,-110,-110,-110,-110,-110,-110,-110,-110,-110,-110,-110,-110,-110,-110,-110,-110,-110,-110,-110,-110,-110,-110,-110,-110,-110,-110,-110,-110,-110,-110,-110,-110,-110,-110,-110,-110,-110,-110,-110,-110,-110,-110,-110,-110,-110,-110,-110,-110
43,4.1347719,27.42843992,5,-89,-73,-85,-110,-110,-110,-110,-110,-75,-110,-110,-110,-110,-110,-53,-110,-54,-110,-110,-110,-110,-110,-110,-110,-110,-110,-110,-110,-110,-85,-110,-110,-110,-110,-110,-110,-110,-110,-110,-110,-110,-110,-110,-110,-110,-110,-110,-110,-79,-110,-77,-110,-110,-85,-110,-110,-110,-110,-110,-110,-110,-110,-110,-110,-110,-110,-80,-110,-60,-110,-61,-110,-78,-110,-110,-110,-110,-110,-110,-110,-110,-110,-110,-110,-110,-110,-91,-110,-110,-110,-110,-110,-110,-87,-110,-110,-110,-110,-110,-110,-110,-110,-110,-110,-110,-110,-110,-110,-110,-110,-110,-110,-110,-110,-110,-110,-110,-110,-110,-110,-110,-110,-110,-110,-110,-110,-110,-110,-110,-110,-110,-110,-110,-110,-110,-110,-110,-110,-110,-110,-110,-110,-110,-110,-110,-110,-110,-110,-110,-110,-110,-110,-110,-110,-110,-110,-110,-110,-110,-110,-110,-110,-110,-110,-110,-110,-110,-110,-110,-110,-110,-110,-110,-110,-110,-110,-110,-110,-110,-110,-110,-110,-110,-110,-110,-110,-110,-110,-110,-110,-110,-110,-110,-110,-110,-110,-110,-110,-110,-110,-110,-110,-110,-110,-110,-110,-110,-110,-110,-110,-110,-110,-110,-110,-110,-110,-110,-110,-110,-110,-110,-110,-110,-110,-110,-110,-110,-110,-110,-110,-110,-110,-110,-110,-110,-110,-110,-110,-110,-110,-110,-110,-110,-110,-110,-110,-110,-110,-110,-110,-110,-110,-110,-110,-110,-110,-110,-110,-110,-110,-110,-110,-110,-110,-110,-110,-110,-110,-110,-110,-110,-110,-110,-110,-110,-110,-110,-110,-110,-110,-110,-110,-110,-110,-110,-110,-110,-110,-110,-110,-110,-110,-110,-110,-110,-110,-110,-110,-110,-110,-110,-110,-110,-110,-110,-110,-110,-110,-110,-110,-110,-110,-110,-110,-110,-110,-110,-110,-110,-110,-110,-110,-110,-110,-110,-110,-110,-110,-110,-110,-110,-110,-110,-110,-110,-110,-110,-110,-110,-110,-110,-110,-110,-110,-110,-110,-110,-110,-110,-110,-110,-110,-110,-110,-110,-110,-110,-110,-110,-110,-110,-110,-110,-110,-110,-110,-110,-110,-110,-110,-110,-110,-110,-110,-110,-110,-110,-110,-110,-110,-110,-110,-110,-110,-110,-110,-110,-110,-110,-110,-110,-110,-110,-110,-110,-110,-110,-110,-110,-110,-110,-110,-110,-110,-110,-110,-110,-110,-110,-110,-110,-110,-110,-110,-110,-110,-110,-110,-110,-110,-110,-110,-110,-110,-110,-110,-110,-110,-110,-110,-110,-110,-110,-110,-110,-110,-110,-110,-110,-110,-110,-110,-110,-110,-110,-110,-110,-110,-110,-110,-110,-110,-110,-110,-110,-110,-110,-110,-110,-110,-110,-110,-110,-110,-110,-110,-110,-110,-110,-110,-110,-110,-110,-110,-110,-110,-110,-110,-110,-110,-110,-110,-110,-110,-110,-110,-110,-110,-110,-110,-110,-110,-110,-110,-110,-110,-110,-110,-110,-110,-110,-110,-110,-110,-110,-110,-110,-110,-110,-110,-110,-110,-110,-110,-110,-110,-110,-110,-110,-110,-110,-110,-110,-110,-110,-110,-110,-110,-110,-110,-110,-110,-110,-110,-110,-110,-110,-110,-110,-110,-110,-110,-110,-110,-110,-110,-110,-110,-110,-110,-110,-110,-110,-110,-110,-110,-110,-110,-110,-110,-110,-110,-110,-110,-110,-110,-110,-110,-110,-110,-110,-110,-110,-110,-110,-110,-110,-110,-110,-110,-110,-110,-110,-110,-110,-110,-110,-110,-110,-110,-110,-110,-110,-110,-110,-110,-110,-110,-110,-110,-110,-110,-110,-110,-110,-110,-110,-110,-110,-110,-110,-110,-110,-110,-110,-110,-110,-110,-110,-110
44,8.52431189,27.42843992,5,-81,-86,-83,-82,-110,-81,-85,-110,-84,-110,-110,-110,-110,-110,-68,-110,-67,-110,-110,-110,-110,-110,-110,-110,-91,-110,-110,-91,-110,-110,-110,-110,-89,-86,-110,-110,-110,-110,-110,-110,-110,-110,-110,-110,-110,-110,-110,-110,-87,-110,-88,-85,-110,-84,-110,-110,-110,-110,-89,-110,-110,-89,-110,-110,-110,-110,-110,-110,-64,-110,-110,-110,-110,-110,-85,-110,-110,-110,-110,-110,-110,-110,-110,-110,-110,-86,-110,-110,-110,-110,-110,-110,-110,-110,-110,-110,-110,-110,-110,-110,-110,-110,-110,-110,-110,-110,-110,-110,-110,-110,-110,-110,-110,-110,-110,-110,-110,-110,-110,-110,-110,-110,-110,-110,-110,-110,-110,-110,-110,-110,-110,-110,-110,-110,-110,-110,-110,-110,-110,-110,-110,-110,-110,-110,-110,-110,-110,-110,-110,-110,-110,-110,-110,-110,-110,-110,-110,-110,-110,-110,-110,-110,-110,-110,-110,-110,-110,-110,-110,-110,-110,-110,-110,-110,-110,-110,-110,-110,-110,-110,-110,-110,-110,-110,-110,-110,-110,-110,-110,-110,-110,-110,-110,-110,-110,-110,-110,-110,-110,-110,-110,-110,-110,-110,-110,-110,-110,-110,-110,-110,-110,-110,-110,-110,-110,-110,-110,-110,-110,-110,-110,-110,-110,-110,-110,-110,-110,-110,-110,-110,-110,-110,-110,-110,-110,-110,-110,-110,-110,-110,-110,-110,-110,-110,-110,-110,-110,-110,-110,-110,-110,-110,-110,-110,-110,-110,-110,-110,-110,-110,-110,-110,-110,-110,-110,-110,-110,-110,-110,-110,-110,-110,-110,-110,-110,-110,-110,-110,-110,-110,-110,-110,-110,-110,-110,-110,-110,-110,-110,-110,-110,-110,-110,-110,-110,-110,-110,-110,-110,-110,-110,-110,-110,-110,-110,-110,-110,-110,-110,-110,-110,-110,-110,-110,-110,-110,-110,-110,-110,-110,-110,-110,-110,-110,-110,-110,-110,-110,-110,-110,-110,-110,-110,-110,-110,-110,-110,-110,-110,-110,-110,-110,-110,-110,-110,-110,-110,-110,-110,-110,-110,-110,-110,-110,-110,-110,-110,-110,-110,-110,-110,-110,-110,-110,-110,-110,-110,-110,-110,-110,-110,-110,-110,-110,-110,-110,-110,-110,-110,-110,-110,-110,-110,-110,-110,-110,-110,-110,-110,-110,-110,-110,-110,-110,-110,-110,-110,-110,-110,-110,-110,-110,-110,-110,-110,-110,-110,-110,-110,-110,-110,-110,-110,-110,-110,-110,-110,-110,-110,-110,-110,-110,-110,-110,-110,-110,-110,-110,-110,-110,-110,-110,-110,-110,-110,-110,-110,-110,-110,-110,-110,-110,-110,-110,-110,-110,-110,-110,-110,-110,-110,-110,-110,-110,-110,-110,-110,-110,-110,-110,-110,-110,-110,-110,-110,-110,-110,-110,-110,-110,-110,-110,-110,-110,-110,-110,-110,-110,-110,-110,-110,-110,-110,-110,-110,-110,-110,-110,-110,-110,-110,-110,-110,-110,-110,-110,-110,-110,-110,-110,-110,-110,-110,-110,-110,-110,-110,-110,-110,-110,-110,-110,-110,-110,-110,-110,-110,-110,-110,-110,-110,-110,-110,-110,-110,-110,-110,-110,-110,-110,-110,-110,-110,-110,-110,-110,-110,-110,-110,-110,-110,-110,-110,-110,-110,-110,-110,-110,-110,-110,-110,-110,-110,-110,-110,-110,-110,-110,-110,-110,-110,-110,-110,-110,-110,-110,-110,-110,-110,-110,-110,-110,-110,-110,-110,-110,-110,-110,-110,-110,-110,-110,-110,-110,-110,-110,-110,-110,-110,-110,-110,-110,-110,-110,-110,-110,-110,-110,-110,-110,-110,-110,-110,-110,-110,-110,-110,-110,-110,-110,-110,-110,-110,-110,-110,-110,-110,-110,-110,-110
44,8.52431189,27.42843992,5,-81,-84,-87,-82,-110,-84,-88,-83,-85,-110,-110,-110,-110,-110,-67,-110,-69,-110,-110,-110,-110,-110,-110,-110,-92,-110,-110,-92,-110,-110,-110,-110,-88,-88,-110,-110,-110,-110,-110,-110,-110,-110,-110,-110,-110,-110,-110,-110,-90,-110,-90,-84,-110,-86,-110,-110,-110,-110,-110,-110,-110,-92,-110,-110,-110,-110,-110,-110,-63,-110,-62,-85,-110,-110,-87,-110,-110,-110,-110,-110,-110,-110,-110,-110,-110,-110,-86,-110,-110,-110,-110,-110,-110,-88,-110,-110,-110,-110,-110,-110,-110,-110,-110,-110,-110,-110,-110,-110,-110,-110,-110,-110,-110,-110,-110,-110,-110,-110,-110,-110,-110,-110,-110,-110,-110,-110,-110,-110,-110,-110,-110,-110,-110,-110,-110,-110,-110,-110,-110,-110,-110,-110,-110,-110,-110,-110,-110,-110,-110,-110,-110,-110,-110,-110,-110,-110,-110,-110,-110,-110,-110,-110,-110,-110,-110,-110,-110,-110,-110,-110,-110,-110,-110,-110,-110,-110,-110,-110,-110,-110,-110,-110,-110,-110,-110,-110,-110,-110,-110,-110,-110,-110,-110,-110,-110,-110,-110,-110,-110,-110,-110,-110,-110,-110,-110,-110,-110,-110,-110,-110,-110,-110,-110,-110,-110,-110,-110,-110,-110,-110,-110,-110,-110,-110,-110,-110,-110,-110,-110,-110,-110,-110,-110,-110,-110,-110,-110,-110,-110,-110,-110,-110,-110,-110,-110,-110,-110,-110,-110,-110,-110,-110,-110,-110,-110,-110,-110,-110,-110,-110,-110,-110,-110,-110,-110,-110,-110,-110,-110,-110,-110,-110,-110,-110,-110,-110,-110,-110,-110,-110,-110,-110,-110,-110,-110,-110,-110,-110,-110,-110,-110,-110,-110,-110,-110,-110,-110,-110,-110,-110,-110,-110,-110,-110,-110,-110,-110,-110,-110,-110,-110,-110,-110,-110,-110,-110,-110,-110,-110,-110,-110,-110,-110,-110,-110,-110,-110,-110,-110,-110,-110,-110,-110,-110,-110,-110,-110,-110,-110,-110,-110,-110,-110,-110,-110,-110,-110,-110,-110,-110,-110,-110,-110,-110,-110,-110,-110,-110,-110,-110,-110,-110,-110,-110,-110,-110,-110,-110,-110,-110,-110,-110,-110,-110,-110,-110,-110,-110,-110,-110,-110,-110,-110,-110,-110,-110,-110,-110,-110,-110,-110,-110,-110,-110,-110,-110,-110,-110,-110,-110,-110,-110,-110,-110,-110,-110,-110,-110,-110,-110,-110,-110,-110,-110,-110,-110,-110,-110,-110,-110,-110,-110,-110,-110,-110,-110,-110,-110,-110,-110,-110,-110,-110,-110,-110,-110,-110,-110,-110,-110,-110,-110,-110,-110,-110,-110,-110,-110,-110,-110,-110,-110,-110,-110,-110,-110,-110,-110,-110,-110,-110,-110,-110,-110,-110,-110,-110,-110,-110,-110,-110,-110,-110,-110,-110,-110,-110,-110,-110,-110,-110,-110,-110,-110,-110,-110,-110,-110,-110,-110,-110,-110,-110,-110,-110,-110,-110,-110,-110,-110,-110,-110,-110,-110,-110,-110,-110,-110,-110,-110,-110,-110,-110,-110,-110,-110,-110,-110,-110,-110,-110,-110,-110,-110,-110,-110,-110,-110,-110,-110,-110,-110,-110,-110,-110,-110,-110,-110,-110,-110,-110,-110,-110,-110,-110,-110,-110,-110,-110,-110,-110,-110,-110,-110,-110,-110,-110,-110,-110,-110,-110,-110,-110,-110,-110,-110,-110,-110,-110,-110,-110,-110,-110,-110,-110,-110,-110,-110,-110,-110,-110,-110,-110,-110,-110,-110,-110,-110,-110,-110,-110,-110,-110,-110,-110,-110,-110,-110,-110,-110,-110,-110,-110,-110,-110,-110,-110,-110,-110,-110,-110,-110,-110,-110,-110,-110,-110,-110,-110,-110
44,8.52431189,27.42843992,5,-82,-86,-86,-90,-110,-83,-85,-86,-87,-110,-110,-110,-110,-110,-65,-110,-67,-110,-110,-110,-110,-110,-110,-110,-91,-110,-110,-89,-110,-89,-110,-110,-110,-110,-110,-110,-110,-110,-110,-110,-110,-110,-110,-110,-110,-110,-110,-110,-86,-110,-88,-88,-110,-88,-110,-110,-110,-110,-110,-110,-110,-89,-110,-110,-110,-110,-110,-110,-60,-110,-64,-110,-110,-110,-110,-110,-110,-110,-110,-110,-110,-110,-110,-110,-110,-110,-84,-110,-110,-110,-110,-110,-110,-110,-110,-110,-110,-110,-93,-110,-110,-110,-110,-110,-110,-110,-110,-110,-110,-110,-110,-110,-110,-110,-110,-110,-110,-110,-110,-110,-110,-110,-110,-110,-110,-110,-110,-110,-110,-110,-110,-110,-110,-110,-110,-110,-110,-110,-110,-110,-110,-110,-110,-110,-110,-110,-110,-110,-110,-110,-110,-110,-110,-110,-110,-110,-110,-110,-110,-110,-110,-110,-110,-110,-110,-110,-110,-110,-110,-110,-110,-110,-110,-110,-110,-110,-110,-110,-110,-110,-110,-110,-110,-110,-110,-110,-110,-110,-110,-110,-110,-110,-110,-110,-110,-110,-110,-110,-110,-110,-110,-110,-110,-110,-110,-110,-110,-110,-110,-110,-110,-110,-110,-110,-110,-110,-110,-110,-110,-110,-110,-110,-110,-110,-110,-110,-110,-110,-110,-110,-110,-110,-110,-110,-110,-110,-110,-110,-110,-110,-110,-110,-110,-110,-110,-110,-110,-110,-110,-110,-110,-110,-110,-110,-110,-110,-110,-110,-110,-110,-110,-110,-110,-110,-110,-110,-110,-110,-110,-110,-110,-110,-110,-110,-110,-110,-110,-110,-110,-110,-110,-110,-110,-110,-110,-110,-110,-110,-110,-110,-110,-110,-110,-110,-110,-110,-110,-110,-110,-110,-110,-110,-110,-110,-110,-110,-110,-110,-110,-110,-110,-110,-110,-110,-110,-110,-110,-110,-110,-110,-110,-110,-110,-110,-110,-110,-110,-110,-110,-110,-110,-110,-110,-110,-110,-110,-110,-110,-110,-110,-110,-110,-110,-110,-110,-110,-110,-110,-110,-110,-110,-110,-110,-110,-110,-110,-110,-110,-110,-110,-110,-110,-110,-110,-110,-110,-110,-110,-110,-110,-110,-110,-110,-110,-110,-110,-110,-110,-110,-110,-110,-110,-110,-110,-110,-110,-110,-110,-110,-110,-110,-110,-110,-110,-110,-110,-110,-110,-110,-110,-110,-110,-110,-110,-110,-110,-110,-110,-110,-110,-110,-110,-110,-110,-110,-110,-110,-110,-110,-110,-110,-110,-110,-110,-110,-110,-110,-110,-110,-110,-110,-110,-110,-110,-110,-110,-110,-110,-110,-110,-110,-110,-110,-110,-110,-110,-110,-110,-110,-110,-110,-110,-110,-110,-110,-110,-110,-110,-110,-110,-110,-110,-110,-110,-110,-110,-110,-110,-110,-110,-110,-110,-110,-110,-110,-110,-110,-110,-110,-110,-110,-110,-110,-110,-110,-110,-110,-110,-110,-110,-110,-110,-110,-110,-110,-110,-110,-110,-110,-110,-110,-110,-110,-110,-110,-110,-110,-110,-110,-110,-110,-110,-110,-110,-110,-110,-110,-110,-110,-110,-110,-110,-110,-110,-110,-110,-110,-110,-110,-110,-110,-110,-110,-110,-110,-110,-110,-110,-110,-110,-110,-110,-110,-110,-110,-110,-110,-110,-110,-110,-110,-110,-110,-110,-110,-110,-110,-110,-110,-110,-110,-110,-110,-110,-110,-110,-110,-110,-110,-110,-110,-110,-110,-110,-110,-110,-110,-110,-110,-110,-110,-110,-110,-110,-110,-110,-110,-110,-110,-110,-110,-110,-110,-110,-110,-110,-110,-110,-110,-110,-110,-110,-110,-110,-110,-110,-110,-110,-110,-110,-110,-110,-110,-110,-110,-110,-110,-110,-110,-110
44,8.52431189,27.42843992,5,-82,-85,-84,-83,-110,-82,-82,-85,-85,-110,-110,-110,-91,-92,-67,-110,-65,-110,-110,-110,-110,-110,-110,-110,-88,-110,-110,-94,-110,-110,-110,-110,-85,-87,-110,-110,-110,-110,-110,-110,-110,-110,-110,-110,-110,-110,-110,-110,-92,-110,-89,-110,-110,-110,-110,-110,-110,-110,-110,-110,-110,-90,-110,-90,-110,-110,-110,-110,-62,-110,-64,-89,-110,-110,-110,-110,-110,-110,-110,-110,-110,-110,-110,-110,-110,-110,-110,-110,-110,-110,-110,-110,-110,-110,-110,-110,-110,-110,-110,-110,-110,-110,-110,-110,-110,-110,-110,-110,-110,-110,-110,-110,-110,-110,-110,-110,-110,-110,-110,-110,-110,-110,-110,-110,-110,-110,-110,-110,-110,-110,-110,-110,-110,-110,-110,-110,-110,-110,-110,-110,-110,-110,-110,-110,-110,-110,-110,-110,-110,-110,-110,-110,-110,-110,-110,-110,-110,-110,-110,-110,-110,-110,-110,-110,-110,-110,-110,-110,-110,-110,-110,-110,-110,-110,-110,-110,-110,-110,-110,-110,-110,-110,-110,-110,-110,-110,-110,-110,-110,-110,-110,-110,-110,-110,-110,-110,-110,-110,-110,-110,-110,-110,-110,-110,-110,-110,-110,-110,-110,-110,-110,-110,-110,-110,-110,-110,-110,-110,-110,-110,-110,-110,-110,-110,-110,-110,-110,-110,-110,-110,-110,-110,-110,-110,-110,-110,-110,-110,-110,-110,-110,-110,-110,-110,-110,-110,-110,-110,-110,-110,-110,-110,-110,-110,-110,-110,-110,-110,-110,-110,-110,-110,-110,-110,-110,-110,-110,-110,-110,-110,-110,-110,-110,-110,-110,-110,-110,-110,-110,-110,-110,-110,-110,-110,-110,-110,-110,-110,-110,-110,-110,-110,-110,-110,-110,-110,-110,-110,-110,-110,-110,-110,-110,-110,-110,-110,-110,-110,-110,-110,-110,-110,-110,-110,-110,-110,-110,-110,-110,-110,-110,-110,-110,-110,-110,-110,-110,-110,-110,-110,-110,-110,-110,-110,-110,-110,-110,-110,-110,-110,-110,-110,-110,-110,-110,-110,-110,-110,-110,-110,-110,-110,-110,-110,-110,-110,-110,-110,-110,-110,-110,-110,-110,-110,-110,-110,-110,-110,-110,-110,-110,-110,-110,-110,-110,-110,-110,-110,-110,-110,-110,-110,-110,-110,-110,-110,-110,-110,-110,-110,-110,-110,-110,-110,-110,-110,-110,-110,-110,-110,-110,-110,-110,-110,-110,-110,-110,-110,-110,-110,-110,-110,-110,-110,-110,-110,-110,-110,-110,-110,-110,-110,-110,-110,-110,-110,-110,-110,-110,-110,-110,-110,-110,-110,-110,-110,-110,-110,-110,-110,-110,-110,-110,-110,-110,-110,-110,-110,-110,-110,-110,-110,-110,-110,-110,-110,-110,-110,-110,-110,-110,-110,-110,-110,-110,-110,-110,-110,-110,-110,-110,-110,-110,-110,-110,-110,-110,-110,-110,-110,-110,-110,-110,-110,-110,-110,-110,-110,-110,-110,-110,-110,-110,-110,-110,-110,-110,-110,-110,-110,-110,-110,-110,-110,-110,-110,-110,-110,-110,-110,-110,-110,-110,-110,-110,-110,-110,-110,-110,-110,-110,-110,-110,-110,-110,-110,-110,-110,-110,-110,-110,-110,-110,-110,-110,-110,-110,-110,-110,-110,-110,-110,-110,-110,-110,-110,-110,-110,-110,-110,-110,-110,-110,-110,-110,-110,-110,-110,-110,-110,-110,-110,-110,-110,-110,-110,-110,-110,-110,-110,-110,-110,-110,-110,-110,-110,-110,-110,-110,-110,-110,-110,-110,-110,-110,-110,-110,-110,-110,-110,-110,-110,-110,-110,-110,-110,-110,-110,-110,-110,-110,-110,-110,-110,-110,-110,-110,-110,-110,-110,-110,-110,-110,-110,-110,-110,-110,-110,-110,-110
44,8.52431189,27.42843992,5,-82,-84,-83,-83,-110,-83,-85,-83,-85,-110,-110,-110,-110,-110,-64,-110,-65,-110,-110,-110,-110,-110,-110,-110,-93,-110,-110,-89,-110,-110,-110,-110,-87,-88,-110,-110,-110,-110,-110,-110,-110,-110,-110,-110,-110,-110,-110,-110,-88,-110,-89,-90,-110,-110,-110,-110,-110,-110,-92,-110,-110,-89,-110,-110,-110,-110,-110,-110,-62,-110,-110,-85,-110,-110,-110,-110,-110,-110,-110,-110,-110,-110,-110,-110,-110,-110,-110,-110,-110,-110,-110,-110,-110,-110,-110,-110,-110,-110,-110,-110,-110,-110,-110,-110,-110,-110,-110,-110,-110,-110,-110,-110,-110,-110,-110,-110,-110,-110,-110,-110,-110,-110,-110,-110,-110,-110,-110,-110,-110,-110,-110,-110,-110,-110,-110,-110,-110,-110,-110,-110,-110,-110,-110,-110,-110,-110,-110,-110,-110,-110,-110,-110,-110,-110,-110,-110,-110,-110,-110,-110,-110,-110,-110,-110,-110,-110,-110,-110,-110,-110,-110,-110,-110,-110,-110,-110,-110,-110,-110,-110,-110,-110,-110,-110,-110,-110,-110,-110,-110,-110,-110,-110,-110,-110,-110,-110,-110,-110,-110,-110,-110,-110,-110,-110,-110,-110,-110,-110,-110,-110,-110,-110,-110,-110,-110,-110,-110,-110,-110,-110,-110,-110,-110,-110,-110,-110,-110,-110,-110,-110,-110,-110,-110,-110,-110,-110,-110,-110,-110,-110,-110,-110,-110,-110,-110,-110,-110,-110,-110,-110,-110,-110,-110,-110,-110,-110,-110,-110,-110,-110,-110,-110,-110,-110,-110,-110,-110,-110,-110,-110,-110,-110,-110,-110,-110,-110,-110,-110,-110,-110,-110,-110,-110,-110,-110,-110,-110,-110,-110,-110,-110,-110,-110,-110,-110,-110,-110,-110,-110,-110,-110,-110,-110,-110,-110,-110,-110,-110,-110,-110,-110,-110,-110,-110,-110,-110,-110,-110,-110,-110,-110,-110,-110,-110,-110,-110,-110,-110,-110,-110,-110,-110,-110,-110,-110,-110,-110,-110,-110,-110,-110,-110,-110,-110,-110,-110,-110,-110,-110,-110,-110,-110,-110,-110,-110,-110,-110,-110,-110,-110,-110,-110,-110,-110,-110,-110,-110,-110,-110,-110,-110,-110,-110,-110,-110,-110,-110,-110,-110,-110,-110,-110,-110,-110,-110,-110,-110,-110,-110,-110,-110,-110,-110,-110,-110,-110,-110,-110,-110,-110,-110,-110,-110,-110,-110,-110,-110,-110,-110,-110,-110,-110,-110,-110,-110,-110,-110,-110,-110,-110,-110,-110,-110,-110,-110,-110,-110,-110,-110,-110,-110,-110,-110,-110,-110,-110,-110,-110,-110,-110,-110,-110,-110,-110,-110,-110,-110,-110,-110,-110,-110,-110,-110,-110,-110,-110,-110,-110,-110,-110,-110,-110,-110,-110,-110,-110,-110,-110,-110,-110,-110,-110,-110,-110,-110,-110,-110,-110,-110,-110,-110,-110,-110,-110,-110,-110,-110,-110,-110,-110,-110,-110,-110,-110,-110,-110,-110,-110,-110,-110,-110,-110,-110,-110,-110,-110,-110,-110,-110,-110,-110,-110,-110,-110,-110,-110,-110,-110,-110,-110,-110,-110,-110,-110,-110,-110,-110,-110,-110,-110,-110,-110,-110,-110,-110,-110,-110,-110,-110,-110,-110,-110,-110,-110,-110,-110,-110,-110,-110,-110,-110,-110,-110,-110,-110,-110,-110,-110,-110,-110,-110,-110,-110,-110,-110,-110,-110,-110,-110,-110,-110,-110,-110,-110,-110,-110,-110,-110,-110,-110,-110,-110,-110,-110,-110,-110,-110,-110,-110,-110,-110,-110,-110,-110,-110,-110,-110,-110,-110,-110,-110,-110,-110,-110,-110,-110,-110,-110,-110,-110,-110,-110,-110,-110,-110,-110,-110,-110,-110,-110
44,8.52431189,27.42843992,5,-83,-84,-86,-83,-110,-85,-83,-86,-83,-110,-110,-110,-110,-110,-65,-110,-65,-110,-110,-110,-110,-110,-110,-110,-89,-110,-110,-88,-110,-110,-110,-110,-85,-88,-110,-110,-110,-110,-110,-110,-110,-110,-110,-110,-110,-110,-110,-110,-87,-110,-87,-91,-110,-88,-110,-110,-110,-110,-110,-110,-110,-88,-91,-110,-110,-110,-110,-110,-63,-110,-110,-87,-110,-110,-110,-110,-110,-110,-110,-110,-110,-110,-110,-110,-110,-84,-110,-110,-110,-110,-110,-110,-110,-110,-110,-110,-110,-110,-110,-110,-110,-110,-110,-110,-110,-110,-110,-110,-110,-110,-110,-110,-110,-110,-110,-110,-110,-110,-110,-110,-110,-110,-110,-110,-110,-110,-110,-110,-110,-110,-110,-110,-110,-110,-110,-110,-110,-110,-110,-110,-110,-110,-110,-110,-110,-110,-110,-110,-110,-110,-110,-110,-110,-110,-110,-110,-110,-110,-110,-110,-110,-110,-110,-110,-110,-110,-110,-110,-110,-110,-110,-110,-110,-110,-110,-110,-110,-110,-110,-110,-110,-110,-110,-110,-110,-110,-110,-110,-110,-110,-110,-110,-110,-110,-110,-110,-110,-110,-110,-110,-110,-110,-110,-110,-110,-110,-110,-110,-110,-110,-110,-110,-110,-110,-110,-110,-110,-110,-110,-110,-110,-110,-110,-110,-110,-110,-110,-110,-110,-110,-110,-110,-110,-110,-110,-110,-110,-110,-110,-110,-110,-110,-110,-110,-110,-110,-110,-110,-110,-110,-110,-110,-110,-110,-110,-110,-110,-110,-110,-110,-110,-110,-110,-110,-110,-110,-110,-110,-110,-110,-110,-110,-110,-110,-110,-110,-110,-110,-110,-110,-110,-110,-110,-110,-110,-110,-110,-110,-110,-110,-110,-110,-110,-110,-110,-110,-110,-110,-110,-110,-110,-110,-110,-110,-110,-110,-110,-110,-110,-110,-110,-110,-110,-110,-110,-110,-110,-110,-110,-110,-110,-110,-110,-110,-110,-110,-110,-110,-110,-110,-110,-110,-110,-110,-110,-110,-110,-110,-110,-110,-110,-110,-110,-110,-110,-110,-110,-110,-110,-110,-110,-110,-110,-110,-110,-110,-110,-110,-110,-110,-110,-110,-110,-110,-110,-110,-110,-110,-110,-110,-110,-110,-110,-110,-110,-110,-110,-110,-110,-110,-110,-110,-110,-110,-110,-110,-110,-110,-110,-110,-110,-110,-110,-110,-110,-110,-110,-110,-110,-110,-110,-110,-110,-110,-110,-110,-110,-110,-110,-110,-110,-110,-110,-110,-110,-110,-110,-110,-110,-110,-110,-110,-110,-110,-110,-110,-110,-110,-110,-110,-110,-110,-110,-110,-110,-110,-110,-110,-110,-110,-110,-110,-110,-110,-110,-110,-110,-110,-110,-110,-110,-110,-110,-110,-110,-110,-110,-110,-110,-110,-110,-110,-110,-110,-110,-110,-110,-110,-110,-110,-110,-110,-110,-110,-110,-110,-110,-110,-110,-110,-110,-110,-110,-110,-110,-110,-110,-110,-110,-110,-110,-110,-110,-110,-110,-110,-110,-110,-110,-110,-110,-110,-110,-110,-110,-110,-110,-110,-110,-110,-110,-110,-110,-110,-110,-110,-110,-110,-110,-110,-110,-110,-110,-110,-110,-110,-110,-110,-110,-110,-110,-110,-110,-110,-110,-110,-110,-110,-110,-110,-110,-110,-110,-110,-110,-110,-110,-110,-110,-110,-110,-110,-110,-110,-110,-110,-110,-110,-110,-110,-110,-110,-110,-110,-110,-110,-110,-110,-110,-110,-110,-110,-110,-110,-110,-110,-110,-110,-110,-110,-110,-110,-110,-110,-110,-110,-110,-110,-110,-110,-110,-110,-110,-110,-110,-110,-110,-110,-110,-110,-110,-110,-110,-110,-110,-110,-110,-110,-110,-110,-110,-110,-110,-110,-110,-110,-110,-110,-110,-110
45,12.91385188,27.42843992,5,-72,-82,-110,-77,-110,-73,-110,-76,-81,-110,-110,-110,-110,-110,-75,-110,-72,-110,-110,-110,-110,-110,-110,-110,-84,-110,-78,-84,-110,-81,-110,-110,-110,-110,-110,-110,-110,-110,-110,-110,-92,-110,-110,-110,-110,-110,-110,-88,-89,-110,-88,-80,-110,-79,-110,-110,-110,-110,-110,-110,-110,-84,-82,-83,-110,-110,-84,-110,-70,-86,-110,-78,-80,-110,-110,-110,-110,-110,-110,-110,-110,-110,-110,-110,-110,-110,-110,-110,-110,-110,-110,-110,-92,-110,-110,-110,-87,-90,-90,-110,-110,-110,-110,-110,-110,-110,-110,-110,-110,-110,-110,-110,-110,-110,-110,-110,-85,-110,-110,-110,-110,-110,-110,-110,-110,-110,-110,-110,-110,-110,-110,-110,-110,-110,-110,-110,-110,-110,-110,-110,-110,-110,-110,-110,-110,-110,-110,-110,-110,-110,-110,-110,-110,-110,-110,-110,-110,-110,-110,-110,-110,-110,-110,-110,-110,-110,-110,-110,-110,-110,-110,-110,-110,-110,-110,-110,-110,-110,-110,-110,-110,-110,-110,-110,-110,-110,-110,-110,-110,-110,-110,-110,-110,-110,-110,-110,-110,-110,-110,-110,-110,-110,-110,-110,-110,-110,-110,-110,-110,-110,-110,-110,-110,-110,-110,-110,-110,-110,-110,-110,-110,-110,-110,-110,-110,-110,-110,-110,-110,-110,-110,-110,-110,-110,-110,-110,-110,-110,-110,-110,-110,-110,-110,-110,-110,-110,-110,-110,-110,-110,-110,-110,-110,-110,-110,-110,-110,-110,-110,-110,-110,-110,-110,-110,-110,-110,-110,-110,-110,-110,-110,-110,-110,-110,-110,-110,-110,-110,-110,-110,-110,-110,-110,-110,-110,-110,-110,-110,-110,-110,-110,-110,-110,-110,-110,-110,-110,-110,-110,-110,-110,-110,-110,-110,-110,-110,-110,-110,-110,-110,-110,-110,-110,-110,-110,-110,-110,-110,-110,-110,-110,-110,-110,-110,-110,-110,-110,-110,-110,-110,-110,-110,-110,-110,-110,-110,-110,-110,-110,-110,-110,-110,-110,-110,-110,-110,-110,-110,-110,-110,-110,-110,-110,-110,-110,-110,-110,-110,-110,-110,-110,-110,-110,-110,-110,-110,-110,-110,-110,-110,-110,-110,-110,-110,-110,-110,-110,-110,-110,-110,-110,-110,-110,-110,-110,-110,-110,-110,-110,-110,-110,-110,-110,-110,-110,-110,-110,-110,-110,-110,-110,-110,-110,-110,-110,-110,-110,-110,-110,-110,-110,-110,-110,-110,-110,-110,-110,-110,-110,-110,-110,-110,-110,-110,-110,-110,-110,-110,-110,-110,-110,-110,-110,-110,-110,-110,-110,-110,-110,-110,-110,-110,-110,-110,-110,-110,-110,-110,-110,-110,-110,-110,-110,-110,-110,-110,-110,-110,-110,-110,-110,-110,-110,-110,-110,-110,-110,-110,-110,-110,-110,-110,-110,-110,-110,-110,-110,-110,-110,-110,-110,-110,-110,-110,-110,-110,-110,-110,-110,-110,-110,-110,-110,-110,-110,-110,-110,-110,-110,-110,-110,-110,-110,-110,-110,-110,-110,-110,-110,-110,-110,-110,-110,-110,-110,-110,-110,-110,-110,-110,-110,-110,-110,-110,-110,-110,-110,-110,-110,-110,-110,-110,-110,-110,-110,-110,-110,-110,-110,-110,-110,-110,-110,-110,-110,-110,-110,-110,-110,-110,-110,-110,-110,-110,-110,-110,-110,-110,-110,-110,-110,-110,-110,-110,-110,-110,-110,-110,-110,-110,-110,-110,-110,-110,-110,-110,-110,-110,-110,-110,-110,-110,-110,-110,-110,-110,-110,-110,-110,-110,-110,-110,-110,-110,-110,-110,-110,-110,-110,-110,-110,-110,-110,-110,-110,-110,-110,-110,-110,-110,-110,-110,-110,-110,-110,-110,-110,-110,-110,-110
45,12.91385188,27.42843992,5,-76,-77,-110,-77,-110,-76,-110,-76,-76,-90,-110,-110,-87,-90,-67,-110,-69,-110,-110,-110,-110,-110,-110,-110,-110,-110,-110,-82,-110,-80,-110,-110,-110,-88,-110,-110,-110,-110,-110,-110,-92,-110,-110,-110,-110,-110,-110,-110,-88,-88,-92,-110,-90,-110,-110,-110,-110,-110,-91,-110,-110,-87,-89,-88,-110,-110,-79,-110,-72,-110,-110,-85,-79,-110,-110,-110,-110,-110,-110,-110,-110,-110,-110,-110,-110,-86,-110,-110,-110,-110,-110,-110,-110,-110,-110,-110,-85,-89,-89,-110,-110,-110,-110,-110,-110,-110,-110,-110,-110,-110,-110,-110,-110,-110,-110,-110,-110,-110,-110,-110,-110,-110,-110,-110,-110,-110,-110,-110,-110,-110,-110,-110,-110,-110,-110,-110,-110,-110,-110,-110,-110,-110,-110,-110,-110,-110,-110,-110,-110,-110,-110,-110,-110,-110,-110,-110,-110,-110,-110,-110,-110,-110,-110,-110,-110,-110,-110,-110,-110,-110,-110,-110,-110,-110,-110,-110,-110,-110,-110,-110,-110,-110,-110,-110,-110,-110,-110,-110,-110,-110,-110,-110,-110,-110,-110,-110,-110,-110,-110,-110,-110,-110,-110,-110,-110,-110,-110,-110,-110,-110,-110,-110,-110,-110,-110,-110,-110,-110,-110,-110,-110,-110,-110,-110,-110,-110,-110,-110,-110,-110,-110,-110,-110,-110,-110,-110,-110,-110,-110,-110,-110,-110,-110,-110,-110,-110,-110,-110,-110,-110,-110,-110,-110,-110,-110,-110,-110,-110,-110,-110,-110,-110,-110,-110,-110,-110,-110,-110,-110,-110,-110,-110,-110,-110,-110,-110,-110,-110,-110,-110,-110,-110,-110,-110,-110,-110,-110,-110,-110,-110,-110,-110,-110,-110,-110,-110,-110,-110,-110,-110,-110,-110,-110,-110,-110,-110,-110,-110,-110,-110,-110,-110,-110,-110,-110,-110,-110,-110,-110,-110,-110,-110,-110,-110,-110,-110,-110,-110,-110,-110,-110,-110,-110,-110,-110,-110,-110,-110,-110,-110,-110,-110,-110,-110,-110,-110,-110,-110,-110,-110,-110,-110,-110,-110,-110,-110,-110,-110,-110,-110,-110,-110,-110,-110,-110,-110,-110,-110,-110,-110,-110,-110,-110,-110,-110,-110,-110,-110,-110,-110,-110,-110,-110,-110,-110,-110,-110,-110,-110,-110,-110,-110,-110,-110,-110,-110,-110,-110,-110,-110,-110,-110,-110,-110,-110,-110,-110,-110,-110,-110,-110,-110,-110,-110,-110,-110,-110,-110,-110,-110,-110,-110,-110,-110,-110,-110,-110,-110,-110,-110,-110,-110,-110,-110,-110,-110,-110,-110,-110,-110,-110,-110,-110,-110,-110,-110,-110,-110,-110,-110,-110,-110,-110,-110,-110,-110,-110,-110,-110,-110,-110,-110,-110,-110,-110,-110,-110,-110,-110,-110,-110,-110,-110,-110,-110,-110,-110,-110,-110,-110,-110,-110,-110,-110,-110,-110,-110,-110,-110,-110,-110,-110,-110,-110,-110,-110,-110,-110,-110,-110,-110,-110,-110,-110,-110,-110,-110,-110,-110,-110,-110,-110,-110,-110,-110,-110,-110,-110,-110,-110,-110,-110,-110,-110,-110,-110,-110,-110,-110,-110,-110,-110,-110,-110,-110,-110,-110,-110,-110,-110,-110,-110,-110,-110,-110,-110,-110,-110,-110,-110,-110,-110,-110,-110,-110,-110,-110,-110,-110,-110,-110,-110,-110,-110,-110,-110,-110,-110,-110,-110,-110,-110,-110,-110,-110,-110,-110,-110,-110,-110,-110,-110,-110,-110,-110,-110,-110,-110,-110,-110,-110,-110,-110,-110,-110,-110,-110,-110,-110,-110,-110,-110,-110,-110,-110,-110,-110,-110,-110,-110,-110,-110,-110,-110,-110,-110,-110,-110,-110,-110
45,12.91385188,27.42843992,5,-74,-76,-110,-77,-110,-75,-110,-76,-76,-110,-110,-110,-89,-90,-65,-110,-68,-110,-110,-110,-110,-110,-110,-110,-110,-110,-79,-110,-110,-78,-110,-110,-91,-92,-110,-110,-110,-110,-110,-110,-110,-110,-110,-110,-110,-110,-110,-110,-91,-110,-91,-110,-88,-79,-110,-110,-110,-110,-110,-110,-110,-85,-84,-85,-110,-110,-80,-89,-73,-90,-110,-110,-80,-110,-110,-110,-110,-110,-110,-110,-110,-110,-110,-110,-110,-85,-110,-110,-110,-110,-110,-110,-110,-88,-89,-110,-87,-88,-90,-110,-110,-110,-110,-110,-110,-110,-110,-110,-110,-110,-110,-110,-110,-110,-110,-110,-86,-110,-110,-110,-110,-110,-110,-110,-110,-110,-110,-110,-110,-110,-110,-110,-110,-110,-110,-110,-110,-110,-110,-110,-110,-110,-110,-110,-110,-110,-110,-110,-110,-110,-110,-110,-110,-110,-110,-110,-110,-110,-110,-110,-110,-110,-110,-110,-110,-110,-110,-110,-110,-110,-110,-110,-110,-110,-110,-110,-110,-110,-110,-110,-110,-110,-110,-110,-110,-110,-110,-110,-110,-110,-110,-110,-110,-110,-110,-110,-110,-110,-110,-110,-110,-110,-110,-110,-110,-110,-110,-110,-110,-110,-110,-110,-110,-110,-110,-110,-110,-110,-110,-110,-110,-110,-110,-110,-110,-110,-110,-110,-110,-110,-110,-110,-110,-110,-110,-110,-110,-110,-110,-110,-110,-110,-110,-110,-110,-110,-110,-110,-110,-110,-110,-110,-110,-110,-110,-110,-110,-110,-110,-110,-110,-110,-110,-110,-110,-110,-110,-110,-110,-110,-110,-110,-110,-110,-110,-110,-110,-110,-110,-110,-110,-110,-110,-110,-110,-110,-110,-110,-110,-110,-110,-110,-110,-110,-110,-110,-110,-110,-110,-110,-110,-110,-110,-110,-110,-110,-110,-110,-110,-110,-110,-110,-110,-110,-110,-110,-110,-110,-110,-110,-110,-110,-110,-110,-110,-110,-110,-110,-110,-110,-110,-110,-110,-110,-110,-110,-110,-110,-110,-110,-110,-110,-110,-110,-110,-110,-110,-110,-110,-110,-110,-110,-110,-110,-110,-110,-110,-110,-110,-110,-110,-110,-110,-110,-110,-110,-110,-110,-110,-110,-110,-110,-110,-110,-110,-110,-110,-110,-110,-110,-110,-110,-110,-110,-110,-110,-110,-110,-110,-110,-110,-110,-110,-110,-110,-110,-110,-110,-110,-110,-110,-110,-110,-110,-110,-110,-110,-110,-110,-110,-110,-110,-110,-110,-110,-110,-110,-110,-110,-110,-110,-110,-110,-110,-110,-110,-110,-110,-110,-110,-110,-110,-110,-110,-110,-110,-110,-110,-110,-110,-110,-110,-110,-110,-110,-110,-110,-110,-110,-110,-110,-110,-110,-110,-110,-110,-110,-110,-110,-110,-110,-110,-110,-110,-110,-110,-110,-110,-110,-110,-110,-110,-110,-110,-110,-110,-110,-110,-110,-110,-110,-110,-110,-110,-110,-110,-110,-110,-110,-110,-110,-110,-110,-110,-110,-110,-110,-110,-110,-110,-110,-110,-110,-110,-110,-110,-110,-110,-110,-110,-110,-110,-110,-110,-110,-110,-110,-110,-110,-110,-110,-110,-110,-110,-110,-110,-110,-110,-110,-110,-110,-110,-110,-110,-110,-110,-110,-110,-110,-110,-110,-110,-110,-110,-110,-110,-110,-110,-110,-110,-110,-110,-110,-110,-110,-110,-110,-110,-110,-110,-110,-110,-110,-110,-110,-110,-110,-110,-110,-110,-110,-110,-110,-110,-110,-110,-110,-110,-110,-110,-110,-110,-110,-110,-110,-110,-110,-110,-110,-110,-110,-110,-110,-110,-110,-110,-110,-110,-110,-110,-110,-110,-110,-110,-110,-110,-110,-110,-110,-110,-110,-110,-110,-110,-110,-110,-110,-110,-110,-110
45,12.91385188,27.42843992,5,-73,-75,-110,-76,-89,-74,-110,-78,-77,-110,-110,-110,-91,-89,-66,-110,-68,-110,-110,-110,-110,-110,-110,-110,-79,-110,-77,-78,-110,-77,-110,-110,-89,-88,-110,-110,-110,-110,-110,-110,-110,-110,-110,-110,-110,-110,-89,-87,-89,-110,-88,-110,-110,-81,-110,-110,-110,-110,-110,-110,-110,-88,-83,-85,-110,-110,-79,-110,-70,-92,-74,-110,-80,-110,-110,-110,-110,-110,-110,-110,-110,-110,-110,-110,-110,-110,-110,-110,-110,-110,-110,-110,-87,-110,-110,-110,-110,-110,-110,-110,-110,-110,-110,-110,-110,-110,-110,-110,-110,-110,-110,-110,-110,-110,-110,-110,-110,-110,-110,-110,-110,-110,-110,-110,-110,-110,-110,-110,-110,-110,-110,-110,-110,-110,-110,-110,-110,-110,-110,-110,-110,-110,-110,-110,-110,-110,-110,-110,-110,-110,-110,-110,-110,-110,-110,-110,-110,-110,-110,-110,-110,-110,-110,-110,-110,-110,-110,-110,-110,-110,-110,-110,-110,-110,-110,-110,-110,-110,-110,-110,-110,-110,-110,-110,-110,-110,-110,-110,-110,-110,-110,-110,-110,-110,-110,-110,-110,-110,-110,-110,-110,-110,-110,-110,-110,-110,-110,-110,-110,-110,-110,-110,-110,-110,-110,-110,-110,-110,-110,-110,-110,-110,-110,-110,-110,-110,-110,-110,-110,-110,-110,-110,-110,-110,-110,-110,-110,-110,-110,-110,-110,-110,-110,-110,-110,-110,-110,-110,-110,-110,-110,-110,-110,-110,-110,-110,-110,-110,-110,-110,-110,-110,-110,-110,-110,-110,-110,-110,-110,-110,-110,-110,-110,-110,-110,-110,-110,-110,-110,-110,-110,-110,-110,-110,-110,-110,-110,-110,-110,-110,-110,-110,-110,-110,-110,-110,-110,-110,-110,-110,-110,-110,-110,-110,-110,-110,-110,-110,-110,-110,-110,-110,-110,-110,-110,-110,-110,-110,-110,-110,-110,-110,-110,-110,-110,-110,-110,-110,-110,-110,-110,-110,-110,-110,-110,-110,-110,-110,-110,-110,-110,-110,-110,-110,-110,-110,-110,-110,-110,-110,-110,-110,-110,-110,-110,-110,-110,-110,-110,-110,-110,-110,-110,-110,-110,-110,-110,-110,-110,-110,-110,-110,-110,-110,-110,-110,-110,-110,-110,-110,-110,-110,-110,-110,-110,-110,-110,-110,-110,-110,-110,-110,-110,-110,-110,-110,-110,-110,-110,-110,-110,-110,-110,-110,-110,-110,-110,-110,-110,-110,-110,-110,-110,-110,-110,-110,-110,-110,-110,-110,-110,-110,-110,-110,-110,-110,-110,-110,-110,-110,-110,-110,-110,-110,-110,-110,-110,-110,-110,-110,-110,-110,-110,-110,-110,-110,-110,-110,-110,-110,-110,-110,-110,-110,-110,-110,-110,-110,-110,-110,-110,-110,-110,-110,-110,-110,-110,-110,-110,-110,-110,-110,-110,-110,-110,-110,-110,-110,-110,-110,-110,-110,-110,-110,-110,-110,-110,-110,-110,-110,-110,-110,-110,-110,-110,-110,-110,-110,-110,-110,-110,-110,-110,-110,-110,-110,-110,-110,-110,-110,-110,-110,-110,-110,-110,-110,-110,-110,-110,-110,-110,-110,-110,-110,-110,-110,-110,-110,-110,-110,-110,-110,-110,-110,-110,-110,-110,-110,-110,-110,-110,-110,-110,-110,-110,-110,-110,-110,-110,-110,-110,-110,-110,-110,-110,-110,-110,-110,-110,-110,-110,-110,-110,-110,-110,-110,-110,-110,-110,-110,-110,-110,-110,-110,-110,-110,-110,-110,-110,-110,-110,-110,-110,-110,-110,-110,-110,-110,-110,-110,-110,-110,-110,-110,-110,-110,-110,-110,-110,-110,-110,-110,-110,-110,-110,-110,-110,-110,-110,-110,-110,-110,-110,-110,-110,-110,-110,-110,-110,-110
45,12.91385188,27.42843992,5,-73,-76,-110,-78,-110,-75,-89,-77,-76,-110,-110,-110,-89,-91,-65,-110,-66,-110,-110,-110,-110,-110,-110,-110,-110,-110,-81,-110,-110,-110,-110,-110,-110,-86,-110,-110,-110,-110,-110,-110,-110,-110,-110,-110,-110,-110,-88,-85,-90,-88,-110,-85,-110,-83,-110,-110,-110,-110,-110,-110,-110,-86,-85,-85,-110,-110,-80,-110,-72,-92,-110,-82,-80,-110,-110,-110,-110,-110,-110,-110,-110,-110,-110,-110,-110,-91,-110,-110,-110,-110,-110,-110,-110,-110,-110,-110,-91,-110,-110,-110,-110,-110,-110,-110,-110,-110,-110,-110,-110,-110,-110,-110,-110,-110,-110,-110,-110,-110,-110,-110,-110,-110,-110,-110,-110,-110,-110,-110,-110,-110,-110,-110,-110,-110,-110,-110,-110,-110,-110,-110,-110,-110,-110,-110,-110,-110,-110,-110,-110,-110,-110,-110,-110,-110,-110,-110,-110,-110,-110,-110,-110,-110,-110,-110,-110,-110,-110,-110,-110,-110,-110,-110,-110,-110,-110,-110,-110,-110,-110,-110,-110,-110,-110,-110,-110,-110,-110,-110,-110,-110,-110,-110,-110,-110,-110,-110,-110,-110,-110,-110,-110,-110,-110,-110,-110,-110,-110,-110,-110,-110,-110,-110,-110,-110,-110,-110,-110,-110,-110,-110,-110,-110,-110,-110,-110,-110,-110,-110,-110,-110,-110,-110,-110,-110,-110,-110,-110,-110,-110,-110,-110,-110,-110,-110,-110,-110,-110,-110,-110,-110,-110,-110,-110,-110,-110,-110,-110,-110,-110,-110,-110,-110,-110,-110,-110,-110,-110,-110,-110,-110,-110,-110,-110,-110,-110,-110,-110,-110,-110,-110,-110,-110,-110,-110,-110,-110,-110,-110,-110,-110,-110,-110,-110,-110,-110,-110,-110,-110,-110,-110,-110,-110,-110,-110,-110,-110,-110,-110,-110,-110,-110,-110,-110,-110,-110,-110,-110,-110,-110,-110,-110,-110,-110,-110,-110,-110,-110,-110,-110,-110,-110,-110,-110,-110,-110,-110,-110,-110,-110,-110,-110,-110,-110,-110,-110,-110,-110,-110,-110,-110,-110,-110,-110,-110,-110,-110,-110,-110,-110,-110,-110,-110,-110,-110,-110,-110,-110,-110,-110,-110,-110,-110,-110,-110,-110,-110,-110,-110,-110,-110,-110,-110,-110,-110,-110,-110,-110,-110,-110,-110,-110,-110,-110,-110,-110,-110,-110,-110,-110,-110,-110,-110,-110,-110,-110,-110,-110,-110,-110,-110,-110,-110,-110,-110,-110,-110,-110,-110,-110,-110,-110,-110,-110,-110,-110,-110,-110,-110,-110,-110,-110,-110,-110,-110,-110,-110,-110,-110,-110,-110,-110,-110,-110,-110,-110,-110,-110,-110,-110,-110,-110,-110,-110,-110,-110,-110,-110,-110,-110,-110,-110,-110,-110,-110,-110,-110,-110,-110,-110,-110,-110,-110,-110,-110,-110,-110,-110,-110,-110,-110,-110,-110,-110,-110,-110,-110,-110,-110,-110,-110,-110,-110,-110,-110,-110,-110,-110,-110,-110,-110,-110,-110,-110,-110,-110,-110,-110,-110,-110,-110,-110,-110,-110,-110,-110,-110,-110,-110,-110,-110,-110,-110,-110,-110,-110,-110,-110,-110,-110,-110,-110,-110,-110,-110,-110,-110,-110,-110,-110,-110,-110,-110,-110,-110,-110,-110,-110,-110,-110,-110,-110,-110,-110,-110,-110,-110,-110,-110,-110,-110,-110,-110,-110,-110,-110,-110,-110,-110,-110,-110,-110,-110,-110,-110,-110,-110,-110,-110,-110,-110,-110,-110,-110,-110,-110,-110,-110,-110,-110,-110,-110,-110,-110,-110,-110,-110,-110,-110,-110,-110,-110,-110,-110,-110,-110,-110,-110,-110,-110,-110,-110,-110,-110,-110,-110,-110,-110,-110,-110,-110
45,12.91385188,27.42843992,5,-74,-77,-110,-77,-110,-74,-110,-77,-77,-110,-110,-110,-92,-93,-66,-110,-67,-110,-110,-110,-110,-110,-110,-110,-79,-110,-80,-110,-110,-80,-110,-110,-110,-87,-110,-110,-110,-110,-110,-110,-110,-110,-110,-110,-110,-110,-110,-87,-110,-110,-90,-82,-88,-80,-110,-110,-110,-110,-110,-92,-110,-85,-84,-83,-110,-110,-79,-110,-70,-91,-75,-110,-81,-110,-110,-110,-110,-110,-110,-110,-110,-110,-110,-110,-110,-110,-110,-110,-110,-110,-110,-110,-110,-110,-110,-110,-87,-110,-110,-110,-110,-110,-110,-110,-110,-110,-110,-110,-110,-110,-110,-110,-110,-110,-110,-110,-88,-110,-110,-110,-110,-110,-110,-110,-110,-110,-110,-110,-110,-110,-110,-110,-110,-110,-110,-110,-110,-110,-110,-110,-110,-110,-110,-110,-110,-110,-110,-110,-110,-110,-110,-110,-110,-110,-110,-110,-110,-110,-110,-110,-110,-110,-110,-110,-110,-110,-110,-110,-110,-110,-110,-110,-110,-110,-110,-110,-110,-110,-110,-110,-110,-110,-110,-110,-110,-110,-110,-110,-110,-110,-110,-110,-110,-110,-110,-110,-110,-110,-110,-110,-110,-110,-110,-110,-110,-110,-110,-110,-110,-110,-110,-110,-110,-110,-110,-110,-110,-110,-110,-110,-110,-110,-110,-110,-110,-110,-110,-110,-110,-110,-110,-110,-110,-110,-110,-110,-110,-110,-110,-110,-110,-110,-110,-110,-110,-110,-110,-110,-110,-110,-110,-110,-110,-110,-110,-110,-110,-110,-110,-110,-110,-110,-110,-110,-110,-110,-110,-110,-110,-110,-110,-110,-110,-110,-110,-110,-110,-110,-110,-110,-110,-110,-110,-110,-110,-110,-110,-110,-110,-110,-110,-110,-110,-110,-110,-110,-110,-110,-110,-110,-110,-110,-110,-110,-110,-110,-110,-110,-110,-110,-110,-110,-110,-110,-110,-110,-110,-110,-110,-110,-110,-110,-110,-110,-110,-110,-110,-110,-110,-110,-110,-110,-110,-110,-110,-110,-110,-110,-110,-110,-110,-110,-110,-110,-110,-110,-110,-110,-110,-110,-110,-110,-110,-110,-110,-110,-110,-110,-110,-110,-110,-110,-110,-110,-110,-110,-110,-110,-110,-110,-110,-110,-110,-110,-110,-110,-110,-110,-110,-110,-110,-110,-110,-110,-110,-110,-110,-110,-110,-110,-110,-110,-110,-110,-110,-110,-110,-110,-110,-110,-110,-110,-110,-110,-110,-110,-110,-110,-110,-110,-110,-110,-110,-110,-110,-110,-110,-110,-110,-110,-110,-110,-110,-110,-110,-110,-110,-110,-110,-110,-110,-110,-110,-110,-110,-110,-110,-110,-110,-110,-110,-110,-110,-110,-110,-110,-110,-110,-110,-110,-110,-110,-110,-110,-110,-110,-110,-110,-110,-110,-110,-110,-110,-110,-110,-110,-110,-110,-110,-110,-110,-110,-110,-110,-110,-110,-110,-110,-110,-110,-110,-110,-110,-110,-110,-110,-110,-110,-110,-110,-110,-110,-110,-110,-110,-110,-110,-110,-110,-110,-110,-110,-110,-110,-110,-110,-110,-110,-110,-110,-110,-110,-110,-110,-110,-110,-110,-110,-110,-110,-110,-110,-110,-110,-110,-110,-110,-110,-110,-110,-110,-110,-110,-110,-110,-110,-110,-110,-110,-110,-110,-110,-110,-110,-110,-110,-110,-110,-110,-110,-110,-110,-110,-110,-110,-110,-110,-110,-110,-110,-110,-110,-110,-110,-110,-110,-110,-110,-110,-110,-110,-110,-110,-110,-110,-110,-110,-110,-110,-110,-110,-110,-110,-110,-110,-110,-110,-110,-110,-110,-110,-110,-110,-110,-110,-110,-110,-110,-110,-110,-110,-110,-110,-110,-110,-110,-110,-110,-110,-110,-110,-110,-110,-110,-110,-110,-110,-110,-110,-110
46,4.1347719,29.21654402,5,-110,-84,-72,-89,-110,-110,-73,-88,-83,-110,-110,-110,-110,-110,-59,-110,-59,-110,-110,-110,-110,-110,-110,-110,-110,-110,-89,-110,-110,-110,-110,-110,-110,-110,-110,-110,-110,-110,-110,-110,-110,-110,-110,-110,-110,-110,-110,-110,-84,-110,-83,-87,-110,-89,-110,-110,-92,-110,-110,-110,-110,-89,-110,-110,-110,-110,-81,-110,-50,-110,-50,-88,-81,-110,-110,-110,-110,-110,-110,-110,-110,-110,-110,-110,-110,-110,-110,-110,-110,-110,-110,-110,-86,-110,-110,-110,-110,-110,-110,-110,-110,-110,-110,-110,-110,-110,-110,-110,-110,-110,-110,-110,-110,-110,-110,-110,-110,-110,-110,-110,-110,-110,-110,-110,-110,-110,-110,-110,-110,-110,-110,-110,-110,-110,-110,-110,-110,-110,-110,-110,-110,-110,-110,-110,-110,-110,-110,-110,-110,-110,-110,-110,-110,-110,-110,-110,-110,-110,-110,-110,-110,-110,-110,-110,-110,-110,-110,-110,-110,-110,-110,-110,-110,-110,-110,-110,-110,-110,-110,-110,-110,-110,-110,-110,-110,-110,-110,-110,-110,-110,-110,-110,-110,-110,-110,-110,-110,-110,-110,-110,-110,-110,-110,-110,-110,-110,-110,-110,-110,-110,-110,-110,-110,-110,-110,-110,-110,-110,-110,-110,-110,-110,-110,-110,-110,-110,-110,-110,-110,-110,-110,-110,-110,-110,-110,-110,-110,-110,-110,-110,-110,-110,-110,-110,-110,-110,-110,-110,-110,-110,-110,-110,-110,-110,-110,-110,-110,-110,-110,-110,-110,-110,-110,-110,-110,-110,-110,-110,-110,-110,-110,-110,-110,-110,-110,-110,-110,-110,-110,-110,-110,-110,-110,-110,-110,-110,-110,-110,-110,-110,-110,-110,-110,-110,-110,-110,-110,-110,-110,-110,-110,-110,-110,-110,-110,-110,-110,-110,-110,-110,-110,-110,-110,-110,-110,-110,-110,-110,-110,-110,-110,-110,-110,-110,-110,-110,-110,-110,-110,-110,-110,-110,-110,-110,-110,-110,-110,-110,-110,-110,-110,-110,-110,-110,-110,-110,-110,-110,-110,-110,-110,-110,-110,-110,-110,-110,-110,-110,-110,-110,-110,-110,-110,-110,-110,-110,-110,-110,-110,-110,-110,-110,-110,-110,-110,-110,-110,-110,-110,-110,-110,-110,-110,-110,-110,-110,-110,-110,-110,-110,-110,-110,-110,-110,-110,-110,-110,-110,-110,-110,-110,-110,-110,-110,-110,-110,-110,-110,-110,-110,-110,-110,-110,-110,-110,-110,-110,-110,-110,-110,-110,-110,-110,-110,-110,-110,-110,-110,-110,-110,-110,-110,-110,-110,-110,-110,-110,-110,-110,-110,-110,-110,-110,-110,-110,-110,-110,-110,-110,-110,-110,-110,-110,-110,-110,-110,-110,-110,-110,-110,-110,-110,-110,-110,-110,-110,-110,-110,-110,-110,-110,-110,-110,-110,-110,-110,-110,-110,-110,-110,-110,-110,-110,-110,-110,-110,-110,-110,-110,-110,-110,-110,-110,-110,-110,-110,-110,-110,-110,-110,-110,-110,-110,-110,-110,-110,-110,-110,-110,-110,-110,-110,-110,-110,-110,-110,-110,-110,-110,-110,-110,-110,-110,-110,-110,-110,-110,-110,-110,-110,-110,-110,-110,-110,-110,-110,-110,-110,-110,-110,-110,-110,-110,-110,-110,-110,-110,-110,-110,-110,-110,-110,-110,-110,-110,-110,-110,-110,-110,-110,-110,-110,-110,-110,-110,-110,-110,-110,-110,-110,-110,-110,-110,-110,-110,-110,-110,-110,-110,-110,-110,-110,-110,-110,-110,-110,-110,-110,-110,-110,-110,-110,-110,-110,-110,-110,-110,-110,-110,-110,-110,-110,-110,-110,-110,-110,-110,-110,-110,-110,-110,-110,-110,-110,-110,-110,-110,-110,-110,-110
46,4.1347719,29.21654402,5,-110,-84,-75,-86,-110,-110,-74,-86,-85,-110,-110,-110,-110,-110,-57,-110,-57,-110,-110,-110,-110,-110,-110,-110,-110,-110,-85,-110,-110,-110,-110,-110,-110,-110,-110,-110,-110,-110,-110,-110,-110,-110,-110,-110,-110,-110,-110,-110,-84,-110,-85,-83,-110,-81,-110,-110,-110,-110,-110,-110,-110,-90,-110,-110,-110,-110,-78,-110,-48,-110,-51,-110,-78,-110,-110,-110,-110,-110,-110,-110,-110,-110,-110,-110,-110,-110,-110,-110,-110,-110,-110,-110,-87,-110,-110,-110,-110,-110,-110,-110,-110,-110,-110,-110,-110,-110,-110,-110,-110,-110,-110,-110,-110,-110,-110,-110,-110,-110,-110,-110,-110,-110,-110,-110,-110,-110,-110,-110,-110,-110,-110,-110,-110,-110,-110,-110,-110,-110,-110,-110,-110,-110,-110,-110,-110,-110,-110,-110,-110,-110,-110,-110,-110,-110,-110,-110,-110,-110,-110,-110,-110,-110,-110,-110,-110,-110,-110,-110,-110,-110,-110,-110,-110,-110,-110,-110,-110,-110,-110,-110,-110,-110,-110,-110,-110,-110,-110,-110,-110,-110,-110,-110,-110,-110,-110,-110,-110,-110,-110,-110,-110,-110,-110,-110,-110,-110,-110,-110,-110,-110,-110,-110,-110,-110,-110,-110,-110,-110,-110,-110,-110,-110,-110,-110,-110,-110,-110,-110,-110,-110,-110,-110,-110,-110,-110,-110,-110,-110,-110,-110,-110,-110,-110,-110,-110,-110,-110,-110,-110,-110,-110,-110,-110,-110,-110,-110,-110,-110,-110,-110,-110,-110,-110,-110,-110,-110,-110,-110,-110,-110,-110,-110,-110,-110,-110,-110,-110,-110,-110,-110,-110,-110,-110,-110,-110,-110,-110,-110,-110,-110,-110,-110,-110,-110,-110,-110,-110,-110,-110,-110,-110,-110,-110,-110,-110,-110,-110,-110,-110,-110,-110,-110,-110,-110,-110,-110,-110,-110,-110,-110,-110,-110,-110,-110,-110,-110,-110,-110,-110,-110,-110,-110,-110,-110,-110,-110,-110,-110,-110,-110,-110,-110,-110,-110,-110,-110,-110,-110,-110,-110,-110,-110,-110,-110,-110,-110,-110,-110,-110,-110,-110,-110,-110,-110,-110,-110,-110,-110,-110,-110,-110,-110,-110,-110,-110,-110,-110,-110,-110,-110,-110,-110,-110,-110,-110,-110,-110,-110,-110,-110,-110,-110,-110,-110,-110,-110,-110,-110,-110,-110,-110,-110,-110,-110,-110,-110,-110,-110,-110,-110,-110,-110,-110,-110,-110,-110,-110,-110,-110,-110,-110,-110,-110,-110,-110,-110,-110,-110,-110,-110,-110,-110,-110,-110,-110,-110,-110,-110,-110,-110,-110,-110,-110,-110,-110,-110,-110,-110,-110,-110,-110,-110,-110,-110,-110,-110,-110,-110,-110,-110,-110,-110,-110,-110,-110,-110,-110,-110,-110,-110,-110,-110,-110,-110,-110,-110,-110,-110,-110,-110,-110,-110,-110,-110,-110,-110,-110,-110,-110,-110,-110,-110,-110,-110,-110,-110,-110,-110,-110,-110,-110,-110,-110,-110,-110,-110,-110,-110,-110,-110,-110,-110,-110,-110,-110,-110,-110,-110,-110,-110,-110,-110,-110,-110,-110,-110,-110,-110,-110,-110,-110,-110,-110,-110,-110,-110,-110,-110,-110,-110,-110,-110,-110,-110,-110,-110,-110,-110,-110,-110,-110,-110,-110,-110,-110,-110,-110,-110,-110,-110,-110,-110,-110,-110,-110,-110,-110,-110,-110,-110,-110,-110,-110,-110,-110,-110,-110,-110,-110,-110,-110,-110,-110,-110,-110,-110,-110,-110,-110,-110,-110,-110,-110,-110,-110,-110,-110,-110,-110,-110,-110,-110,-110,-110,-110,-110,-110,-110,-110,-110,-110,-110,-110,-110,-110,-110,-110,-110,-110,-110
46,4.1347719,29.21654402,5,-110,-84,-73,-87,-110,-91,-72,-110,-83,-110,-110,-110,-110,-110,-63,-110,-64,-110,-110,-110,-110,-110,-110,-110,-110,-110,-85,-110,-110,-110,-110,-110,-110,-110,-110,-110,-110,-110,-110,-110,-110,-110,-110,-110,-110,-110,-110,-110,-89,-110,-110,-84,-110,-83,-110,-110,-110,-110,-110,-110,-110,-92,-110,-110,-110,-110,-78,-110,-48,-110,-52,-110,-77,-110,-110,-110,-110,-110,-110,-110,-110,-110,-110,-110,-110,-110,-110,-110,-110,-110,-110,-110,-89,-110,-110,-110,-110,-110,-110,-110,-110,-110,-110,-110,-110,-110,-110,-110,-110,-110,-110,-110,-110,-110,-110,-110,-110,-110,-110,-110,-110,-110,-110,-110,-110,-110,-110,-110,-110,-110,-110,-110,-110,-110,-110,-110,-110,-110,-110,-110,-110,-110,-110,-110,-110,-110,-110,-110,-110,-110,-110,-110,-110,-110,-110,-110,-110,-110,-110,-110,-110,-110,-110,-110,-110,-110,-110,-110,-110,-110,-110,-110,-110,-110,-110,-110,-110,-110,-110,-110,-110,-110,-110,-110,-110,-110,-110,-110,-110,-110,-110,-110,-110,-110,-110,-110,-110,-110,-110,-110,-110,-110,-110,-110,-110,-110,-110,-110,-110,-110,-110,-110,-110,-110,-110,-110,-110,-110,-110,-110,-110,-110,-110,-110,-110,-110,-110,-110,-110,-110,-110,-110,-110,-110,-110,-110,-110,-110,-110,-110,-110,-110,-110,-110,-110,-110,-110,-110,-110,-110,-110,-110,-110,-110,-110,-110,-110,-110,-110,-110,-110,-110,-110,-110,-110,-110,-110,-110,-110,-110,-110,-110,-110,-110,-110,-110,-110,-110,-110,-110,-110,-110,-110,-110,-110,-110,-110,-110,-110,-110,-110,-110,-110,-110,-110,-110,-110,-110,-110,-110,-110,-110,-110,-110,-110,-110,-110,-110,-110,-110,-110,-110,-110,-110,-110,-110,-110,-110,-110,-110,-110,-110,-110,-110,-110,-110,-110,-110,-110,-110,-110,-110,-110,-110,-110,-110,-110,-110,-110,-110,-110,-110,-110,-110,-110,-110,-110,-110,-110,-110,-110,-110,-110,-110,-110,-110,-110,-110,-110,-110,-110,-110,-110,-110,-110,-110,-110,-110,-110,-110,-110,-110,-110,-110,-110,-110,-110,-110,-110,-110,-110,-110,-110,-110,-110,-110,-110,-110,-110,-110,-110,-110,-110,-110,-110,-110,-110,-110,-110,-110,-110,-110,-110,-110,-110,-110,-110,-110,-110,-110,-110,-110,-110,-110,-110,-110,-110,-110,-110,-110,-110,-110,-110,-110,-110,-110,-110,-110,-110,-110,-110,-110,-110,-110,-110,-110,-110,-110,-110,-110,-110,-110,-110,-110,-110,-110,-110,-110,-110,-110,-110,-110,-110,-110,-110,-110,-110,-110,-110,-110,-110,-110,-110,-110,-110,-110,-110,-110,-110,-110,-110,-110,-110,-110,-110,-110,-110,-110,-110,-110,-110,-110,-110,-110,-110,-110,-110,-110,-110,-110,-110,-110,-110,-110,-110,-110,-110,-110,-110,-110,-110,-110,-110,-110,-110,-110,-110,-110,-110,-110,-110,-110,-110,-110,-110,-110,-110,-110,-110,-110,-110,-110,-110,-110,-110,-110,-110,-110,-110,-110,-110,-110,-110,-110,-110,-110,-110,-110,-110,-110,-110,-110,-110,-110,-110,-110,-110,-110,-110,-110,-110,-110,-110,-110,-110,-110,-110,-110,-110,-110,-110,-110,-110,-110,-110,-110,-110,-110,-110,-110,-110,-110,-110,-110,-110,-110,-110,-110,-110,-110,-110,-110,-110,-110,-110,-110,-110,-110,-110,-110,-110,-110,-110,-110,-110,-110,-110,-110,-110,-110,-110,-110,-110,-110,-110,-110,-110,-110,-110,-110,-110,-110,-110,-110,-110,-110,-110,-110,-110,-110
46,4.1347719,29.21654402,5,-94,-85,-73,-86,-110,-110,-73,-81,-84,-110,-110,-110,-110,-110,-58,-110,-58,-110,-110,-110,-110,-110,-110,-110,-110,-110,-88,-110,-110,-110,-110,-110,-110,-110,-110,-110,-110,-110,-110,-110,-110,-110,-110,-110,-110,-110,-110,-110,-83,-110,-110,-83,-110,-110,-110,-110,-110,-110,-110,-110,-110,-110,-110,-110,-110,-110,-78,-110,-51,-110,-110,-110,-77,-110,-110,-110,-110,-110,-110,-110,-110,-110,-110,-110,-110,-110,-110,-110,-110,-110,-110,-110,-110,-110,-110,-110,-110,-110,-110,-110,-110,-110,-110,-110,-110,-110,-110,-110,-110,-110,-110,-110,-110,-110,-110,-110,-110,-110,-110,-110,-110,-110,-110,-110,-110,-110,-110,-110,-110,-110,-110,-110,-110,-110,-110,-110,-110,-110,-110,-110,-110,-110,-110,-110,-110,-110,-110,-110,-110,-110,-110,-110,-110,-110,-110,-110,-110,-110,-110,-110,-110,-110,-110,-110,-110,-110,-110,-110,-110,-110,-110,-110,-110,-110,-110,-110,-110,-110,-110,-110,-110,-110,-110,-110,-110,-110,-110,-110,-110,-110,-110,-110,-110,-110,-110,-110,-110,-110,-110,-110,-110,-110,-110,-110,-110,-110,-110,-110,-110,-110,-110,-110,-110,-110,-110,-110,-110,-110,-110,-110,-110,-110,-110,-110,-110,-110,-110,-110,-110,-110,-110,-110,-110,-110,-110,-110,-110,-110,-110,-110,-110,-110,-110,-110,-110,-110,-110,-110,-110,-110,-110,-110,-110,-110,-110,-110,-110,-110,-110,-110,-110,-110,-110,-110,-110,-110,-110,-110,-110,-110,-110,-110,-110,-110,-110,-110,-110,-110,-110,-110,-110,-110,-110,-110,-110,-110,-110,-110,-110,-110,-110,-110,-110,-110,-110,-110,-110,-110,-110,-110,-110,-110,-110,-110,-110,-110,-110,-110,-110,-110,-110,-110,-110,-110,-110,-110,-110,-110,-110,-110,-110,-110,-110,-110,-110,-110,-110,-110,-110,-110,-110,-110,-110,-110,-110,-110,-110,-110,-110,-110,-110,-110,-110,-110,-110,-110,-110,-110,-110,-110,-110,-110,-110,-110,-110,-110,-110,-110,-110,-110,-110,-110,-110,-110,-110,-110,-110,-110,-110,-110,-110,-110,-110,-110,-110,-110,-110,-110,-110,-110,-110,-110,-110,-110,-110,-110,-110,-110,-110,-110,-110,-110,-110,-110,-110,-110,-110,-110,-110,-110,-110,-110,-110,-110,-110,-110,-110,-110,-110,-110,-110,-110,-110,-110,-110,-110,-110,-110,-110,-110,-110,-110,-110,-110,-110,-110,-110,-110,-110,-110,-110,-110,-110,-110,-110,-110,-110,-110,-110,-110,-110,-110,-110,-110,-110,-110,-110,-110,-110,-110,-110,-110,-110,-110,-110,-110,-110,-110,-110,-110,-110,-110,-110,-110,-110,-110,-110,-110,-110,-110,-110,-110,-110,-110,-110,-110,-110,-110,-110,-110,-110,-110,-110,-110,-110,-110,-110,-110,-110,-110,-110,-110,-110,-110,-110,-110,-110,-110,-110,-110,-110,-110,-110,-110,-110,-110,-110,-110,-110,-110,-110,-110,-110,-110,-110,-110,-110,-110,-110,-110,-110,-110,-110,-110,-110,-110,-110,-110,-110,-110,-110,-110,-110,-110,-110,-110,-110,-110,-110,-110,-110,-110,-110,-110,-110,-110,-110,-110,-110,-110,-110,-110,-110,-110,-110,-110,-110,-110,-110,-110,-110,-110,-110,-110,-110,-110,-110,-110,-110,-110,-110,-110,-110,-110,-110,-110,-110,-110,-110,-110,-110,-110,-110,-110,-110,-110,-110,-110,-110,-110,-110,-110,-110,-110,-110,-110,-110,-110,-110,-110,-110,-110,-110,-110,-110,-110,-110,-110,-110,-110,-110,-110,-110,-110,-110,-110,-110,-110,-110,-110
46,4.1347719,29.21654402,5,-110,-83,-73,-83,-110,-110,-73,-110,-82,-110,-110,-110,-110,-110,-61,-110,-61,-110,-110,-110,-110,-110,-110,-110,-110,-110,-110,-110,-110,-88,-110,-110,-110,-110,-110,-110,-110,-110,-110,-110,-110,-110,-110,-110,-110,-110,-110,-110,-110,-110,-88,-84,-110,-110,-110,-110,-110,-110,-110,-110,-110,-110,-110,-110,-110,-110,-79,-110,-51,-110,-110,-89,-76,-110,-110,-110,-110,-110,-110,-110,-110,-110,-110,-110,-110,-110,-110,-110,-110,-110,-110,-110,-110,-110,-110,-110,-110,-110,-110,-110,-110,-110,-110,-110,-110,-110,-110,-110,-110,-110,-110,-110,-110,-110,-110,-110,-110,-110,-110,-110,-110,-110,-110,-110,-110,-110,-110,-110,-110,-110,-110,-110,-110,-110,-110,-110,-110,-110,-110,-110,-110,-110,-110,-110,-110,-110,-110,-110,-110,-110,-110,-110,-110,-110,-110,-110,-110,-110,-110,-110,-110,-110,-110,-110,-110,-110,-110,-110,-110,-110,-110,-110,-110,-110,-110,-110,-110,-110,-110,-110,-110,-110,-110,-110,-110,-110,-110,-110,-110,-110,-110,-110,-110,-110,-110,-110,-110,-110,-110,-110,-110,-110,-110,-110,-110,-110,-110,-110,-110,-110,-110,-110,-110,-110,-110,-110,-110,-110,-110,-110,-110,-110,-110,-110,-110,-110,-110,-110,-110,-110,-110,-110,-110,-110,-110,-110,-110,-110,-110,-110,-110,-110,-110,-110,-110,-110,-110,-110,-110,-110,-110,-110,-110,-110,-110,-110,-110,-110,-110,-110,-110,-110,-110,-110,-110,-110,-110,-110,-110,-110,-110,-110,-110,-110,-110,-110,-110,-110,-110,-110,-110,-110,-110,-110,-110,-110,-110,-110,-110,-110,-110,-110,-110,-110,-110,-110,-110,-110,-110,-110,-110,-110,-110,-110,-110,-110,-110,-110,-110,-110,-110,-110,-110,-110,-110,-110,-110,-110,-110,-110,-110,-110,-110,-110,-110,-110,-110,-110,-110,-110,-110,-110,-110,-110,-110,-110,-110,-110,-110,-110,-110,-110,-110,-110,-110,-110,-110,-110,-110,-110,-110,-110,-110,-110,-110,-110,-110,-110,-110,-110,-110,-110,-110,-110,-110,-110,-110,-110,-110,-110,-110,-110,-110,-110,-110,-110,-110,-110,-110,-110,-110,-110,-110,-110,-110,-110,-110,-110,-110,-110,-110,-110,-110,-110,-110,-110,-110,-110,-110,-110,-110,-110,-110,-110,-110,-110,-110,-110,-110,-110,-110,-110,-110,-110,-110,-110,-110,-110,-110,-110,-110,-110,-110,-110,-110,-110,-110,-110,-110,-110,-110,-110,-110,-110,-110,-110,-110,-110,-110,-110,-110,-110,-110,-110,-110,-110,-110,-110,-110,-110,-110,-110,-110,-110,-110,-110,-110,-110,-110,-110,-110,-110,-110,-110,-110,-110,-110,-110,-110,-110,-110,-110,-110,-110,-110,-110,-110,-110,-110,-110,-110,-110,-110,-110,-110,-110,-110,-110,-110,-110,-110,-110,-110,-110,-110,-110,-110,-110,-110,-110,-110,-110,-110,-110,-110,-110,-110,-110,-110,-110,-110,-110,-110,-110,-110,-110,-110,-110,-110,-110,-110,-110,-110,-110,-110,-110,-110,-110,-110,-110,-110,-110,-110,-110,-110,-110,-110,-110,-110,-110,-110,-110,-110,-110,-110,-110,-110,-110,-110,-110,-110,-110,-110,-110,-110,-110,-110,-110,-110,-110,-110,-110,-110,-110,-110,-110,-110,-110,-110,-110,-110,-110,-110,-110,-110,-110,-110,-110,-110,-110,-110,-110,-110,-110,-110,-110,-110,-110,-110,-110,-110,-110,-110,-110,-110,-110,-110,-110,-110,-110,-110,-110,-110,-110,-110,-110,-110,-110,-110,-110,-110,-110,-110,-110,-110,-110,-110,-110,-110,-110
46,4.1347719,29.21654402,5,-91,-84,-74,-86,-110,-110,-73,-84,-84,-110,-110,-110,-110,-110,-60,-110,-60,-110,-110,-110,-110,-110,-110,-110,-110,-110,-110,-110,-110,-110,-110,-110,-110,-110,-110,-110,-110,-110,-110,-110,-110,-110,-110,-110,-110,-110,-110,-110,-89,-110,-110,-110,-110,-83,-110,-110,-110,-110,-110,-110,-110,-94,-110,-110,-110,-110,-76,-110,-50,-110,-53,-89,-77,-110,-110,-110,-110,-110,-110,-110,-110,-110,-110,-110,-110,-110,-110,-110,-110,-110,-110,-110,-89,-110,-110,-110,-110,-110,-110,-110,-110,-110,-110,-110,-110,-110,-110,-110,-110,-110,-110,-110,-110,-110,-110,-110,-110,-110,-110,-110,-110,-110,-110,-110,-110,-110,-110,-110,-110,-110,-110,-110,-110,-110,-110,-110,-110,-110,-110,-110,-110,-110,-110,-110,-110,-110,-110,-110,-110,-110,-110,-110,-110,-110,-110,-110,-110,-110,-110,-110,-110,-110,-110,-110,-110,-110,-110,-110,-110,-110,-110,-110,-110,-110,-110,-110,-110,-110,-110,-110,-110,-110,-110,-110,-110,-110,-110,-110,-110,-110,-110,-110,-110,-110,-110,-110,-110,-110,-110,-110,-110,-110,-110,-110,-110,-110,-110,-110,-110,-110,-110,-110,-110,-110,-110,-110,-110,-110,-110,-110,-110,-110,-110,-110,-110,-110,-110,-110,-110,-110,-110,-110,-110,-110,-110,-110,-110,-110,-110,-110,-110,-110,-110,-110,-110,-110,-110,-110,-110,-110,-110,-110,-110,-110,-110,-110,-110,-110,-110,-110,-110,-110,-110,-110,-110,-110,-110,-110,-110,-110,-110,-110,-110,-110,-110,-110,-110,-110,-110,-110,-110,-110,-110,-110,-110,-110,-110,-110,-110,-110,-110,-110,-110,-110,-110,-110,-110,-110,-110,-110,-110,-110,-110,-110,-110,-110,-110,-110,-110,-110,-110,-110,-110,-110,-110,-110,-110,-110,-110,-110,-110,-110,-110,-110,-110,-110,-110,-110,-110,-110,-110,-110,-110,-110,-110,-110,-110,-110,-110,-110,-110,-110,-110,-110,-110,-110,-110,-110,-110,-110,-110,-110,-110,-110,-110,-110,-110,-110,-110,-110,-110,-110,-110,-110,-110,-110,-110,-110,-110,-110,-110,-110,-110,-110,-110,-110,-110,-110,-110,-110,-110,-110,-110,-110,-110,-110,-110,-110,-110,-110,-110,-110,-110,-110,-110,-110,-110,-110,-110,-110,-110,-110,-110,-110,-110,-110,-110,-110,-110,-110,-110,-110,-110,-110,-110,-110,-110,-110,-110,-110,-110,-110,-110,-110,-110,-110,-110,-110,-110,-110,-110,-110,-110,-110,-110,-110,-110,-110,-110,-110,-110,-110,-110,-110,-110,-110,-110,-110,-110,-110,-110,-110,-110,-110,-110,-110,-110,-110,-110,-110,-110,-110,-110,-110,-110,-110,-110,-110,-110,-110,-110,-110,-110,-110,-110,-110,-110,-110,-110,-110,-110,-110,-110,-110,-110,-110,-110,-110,-110,-110,-110,-110,-110,-110,-110,-110,-110,-110,-110,-110,-110,-110,-110,-110,-110,-110,-110,-110,-110,-110,-110,-110,-110,-110,-110,-110,-110,-110,-110,-110,-110,-110,-110,-110,-110,-110,-110,-110,-110,-110,-110,-110,-110,-110,-110,-110,-110,-110,-110,-110,-110,-110,-110,-110,-110,-110,-110,-110,-110,-110,-110,-110,-110,-110,-110,-110,-110,-110,-110,-110,-110,-110,-110,-110,-110,-110,-110,-110,-110,-110,-110,-110,-110,-110,-110,-110,-110,-110,-110,-110,-110,-110,-110,-110,-110,-110,-110,-110,-110,-110,-110,-110,-110,-110,-110,-110,-110,-110,-110,-110,-110,-110,-110,-110,-110,-110,-110,-110,-110,-110,-110,-110,-110,-110,-110,-110,-110,-110,-110,-110
47,8.52431189,29.21654402,5,-84,-110,-110,-83,-110,-84,-110,-81,-110,-110,-110,-110,-110,-110,-58,-110,-58,-110,-110,-110,-110,-110,-110,-110,-87,-110,-79,-110,-110,-78,-110,-110,-110,-110,-110,-110,-110,-110,-110,-110,-110,-110,-110,-110,-110,-110,-110,-110,-110,-110,-110,-110,-110,-110,-110,-110,-110,-110,-110,-110,-110,-110,-110,-110,-110,-110,-79,-110,-59,-110,-110,-82,-77,-110,-110,-110,-110,-110,-110,-110,-110,-110,-110,-110,-110,-110,-110,-110,-110,-110,-110,-110,-110,-110,-110,-110,-110,-110,-110,-110,-110,-110,-110,-110,-110,-110,-90,-110,-110,-110,-110,-110,-110,-110,-110,-110,-110,-110,-110,-110,-110,-110,-110,-110,-110,-110,-110,-110,-110,-110,-110,-110,-110,-110,-110,-110,-110,-110,-110,-110,-110,-110,-110,-110,-110,-110,-110,-110,-110,-110,-110,-110,-110,-110,-110,-110,-110,-110,-110,-110,-110,-110,-110,-110,-110,-110,-110,-110,-110,-110,-110,-110,-110,-110,-110,-110,-110,-110,-110,-110,-110,-110,-110,-110,-110,-110,-110,-110,-110,-110,-110,-110,-110,-110,-110,-110,-110,-110,-110,-110,-110,-110,-110,-110,-110,-110,-110,-110,-110,-110,-110,-110,-110,-110,-110,-110,-110,-110,-110,-110,-110,-110,-110,-110,-110,-110,-110,-110,-110,-110,-110,-110,-110,-110,-110,-110,-110,-110,-110,-110,-110,-110,-110,-110,-110,-110,-110,-110,-110,-110,-110,-110,-110,-110,-110,-110,-110,-110,-110,-110,-110,-110,-110,-110,-110,-110,-110,-110,-110,-110,-110,-110,-110,-110,-110,-110,-110,-110,-110,-110,-110,-110,-110,-110,-110,-110,-110,-110,-110,-110,-110,-110,-110,-110,-110,-110,-110,-110,-110,-110,-110,-110,-110,-110,-110,-110,-110,-110,-110,-110,-110,-110,-110,-110,-110,-110,-110,-110,-110,-110,-110,-110,-110,-110,-110,-110,-110,-110,-110,-110,-110,-110,-110,-110,-110,-110,-110,-110,-110,-110,-110,-110,-110,-110,-110,-110,-110,-110,-110,-110,-110,-110,-110,-110,-110,-110,-110,-110,-110,-110,-110,-110,-110,-110,-110,-110,-110,-110,-110,-110,-110,-110,-110,-110,-110,-110,-110,-110,-110,-110,-110,-110,-110,-110,-110,-110,-110,-110,-110,-110,-110,-110,-110,-110,-110,-110,-110,-110,-110,-110,-110,-110,-110,-110,-110,-110,-110,-110,-110,-110,-110,-110,-110,-110,-110,-110,-110,-110,-110,-110,-110,-110,-110,-110,-110,-110,-110,-110,-110,-110,-110,-110,-110,-110,-110,-110,-110,-110,-110,-110,-110,-110,-110,-110,-110,-110,-110,-110,-110,-110,-110,-110,-110,-110,-110,-110,-110,-110,-110,-110,-110,-110,-110,-110,-110,-110,-110,-110,-110,-110,-110,-110,-110,-110,-110,-110,-110,-110,-110,-110,-110,-110,-110,-110,-110,-110,-110,-110,-110,-110,-110,-110,-110,-110,-110,-110,-110,-110,-110,-110,-110,-110,-110,-110,-110,-110,-110,-110,-110,-110,-110,-110,-110,-110,-110,-110,-110,-110,-110,-110,-110,-110,-110,-110,-110,-110,-110,-110,-110,-110,-110,-110,-110,-110,-110,-110,-110,-110,-110,-110,-110,-110,-110,-110,-110,-110,-110,-110,-110,-110,-110,-110,-110,-110,-110,-110,-110,-110,-110,-110,-110,-110,-110,-110,-110,-110,-110,-110,-110,-110,-110,-110,-110,-110,-110,-110,-110,-110,-110,-110,-110,-110,-110,-110,-110,-110,-110,-110,-110,-110,-110,-110,-110,-110,-110,-110,-110,-110,-110,-110,-110,-110,-110,-110,-110,-110,-110,-110,-110,-110,-110,-110,-110,-110,-110,-110,-110,-110,-110,-110
47,8.52431189,29.21654402,5,-86,-84,-110,-85,-110,-89,-86,-85,-82,-110,-110,-110,-110,-110,-61,-110,-61,-110,-110,-110,-110,-110,-110,-110,-86,-110,-77,-89,-110,-76,-110,-110,-110,-110,-110,-110,-110,-110,-110,-110,-110,-110,-110,-110,-110,-110,-110,-110,-92,-110,-110,-91,-110,-90,-110,-110,-110,-91,-87,-110,-110,-110,-110,-110,-110,-110,-77,-110,-64,-110,-66,-85,-76,-110,-84,-110,-110,-110,-110,-110,-110,-110,-110,-110,-110,-110,-110,-110,-110,-110,-110,-110,-110,-110,-110,-110,-110,-110,-110,-110,-110,-110,-110,-110,-110,-110,-110,-110,-110,-110,-110,-110,-110,-110,-110,-110,-110,-110,-110,-110,-110,-110,-110,-110,-110,-110,-110,-110,-110,-110,-110,-110,-110,-110,-110,-110,-110,-110,-110,-110,-110,-110,-110,-110,-110,-110,-110,-110,-110,-110,-110,-110,-110,-110,-110,-110,-110,-110,-110,-110,-110,-110,-110,-110,-110,-110,-110,-110,-110,-110,-110,-110,-110,-110,-110,-110,-110,-110,-110,-110,-110,-110,-110,-110,-110,-110,-110,-110,-110,-110,-110,-110,-110,-110,-110,-110,-110,-110,-110,-110,-110,-110,-110,-110,-110,-110,-110,-110,-110,-110,-110,-110,-110,-110,-110,-110,-110,-110,-110,-110,-110,-110,-110,-110,-110,-110,-110,-110,-110,-110,-110,-110,-110,-110,-110,-110,-110,-110,-110,-110,-110,-110,-110,-110,-110,-110,-110,-110,-110,-110,-110,-110,-110,-110,-110,-110,-110,-110,-110,-110,-110,-110,-110,-110,-110,-110,-110,-110,-110,-110,-110,-110,-110,-110,-110,-110,-110,-110,-110,-110,-110,-110,-110,-110,-110,-110,-110,-110,-110,-110,-110,-110,-110,-110,-110,-110,-110,-110,-110,-110,-110,-110,-110,-110,-110,-110,-110,-110,-110,-110,-110,-110,-110,-110,-110,-110,-110,-110,-110,-110,-110,-110,-110,-110,-110,-110,-110,-110,-110,-110,-110,-110,-110,-110,-110,-110,-110,-110,-110,-110,-110,-110,-110,-110,-110,-110,-110,-110,-110,-110,-110,-110,-110,-110,-110,-110,-110,-110,-110,-110,-110,-110,-110,-110,-110,-110,-110,-110,-110,-110,-110,-110,-110,-110,-110,-110,-110,-110,-110,-110,-110,-110,-110,-110,-110,-110,-110,-110,-110,-110,-110,-110,-110,-110,-110,-110,-110,-110,-110,-110,-110,-110,-110,-110,-110,-110,-110,-110,-110,-110,-110,-110,-110,-110,-110,-110,-110,-110,-110,-110,-110,-110,-110,-110,-110,-110,-110,-110,-110,-110,-110,-110,-110,-110,-110,-110,-110,-110,-110,-110,-110,-110,-110,-110,-110,-110,-110,-110,-110,-110,-110,-110,-110,-110,-110,-110,-110,-110,-110,-110,-110,-110,-110,-110,-110,-110,-110,-110,-110,-110,-110,-110,-110,-110,-110,-110,-110,-110,-110,-110,-110,-110,-110,-110,-110,-110,-110,-110,-110,-110,-110,-110,-110,-110,-110,-110,-110,-110,-110,-110,-110,-110,-110,-110,-110,-110,-110,-110,-110,-110,-110,-110,-110,-110,-110,-110,-110,-110,-110,-110,-110,-110,-110,-110,-110,-110,-110,-110,-110,-110,-110,-110,-110,-110,-110,-110,-110,-110,-110,-110,-110,-110,-110,-110,-110,-110,-110,-110,-110,-110,-110,-110,-110,-110,-110,-110,-110,-110,-110,-110,-110,-110,-110,-110,-110,-110,-110,-110,-110,-110,-110,-110,-110,-110,-110,-110,-110,-110,-110,-110,-110,-110,-110,-110,-110,-110,-110,-110,-110,-110,-110,-110,-110,-110,-110,-110,-110,-110,-110,-110,-110,-110,-110,-110,-110,-110,-110,-110,-110,-110,-110,-110,-110,-110,-110,-110,-110,-110,-110,-110
47,8.52431189,29.21654402,5,-89,-83,-84,-84,-110,-87,-83,-86,-83,-110,-110,-110,-110,-110,-61,-110,-60,-110,-110,-110,-110,-110,-110,-110,-85,-110,-84,-87,-110,-83,-110,-110,-110,-110,-110,-110,-110,-110,-110,-110,-110,-110,-110,-110,-110,-110,-110,-110,-91,-110,-91,-110,-110,-110,-110,-110,-110,-110,-87,-110,-110,-89,-110,-110,-110,-110,-75,-110,-63,-110,-63,-79,-74,-110,-110,-110,-110,-110,-110,-110,-110,-110,-110,-110,-110,-110,-110,-110,-110,-110,-110,-110,-110,-110,-110,-110,-110,-110,-110,-110,-110,-110,-110,-110,-110,-110,-110,-110,-110,-110,-110,-110,-110,-110,-110,-110,-110,-110,-110,-110,-110,-110,-110,-110,-110,-110,-110,-110,-110,-110,-110,-110,-110,-110,-110,-110,-110,-110,-110,-110,-110,-110,-110,-110,-110,-110,-110,-110,-110,-110,-110,-110,-110,-110,-110,-110,-110,-110,-110,-110,-110,-110,-110,-110,-110,-110,-110,-110,-110,-110,-110,-110,-110,-110,-110,-110,-110,-110,-110,-110,-110,-110,-110,-110,-110,-110,-110,-110,-110,-110,-110,-110,-110,-110,-110,-110,-110,-110,-110,-110,-110,-110,-110,-110,-110,-110,-110,-110,-110,-110,-110,-110,-110,-110,-110,-110,-110,-110,-110,-110,-110,-110,-110,-110,-110,-110,-110,-110,-110,-110,-110,-110,-110,-110,-110,-110,-110,-110,-110,-110,-110,-110,-110,-110,-110,-110,-110,-110,-110,-110,-110,-110,-110,-110,-110,-110,-110,-110,-110,-110,-110,-110,-110,-110,-110,-110,-110,-110,-110,-110,-110,-110,-110,-110,-110,-110,-110,-110,-110,-110,-110,-110,-110,-110,-110,-110,-110,-110,-110,-110,-110,-110,-110,-110,-110,-110,-110,-110,-110,-110,-110,-110,-110,-110,-110,-110,-110,-110,-110,-110,-110,-110,-110,-110,-110,-110,-110,-110,-110,-110,-110,-110,-110,-110,-110,-110,-110,-110,-110,-110,-110,-110,-110,-110,-110,-110,-110,-110,-110,-110,-110,-110,-110,-110,-110,-110,-110,-110,-110,-110,-110,-110,-110,-110,-110,-110,-110,-110,-110,-110,-110,-110,-110,-110,-110,-110,-110,-110,-110,-110,-110,-110,-110,-110,-110,-110,-110,-110,-110,-110,-110,-110,-110,-110,-110,-110,-110,-110,-110,-110,-110,-110,-110,-110,-110,-110,-110,-110,-110,-110,-110,-110,-110,-110,-110,-110,-110,-110,-110,-110,-110,-110,-110,-110,-110,-110,-110,-110,-110,-110,-110,-110,-110,-110,-110,-110,-110,-110,-110,-110,-110,-110,-110,-110,-110,-110,-110,-110,-110,-110,-110,-110,-110,-110,-110,-110,-110,-110,-110,-110,-110,-110,-110,-110,-110,-110,-110,-110,-110,-110,-110,-110,-110,-110,-110,-110,-110,-110,-110,-110,-110,-110,-110,-110,-110,-110,-110,-110,-110,-110,-110,-110,-110,-110,-110,-110,-110,-110,-110,-110,-110,-110,-110,-110,-110,-110,-110,-110,-110,-110,-110,-110,-110,-110,-110,-110,-110,-110,-110,-110,-110,-110,-110,-110,-110,-110,-110,-110,-110,-110,-110,-110,-110,-110,-110,-110,-110,-110,-110,-110,-110,-110,-110,-110,-110,-110,-110,-110,-110,-110,-110,-110,-110,-110,-110,-110,-110,-110,-110,-110,-110,-110,-110,-110,-110,-110,-110,-110,-110,-110,-110,-110,-110,-110,-110,-110,-110,-110,-110,-110,-110,-110,-110,-110,-110,-110,-110,-110,-110,-110,-110,-110,-110,-110,-110,-110,-110,-110,-110,-110,-110,-110,-110,-110,-110,-110,-110,-110,-110,-110,-110,-110,-110,-110,-110,-110,-110,-110,-110,-110,-110,-110,-110,-110,-110,-110,-110,-110,-110,-110
47,8.52431189,29.21654402,5,-86,-82,-85,-80,-110,-87,-86,-110,-82,-110,-110,-110,-110,-110,-60,-110,-60,-110,-110,-110,-110,-110,-110,-110,-88,-110,-80,-88,-110,-80,-110,-110,-110,-110,-110,-110,-110,-110,-110,-110,-110,-110,-110,-110,-110,-110,-110,-110,-88,-110,-89,-110,-110,-91,-110,-110,-110,-88,-110,-110,-110,-88,-110,-110,-110,-110,-77,-110,-59,-110,-110,-82,-77,-110,-110,-110,-110,-110,-110,-110,-110,-110,-110,-110,-110,-110,-110,-110,-110,-110,-110,-110,-110,-110,-110,-110,-110,-110,-110,-110,-110,-110,-110,-110,-110,-110,-87,-110,-110,-110,-110,-110,-110,-110,-110,-110,-110,-110,-110,-110,-110,-110,-110,-110,-110,-110,-110,-110,-110,-110,-110,-110,-110,-110,-110,-110,-110,-110,-110,-110,-110,-110,-110,-110,-110,-110,-110,-110,-110,-110,-110,-110,-110,-110,-110,-110,-110,-110,-110,-110,-110,-110,-110,-110,-110,-110,-110,-110,-110,-110,-110,-110,-110,-110,-110,-110,-110,-110,-110,-110,-110,-110,-110,-110,-110,-110,-110,-110,-110,-110,-110,-110,-110,-110,-110,-110,-110,-110,-110,-110,-110,-110,-110,-110,-110,-110,-110,-110,-110,-110,-110,-110,-110,-110,-110,-110,-110,-110,-110,-110,-110,-110,-110,-110,-110,-110,-110,-110,-110,-110,-110,-110,-110,-110,-110,-110,-110,-110,-110,-110,-110,-110,-110,-110,-110,-110,-110,-110,-110,-110,-110,-110,-110,-110,-110,-110,-110,-110,-110,-110,-110,-110,-110,-110,-110,-110,-110,-110,-110,-110,-110,-110,-110,-110,-110,-110,-110,-110,-110,-110,-110,-110,-110,-110,-110,-110,-110,-110,-110,-110,-110,-110,-110,-110,-110,-110,-110,-110,-110,-110,-110,-110,-110,-110,-110,-110,-110,-110,-110,-110,-110,-110,-110,-110,-110,-110,-110,-110,-110,-110,-110,-110,-110,-110,-110,-110,-110,-110,-110,-110,-110,-110,-110,-110,-110,-110,-110,-110,-110,-110,-110,-110,-110,-110,-110,-110,-110,-110,-110,-110,-110,-110,-110,-110,-110,-110,-110,-110,-110,-110,-110,-110,-110,-110,-110,-110,-110,-110,-110,-110,-110,-110,-110,-110,-110,-110,-110,-110,-110,-110,-110,-110,-110,-110,-110,-110,-110,-110,-110,-110,-110,-110,-110,-110,-110,-110,-110,-110,-110,-110,-110,-110,-110,-110,-110,-110,-110,-110,-110,-110,-110,-110,-110,-110,-110,-110,-110,-110,-110,-110,-110,-110,-110,-110,-110,-110,-110,-110,-110,-110,-110,-110,-110,-110,-110,-110,-110,-110,-110,-110,-110,-110,-110,-110,-110,-110,-110,-110,-110,-110,-110,-110,-110,-110,-110,-110,-110,-110,-110,-110,-110,-110,-110,-110,-110,-110,-110,-110,-110,-110,-110,-110,-110,-110,-110,-110,-110,-110,-110,-110,-110,-110,-110,-110,-110,-110,-110,-110,-110,-110,-110,-110,-110,-110,-110,-110,-110,-110,-110,-110,-110,-110,-110,-110,-110,-110,-110,-110,-110,-110,-110,-110,-110,-110,-110,-110,-110,-110,-110,-110,-110,-110,-110,-110,-110,-110,-110,-110,-110,-110,-110,-110,-110,-110,-110,-110,-110,-110,-110,-110,-110,-110,-110,-110,-110,-110,-110,-110,-110,-110,-110,-110,-110,-110,-110,-110,-110,-110,-110,-110,-110,-110,-110,-110,-110,-110,-110,-110,-110,-110,-110,-110,-110,-110,-110,-110,-110,-110,-110,-110,-110,-110,-110,-110,-110,-110,-110,-110,-110,-110,-110,-110,-110,-110,-110,-110,-110,-110,-110,-110,-110,-110,-110,-110,-110,-110,-110,-110,-110,-110,-110,-110,-110,-110,-110,-110,-110,-110,-110,-110
47,8.52431189,29.21654402,5,-89,-84,-84,-81,-110,-85,-88,-81,-85,-110,-110,-110,-110,-110,-58,-110,-58,-110,-110,-110,-110,-110,-110,-110,-86,-110,-80,-88,-110,-79,-110,-110,-110,-110,-110,-110,-110,-110,-110,-110,-110,-110,-110,-110,-110,-110,-110,-110,-110,-110,-91,-110,-110,-87,-110,-110,-110,-110,-87,-110,-110,-89,-110,-110,-110,-110,-76,-110,-64,-110,-67,-80,-75,-110,-110,-110,-110,-110,-110,-110,-110,-110,-110,-110,-110,-110,-110,-110,-110,-110,-110,-110,-110,-110,-110,-110,-110,-110,-110,-110,-110,-110,-110,-110,-110,-110,-110,-110,-110,-110,-110,-110,-110,-110,-110,-110,-110,-110,-110,-110,-110,-110,-110,-110,-110,-110,-110,-110,-110,-110,-110,-110,-110,-110,-110,-110,-110,-110,-110,-110,-110,-110,-110,-110,-110,-110,-110,-110,-110,-110,-110,-110,-110,-110,-110,-110,-110,-110,-110,-110,-110,-110,-110,-110,-110,-110,-110,-110,-110,-110,-110,-110,-110,-110,-110,-110,-110,-110,-110,-110,-110,-110,-110,-110,-110,-110,-110,-110,-110,-110,-110,-110,-110,-110,-110,-110,-110,-110,-110,-110,-110,-110,-110,-110,-110,-110,-110,-110,-110,-110,-110,-110,-110,-110,-110,-110,-110,-110,-110,-110,-110,-110,-110,-110,-110,-110,-110,-110,-110,-110,-110,-110,-110,-110,-110,-110,-110,-110,-110,-110,-110,-110,-110,-110,-110,-110,-110,-110,-110,-110,-110,-110,-110,-110,-110,-110,-110,-110,-110,-110,-110,-110,-110,-110,-110,-110,-110,-110,-110,-110,-110,-110,-110,-110,-110,-110,-110,-110,-110,-110,-110,-110,-110,-110,-110,-110,-110,-110,-110,-110,-110,-110,-110,-110,-110,-110,-110,-110,-110,-110,-110,-110,-110,-110,-110,-110,-110,-110,-110,-110,-110,-110,-110,-110,-110,-110,-110,-110,-110,-110,-110,-110,-110,-110,-110,-110,-110,-110,-110,-110,-110,-110,-110,-110,-110,-110,-110,-110,-110,-110,-110,-110,-110,-110,-110,-110,-110,-110,-110,-110,-110,-110,-110,-110,-110,-110,-110,-110,-110,-110,-110,-110,-110,-110,-110,-110,-110,-110,-110,-110,-110,-110,-110,-110,-110,-110,-110,-110,-110,-110,-110,-110,-110,-110,-110,-110,-110,-110,-110,-110,-110,-110,-110,-110,-110,-110,-110,-110,-110,-110,-110,-110,-110,-110,-110,-110,-110,-110,-110,-110,-110,-110,-110,-110,-110,-110,-110,-110,-110,-110,-110,-110,-110,-110,-110,-110,-110,-110,-110,-110,-110,-110,-110,-110,-110,-110,-110,-110,-110,-110,-110,-110,-110,-110,-110,-110,-110,-110,-110,-110,-110,-110,-110,-110,-110,-110,-110,-110,-110,-110,-110,-110,-110,-110,-110,-110,-110,-110,-110,-110,-110,-110,-110,-110,-110,-110,-110,-110,-110,-110,-110,-110,-110,-110,-110,-110,-110,-110,-110,-110,-110,-110,-110,-110,-110,-110,-110,-110,-110,-110,-110,-110,-110,-110,-110,-110,-110,-110,-110,-110,-110,-110,-110,-110,-110,-110,-110,-110,-110,-110,-110,-110,-110,-110,-110,-110,-110,-110,-110,-110,-110,-110,-110,-110,-110,-110,-110,-110,-110,-110,-110,-110,-110,-110,-110,-110,-110,-110,-110,-110,-110,-110,-110,-110,-110,-110,-110,-110,-110,-110,-110,-110,-110,-110,-110,-110,-110,-110,-110,-110,-110,-110,-110,-110,-110,-110,-110,-110,-110,-110,-110,-110,-110,-110,-110,-110,-110,-110,-110,-110,-110,-110,-110,-110,-110,-110,-110,-110,-110,-110,-110,-110,-110,-110,-110,-110,-110,-110,-110,-110,-110,-110,-110,-110,-110,-110,-110,-110,-110,-110
47,8.52431189,29.21654402,5,-88,-84,-110,-82,-110,-86,-110,-80,-85,-110,-110,-110,-110,-110,-58,-110,-58,-110,-110,-110,-110,-110,-110,-110,-87,-110,-82,-88,-110,-77,-110,-110,-110,-110,-110,-110,-110,-110,-110,-110,-110,-110,-110,-110,-110,-110,-110,-110,-110,-110,-110,-110,-110,-110,-110,-110,-110,-110,-86,-110,-110,-89,-110,-110,-110,-110,-77,-110,-67,-110,-110,-79,-76,-110,-86,-110,-110,-90,-110,-110,-110,-110,-110,-110,-110,-110,-110,-110,-110,-110,-110,-110,-110,-110,-110,-110,-110,-110,-110,-110,-110,-110,-110,-110,-110,-110,-110,-110,-110,-110,-110,-110,-110,-110,-110,-110,-110,-110,-110,-110,-110,-110,-110,-110,-110,-110,-110,-110,-110,-110,-110,-110,-110,-110,-110,-110,-110,-110,-110,-110,-110,-110,-110,-110,-110,-110,-110,-110,-110,-110,-110,-110,-110,-110,-110,-110,-110,-110,-110,-110,-110,-110,-110,-110,-110,-110,-110,-110,-110,-110,-110,-110,-110,-110,-110,-110,-110,-110,-110,-110,-110,-110,-110,-110,-110,-110,-110,-110,-110,-110,-110,-110,-110,-110,-110,-110,-110,-110,-110,-110,-110,-110,-110,-110,-110,-110,-110,-110,-110,-110,-110,-110,-110,-110,-110,-110,-110,-110,-110,-110,-110,-110,-110,-110,-110,-110,-110,-110,-110,-110,-110,-110,-110,-110,-110,-110,-110,-110,-110,-110,-110,-110,-110,-110,-110,-110,-110,-110,-110,-110,-110,-110,-110,-110,-110,-110,-110,-110,-110,-110,-110,-110,-110,-110,-110,-110,-110,-110,-110,-110,-110,-110,-110,-110,-110,-110,-110,-110,-110,-110,-110,-110,-110,-110,-110,-110,-110,-110,-110,-110,-110,-110,-110,-110,-110,-110,-110,-110,-110,-110,-110,-110,-110,-110,-110,-110,-110,-110,-110,-110,-110,-110,-110,-110,-110,-110,-110,-110,-110,-110,-110,-110,-110,-110,-110,-110,-110,-110,-110,-110,-110,-110,-110,-110,-110,-110,-110,-110,-110,-110,-110,-110,-110,-110,-110,-110,-110,-110,-110,-110,-110,-110,-110,-110,-110,-110,-110,-110,-110,-110,-110,-110,-110,-110,-110,-110,-110,-110,-110,-110,-110,-110,-110,-110,-110,-110,-110,-110,-110,-110,-110,-110,-110,-110,-110,-110,-110,-110,-110,-110,-110,-110,-110,-110,-110,-110,-110,-110,-110,-110,-110,-110,-110,-110,-110,-110,-110,-110,-110,-110,-110,-110,-110,-110,-110,-110,-110,-110,-110,-110,-110,-110,-110,-110,-110,-110,-110,-110,-110,-110,-110,-110,-110,-110,-110,-110,-110,-110,-110,-110,-110,-110,-110,-110,-110,-110,-110,-110,-110,-110,-110,-110,-110,-110,-110,-110,-110,-110,-110,-110,-110,-110,-110,-110,-110,-110,-110,-110,-110,-110,-110,-110,-110,-110,-110,-110,-110,-110,-110,-110,-110,-110,-110,-110,-110,-110,-110,-110,-110,-110,-110,-110,-110,-110,-110,-110,-110,-110,-110,-110,-110,-110,-110,-110,-110,-110,-110,-110,-110,-110,-110,-110,-110,-110,-110,-110,-110,-110,-110,-110,-110,-110,-110,-110,-110,-110,-110,-110,-110,-110,-110,-110,-110,-110,-110,-110,-110,-110,-110,-110,-110,-110,-110,-110,-110,-110,-110,-110,-110,-110,-110,-110,-110,-110,-110,-110,-110,-110,-110,-110,-110,-110,-110,-110,-110,-110,-110,-110,-110,-110,-110,-110,-110,-110,-110,-110,-110,-110,-110,-110,-110,-110,-110,-110,-110,-110,-110,-110,-110,-110,-110,-110,-110,-110,-110,-110,-110,-110,-110,-110,-110,-110,-110,-110,-110,-110,-110,-110,-110,-110,-110,-110,-110,-110,-110,-110,-110,-110,-110,-110
48,12.91385188,29.21654402,5,-76,-82,-110,-80,-110,-74,-110,-80,-83,-110,-110,-110,-93,-91,-75,-110,-71,-110,-110,-110,-110,-110,-110,-110,-80,-110,-71,-78,-110,-70,-110,-110,-86,-85,-110,-110,-110,-110,-110,-110,-92,-110,-110,-110,-110,-110,-83,-110,-92,-87,-110,-110,-87,-110,-110,-110,-110,-87,-84,-110,-110,-87,-81,-81,-92,-110,-77,-110,-67,-110,-110,-110,-77,-110,-110,-110,-110,-110,-110,-110,-110,-110,-110,-110,-110,-85,-110,-110,-110,-110,-110,-110,-110,-110,-110,-110,-110,-110,-87,-110,-110,-110,-110,-110,-110,-110,-110,-110,-110,-110,-110,-110,-110,-110,-110,-110,-110,-110,-110,-93,-110,-110,-110,-110,-110,-110,-110,-110,-110,-110,-110,-110,-110,-110,-110,-110,-110,-110,-110,-110,-110,-110,-110,-110,-110,-110,-110,-110,-110,-110,-110,-110,-110,-110,-110,-110,-110,-110,-110,-110,-110,-110,-110,-110,-110,-110,-110,-110,-110,-110,-110,-110,-110,-110,-110,-110,-110,-110,-110,-110,-110,-110,-110,-110,-110,-110,-110,-110,-110,-110,-110,-110,-110,-110,-110,-110,-110,-110,-110,-110,-110,-110,-110,-110,-110,-110,-110,-110,-110,-110,-110,-110,-110,-110,-110,-110,-110,-110,-110,-110,-110,-110,-110,-110,-110,-110,-110,-110,-110,-110,-110,-110,-110,-110,-110,-110,-110,-110,-110,-110,-110,-110,-110,-110,-110,-110,-110,-110,-110,-110,-110,-110,-110,-110,-110,-110,-110,-110,-110,-110,-110,-110,-110,-110,-110,-110,-110,-110,-110,-110,-110,-110,-110,-110,-110,-110,-110,-110,-110,-110,-110,-110,-110,-110,-110,-110,-110,-110,-110,-110,-110,-110,-110,-110,-110,-110,-110,-110,-110,-110,-110,-110,-110,-110,-110,-110,-110,-110,-110,-110,-110,-110,-110,-110,-110,-110,-110,-110,-110,-110,-110,-110,-110,-110,-110,-110,-110,-110,-110,-110,-110,-110,-110,-110,-110,-110,-110,-110,-110,-110,-110,-110,-110,-110,-110,-110,-110,-110,-110,-110,-110,-110,-110,-110,-110,-110,-110,-110,-110,-110,-110,-110,-110,-110,-110,-110,-110,-110,-110,-110,-110,-110,-110,-110,-110,-110,-110,-110,-110,-110,-110,-110,-110,-110,-110,-110,-110,-110,-110,-110,-110,-110,-110,-110,-110,-110,-110,-110,-110,-110,-110,-110,-110,-110,-110,-110,-110,-110,-110,-110,-110,-110,-110,-110,-110,-110,-110,-110,-110,-110,-110,-110,-110,-110,-110,-110,-110,-110,-110,-110,-110,-110,-110,-110,-110,-110,-110,-110,-110,-110,-110,-110,-110,-110,-110,-110,-110,-110,-110,-110,-110,-110,-110,-110,-110,-110,-110,-110,-110,-110,-110,-110,-110,-110,-110,-110,-110,-110,-110,-110,-110,-110,-110,-110,-110,-110,-110,-110,-110,-110,-110,-110,-110,-110,-110,-110,-110,-110,-110,-110,-110,-110,-110,-110,-110,-110,-110,-110,-110,-110,-110,-110,-110,-110,-110,-110,-110,-110,-110,-110,-110,-110,-110,-110,-110,-110,-110,-110,-110,-110,-110,-110,-110,-110,-110,-110,-110,-110,-110,-110,-110,-110,-110,-110,-110,-110,-110,-110,-110,-110,-110,-110,-110,-110,-110,-110,-110,-110,-110,-110,-110,-110,-110,-110,-110,-110,-110,-110,-110,-110,-110,-110,-110,-110,-110,-110,-110,-110,-110,-110,-110,-110,-110,-110,-110,-110,-110,-110,-110,-110,-110,-110,-110,-110,-110,-110,-110,-110,-110,-110,-110,-110,-110,-110,-110,-110,-110,-110,-110,-110,-110,-110,-110,-110,-110,-110,-110,-110,-110,-110,-110,-110,-110,-110,-110,-110,-110,-110,-110,-110
48,12.91385188,29.21654402,5,-76,-83,-110,-80,-110,-76,-110,-77,-83,-110,-110,-110,-110,-110,-64,-110,-65,-110,-110,-110,-110,-110,-110,-110,-79,-110,-71,-81,-110,-70,-110,-110,-87,-87,-110,-110,-110,-110,-110,-110,-91,-110,-110,-110,-110,-110,-110,-110,-87,-83,-87,-110,-84,-110,-110,-110,-110,-88,-85,-110,-110,-88,-79,-81,-110,-110,-79,-110,-68,-110,-71,-78,-79,-110,-110,-88,-110,-110,-110,-110,-110,-110,-110,-110,-110,-110,-110,-110,-110,-110,-110,-110,-88,-110,-110,-110,-110,-110,-88,-110,-110,-110,-110,-110,-110,-110,-110,-110,-110,-110,-110,-110,-110,-110,-110,-110,-110,-110,-110,-93,-110,-110,-110,-110,-110,-110,-110,-110,-110,-110,-110,-110,-110,-110,-110,-110,-110,-110,-110,-110,-110,-110,-110,-110,-110,-110,-110,-110,-110,-110,-110,-110,-110,-110,-110,-110,-110,-110,-110,-110,-110,-110,-110,-110,-110,-110,-110,-110,-110,-110,-110,-110,-110,-110,-110,-110,-110,-110,-110,-110,-110,-110,-110,-110,-110,-110,-110,-110,-110,-110,-110,-110,-110,-110,-110,-110,-110,-110,-110,-110,-110,-110,-110,-110,-110,-110,-110,-110,-110,-110,-110,-110,-110,-110,-110,-110,-110,-110,-110,-110,-110,-110,-110,-110,-110,-110,-110,-110,-110,-110,-110,-110,-110,-110,-110,-110,-110,-110,-110,-110,-110,-110,-110,-110,-110,-110,-110,-110,-110,-110,-110,-110,-110,-110,-110,-110,-110,-110,-110,-110,-110,-110,-110,-110,-110,-110,-110,-110,-110,-110,-110,-110,-110,-110,-110,-110,-110,-110,-110,-110,-110,-110,-110,-110,-110,-110,-110,-110,-110,-110,-110,-110,-110,-110,-110,-110,-110,-110,-110,-110,-110,-110,-110,-110,-110,-110,-110,-110,-110,-110,-110,-110,-110,-110,-110,-110,-110,-110,-110,-110,-110,-110,-110,-110,-110,-110,-110,-110,-110,-110,-110,-110,-110,-110,-110,-110,-110,-110,-110,-110,-110,-110,-110,-110,-110,-110,-110,-110,-110,-110,-110,-110,-110,-110,-110,-110,-110,-110,-110,-110,-110,-110,-110,-110,-110,-110,-110,-110,-110,-110,-110,-110,-110,-110,-110,-110,-110,-110,-110,-110,-110,-110,-110,-110,-110,-110,-110,-110,-110,-110,-110,-110,-110,-110,-110,-110,-110,-110,-110,-110,-110,-110,-110,-110,-110,-110,-110,-110,-110,-110,-110,-110,-110,-110,-110,-110,-110,-110,-110,-110,-110,-110,-110,-110,-110,-110,-110,-110,-110,-110,-110,-110,-110,-110,-110,-110,-110,-110,-110,-110,-110,-110,-110,-110,-110,-110,-110,-110,-110,-110,-110,-110,-110,-110,-110,-110,-110,-110,-110,-110,-110,-110,-110,-110,-110,-110,-110,-110,-110,-110,-110,-110,-110,-110,-110,-110,-110,-110,-110,-110,-110,-110,-110,-110,-110,-110,-110,-110,-110,-110,-110,-110,-110,-110,-110,-110,-110,-110,-110,-110,-110,-110,-110,-110,-110,-110,-110,-110,-110,-110,-110,-110,-110,-110,-110,-110,-110,-110,-110,-110,-110,-110,-110,-110,-110,-110,-110,-110,-110,-110,-110,-110,-110,-110,-110,-110,-110,-110,-110,-110,-110,-110,-110,-110,-110,-110,-110,-110,-110,-110,-110,-110,-110,-110,-110,-110,-110,-110,-110,-110,-110,-110,-110,-110,-110,-110,-110,-110,-110,-110,-110,-110,-110,-110,-110,-110,-110,-110,-110,-110,-110,-110,-110,-110,-110,-110,-110,-110,-110,-110,-110,-110,-110,-110,-110,-110,-110,-110,-110,-110,-110,-110,-110,-110,-110,-110,-110,-110,-110,-110,-110,-110,-110,-110,-110,-110,-110,-110,-110,-110
48,12.91385188,29.21654402,5,-78,-84,-110,-79,-110,-76,-110,-77,-80,-110,-110,-110,-110,-110,-64,-110,-63,-110,-110,-110,-110,-110,-110,-110,-80,-110,-71,-79,-110,-70,-110,-110,-110,-110,-110,-110,-110,-110,-110,-110,-88,-88,-110,-110,-110,-110,-90,-110,-90,-88,-89,-110,-82,-110,-110,-110,-110,-89,-110,-110,-110,-86,-81,-78,-86,-110,-79,-110,-69,-110,-110,-79,-78,-110,-110,-110,-110,-110,-110,-110,-110,-110,-110,-110,-110,-110,-110,-110,-110,-110,-110,-110,-110,-110,-110,-110,-110,-86,-88,-110,-110,-110,-110,-110,-110,-110,-90,-110,-110,-110,-110,-110,-110,-110,-110,-110,-110,-110,-110,-93,-110,-110,-110,-110,-110,-110,-110,-110,-110,-110,-110,-110,-110,-110,-110,-110,-110,-110,-110,-110,-110,-110,-110,-110,-110,-110,-110,-110,-110,-110,-110,-110,-110,-110,-110,-110,-110,-110,-110,-110,-110,-110,-110,-110,-110,-110,-110,-110,-110,-110,-110,-110,-110,-110,-110,-110,-110,-110,-110,-110,-110,-110,-110,-110,-110,-110,-110,-110,-110,-110,-110,-110,-110,-110,-110,-110,-110,-110,-110,-110,-110,-110,-110,-110,-110,-110,-110,-110,-110,-110,-110,-110,-110,-110,-110,-110,-110,-110,-110,-110,-110,-110,-110,-110,-110,-110,-110,-110,-110,-110,-110,-110,-110,-110,-110,-110,-110,-110,-110,-110,-110,-110,-110,-110,-110,-110,-110,-110,-110,-110,-110,-110,-110,-110,-110,-110,-110,-110,-110,-110,-110,-110,-110,-110,-110,-110,-110,-110,-110,-110,-110,-110,-110,-110,-110,-110,-110,-110,-110,-110,-110,-110,-110,-110,-110,-110,-110,-110,-110,-110,-110,-110,-110,-110,-110,-110,-110,-110,-110,-110,-110,-110,-110,-110,-110,-110,-110,-110,-110,-110,-110,-110,-110,-110,-110,-110,-110,-110,-110,-110,-110,-110,-110,-110,-110,-110,-110,-110,-110,-110,-110,-110,-110,-110,-110,-110,-110,-110,-110,-110,-110,-110,-110,-110,-110,-110,-110,-110,-110,-110,-110,-110,-110,-110,-110,-110,-110,-110,-110,-110,-110,-110,-110,-110,-110,-110,-110,-110,-110,-110,-110,-110,-110,-110,-110,-110,-110,-110,-110,-110,-110,-110,-110,-110,-110,-110,-110,-110,-110,-110,-110,-110,-110,-110,-110,-110,-110,-110,-110,-110,-110,-110,-110,-110,-110,-110,-110,-110,-110,-110,-110,-110,-110,-110,-110,-110,-110,-110,-110,-110,-110,-110,-110,-110,-110,-110,-110,-110,-110,-110,-110,-110,-110,-110,-110,-110,-110,-110,-110,-110,-110,-110,-110,-110,-110,-110,-110,-110,-110,-110,-110,-110,-110,-110,-110,-110,-110,-110,-110,-110,-110,-110,-110,-110,-110,-110,-110,-110,-110,-110,-110,-110,-110,-110,-110,-110,-110,-110,-110,-110,-110,-110,-110,-110,-110,-110,-110,-110,-110,-110,-110,-110,-110,-110,-110,-110,-110,-110,-110,-110,-110,-110,-110,-110,-110,-110,-110,-110,-110,-110,-110,-110,-110,-110,-110,-110,-110,-110,-110,-110,-110,-110,-110,-110,-110,-110,-110,-110,-110,-110,-110,-110,-110,-110,-110,-110,-110,-110,-110,-110,-110,-110,-110,-110,-110,-110,-110,-110,-110,-110,-110,-110,-110,-110,-110,-110,-110,-110,-110,-110,-110,-110,-110,-110,-110,-110,-110,-110,-110,-110,-110,-110,-110,-110,-110,-110,-110,-110,-110,-110,-110,-110,-110,-110,-110,-110,-110,-110,-110,-110,-110,-110,-110,-110,-110,-110,-110,-110,-110,-110,-110,-110,-110,-110,-110,-110,-110,-110,-110,-110,-110,-110,-110,-110,-110,-110,-110,-110,-110,-110
48,12.91385188,29.21654402,5,-76,-82,-110,-76,-110,-75,-110,-78,-81,-87,-110,-110,-92,-93,-66,-110,-65,-110,-110,-110,-110,-110,-110,-110,-79,-110,-72,-79,-110,-72,-110,-110,-88,-85,-110,-110,-110,-110,-110,-110,-110,-110,-110,-110,-110,-110,-85,-110,-92,-86,-89,-110,-87,-110,-110,-110,-110,-86,-88,-110,-110,-85,-79,-80,-110,-110,-80,-110,-70,-88,-72,-87,-78,-110,-84,-110,-85,-110,-110,-110,-110,-110,-110,-110,-110,-110,-85,-110,-110,-110,-110,-110,-110,-90,-110,-110,-110,-85,-85,-110,-110,-110,-110,-110,-110,-110,-110,-110,-110,-110,-110,-110,-110,-110,-110,-110,-110,-110,-110,-110,-110,-110,-110,-110,-110,-110,-110,-110,-110,-110,-110,-110,-110,-110,-110,-110,-110,-110,-110,-110,-110,-110,-110,-110,-110,-110,-110,-110,-110,-110,-110,-110,-110,-110,-110,-110,-110,-110,-110,-110,-110,-110,-110,-110,-110,-110,-110,-110,-110,-110,-110,-110,-110,-110,-110,-110,-110,-110,-110,-110,-110,-110,-110,-110,-110,-110,-110,-110,-110,-110,-110,-110,-110,-110,-110,-110,-110,-110,-110,-110,-110,-110,-110,-110,-110,-110,-110,-110,-110,-110,-110,-110,-110,-110,-110,-110,-110,-110,-110,-110,-110,-110,-110,-110,-110,-110,-110,-110,-110,-110,-110,-110,-110,-110,-110,-110,-110,-110,-110,-110,-110,-110,-110,-110,-110,-110,-110,-110,-110,-110,-110,-110,-110,-110,-110,-110,-110,-110,-110,-110,-110,-110,-110,-110,-110,-110,-110,-110,-110,-110,-110,-110,-110,-110,-110,-110,-110,-110,-110,-110,-110,-110,-110,-110,-110,-110,-110,-110,-110,-110,-110,-110,-110,-110,-110,-110,-110,-110,-110,-110,-110,-110,-110,-110,-110,-110,-110,-110,-110,-110,-110,-110,-110,-110,-110,-110,-110,-110,-110,-110,-110,-110,-110,-110,-110,-110,-110,-110,-110,-110,-110,-110,-110,-110,-110,-110,-110,-110,-110,-110,-110,-110,-110,-110,-110,-110,-110,-110,-110,-110,-110,-110,-110,-110,-110,-110,-110,-110,-110,-110,-110,-110,-110,-110,-110,-110,-110,-110,-110,-110,-110,-110,-110,-110,-110,-110,-110,-110,-110,-110,-110,-110,-110,-110,-110,-110,-110,-110,-110,-110,-110,-110,-110,-110,-110,-110,-110,-110,-110,-110,-110,-110,-110,-110,-110,-110,-110,-110,-110,-110,-110,-110,-110,-110,-110,-110,-110,-110,-110,-110,-110,-110,-110,-110,-110,-110,-110,-110,-110,-110,-110,-110,-110,-110,-110,-110,-110,-110,-110,-110,-110,-110,-110,-110,-110,-110,-110,-110,-110,-110,-110,-110,-110,-110,-110,-110,-110,-110,-110,-110,-110,-110,-110,-110,-110,-110,-110,-110,-110,-110,-110,-110,-110,-110,-110,-110,-110,-110,-110,-110,-110,-110,-110,-110,-110,-110,-110,-110,-110,-110,-110,-110,-110,-110,-110,-110,-110,-110,-110,-110,-110,-110,-110,-110,-110,-110,-110,-110,-110,-110,-110,-110,-110,-110,-110,-110,-110,-110,-110,-110,-110,-110,-110,-110,-110,-110,-110,-110,-110,-110,-110,-110,-110,-110,-110,-110,-110,-110,-110,-110,-110,-110,-110,-110,-110,-110,-110,-110,-110,-110,-110,-110,-110,-110,-110,-110,-110,-110,-110,-110,-110,-110,-110,-110,-110,-110,-110,-110,-110,-110,-110,-110,-110,-110,-110,-110,-110,-110,-110,-110,-110,-110,-110,-110,-110,-110,-110,-110,-110,-110,-110,-110,-110,-110,-110,-110,-110,-110,-110,-110,-110,-110,-110,-110,-110,-110,-110,-110,-110,-110,-110,-110,-110,-110,-110,-110,-110,-110,-110,-110
48,12.91385188,29.21654402,5,-77,-81,-110,-79,-110,-77,-110,-79,-84,-110,-110,-110,-92,-92,-68,-110,-67,-110,-110,-110,-110,-110,-110,-110,-79,-110,-71,-80,-110,-71,-110,-110,-87,-85,-110,-110,-110,-110,-110,-110,-110,-88,-110,-110,-110,-110,-83,-84,-110,-84,-90,-110,-83,-110,-110,-110,-110,-87,-86,-86,-110,-84,-79,-78,-90,-88,-77,-110,-68,-110,-75,-110,-75,-110,-110,-110,-110,-110,-110,-110,-110,-110,-110,-110,-110,-110,-110,-110,-110,-110,-110,-110,-110,-110,-110,-110,-110,-89,-110,-110,-110,-110,-110,-110,-110,-110,-110,-110,-110,-110,-110,-110,-110,-110,-110,-110,-110,-110,-110,-110,-110,-110,-110,-110,-110,-110,-110,-110,-110,-110,-110,-110,-110,-110,-110,-110,-110,-110,-110,-110,-110,-110,-110,-110,-110,-110,-110,-110,-110,-110,-110,-110,-110,-110,-110,-110,-110,-110,-110,-110,-110,-110,-110,-110,-110,-110,-110,-110,-110,-110,-110,-110,-110,-110,-110,-110,-110,-110,-110,-110,-110,-110,-110,-110,-110,-110,-110,-110,-110,-110,-110,-110,-110,-110,-110,-110,-110,-110,-110,-110,-110,-110,-110,-110,-110,-110,-110,-110,-110,-110,-110,-110,-110,-110,-110,-110,-110,-110,-110,-110,-110,-110,-110,-110,-110,-110,-110,-110,-110,-110,-110,-110,-110,-110,-110,-110,-110,-110,-110,-110,-110,-110,-110,-110,-110,-110,-110,-110,-110,-110,-110,-110,-110,-110,-110,-110,-110,-110,-110,-110,-110,-110,-110,-110,-110,-110,-110,-110,-110,-110,-110,-110,-110,-110,-110,-110,-110,-110,-110,-110,-110,-110,-110,-110,-110,-110,-110,-110,-110,-110,-110,-110,-110,-110,-110,-110,-110,-110,-110,-110,-110,-110,-110,-110,-110,-110,-110,-110,-110,-110,-110,-110,-110,-110,-110,-110,-110,-110,-110,-110,-110,-110,-110,-110,-110,-110,-110,-110,-110,-110,-110,-110,-110,-110,-110,-110,-110,-110,-110,-110,-110,-110,-110,-110,-110,-110,-110,-110,-110,-110,-110,-110,-110,-110,-110,-110,-110,-110,-110,-110,-110,-110,-110,-110,-110,-110,-110,-110,-110,-110,-110,-110,-110,-110,-110,-110,-110,-110,-110,-110,-110,-110,-110,-110,-110,-110,-110,-110,-110,-110,-110,-110,-110,-110,-110,-110,-110,-110,-110,-110,-110,-110,-110,-110,-110,-110,-110,-110,-110,-110,-110,-110,-110,-110,-110,-110,-110,-110,-110,-110,-110,-110,-110,-110,-110,-110,-110,-110,-110,-110,-110,-110,-110,-110,-110,-110,-110,-110,-110,-110,-110,-110,-110,-110,-110,-110,-110,-110,-110,-110,-110,-110,-110,-110,-110,-110,-110,-110,-110,-110,-110,-110,-110,-110,-110,-110,-110,-110,-110,-110,-110,-110,-110,-110,-110,-110,-110,-110,-110,-110,-110,-110,-110,-110,-110,-110,-110,-110,-110,-110,-110,-110,-110,-110,-110,-110,-110,-110,-110,-110,-110,-110,-110,-110,-110,-110,-110,-110,-110,-110,-110,-110,-110,-110,-110,-110,-110,-110,-110,-110,-110,-110,-110,-110,-110,-110,-110,-110,-110,-110,-110,-110,-110,-110,-110,-110,-110,-110,-110,-110,-110,-110,-110,-110,-110,-110,-110,-110,-110,-110,-110,-110,-110,-110,-110,-110,-110,-110,-110,-110,-110,-110,-110,-110,-110,-110,-110,-110,-110,-110,-110,-110,-110,-110,-110,-110,-110,-110,-110,-110,-110,-110,-110,-110,-110,-110,-110,-110,-110,-110,-110,-110,-110,-110,-110,-110,-110,-110,-110,-110,-110,-110,-110,-110,-110,-110,-110,-110,-110,-110,-110,-110,-110,-110,-110,-110,-110,-110,-110,-110
48,12.91385188,29.21654402,5,-77,-82,-110,-78,-93,-77,-110,-78,-82,-91,-110,-110,-91,-92,-74,-110,-76,-110,-110,-110,-110,-110,-110,-110,-79,-110,-70,-83,-110,-73,-110,-110,-89,-86,-110,-110,-110,-110,-110,-110,-89,-110,-110,-110,-110,-110,-110,-85,-87,-84,-110,-110,-86,-110,-110,-110,-91,-88,-110,-110,-110,-86,-79,-77,-110,-88,-80,-110,-71,-110,-75,-83,-77,-110,-110,-110,-88,-110,-110,-110,-110,-110,-110,-110,-110,-110,-110,-110,-110,-110,-110,-110,-110,-110,-110,-110,-110,-86,-87,-110,-110,-110,-110,-110,-110,-110,-110,-110,-110,-110,-110,-110,-110,-110,-110,-110,-88,-110,-110,-110,-110,-110,-110,-110,-110,-110,-110,-110,-110,-110,-110,-110,-110,-110,-110,-110,-110,-110,-110,-110,-110,-110,-110,-110,-110,-110,-110,-110,-110,-110,-110,-110,-110,-110,-110,-110,-110,-110,-110,-110,-110,-110,-110,-110,-110,-110,-110,-110,-110,-110,-110,-110,-110,-110,-110,-110,-110,-110,-110,-110,-110,-110,-110,-110,-110,-110,-110,-110,-110,-110,-110,-110,-110,-110,-110,-110,-110,-110,-110,-110,-110,-110,-110,-110,-110,-110,-110,-110,-110,-110,-110,-110,-110,-110,-110,-110,-110,-110,-110,-110,-110,-110,-110,-110,-110,-110,-110,-110,-110,-110,-110,-110,-110,-110,-110,-110,-110,-110,-110,-110,-110,-110,-110,-110,-110,-110,-110,-110,-110,-110,-110,-110,-110,-110,-110,-110,-110,-110,-110,-110,-110,-110,-110,-110,-110,-110,-110,-110,-110,-110,-110,-110,-110,-110,-110,-110,-110,-110,-110,-110,-110,-110,-110,-110,-110,-110,-110,-110,-110,-110,-110,-110,-110,-110,-110,-110,-110,-110,-110,-110,-110,-110,-110,-110,-110,-110,-110,-110,-110,-110,-110,-110,-110,-110,-110,-110,-110,-110,-110,-110,-110,-110,-110,-110,-110,-110,-110,-110,-110,-110,-110,-110,-110,-110,-110,-110,-110,-110,-110,-110,-110,-110,-110,-110,-110,-110,-110,-110,-110,-110,-110,-110,-110,-110,-110,-110,-110,-110,-110,-110,-110,-110,-110,-110,-110,-110,-110,-110,-110,-110,-110,-110,-110,-110,-110,-110,-110,-110,-110,-110,-110,-110,-110,-110,-110,-110,-110,-110,-110,-110,-110,-110,-110,-110,-110,-110,-110,-110,-110,-110,-110,-110,-110,-110,-110,-110,-110,-110,-110,-110,-110,-110,-110,-110,-110,-110,-110,-110,-110,-110,-110,-110,-110,-110,-110,-110,-110,-110,-110,-110,-110,-110,-110,-110,-110,-110,-110,-110,-110,-110,-110,-110,-110,-110,-110,-110,-110,-110,-110,-110,-110,-110,-110,-110,-110,-110,-110,-110,-110,-110,-110,-110,-110,-110,-110,-110,-110,-110,-110,-110,-110,-110,-110,-110,-110,-110,-110,-110,-110,-110,-110,-110,-110,-110,-110,-110,-110,-110,-110,-110,-110,-110,-110,-110,-110,-110,-110,-110,-110,-110,-110,-110,-110,-110,-110,-110,-110,-110,-110,-110,-110,-110,-110,-110,-110,-110,-110,-110,-110,-110,-110,-110,-110,-110,-110,-110,-110,-110,-110,-110,-110,-110,-110,-110,-110,-110,-110,-110,-110,-110,-110,-110,-110,-110,-110,-110,-110,-110,-110,-110,-110,-110,-110,-110,-110,-110,-110,-110,-110,-110,-110,-110,-110,-110,-110,-110,-110,-110,-110,-110,-110,-110,-110,-110,-110,-110,-110,-110,-110,-110,-110,-110,-110,-110,-110,-110,-110,-110,-110,-110,-110,-110,-110,-110,-110,-110,-110,-110,-110,-110,-110,-110,-110,-110,-110,-110,-110,-110,-110,-110,-110,-110,-110,-110,-110,-110,-110,-110,-110,-110
